system:index,grid_id,latitude,longitude,road_density_km_per_km2,.geo
00000000000000000000,HYD_0001,17.60310185050841,78.4171491484952,0.7772273439653363,"{""type"":""MultiPoint"",""coordinates"":[]}"
00000000000000000001,HYD_0002,17.603224481347986,78.42656454231273,0.3948239265471904,"{""type"":""MultiPoint"",""coordinates"":[]}"
00000000000000000002,HYD_0003,17.60334745656284,78.435981029435,1.0062915138618735,"{""type"":""MultiPoint"",""coordinates"":[]}"
00000000000000000003,HYD_0004,17.60346936131066,78.44539642811792,1.0060672393561523,"{""type"":""MultiPoint"",""coordinates"":[]}"
00000000000000000004,HYD_0005,17.60359047340871,78.45481181634253,2.912519751413714,"{""type"":""MultiPoint"",""coordinates"":[]}"
00000000000000000005,HYD_0006,17.6037105182521,78.46422834984592,0.5601366733843484,"{""type"":""MultiPoint"",""coordinates"":[]}"
00000000000000000006,HYD_0007,17.6038305571507,78.47364484484892,1.1187225583184466,"{""type"":""MultiPoint"",""coordinates"":[]}"
00000000000000000007,HYD_0008,17.603951674243344,78.4830602312184,1.0717133593263615,"{""type"":""MultiPoint"",""coordinates"":[]}"
00000000000000000008,HYD_0009,17.604071687934944,78.49247675129256,1.0737058251305927,"{""type"":""MultiPoint"",""coordinates"":[]}"
00000000000000000009,HYD_0010,17.593822417779542,78.39844768082557,0.9283121870164014,"{""type"":""MultiPoint"",""coordinates"":[]}"
0000000000000000000a,HYD_0011,17.593947660531015,78.4078619228333,1.467484225139586,"{""type"":""MultiPoint"",""coordinates"":[]}"
0000000000000000000b,HYD_0012,17.594071816822737,78.41727733715226,1.0488462402120688,"{""type"":""MultiPoint"",""coordinates"":[]}"
0000000000000000000c,HYD_0013,17.5941951447282,78.42669272012233,0.0,"{""type"":""MultiPoint"",""coordinates"":[]}"
0000000000000000000d,HYD_0014,17.59431594378316,78.43610852026363,0.0,"{""type"":""MultiPoint"",""coordinates"":[]}"
0000000000000000000e,HYD_0015,17.594439269077416,78.44552312307432,1.048497645786182,"{""type"":""MultiPoint"",""coordinates"":[]}"
0000000000000000000f,HYD_0016,17.59456008822091,78.45493895685699,0.11032433842171424,"{""type"":""MultiPoint"",""coordinates"":[]}"
00000000000000000010,HYD_0017,17.594681168929238,78.46435430402002,1.300340437300629,"{""type"":""MultiPoint"",""coordinates"":[]}"
00000000000000000011,HYD_0018,17.59480122703116,78.47377079564716,1.204402197217368,"{""type"":""MultiPoint"",""coordinates"":[]}"
00000000000000000012,HYD_0019,17.594921637501177,78.4831862204628,1.580433768450475,"{""type"":""MultiPoint"",""coordinates"":[]}"
00000000000000000013,HYD_0020,17.595042019862355,78.49260162725574,1.0077983163166473,"{""type"":""MultiPoint"",""coordinates"":[]}"
00000000000000000014,HYD_0021,17.59516167446683,78.50201850581078,0.0,"{""type"":""MultiPoint"",""coordinates"":[]}"
00000000000000000015,HYD_0022,17.595279102188247,78.51143310122376,0.0,"{""type"":""MultiPoint"",""coordinates"":[]}"
00000000000000000016,HYD_0023,17.595398718031092,78.52084999854905,1.0016883929736375,"{""type"":""MultiPoint"",""coordinates"":[]}"
00000000000000000017,HYD_0024,17.59551723656233,78.53026650965616,0.0,"{""type"":""MultiPoint"",""coordinates"":[]}"
00000000000000000018,HYD_0025,17.584670129910307,78.38916159718804,0.0,"{""type"":""MultiPoint"",""coordinates"":[]}"
00000000000000000019,HYD_0026,17.58479275643347,78.39857701841981,0.0,"{""type"":""MultiPoint"",""coordinates"":[]}"
0000000000000000001a,HYD_0027,17.584917608544835,78.40799017373814,0.7031922826415907,"{""type"":""MultiPoint"",""coordinates"":[]}"
0000000000000000001b,HYD_0028,17.585042466844783,78.41740554019343,1.7457984518894358,"{""type"":""MultiPoint"",""coordinates"":[]}"
0000000000000000001c,HYD_0029,17.585165091913517,78.42682094005409,0.05122536389164149,"{""type"":""MultiPoint"",""coordinates"":[]}"
0000000000000000001d,HYD_0030,17.585285871873864,78.43623520546771,1.0572262846581053,"{""type"":""MultiPoint"",""coordinates"":[]}"
0000000000000000001e,HYD_0031,17.585407794098337,78.44565061800485,1.5782998892277287,"{""type"":""MultiPoint"",""coordinates"":[]}"
0000000000000000001f,HYD_0032,17.58553111036,78.4550659965373,1.0037258030756397,"{""type"":""MultiPoint"",""coordinates"":[]}"
00000000000000000020,HYD_0033,17.585651132006713,78.46448028676369,1.2101574010950111,"{""type"":""MultiPoint"",""coordinates"":[]}"
00000000000000000021,HYD_0034,17.58577155869844,78.47389568024911,2.105288589407355,"{""type"":""MultiPoint"",""coordinates"":[]}"
00000000000000000022,HYD_0035,17.585891951881486,78.48331107805902,0.15763134926011182,"{""type"":""MultiPoint"",""coordinates"":[]}"
00000000000000000023,HYD_0036,17.586012340004,78.49272648101093,2.154767512918825,"{""type"":""MultiPoint"",""coordinates"":[]}"
00000000000000000024,HYD_0037,17.58613049173897,78.50214186643697,0.37224933612323025,"{""type"":""MultiPoint"",""coordinates"":[]}"
00000000000000000025,HYD_0038,17.58624867383253,78.51155723214349,0.0,"{""type"":""MultiPoint"",""coordinates"":[]}"
00000000000000000026,HYD_0039,17.58636832573611,78.52097412445673,1.003362307182959,"{""type"":""MultiPoint"",""coordinates"":[]}"
00000000000000000027,HYD_0040,17.586485737933316,78.53038877709804,0.0,"{""type"":""MultiPoint"",""coordinates"":[]}"
00000000000000000028,HYD_0041,17.586603525097715,78.53980452567879,0.0,"{""type"":""MultiPoint"",""coordinates"":[]}"
00000000000000000029,HYD_0042,17.58671874469317,78.5492199268524,0.0,"{""type"":""MultiPoint"",""coordinates"":[]}"
0000000000000000002a,HYD_0043,17.586836514912747,78.55863569362371,0.0,"{""type"":""MultiPoint"",""coordinates"":[]}"
0000000000000000002b,HYD_0044,17.5755174485385,78.37987663380144,0.0,"{""type"":""MultiPoint"",""coordinates"":[]}"
0000000000000000002c,HYD_0045,17.575640820638455,78.38929202888433,0.0,"{""type"":""MultiPoint"",""coordinates"":[]}"
0000000000000000002d,HYD_0046,17.575763083636765,78.39870631848574,0.0,"{""type"":""MultiPoint"",""coordinates"":[]}"
0000000000000000002e,HYD_0047,17.57588792526824,78.40811948385753,0.0,"{""type"":""MultiPoint"",""coordinates"":[]}"
0000000000000000002f,HYD_0048,17.576012035403892,78.41753413684448,1.2538872814200015,"{""type"":""MultiPoint"",""coordinates"":[]}"
00000000000000000030,HYD_0049,17.576134292384424,78.42694766496187,1.5607556121472181,"{""type"":""MultiPoint"",""coordinates"":[]}"
00000000000000000031,HYD_0050,17.576255476864265,78.43636231729874,0.0,"{""type"":""MultiPoint"",""coordinates"":[]}"
00000000000000000032,HYD_0051,17.57637880885358,78.44577767661619,0.0,"{""type"":""MultiPoint"",""coordinates"":[]}"
00000000000000000033,HYD_0052,17.576501070969723,78.45519196144232,0.0,"{""type"":""MultiPoint"",""coordinates"":[]}"
00000000000000000034,HYD_0053,17.57662112838026,78.46460627763643,0.0,"{""type"":""MultiPoint"",""coordinates"":[]}"
00000000000000000035,HYD_0054,17.576742238610038,78.47402164446211,1.0639909211743495,"{""type"":""MultiPoint"",""coordinates"":[]}"
00000000000000000036,HYD_0055,17.576862263815176,78.48343595102892,0.0,"{""type"":""MultiPoint"",""coordinates"":[]}"
00000000000000000037,HYD_0056,17.57698155561611,78.49285172084367,1.015060414092112,"{""type"":""MultiPoint"",""coordinates"":[]}"
00000000000000000038,HYD_0057,17.57709970152834,78.5022663367129,1.2020212677048066,"{""type"":""MultiPoint"",""coordinates"":[]}"
00000000000000000039,HYD_0058,17.577219338640802,78.51168099803705,0.0,"{""type"":""MultiPoint"",""coordinates"":[]}"
0000000000000000003a,HYD_0059,17.57733680967052,78.5210963889751,1.0079080646937688,"{""type"":""MultiPoint"",""coordinates"":[]}"
0000000000000000003b,HYD_0060,17.577455666362706,78.53051174740453,0.0,"{""type"":""MultiPoint"",""coordinates"":[]}"
0000000000000000003c,HYD_0061,17.57757348250577,78.53992600922149,0.0,"{""type"":""MultiPoint"",""coordinates"":[]}"
0000000000000000003d,HYD_0062,17.577689423716023,78.5493414079902,0.0,"{""type"":""MultiPoint"",""coordinates"":[]}"
0000000000000000003e,HYD_0063,17.57780535424635,78.55875682661879,0.0,"{""type"":""MultiPoint"",""coordinates"":[]}"
0000000000000000003f,HYD_0064,17.57792129283025,78.56817221188997,0.5343389085641471,"{""type"":""MultiPoint"",""coordinates"":[]}"
00000000000000000040,HYD_0065,17.578037249137036,78.57758761692354,0.5917574293861868,"{""type"":""MultiPoint"",""coordinates"":[]}"
00000000000000000041,HYD_0066,17.578153180094557,78.58700300696319,0.7615325908393422,"{""type"":""MultiPoint"",""coordinates"":[]}"
00000000000000000042,HYD_0067,17.578268353832513,78.59641990186236,0.6054068332801559,"{""type"":""MultiPoint"",""coordinates"":[]}"
00000000000000000043,HYD_0068,17.578381339703657,78.60583451242371,0.0,"{""type"":""MultiPoint"",""coordinates"":[]}"
00000000000000000044,HYD_0069,17.565857175802567,78.33294123194425,0.0,"{""type"":""MultiPoint"",""coordinates"":[]}"
00000000000000000045,HYD_0070,17.565984256590287,78.34235441277227,0.0,"{""type"":""MultiPoint"",""coordinates"":[]}"
00000000000000000046,HYD_0071,17.56610912455833,78.35176756863382,0.0,"{""type"":""MultiPoint"",""coordinates"":[]}"
00000000000000000047,HYD_0072,17.566236224578997,78.361180744498,0.0,"{""type"":""MultiPoint"",""coordinates"":[]}"
00000000000000000048,HYD_0073,17.566488503043363,78.38000817905987,0.0,"{""type"":""MultiPoint"",""coordinates"":[]}"
00000000000000000049,HYD_0074,17.566610782355408,78.38942248684701,0.0,"{""type"":""MultiPoint"",""coordinates"":[]}"
0000000000000000004a,HYD_0075,17.566733386881264,78.39883562599661,0.0,"{""type"":""MultiPoint"",""coordinates"":[]}"
0000000000000000004b,HYD_0076,17.566858254068503,78.40824877955703,0.0,"{""type"":""MultiPoint"",""coordinates"":[]}"
0000000000000000004c,HYD_0077,17.566980894543462,78.41766194666175,0.787163261423974,"{""type"":""MultiPoint"",""coordinates"":[]}"
0000000000000000004d,HYD_0078,17.567103507961328,78.42707510291777,1.4745737234155312,"{""type"":""MultiPoint"",""coordinates"":[]}"
0000000000000000004e,HYD_0079,17.567226491349537,78.4364893740968,0.0,"{""type"":""MultiPoint"",""coordinates"":[]}"
0000000000000000004f,HYD_0080,17.56734876266658,78.44590364553699,0.0,"{""type"":""MultiPoint"",""coordinates"":[]}"
00000000000000000050,HYD_0081,17.56747102475775,78.4553179786137,0.0,"{""type"":""MultiPoint"",""coordinates"":[]}"
00000000000000000051,HYD_0082,17.5675921527289,78.46473334083542,0.0,"{""type"":""MultiPoint"",""coordinates"":[]}"
00000000000000000052,HYD_0083,17.567712215961233,78.47414762352567,0.258489413386056,"{""type"":""MultiPoint"",""coordinates"":[]}"
00000000000000000053,HYD_0084,17.567832570838934,78.48356076494143,1.4655022837865754,"{""type"":""MultiPoint"",""coordinates"":[]}"
00000000000000000054,HYD_0085,17.56795108015855,78.4929750369072,1.0084838561762415,"{""type"":""MultiPoint"",""coordinates"":[]}"
00000000000000000055,HYD_0086,17.56806853915573,78.50239044768749,0.21687741627307505,"{""type"":""MultiPoint"",""coordinates"":[]}"
00000000000000000056,HYD_0087,17.568189292262396,78.51180472591675,1.6942357281549363,"{""type"":""MultiPoint"",""coordinates"":[]}"
00000000000000000057,HYD_0088,17.56830783131908,78.52121897686234,1.7805040072756144,"{""type"":""MultiPoint"",""coordinates"":[]}"
00000000000000000058,HYD_0089,17.568424535007587,78.53063362827326,1.0297364871607657,"{""type"":""MultiPoint"",""coordinates"":[]}"
00000000000000000059,HYD_0090,17.568542311148146,78.54004714337353,0.5477116752540917,"{""type"":""MultiPoint"",""coordinates"":[]}"
0000000000000000005a,HYD_0091,17.56866009500062,78.54946291052075,0.28399579268818104,"{""type"":""MultiPoint"",""coordinates"":[]}"
0000000000000000005b,HYD_0092,17.568775695776676,78.5588772161333,1.1109654322935043,"{""type"":""MultiPoint"",""coordinates"":[]}"
0000000000000000005c,HYD_0093,17.568891628486714,78.56829261289414,1.5557845047981989,"{""type"":""MultiPoint"",""coordinates"":[]}"
0000000000000000005d,HYD_0094,17.56900755604992,78.57770799068616,0.0,"{""type"":""MultiPoint"",""coordinates"":[]}"
0000000000000000005e,HYD_0095,17.569122392308543,78.58712377817756,1.0495260879377726,"{""type"":""MultiPoint"",""coordinates"":[]}"
0000000000000000005f,HYD_0096,17.569236077964913,78.59653842281168,0.0,"{""type"":""MultiPoint"",""coordinates"":[]}"
00000000000000000060,HYD_0097,17.569351251688452,78.60595306123679,0.0,"{""type"":""MultiPoint"",""coordinates"":[]}"
00000000000000000061,HYD_0098,17.569464262273204,78.6153684611338,0.0,"{""type"":""MultiPoint"",""coordinates"":[]}"
00000000000000000062,HYD_0099,17.569577579180667,78.62478424105198,1.0488282027703346,"{""type"":""MultiPoint"",""coordinates"":[]}"
00000000000000000063,HYD_0100,17.556189880329654,78.28600920863883,0.0,"{""type"":""MultiPoint"",""coordinates"":[]}"
00000000000000000064,HYD_0101,17.556318035856094,78.29542197860081,0.0,"{""type"":""MultiPoint"",""coordinates"":[]}"
00000000000000000065,HYD_0102,17.556445143590437,78.30483590891266,0.0,"{""type"":""MultiPoint"",""coordinates"":[]}"
00000000000000000066,HYD_0103,17.556573335463327,78.31424871290127,0.982688504562237,"{""type"":""MultiPoint"",""coordinates"":[]}"
00000000000000000067,HYD_0104,17.556700788481166,78.32366073429992,0.9992451859520677,"{""type"":""MultiPoint"",""coordinates"":[]}"
00000000000000000068,HYD_0105,17.556827522043626,78.33307279269816,0.22930413452262788,"{""type"":""MultiPoint"",""coordinates"":[]}"
00000000000000000069,HYD_0106,17.556954604521994,78.34248595391533,0.0,"{""type"":""MultiPoint"",""coordinates"":[]}"
0000000000000000006a,HYD_0107,17.55708056161127,78.3518987492598,0.0,"{""type"":""MultiPoint"",""coordinates"":[]}"
0000000000000000006b,HYD_0108,17.557207662160287,78.36131268513476,0.0,"{""type"":""MultiPoint"",""coordinates"":[]}"
0000000000000000006c,HYD_0109,17.557333594297184,78.37072544338761,0.0,"{""type"":""MultiPoint"",""coordinates"":[]}"
0000000000000000006d,HYD_0110,17.557458471951886,78.38013861373143,0.7824086596714993,"{""type"":""MultiPoint"",""coordinates"":[]}"
0000000000000000006e,HYD_0111,17.557581094632745,78.38955176871904,1.0379479291230143,"{""type"":""MultiPoint"",""coordinates"":[]}"
0000000000000000006f,HYD_0112,17.557703733315257,78.39896493336282,1.0192414079334835,"{""type"":""MultiPoint"",""coordinates"":[]}"
00000000000000000070,HYD_0113,17.557828604068828,78.40837808285534,2.2682945946107327,"{""type"":""MultiPoint"",""coordinates"":[]}"
00000000000000000071,HYD_0114,17.557951219857,78.41779124409129,1.6848528471214324,"{""type"":""MultiPoint"",""coordinates"":[]}"
00000000000000000072,HYD_0115,17.55807382354184,78.42720442586398,1.833573165126043,"{""type"":""MultiPoint"",""coordinates"":[]}"
00000000000000000073,HYD_0116,17.558196436413176,78.43661757418121,1.3736570691787395,"{""type"":""MultiPoint"",""coordinates"":[]}"
00000000000000000074,HYD_0117,17.55831796647466,78.44603112649952,1.217668725546467,"{""type"":""MultiPoint"",""coordinates"":[]}"
00000000000000000075,HYD_0118,17.55844093271277,78.45544461673168,1.0734788486991045,"{""type"":""MultiPoint"",""coordinates"":[]}"
00000000000000000076,HYD_0119,17.558562115484758,78.46485931712593,1.0119653567144986,"{""type"":""MultiPoint"",""coordinates"":[]}"
00000000000000000077,HYD_0120,17.55868252458045,78.47427244828356,0.9502700960322766,"{""type"":""MultiPoint"",""coordinates"":[]}"
00000000000000000078,HYD_0121,17.558801797171796,78.48368597251938,0.6163428840172929,"{""type"":""MultiPoint"",""coordinates"":[]}"
00000000000000000079,HYD_0122,17.55891991338633,78.49309838708598,2.1440519803343037,"{""type"":""MultiPoint"",""coordinates"":[]}"
0000000000000000007a,HYD_0123,17.559039561090113,78.5025130584123,1.1010261306642004,"{""type"":""MultiPoint"",""coordinates"":[]}"
0000000000000000007b,HYD_0124,17.559158142823172,78.51192885506146,0.3538988407647572,"{""type"":""MultiPoint"",""coordinates"":[]}"
0000000000000000007c,HYD_0125,17.559276662903933,78.52134233614284,0.5394354571670763,"{""type"":""MultiPoint"",""coordinates"":[]}"
0000000000000000007d,HYD_0126,17.559393736897274,78.53075589030496,0.948151760699481,"{""type"":""MultiPoint"",""coordinates"":[]}"
0000000000000000007e,HYD_0127,17.55951112895936,78.54017053791435,0.8390924177624747,"{""type"":""MultiPoint"",""coordinates"":[]}"
0000000000000000007f,HYD_0128,17.559628945646132,78.54958406934435,2.19985050131928,"{""type"":""MultiPoint"",""coordinates"":[]}"
00000000000000000080,HYD_0129,17.559745653020222,78.55899873503074,1.1224652975040466,"{""type"":""MultiPoint"",""coordinates"":[]}"
00000000000000000081,HYD_0130,17.559861188359175,78.56841447122146,1.6726336712257952,"{""type"":""MultiPoint"",""coordinates"":[]}"
00000000000000000082,HYD_0131,17.559975637697605,78.57782837901836,1.3391777126124784,"{""type"":""MultiPoint"",""coordinates"":[]}"
00000000000000000083,HYD_0132,17.56009081888807,78.58724227582816,0.34573136955170913,"{""type"":""MultiPoint"",""coordinates"":[]}"
00000000000000000084,HYD_0133,17.56020493298845,78.59665809557518,0.0,"{""type"":""MultiPoint"",""coordinates"":[]}"
00000000000000000085,HYD_0134,17.56032010074319,78.6060727294006,0.0,"{""type"":""MultiPoint"",""coordinates"":[]}"
00000000000000000086,HYD_0135,17.560434140673667,78.6154862264686,0.0,"{""type"":""MultiPoint"",""coordinates"":[]}"
00000000000000000087,HYD_0136,17.56054605488679,78.62490202818702,1.0105267988139517,"{""type"":""MultiPoint"",""coordinates"":[]}"
00000000000000000088,HYD_0137,17.54650948466101,78.2390871875539,0.0,"{""type"":""MultiPoint"",""coordinates"":[]}"
00000000000000000089,HYD_0138,17.54663921610072,78.24849777121493,0.0,"{""type"":""MultiPoint"",""coordinates"":[]}"
0000000000000000008a,HYD_0139,17.546771501345898,78.25790945580336,0.39268947361554113,"{""type"":""MultiPoint"",""coordinates"":[]}"
0000000000000000008b,HYD_0140,17.546901554903428,78.26732111513186,0.6239271583906274,"{""type"":""MultiPoint"",""coordinates"":[]}"
0000000000000000008c,HYD_0141,17.5470305243455,78.27673315214798,0.9604910660945046,"{""type"":""MultiPoint"",""coordinates"":[]}"
0000000000000000008d,HYD_0142,17.54716054509241,78.28614405447837,1.021721666860152,"{""type"":""MultiPoint"",""coordinates"":[]}"
0000000000000000008e,HYD_0143,17.547289477055713,78.29555611555024,1.1377259711094572,"{""type"":""MultiPoint"",""coordinates"":[]}"
0000000000000000008f,HYD_0144,17.5474165593197,78.30496929101274,1.115178874149906,"{""type"":""MultiPoint"",""coordinates"":[]}"
00000000000000000090,HYD_0145,17.547544020522675,78.31438134351957,0.06329668412181279,"{""type"":""MultiPoint"",""coordinates"":[]}"
00000000000000000091,HYD_0146,17.547671495348414,78.32379193572872,0.0,"{""type"":""MultiPoint"",""coordinates"":[]}"
00000000000000000092,HYD_0147,17.547798967245043,78.33320474725173,0.0,"{""type"":""MultiPoint"",""coordinates"":[]}"
00000000000000000093,HYD_0148,17.547924929721106,78.34261750272947,0.0,"{""type"":""MultiPoint"",""coordinates"":[]}"
00000000000000000094,HYD_0149,17.54805236505125,78.3520295467148,0.0,"{""type"":""MultiPoint"",""coordinates"":[]}"
00000000000000000095,HYD_0150,17.548179058282784,78.36144160190456,0.1352903982720974,"{""type"":""MultiPoint"",""coordinates"":[]}"
00000000000000000096,HYD_0151,17.548303914588484,78.3708547646274,0.0,"{""type"":""MultiPoint"",""coordinates"":[]}"
00000000000000000097,HYD_0152,17.548428780853985,78.38026791494704,0.0,"{""type"":""MultiPoint"",""coordinates"":[]}"
00000000000000000098,HYD_0153,17.548551421024722,78.38968108174048,0.0,"{""type"":""MultiPoint"",""coordinates"":[]}"
00000000000000000099,HYD_0154,17.548674412134314,78.39909313125935,0.055057792773797284,"{""type"":""MultiPoint"",""coordinates"":[]}"
0000000000000000009a,HYD_0155,17.54879891143233,78.40850515773825,1.7813632144644225,"{""type"":""MultiPoint"",""coordinates"":[]}"
0000000000000000009b,HYD_0156,17.548921539383326,78.41791833690208,1.1074956820055646,"{""type"":""MultiPoint"",""coordinates"":[]}"
0000000000000000009c,HYD_0157,17.54904414108751,78.42733152081398,1.2659399247066352,"{""type"":""MultiPoint"",""coordinates"":[]}"
0000000000000000009d,HYD_0158,17.549166758388733,78.43674466520194,1.1611826646944916,"{""type"":""MultiPoint"",""coordinates"":[]}"
0000000000000000009e,HYD_0159,17.549287171189132,78.44615781210382,0.2286740942618778,"{""type"":""MultiPoint"",""coordinates"":[]}"
0000000000000000009f,HYD_0160,17.549408695665967,78.45557137600602,1.3089466815107673,"{""type"":""MultiPoint"",""coordinates"":[]}"
000000000000000000a0,HYD_0161,17.54953131118665,78.46498377555439,0.11081846525709657,"{""type"":""MultiPoint"",""coordinates"":[]}"
000000000000000000a1,HYD_0162,17.549651730997795,78.47439768911289,0.0,"{""type"":""MultiPoint"",""coordinates"":[]}"
000000000000000000a2,HYD_0163,17.549769884738293,78.48381006532676,0.0,"{""type"":""MultiPoint"",""coordinates"":[]}"
000000000000000000a3,HYD_0164,17.54988915525159,78.49322364045914,1.0128481219786476,"{""type"":""MultiPoint"",""coordinates"":[]}"
000000000000000000a4,HYD_0165,17.550009545492557,78.50263682654308,0.0,"{""type"":""MultiPoint"",""coordinates"":[]}"
000000000000000000a5,HYD_0166,17.550128057274417,78.51205106785035,0.0,"{""type"":""MultiPoint"",""coordinates"":[]}"
000000000000000000a6,HYD_0167,17.55024586059235,78.52146536000654,0.0,"{""type"":""MultiPoint"",""coordinates"":[]}"
000000000000000000a7,HYD_0168,17.550364036664266,78.53087851496088,0.3165983762816098,"{""type"":""MultiPoint"",""coordinates"":[]}"
000000000000000000a8,HYD_0169,17.5504799639144,78.54029169366748,2.137459648391486,"{""type"":""MultiPoint"",""coordinates"":[]}"
000000000000000000a9,HYD_0170,17.550596668600456,78.54970637170624,0.051053673927319645,"{""type"":""MultiPoint"",""coordinates"":[]}"
000000000000000000aa,HYD_0171,17.550714420316023,78.55912133446253,0.4845330551038335,"{""type"":""MultiPoint"",""coordinates"":[]}"
000000000000000000ab,HYD_0172,17.550828881728634,78.56853524243876,2.2649051545759127,"{""type"":""MultiPoint"",""coordinates"":[]}"
000000000000000000ac,HYD_0173,17.550943735328175,78.57794879628719,1.0227297955778862,"{""type"":""MultiPoint"",""coordinates"":[]}"
000000000000000000ad,HYD_0174,17.551059687133836,78.58736195970273,1.0243789188974117,"{""type"":""MultiPoint"",""coordinates"":[]}"
000000000000000000ae,HYD_0175,17.551174867810353,78.59677659695143,0.5879184516165078,"{""type"":""MultiPoint"",""coordinates"":[]}"
000000000000000000af,HYD_0176,17.55128782319929,78.60619122458712,0.0,"{""type"":""MultiPoint"",""coordinates"":[]}"
000000000000000000b0,HYD_0177,17.55140189516244,78.61560627718418,0.0,"{""type"":""MultiPoint"",""coordinates"":[]}"
000000000000000000b1,HYD_0178,17.551515941062622,78.62501977451866,0.7250260393430584,"{""type"":""MultiPoint"",""coordinates"":[]}"
000000000000000000b2,HYD_0179,17.55162821540411,78.63443444931252,0.290689086340281,"{""type"":""MultiPoint"",""coordinates"":[]}"
000000000000000000b3,HYD_0180,17.537479115158007,78.239223212965,1.3741809520837616,"{""type"":""MultiPoint"",""coordinates"":[]}"
000000000000000000b4,HYD_0181,17.537611400982993,78.24863414819143,0.0,"{""type"":""MultiPoint"",""coordinates"":[]}"
000000000000000000b5,HYD_0182,17.537742211492905,78.25804509206911,0.0,"{""type"":""MultiPoint"",""coordinates"":[]}"
000000000000000000b6,HYD_0183,17.53787222760345,78.26745599159287,1.9177360012920914,"{""type"":""MultiPoint"",""coordinates"":[]}"
000000000000000000b7,HYD_0184,17.538001192026638,78.2768680609508,0.09659293198229031,"{""type"":""MultiPoint"",""coordinates"":[]}"
000000000000000000b8,HYD_0185,17.538130504669976,78.2862789650833,0.0,"{""type"":""MultiPoint"",""coordinates"":[]}"
000000000000000000b9,HYD_0186,17.53825981419916,78.29568989558886,0.0,"{""type"":""MultiPoint"",""coordinates"":[]}"
000000000000000000ba,HYD_0187,17.538387997710743,78.30510268065385,0.0,"{""type"":""MultiPoint"",""coordinates"":[]}"
000000000000000000bb,HYD_0188,17.538515113546882,78.3145143880432,0.0,"{""type"":""MultiPoint"",""coordinates"":[]}"
000000000000000000bc,HYD_0189,17.538643325273124,78.32392494013307,0.0,"{""type"":""MultiPoint"",""coordinates"":[]}"
000000000000000000bd,HYD_0190,17.53877074173941,78.33333696730057,0.0,"{""type"":""MultiPoint"",""coordinates"":[]}"
000000000000000000be,HYD_0191,17.53889522504115,78.34274903706097,0.0,"{""type"":""MultiPoint"",""coordinates"":[]}"
000000000000000000bf,HYD_0192,17.539021962628652,78.35216110488933,0.0,"{""type"":""MultiPoint"",""coordinates"":[]}"
000000000000000000c0,HYD_0193,17.539149756944205,78.36157200967443,1.6784112537960711,"{""type"":""MultiPoint"",""coordinates"":[]}"
000000000000000000c1,HYD_0194,17.53927424920601,78.3709840714251,1.0813284451429792,"{""type"":""MultiPoint"",""coordinates"":[]}"
000000000000000000c2,HYD_0195,17.53939911237893,78.38039722372181,1.012943536862544,"{""type"":""MultiPoint"",""coordinates"":[]}"
000000000000000000c3,HYD_0196,17.539521763555612,78.38981039294062,1.0197428426181168,"{""type"":""MultiPoint"",""coordinates"":[]}"
000000000000000000c4,HYD_0197,17.539644383250582,78.3992213347634,1.67774926784023,"{""type"":""MultiPoint"",""coordinates"":[]}"
000000000000000000c5,HYD_0198,17.539769213705075,78.40863226941781,0.9668952877551567,"{""type"":""MultiPoint"",""coordinates"":[]}"
000000000000000000c6,HYD_0199,17.539891859088705,78.41804542975784,0.0,"{""type"":""MultiPoint"",""coordinates"":[]}"
000000000000000000c7,HYD_0200,17.54001447303215,78.42745860150029,0.23824780457634323,"{""type"":""MultiPoint"",""coordinates"":[]}"
000000000000000000c8,HYD_0201,17.540137102745128,78.43687176390289,1.6344296984585063,"{""type"":""MultiPoint"",""coordinates"":[]}"
000000000000000000c9,HYD_0202,17.54025785298955,78.44628378263488,0.0,"{""type"":""MultiPoint"",""coordinates"":[]}"
000000000000000000ca,HYD_0203,17.54037790025738,78.45569583859881,0.0,"{""type"":""MultiPoint"",""coordinates"":[]}"
000000000000000000cb,HYD_0204,17.540499397310953,78.46510940540371,0.9420522910189055,"{""type"":""MultiPoint"",""coordinates"":[]}"
000000000000000000cc,HYD_0205,17.540619791184344,78.47452179332612,1.0334997131161567,"{""type"":""MultiPoint"",""coordinates"":[]}"
000000000000000000cd,HYD_0206,17.540739091181774,78.48393532350714,1.0599033267693427,"{""type"":""MultiPoint"",""coordinates"":[]}"
000000000000000000ce,HYD_0207,17.54085946867407,78.49334849355083,1.2030725431484004,"{""type"":""MultiPoint"",""coordinates"":[]}"
000000000000000000cf,HYD_0208,17.5409787630896,78.50276206183847,0.0,"{""type"":""MultiPoint"",""coordinates"":[]}"
000000000000000000d0,HYD_0209,17.54109690384284,78.51217442277883,0.0,"{""type"":""MultiPoint"",""coordinates"":[]}"
000000000000000000d1,HYD_0210,17.541215080291742,78.52158837612377,0.0,"{""type"":""MultiPoint"",""coordinates"":[]}"
000000000000000000d2,HYD_0211,17.541333229751757,78.53100075471554,1.2152530624563005,"{""type"":""MultiPoint"",""coordinates"":[]}"
000000000000000000d3,HYD_0212,17.54145031498705,78.54041431465838,0.47762918980288205,"{""type"":""MultiPoint"",""coordinates"":[]}"
000000000000000000d4,HYD_0213,17.541566581222575,78.54982858250587,1.463938345499134,"{""type"":""MultiPoint"",""coordinates"":[]}"
000000000000000000d5,HYD_0214,17.541682144899067,78.55924284586703,1.0313949617932492,"{""type"":""MultiPoint"",""coordinates"":[]}"
000000000000000000d6,HYD_0215,17.541798090697203,78.56865602124267,0.6077545261667383,"{""type"":""MultiPoint"",""coordinates"":[]}"
000000000000000000d7,HYD_0216,17.541914048450028,78.57806919155806,0.6087965509463821,"{""type"":""MultiPoint"",""coordinates"":[]}"
000000000000000000d8,HYD_0217,17.542028891592206,78.5874827517296,0.0,"{""type"":""MultiPoint"",""coordinates"":[]}"
000000000000000000d9,HYD_0218,17.54214255985908,78.59689510333509,0.4735169156049992,"{""type"":""MultiPoint"",""coordinates"":[]}"
000000000000000000da,HYD_0219,17.542257761024548,78.60630974381193,1.0281136427150073,"{""type"":""MultiPoint"",""coordinates"":[]}"
000000000000000000db,HYD_0220,17.542371111085238,78.61572404714565,1.9048326393492618,"{""type"":""MultiPoint"",""coordinates"":[]}"
000000000000000000dc,HYD_0221,17.54248371015262,78.62513761364123,0.06639586551198155,"{""type"":""MultiPoint"",""coordinates"":[]}"
000000000000000000dd,HYD_0222,17.542597049263104,78.63455112469487,1.0087331507766155,"{""type"":""MultiPoint"",""coordinates"":[]}"
000000000000000000de,HYD_0223,17.528450887060252,78.23935993586458,0.46647134921557215,"{""type"":""MultiPoint"",""coordinates"":[]}"
000000000000000000df,HYD_0224,17.528582471185103,78.24877164394442,1.0884530770057883,"{""type"":""MultiPoint"",""coordinates"":[]}"
000000000000000000e0,HYD_0225,17.52871323922994,78.25818108544884,1.4142167332183189,"{""type"":""MultiPoint"",""coordinates"":[]}"
000000000000000000e1,HYD_0226,17.52884183891538,78.26759203895217,1.2132483276788313,"{""type"":""MultiPoint"",""coordinates"":[]}"
000000000000000000e2,HYD_0227,17.528971851898635,78.27700293238105,0.0,"{""type"":""MultiPoint"",""coordinates"":[]}"
000000000000000000e3,HYD_0228,17.52910046495863,78.28641387557657,0.0,"{""type"":""MultiPoint"",""coordinates"":[]}"
000000000000000000e4,HYD_0229,17.529230505472533,78.29582477218746,0.0,"{""type"":""MultiPoint"",""coordinates"":[]}"
000000000000000000e5,HYD_0230,17.529359812479886,78.305235708408,0.0,"{""type"":""MultiPoint"",""coordinates"":[]}"
000000000000000000e6,HYD_0231,17.529486186745295,78.31464669063735,0.0,"{""type"":""MultiPoint"",""coordinates"":[]}"
000000000000000000e7,HYD_0232,17.529613993234232,78.32405758708947,0.0,"{""type"":""MultiPoint"",""coordinates"":[]}"
000000000000000000e8,HYD_0233,17.529740372465607,78.33346852687389,0.0,"{""type"":""MultiPoint"",""coordinates"":[]}"
000000000000000000e9,HYD_0234,17.529866687944573,78.3428801924047,0.0,"{""type"":""MultiPoint"",""coordinates"":[]}"
000000000000000000ea,HYD_0235,17.52999412017489,78.35229301341502,0.5680513039005325,"{""type"":""MultiPoint"",""coordinates"":[]}"
000000000000000000eb,HYD_0236,17.530119365766794,78.36170355501906,1.61550432829211,"{""type"":""MultiPoint"",""coordinates"":[]}"
000000000000000000ec,HYD_0237,17.53024493708985,78.37111445885147,0.0,"{""type"":""MultiPoint"",""coordinates"":[]}"
000000000000000000ed,HYD_0238,17.53036943667869,78.38052654054654,0.0,"{""type"":""MultiPoint"",""coordinates"":[]}"
000000000000000000ee,HYD_0239,17.530492085029874,78.3899397116661,0.0,"{""type"":""MultiPoint"",""coordinates"":[]}"
000000000000000000ef,HYD_0240,17.53061470817966,78.39935064943121,0.0,"{""type"":""MultiPoint"",""coordinates"":[]}"
000000000000000000f0,HYD_0241,17.530739549439925,78.40876157094604,0.26930156630655355,"{""type"":""MultiPoint"",""coordinates"":[]}"
000000000000000000f1,HYD_0242,17.53086217932918,78.41817476367905,1.4854689789718072,"{""type"":""MultiPoint"",""coordinates"":[]}"
000000000000000000f2,HYD_0243,17.530985179903716,78.4275867998835,0.03997736610114778,"{""type"":""MultiPoint"",""coordinates"":[]}"
000000000000000000f3,HYD_0244,17.531107425611193,78.43699885456213,0.9288883109187998,"{""type"":""MultiPoint"",""coordinates"":[]}"
000000000000000000f4,HYD_0245,17.53122744480468,78.44641088866166,0.18952800307641474,"{""type"":""MultiPoint"",""coordinates"":[]}"
000000000000000000f5,HYD_0246,17.53134855972743,78.45582181874141,0.0,"{""type"":""MultiPoint"",""coordinates"":[]}"
000000000000000000f6,HYD_0247,17.531468608012943,78.4652338641309,0.0,"{""type"":""MultiPoint"",""coordinates"":[]}"
000000000000000000f7,HYD_0248,17.531589007243408,78.4746470409474,0.0,"{""type"":""MultiPoint"",""coordinates"":[]}"
000000000000000000f8,HYD_0249,17.531709399656297,78.48406018023213,0.6302281781186393,"{""type"":""MultiPoint"",""coordinates"":[]}"
000000000000000000f9,HYD_0250,17.53182978277403,78.49347334644426,0.4417221255146175,"{""type"":""MultiPoint"",""coordinates"":[]}"
000000000000000000fa,HYD_0251,17.531948316963167,78.50288539387321,0.0,"{""type"":""MultiPoint"",""coordinates"":[]}"
000000000000000000fb,HYD_0252,17.532066140909542,78.51229746528965,0.5377464850537442,"{""type"":""MultiPoint"",""coordinates"":[]}"
000000000000000000fc,HYD_0253,17.53218428953526,78.52171061161586,1.1524356968336855,"{""type"":""MultiPoint"",""coordinates"":[]}"
000000000000000000fd,HYD_0254,17.532301355028313,78.53112415285484,0.9516613306906381,"{""type"":""MultiPoint"",""coordinates"":[]}"
000000000000000000fe,HYD_0255,17.532419523677536,78.54053655699042,0.0,"{""type"":""MultiPoint"",""coordinates"":[]}"
000000000000000000ff,HYD_0256,17.53253655307694,78.54995009689648,1.2806002123485931,"{""type"":""MultiPoint"",""coordinates"":[]}"
00000000000000000100,HYD_0257,17.532652493572186,78.55936324194181,0.9612697348109235,"{""type"":""MultiPoint"",""coordinates"":[]}"
00000000000000000101,HYD_0258,17.532768424545853,78.56877640617921,1.0179906847880884,"{""type"":""MultiPoint"",""coordinates"":[]}"
00000000000000000102,HYD_0259,17.532883257208354,78.57818995960722,2.0799276064993037,"{""type"":""MultiPoint"",""coordinates"":[]}"
00000000000000000103,HYD_0260,17.532996948335807,78.58760234799777,0.2472610231665975,"{""type"":""MultiPoint"",""coordinates"":[]}"
00000000000000000104,HYD_0261,17.53311176766266,78.59701591301355,0.017063853949207487,"{""type"":""MultiPoint"",""coordinates"":[]}"
00000000000000000105,HYD_0262,17.53322661861507,78.60642944896207,1.270088024283353,"{""type"":""MultiPoint"",""coordinates"":[]}"
00000000000000000106,HYD_0263,17.533340305795104,78.61584182482201,0.3135738005571495,"{""type"":""MultiPoint"",""coordinates"":[]}"
00000000000000000107,HYD_0264,17.53345290794798,78.62525539387849,1.5872035562023052,"{""type"":""MultiPoint"",""coordinates"":[]}"
00000000000000000108,HYD_0265,17.533565877946305,78.6346700697182,1.4936674155270993,"{""type"":""MultiPoint"",""coordinates"":[]}"
00000000000000000109,HYD_0266,17.519423805790844,78.23949782918456,0.0,"{""type"":""MultiPoint"",""coordinates"":[]}"
0000000000000000010a,HYD_0267,17.519553876074724,78.2489072791803,0.0,"{""type"":""MultiPoint"",""coordinates"":[]}"
0000000000000000010b,HYD_0268,17.51968284342951,78.25831709973302,0.0,"{""type"":""MultiPoint"",""coordinates"":[]}"
0000000000000000010c,HYD_0269,17.51981396789332,78.26772761155136,0.3176210200588837,"{""type"":""MultiPoint"",""coordinates"":[]}"
0000000000000000010d,HYD_0270,17.51994406297343,78.2771378333428,1.1216897288340224,"{""type"":""MultiPoint"",""coordinates"":[]}"
0000000000000000010e,HYD_0271,17.520072279005095,78.28654915768148,0.0,"{""type"":""MultiPoint"",""coordinates"":[]}"
0000000000000000010f,HYD_0272,17.520200468309593,78.29595967801367,0.0,"{""type"":""MultiPoint"",""coordinates"":[]}"
00000000000000000110,HYD_0273,17.520329777388913,78.30536837935404,0.0,"{""type"":""MultiPoint"",""coordinates"":[]}"
00000000000000000111,HYD_0274,17.520456860571475,78.31477932038385,0.0,"{""type"":""MultiPoint"",""coordinates"":[]}"
00000000000000000112,HYD_0275,17.52058393292063,78.32419026308537,0.0,"{""type"":""MultiPoint"",""coordinates"":[]}"
00000000000000000113,HYD_0276,17.520711037792065,78.33360120570315,0.0,"{""type"":""MultiPoint"",""coordinates"":[]}"
00000000000000000114,HYD_0277,17.52083848456488,78.34301324434973,0.0,"{""type"":""MultiPoint"",""coordinates"":[]}"
00000000000000000115,HYD_0278,17.520965197723022,78.35242305995985,1.0703421080310223,"{""type"":""MultiPoint"",""coordinates"":[]}"
00000000000000000116,HYD_0279,17.52109003917496,78.36183399138362,0.24272917351987866,"{""type"":""MultiPoint"",""coordinates"":[]}"
00000000000000000117,HYD_0280,17.52121489925825,78.37124491849431,0.4441366020414821,"{""type"":""MultiPoint"",""coordinates"":[]}"
00000000000000000118,HYD_0281,17.521339756448704,78.38065586319775,1.0138358874209217,"{""type"":""MultiPoint"",""coordinates"":[]}"
00000000000000000119,HYD_0282,17.521462741094265,78.39006792094247,0.0,"{""type"":""MultiPoint"",""coordinates"":[]}"
0000000000000000011a,HYD_0283,17.521584659406024,78.39947884483485,0.0,"{""type"":""MultiPoint"",""coordinates"":[]}"
0000000000000000011b,HYD_0284,17.52170987931402,78.40889088135401,0.0,"{""type"":""MultiPoint"",""coordinates"":[]}"
0000000000000000011c,HYD_0285,17.52183287565628,78.41830294421256,0.0,"{""type"":""MultiPoint"",""coordinates"":[]}"
0000000000000000011d,HYD_0286,17.52195478493245,78.42771390925166,1.083398638090153,"{""type"":""MultiPoint"",""coordinates"":[]}"
0000000000000000011e,HYD_0287,17.52207809673726,78.43712479116336,1.5042704411139478,"{""type"":""MultiPoint"",""coordinates"":[]}"
0000000000000000011f,HYD_0288,17.522198143463786,78.44653687464292,1.427138152848608,"{""type"":""MultiPoint"",""coordinates"":[]}"
00000000000000000120,HYD_0289,17.522318179919104,78.45594891303773,0.0,"{""type"":""MultiPoint"",""coordinates"":[]}"
00000000000000000121,HYD_0290,17.52243929590004,78.46535983253382,0.0,"{""type"":""MultiPoint"",""coordinates"":[]}"
00000000000000000122,HYD_0291,17.52255933980322,78.47477188755538,0.0,"{""type"":""MultiPoint"",""coordinates"":[]}"
00000000000000000123,HYD_0292,17.522679731991794,78.48418504457635,1.084888006950731,"{""type"":""MultiPoint"",""coordinates"":[]}"
00000000000000000124,HYD_0293,17.52280048191344,78.49359706959116,0.0,"{""type"":""MultiPoint"",""coordinates"":[]}"
00000000000000000125,HYD_0294,17.522917927849573,78.50300803058651,0.0,"{""type"":""MultiPoint"",""coordinates"":[]}"
00000000000000000126,HYD_0295,17.52303645018012,78.5124200768402,0.0,"{""type"":""MultiPoint"",""coordinates"":[]}"
00000000000000000127,HYD_0296,17.52315459953779,78.52183324075695,1.3069827697900835,"{""type"":""MultiPoint"",""coordinates"":[]}"
00000000000000000128,HYD_0297,17.523270897622226,78.53124526987068,1.01267390880803,"{""type"":""MultiPoint"",""coordinates"":[]}"
00000000000000000129,HYD_0298,17.523387608861917,78.54065770410686,1.3034554645168372,"{""type"":""MultiPoint"",""coordinates"":[]}"
0000000000000000012a,HYD_0299,17.523505758506012,78.55007009660959,1.6977482957840444,"{""type"":""MultiPoint"",""coordinates"":[]}"
0000000000000000012b,HYD_0300,17.523621719536962,78.5594840317602,0.08421914448557496,"{""type"":""MultiPoint"",""coordinates"":[]}"
0000000000000000012c,HYD_0301,17.523736530700482,78.5688967969378,0.0,"{""type"":""MultiPoint"",""coordinates"":[]}"
0000000000000000012d,HYD_0302,17.523851330402284,78.57830958244998,0.521076450876399,"{""type"":""MultiPoint"",""coordinates"":[]}"
0000000000000000012e,HYD_0303,17.52396652258972,78.58772199757672,1.7677174207174655,"{""type"":""MultiPoint"",""coordinates"":[]}"
0000000000000000012f,HYD_0304,17.524080993121657,78.5971344556078,1.063644606521499,"{""type"":""MultiPoint"",""coordinates"":[]}"
00000000000000000130,HYD_0305,17.52419467100172,78.60654684314446,0.0,"{""type"":""MultiPoint"",""coordinates"":[]}"
00000000000000000131,HYD_0306,17.52430841806437,78.61596076048055,0.0,"{""type"":""MultiPoint"",""coordinates"":[]}"
00000000000000000132,HYD_0307,17.524422126979605,78.6253731684568,1.0274261639676163,"{""type"":""MultiPoint"",""coordinates"":[]}"
00000000000000000133,HYD_0308,17.524534705643593,78.63478672310032,0.0,"{""type"":""MultiPoint"",""coordinates"":[]}"
00000000000000000134,HYD_0309,17.524646173433155,78.64419988160182,0.0,"{""type"":""MultiPoint"",""coordinates"":[]}"
00000000000000000135,HYD_0310,17.510394894853842,78.23963455048592,0.0,"{""type"":""MultiPoint"",""coordinates"":[]}"
00000000000000000136,HYD_0311,17.510524199943326,78.24904328355849,0.0,"{""type"":""MultiPoint"",""coordinates"":[]}"
00000000000000000137,HYD_0312,17.510654989600393,78.25845270792203,0.0,"{""type"":""MultiPoint"",""coordinates"":[]}"
00000000000000000138,HYD_0313,17.510786202843352,78.26786330381614,0.0,"{""type"":""MultiPoint"",""coordinates"":[]}"
00000000000000000139,HYD_0314,17.51091663108444,78.27727161552629,0.35752850731838337,"{""type"":""MultiPoint"",""coordinates"":[]}"
0000000000000000013a,HYD_0315,17.511044812381172,78.28668214779742,1.1396752910465833,"{""type"":""MultiPoint"",""coordinates"":[]}"
0000000000000000013b,HYD_0316,17.5111719090501,78.29609383551914,0.3805142454405383,"{""type"":""MultiPoint"",""coordinates"":[]}"
0000000000000000013c,HYD_0317,17.511300097931223,78.30550214671587,0.0,"{""type"":""MultiPoint"",""coordinates"":[]}"
0000000000000000013d,HYD_0318,17.511428637641245,78.31491157950893,0.0,"{""type"":""MultiPoint"",""coordinates"":[]}"
0000000000000000013e,HYD_0319,17.511555009556005,78.32432330967174,0.0,"{""type"":""MultiPoint"",""coordinates"":[]}"
0000000000000000013f,HYD_0320,17.511681697105473,78.33373386234265,0.0,"{""type"":""MultiPoint"",""coordinates"":[]}"
00000000000000000140,HYD_0321,17.511808440001065,78.34314370386979,0.0,"{""type"":""MultiPoint"",""coordinates"":[]}"
00000000000000000141,HYD_0322,17.511935149407307,78.35255352127851,0.008597806789065283,"{""type"":""MultiPoint"",""coordinates"":[]}"
00000000000000000142,HYD_0323,17.512060708855238,78.36196443371045,1.253168391775981,"{""type"":""MultiPoint"",""coordinates"":[]}"
00000000000000000143,HYD_0324,17.512185219013052,78.37137426056398,0.0,"{""type"":""MultiPoint"",""coordinates"":[]}"
00000000000000000144,HYD_0325,17.51231007904042,78.38078520111999,0.6390548554126253,"{""type"":""MultiPoint"",""coordinates"":[]}"
00000000000000000145,HYD_0326,17.512432691552885,78.39019613550386,0.4401660251153365,"{""type"":""MultiPoint"",""coordinates"":[]}"
00000000000000000146,HYD_0327,17.51255531551321,78.39960707122708,0.0,"{""type"":""MultiPoint"",""coordinates"":[]}"
00000000000000000147,HYD_0328,17.512680552002205,78.4090190733573,0.0,"{""type"":""MultiPoint"",""coordinates"":[]}"
00000000000000000148,HYD_0329,17.51280248444641,78.41843003542078,0.0,"{""type"":""MultiPoint"",""coordinates"":[]}"
00000000000000000149,HYD_0330,17.51292581206096,78.4278409389879,0.0,"{""type"":""MultiPoint"",""coordinates"":[]}"
0000000000000000014a,HYD_0331,17.513047722149295,78.43725189652712,0.0,"{""type"":""MultiPoint"",""coordinates"":[]}"
0000000000000000014b,HYD_0332,17.51316881514251,78.44666281330639,1.0143120585752188,"{""type"":""MultiPoint"",""coordinates"":[]}"
0000000000000000014c,HYD_0333,17.513288862893692,78.45607488730161,0.0,"{""type"":""MultiPoint"",""coordinates"":[]}"
0000000000000000014d,HYD_0334,17.513409234107638,78.46548580636838,0.0,"{""type"":""MultiPoint"",""coordinates"":[]}"
0000000000000000014e,HYD_0335,17.51352965266475,78.47489674178206,0.0,"{""type"":""MultiPoint"",""coordinates"":[]}"
0000000000000000014f,HYD_0336,17.51365005833817,78.48430988670778,1.0527891412049728,"{""type"":""MultiPoint"",""coordinates"":[]}"
00000000000000000150,HYD_0337,17.51376933289355,78.49372121251211,0.0,"{""type"":""MultiPoint"",""coordinates"":[]}"
00000000000000000151,HYD_0338,17.513887476897093,78.50313135506292,0.31780657846234167,"{""type"":""MultiPoint"",""coordinates"":[]}"
00000000000000000152,HYD_0339,17.514006011305984,78.51254418429265,1.077171693902726,"{""type"":""MultiPoint"",""coordinates"":[]}"
00000000000000000153,HYD_0340,17.514123804468092,78.52195548423016,2.0697363820536805,"{""type"":""MultiPoint"",""coordinates"":[]}"
00000000000000000154,HYD_0341,17.514240503775564,78.53136792187678,1.041466483000238,"{""type"":""MultiPoint"",""coordinates"":[]}"
00000000000000000155,HYD_0342,17.51435715483486,78.5407788387479,2.0349578752131148,"{""type"":""MultiPoint"",""coordinates"":[]}"
00000000000000000156,HYD_0343,17.514473855479913,78.55019128348225,1.0222962173578503,"{""type"":""MultiPoint"",""coordinates"":[]}"
00000000000000000157,HYD_0344,17.514589763186475,78.55960364784248,1.0198820699502986,"{""type"":""MultiPoint"",""coordinates"":[]}"
00000000000000000158,HYD_0345,17.514704609246024,78.56901721889072,1.0284390771239418,"{""type"":""MultiPoint"",""coordinates"":[]}"
00000000000000000159,HYD_0346,17.514820909018866,78.57842925495632,0.8165945545777229,"{""type"":""MultiPoint"",""coordinates"":[]}"
0000000000000000015a,HYD_0347,17.514936124656913,78.58784019286963,0.0,"{""type"":""MultiPoint"",""coordinates"":[]}"
0000000000000000015b,HYD_0348,17.515050172082564,78.59725221186379,0.0,"{""type"":""MultiPoint"",""coordinates"":[]}"
0000000000000000015c,HYD_0349,17.51516388529184,78.60666539016214,0.0,"{""type"":""MultiPoint"",""coordinates"":[]}"
0000000000000000015d,HYD_0350,17.515277610836776,78.61607855932253,0.0,"{""type"":""MultiPoint"",""coordinates"":[]}"
0000000000000000015e,HYD_0351,17.51539058390415,78.62549097867506,1.0224948922999724,"{""type"":""MultiPoint"",""coordinates"":[]}"
0000000000000000015f,HYD_0352,17.515502786592503,78.63490263510114,0.0,"{""type"":""MultiPoint"",""coordinates"":[]}"
00000000000000000160,HYD_0353,17.515614266392802,78.64431583378574,0.7087193639520136,"{""type"":""MultiPoint"",""coordinates"":[]}"
00000000000000000161,HYD_0354,17.515725741741374,78.65372899035134,1.1478749425815344,"{""type"":""MultiPoint"",""coordinates"":[]}"
00000000000000000162,HYD_0355,17.501365211935425,78.23977053931951,0.0,"{""type"":""MultiPoint"",""coordinates"":[]}"
00000000000000000163,HYD_0356,17.501495646867216,78.24917889643031,0.0,"{""type"":""MultiPoint"",""coordinates"":[]}"
00000000000000000164,HYD_0357,17.50162719682406,78.25858837468945,0.0,"{""type"":""MultiPoint"",""coordinates"":[]}"
00000000000000000165,HYD_0358,17.50175759967152,78.26799668249195,0.0,"{""type"":""MultiPoint"",""coordinates"":[]}"
00000000000000000166,HYD_0359,17.50188655957445,78.2774064937512,0.0,"{""type"":""MultiPoint"",""coordinates"":[]}"
00000000000000000167,HYD_0360,17.502016614900352,78.28681740049099,0.0,"{""type"":""MultiPoint"",""coordinates"":[]}"
00000000000000000168,HYD_0361,17.502143332379624,78.29622723687483,0.8419916560259627,"{""type"":""MultiPoint"",""coordinates"":[]}"
00000000000000000169,HYD_0362,17.502270421589856,78.30563591390224,1.0497212732486985,"{""type"":""MultiPoint"",""coordinates"":[]}"
0000000000000000016a,HYD_0363,17.50239973007497,78.31504461606491,0.0,"{""type"":""MultiPoint"",""coordinates"":[]}"
0000000000000000016b,HYD_0364,17.502527145609328,78.32445443099739,0.0,"{""type"":""MultiPoint"",""coordinates"":[]}"
0000000000000000016c,HYD_0365,17.502651318678648,78.33386540785419,0.0,"{""type"":""MultiPoint"",""coordinates"":[]}"
0000000000000000016d,HYD_0366,17.502778742829932,78.34327522224164,0.0,"{""type"":""MultiPoint"",""coordinates"":[]}"
0000000000000000016e,HYD_0367,17.50290618418939,78.35268503632301,0.0,"{""type"":""MultiPoint"",""coordinates"":[]}"
0000000000000000016f,HYD_0368,17.50303069363867,78.36209486159322,1.0152308605321925,"{""type"":""MultiPoint"",""coordinates"":[]}"
00000000000000000170,HYD_0369,17.503155200799057,78.37150470563768,0.0,"{""type"":""MultiPoint"",""coordinates"":[]}"
00000000000000000171,HYD_0370,17.503280756669838,78.38091561958157,0.6403347215172711,"{""type"":""MultiPoint"",""coordinates"":[]}"
00000000000000000172,HYD_0371,17.503403019843837,78.39032545374714,1.3511517673594309,"{""type"":""MultiPoint"",""coordinates"":[]}"
00000000000000000173,HYD_0372,17.503525654908945,78.39973639182543,0.0,"{""type"":""MultiPoint"",""coordinates"":[]}"
00000000000000000174,HYD_0373,17.50365050680778,78.40914730141981,0.0,"{""type"":""MultiPoint"",""coordinates"":[]}"
00000000000000000175,HYD_0374,17.50377348893361,78.41855709246552,0.0,"{""type"":""MultiPoint"",""coordinates"":[]}"
00000000000000000176,HYD_0375,17.503894298703337,78.42796842590008,0.0,"{""type"":""MultiPoint"",""coordinates"":[]}"
00000000000000000177,HYD_0376,17.504017615607466,78.43737857220813,0.0,"{""type"":""MultiPoint"",""coordinates"":[]}"
00000000000000000178,HYD_0377,17.504138789369044,78.44678881242095,1.010700274650029,"{""type"":""MultiPoint"",""coordinates"":[]}"
00000000000000000179,HYD_0378,17.504259168334755,78.45619971872956,0.04475140753525968,"{""type"":""MultiPoint"",""coordinates"":[]}"
0000000000000000017a,HYD_0379,17.504379550789867,78.4656106582064,0.0,"{""type"":""MultiPoint"",""coordinates"":[]}"
0000000000000000017b,HYD_0380,17.50449994619522,78.4750215734311,0.6599218968896722,"{""type"":""MultiPoint"",""coordinates"":[]}"
0000000000000000017c,HYD_0381,17.504620734911725,78.484433620978,1.5991065815263,"{""type"":""MultiPoint"",""coordinates"":[]}"
0000000000000000017d,HYD_0382,17.50473816704478,78.49384459808651,1.7243216820241614,"{""type"":""MultiPoint"",""coordinates"":[]}"
0000000000000000017e,HYD_0383,17.5048570298685,78.50325550296536,0.7628974679176238,"{""type"":""MultiPoint"",""coordinates"":[]}"
0000000000000000017f,HYD_0384,17.504974497916518,78.51266643020723,0.43319304260467995,"{""type"":""MultiPoint"",""coordinates"":[]}"
00000000000000000180,HYD_0385,17.50509337899008,78.522077362008,2.21589444236973,"{""type"":""MultiPoint"",""coordinates"":[]}"
00000000000000000181,HYD_0386,17.50521119484423,78.5314894321048,1.8732933172476445,"{""type"":""MultiPoint"",""coordinates"":[]}"
00000000000000000182,HYD_0387,17.50532676224364,78.5409014798119,1.9387410268798995,"{""type"":""MultiPoint"",""coordinates"":[]}"
00000000000000000183,HYD_0388,17.505443388664048,78.55031239117871,0.0,"{""type"":""MultiPoint"",""coordinates"":[]}"
00000000000000000184,HYD_0389,17.50555896623543,78.55972445102002,0.0,"{""type"":""MultiPoint"",""coordinates"":[]}"
00000000000000000185,HYD_0390,17.5056749353754,78.56913761754225,0.0,"{""type"":""MultiPoint"",""coordinates"":[]}"
00000000000000000186,HYD_0391,17.50579088461733,78.57854854949161,0.0,"{""type"":""MultiPoint"",""coordinates"":[]}"
00000000000000000187,HYD_0392,17.50590570593532,78.58795983991625,0.0,"{""type"":""MultiPoint"",""coordinates"":[]}"
00000000000000000188,HYD_0393,17.506019373269574,78.59737222763682,0.0,"{""type"":""MultiPoint"",""coordinates"":[]}"
00000000000000000189,HYD_0394,17.506133446599435,78.60678503673687,0.0,"{""type"":""MultiPoint"",""coordinates"":[]}"
0000000000000000018a,HYD_0395,17.50624680380618,78.61619634475791,0.0,"{""type"":""MultiPoint"",""coordinates"":[]}"
0000000000000000018b,HYD_0396,17.506359045701434,78.62560877080266,1.7016712303962986,"{""type"":""MultiPoint"",""coordinates"":[]}"
0000000000000000018c,HYD_0397,17.506471245176705,78.63501969174045,1.7822935084407447,"{""type"":""MultiPoint"",""coordinates"":[]}"
0000000000000000018d,HYD_0398,17.506582353523676,78.64443174849575,0.4572925764561623,"{""type"":""MultiPoint"",""coordinates"":[]}"
0000000000000000018e,HYD_0399,17.50669383888477,78.65384491734811,0.0,"{""type"":""MultiPoint"",""coordinates"":[]}"
0000000000000000018f,HYD_0400,17.492468195191645,78.24931565072444,0.0,"{""type"":""MultiPoint"",""coordinates"":[]}"
00000000000000000190,HYD_0401,17.492598588314074,78.25872396715476,0.0,"{""type"":""MultiPoint"",""coordinates"":[]}"
00000000000000000191,HYD_0402,17.49272792159272,78.26813267030246,0.0,"{""type"":""MultiPoint"",""coordinates"":[]}"
00000000000000000192,HYD_0403,17.492857598190177,78.27754247708148,0.0,"{""type"":""MultiPoint"",""coordinates"":[]}"
00000000000000000193,HYD_0404,17.49298658613288,78.28695231027474,0.0,"{""type"":""MultiPoint"",""coordinates"":[]}"
00000000000000000194,HYD_0405,17.493114758959837,78.2963606226848,1.0448595293043892,"{""type"":""MultiPoint"",""coordinates"":[]}"
00000000000000000195,HYD_0406,17.49324184237217,78.30577009587334,3.3119983079501036,"{""type"":""MultiPoint"",""coordinates"":[]}"
00000000000000000196,HYD_0407,17.49337003868949,78.31517841438648,3.1194915661999625,"{""type"":""MultiPoint"",""coordinates"":[]}"
00000000000000000197,HYD_0408,17.493497124585982,78.32458712061519,2.038942278861948,"{""type"":""MultiPoint"",""coordinates"":[]}"
00000000000000000198,HYD_0409,17.493623467906115,78.33399653117058,2.033997184781636,"{""type"":""MultiPoint"",""coordinates"":[]}"
00000000000000000199,HYD_0410,17.49375020678789,78.34340713424368,1.6018379700346093,"{""type"":""MultiPoint"",""coordinates"":[]}"
0000000000000000019a,HYD_0411,17.493876156931766,78.35281548304744,1.6784769053888342,"{""type"":""MultiPoint"",""coordinates"":[]}"
0000000000000000019b,HYD_0412,17.4940010154407,78.36222417936642,1.2080053104517463,"{""type"":""MultiPoint"",""coordinates"":[]}"
0000000000000000019c,HYD_0413,17.494125868745975,78.37163509270576,1.866395336356479,"{""type"":""MultiPoint"",""coordinates"":[]}"
0000000000000000019d,HYD_0414,17.494250700137986,78.38104604496009,0.42129820890482544,"{""type"":""MultiPoint"",""coordinates"":[]}"
0000000000000000019e,HYD_0415,17.494373351937526,78.39045477184723,0.8649057816061978,"{""type"":""MultiPoint"",""coordinates"":[]}"
0000000000000000019f,HYD_0416,17.494496351231227,78.39986456725843,1.0978163152288387,"{""type"":""MultiPoint"",""coordinates"":[]}"
000000000000000001a0,HYD_0417,17.494620456750926,78.4092754918604,0.4718354151769514,"{""type"":""MultiPoint"",""coordinates"":[]}"
000000000000000001a1,HYD_0418,17.494743442375416,78.41868529353299,0.0,"{""type"":""MultiPoint"",""coordinates"":[]}"
000000000000000001a2,HYD_0419,17.494864197801178,78.42809509941667,0.0,"{""type"":""MultiPoint"",""coordinates"":[]}"
000000000000000001a3,HYD_0420,17.49498647386091,78.43750496026603,0.0,"{""type"":""MultiPoint"",""coordinates"":[]}"
000000000000000001a4,HYD_0421,17.49510871662681,78.44691478721326,0.2624650899133838,"{""type"":""MultiPoint"",""coordinates"":[]}"
000000000000000001a5,HYD_0422,17.495229857671365,78.45632567731823,0.7652620864076074,"{""type"":""MultiPoint"",""coordinates"":[]}"
000000000000000001a6,HYD_0423,17.495349887255973,78.4657354934775,0.0,"{""type"":""MultiPoint"",""coordinates"":[]}"
000000000000000001a7,HYD_0424,17.495470288094957,78.47514643507365,1.4155302897038855,"{""type"":""MultiPoint"",""coordinates"":[]}"
000000000000000001a8,HYD_0425,17.495589600749753,78.48455776775609,0.0,"{""type"":""MultiPoint"",""coordinates"":[]}"
000000000000000001a9,HYD_0426,17.495707725922358,78.49396794868827,1.0244349271717528,"{""type"":""MultiPoint"",""coordinates"":[]}"
000000000000000001aa,HYD_0427,17.495827008487208,78.50337924119714,0.0,"{""type"":""MultiPoint"",""coordinates"":[]}"
000000000000000001ab,HYD_0428,17.49594552288552,78.51278903598973,1.335085341713883,"{""type"":""MultiPoint"",""coordinates"":[]}"
000000000000000001ac,HYD_0429,17.49606187289698,78.52220038387078,0.0,"{""type"":""MultiPoint"",""coordinates"":[]}"
000000000000000001ad,HYD_0430,17.496180737680245,78.53161051126544,0.9596582562871442,"{""type"":""MultiPoint"",""coordinates"":[]}"
000000000000000001ae,HYD_0431,17.49629742741412,78.54102297809767,1.1489190693236198,"{""type"":""MultiPoint"",""coordinates"":[]}"
000000000000000001af,HYD_0432,17.496413362385653,78.55043391318809,0.0,"{""type"":""MultiPoint"",""coordinates"":[]}"
000000000000000001b0,HYD_0433,17.496529316942397,78.55984485477187,0.0,"{""type"":""MultiPoint"",""coordinates"":[]}"
000000000000000001b1,HYD_0434,17.496645604934624,78.56925687290611,0.0,"{""type"":""MultiPoint"",""coordinates"":[]}"
000000000000000001b2,HYD_0435,17.49675973061357,78.5786681844492,0.29487593935918516,"{""type"":""MultiPoint"",""coordinates"":[]}"
000000000000000001b3,HYD_0436,17.49687378718508,78.5880794516242,1.267350452375187,"{""type"":""MultiPoint"",""coordinates"":[]}"
000000000000000001b4,HYD_0437,17.496987849938623,78.59749227132792,0.11067581835677269,"{""type"":""MultiPoint"",""coordinates"":[]}"
000000000000000001b5,HYD_0438,17.497100815832752,78.60690246726791,1.0391950943331318,"{""type"":""MultiPoint"",""coordinates"":[]}"
000000000000000001b6,HYD_0439,17.497215250275207,78.61631413596595,1.0464847916354463,"{""type"":""MultiPoint"",""coordinates"":[]}"
000000000000000001b7,HYD_0440,17.49732750483983,78.62572582458395,0.27224646775580824,"{""type"":""MultiPoint"",""coordinates"":[]}"
000000000000000001b8,HYD_0441,17.497439727870532,78.63513750237848,1.0717648784823552,"{""type"":""MultiPoint"",""coordinates"":[]}"
000000000000000001b9,HYD_0442,17.49755304813757,78.64454878626618,0.09075907632995804,"{""type"":""MultiPoint"",""coordinates"":[]}"
000000000000000001ba,HYD_0443,17.497664157212725,78.6539608501503,0.6636546095101696,"{""type"":""MultiPoint"",""coordinates"":[]}"
000000000000000001bb,HYD_0444,17.49777451751634,78.66337440234273,0.6798608262418997,"{""type"":""MultiPoint"",""coordinates"":[]}"
000000000000000001bc,HYD_0445,17.48343960813621,78.24945127663457,0.0,"{""type"":""MultiPoint"",""coordinates"":[]}"
000000000000000001bd,HYD_0446,17.48356892925008,78.25885997506612,0.0,"{""type"":""MultiPoint"",""coordinates"":[]}"
000000000000000001be,HYD_0447,17.483698242503845,78.26826867916118,0.0,"{""type"":""MultiPoint"",""coordinates"":[]}"
000000000000000001bf,HYD_0448,17.483827573583923,78.27767739118305,0.0,"{""type"":""MultiPoint"",""coordinates"":[]}"
000000000000000001c0,HYD_0449,17.483956894768323,78.28708610910229,0.0,"{""type"":""MultiPoint"",""coordinates"":[]}"
000000000000000001c1,HYD_0450,17.48408621097114,78.29649477955601,0.0,"{""type"":""MultiPoint"",""coordinates"":[]}"
000000000000000001c2,HYD_0451,17.48421328274646,78.30590349907108,0.0,"{""type"":""MultiPoint"",""coordinates"":[]}"
000000000000000001c3,HYD_0452,17.484340707125373,78.315311094355,0.11425750063204564,"{""type"":""MultiPoint"",""coordinates"":[]}"
000000000000000001c4,HYD_0453,17.48446744122017,78.3247186998288,0.9530079471963326,"{""type"":""MultiPoint"",""coordinates"":[]}"
000000000000000001c5,HYD_0454,17.48459454014711,78.33412737958008,0.0,"{""type"":""MultiPoint"",""coordinates"":[]}"
000000000000000001c6,HYD_0455,17.484721296129248,78.34353719964591,0.4321244491428649,"{""type"":""MultiPoint"",""coordinates"":[]}"
000000000000000001c7,HYD_0456,17.484846492113725,78.35294701933528,1.5354155371611728,"{""type"":""MultiPoint"",""coordinates"":[]}"
000000000000000001c8,HYD_0457,17.48497131047948,78.36235570911903,1.958726813507684,"{""type"":""MultiPoint"",""coordinates"":[]}"
000000000000000001c9,HYD_0458,17.485096521874368,78.3717655161716,1.7193313332142055,"{""type"":""MultiPoint"",""coordinates"":[]}"
000000000000000001ca,HYD_0459,17.485221022836935,78.3811753317162,0.07054229681849244,"{""type"":""MultiPoint"",""coordinates"":[]}"
000000000000000001cb,HYD_0460,17.48534365815369,78.39058407559256,0.0,"{""type"":""MultiPoint"",""coordinates"":[]}"
000000000000000001cc,HYD_0461,17.48546628003109,78.39999276936771,0.0,"{""type"":""MultiPoint"",""coordinates"":[]}"
000000000000000001cd,HYD_0462,17.485591487720825,78.40940257453649,1.0447972603214835,"{""type"":""MultiPoint"",""coordinates"":[]}"
000000000000000001ce,HYD_0463,17.485713763999627,78.41881238473196,0.31975947802062926,"{""type"":""MultiPoint"",""coordinates"":[]}"
000000000000000001cf,HYD_0464,17.485833816279538,78.42822220786849,0.0,"{""type"":""MultiPoint"",""coordinates"":[]}"
000000000000000001d0,HYD_0465,17.485956789238823,78.43763204260864,0.0,"{""type"":""MultiPoint"",""coordinates"":[]}"
000000000000000001d1,HYD_0466,17.486079757354116,78.44704184488688,1.4283617363733652,"{""type"":""MultiPoint"",""coordinates"":[]}"
000000000000000001d2,HYD_0467,17.486199816482372,78.45645165576212,0.8260065839793562,"{""type"":""MultiPoint"",""coordinates"":[]}"
000000000000000001d3,HYD_0468,17.486320228276696,78.46586035871088,0.0,"{""type"":""MultiPoint"",""coordinates"":[]}"
000000000000000001d4,HYD_0469,17.486439504679733,78.47527169614565,1.7629524106374712,"{""type"":""MultiPoint"",""coordinates"":[]}"
000000000000000001d5,HYD_0470,17.486557659933816,78.48468185999211,1.4905563459602404,"{""type"":""MultiPoint"",""coordinates"":[]}"
000000000000000001d6,HYD_0471,17.48667731443321,78.4940920494184,1.8730536523020995,"{""type"":""MultiPoint"",""coordinates"":[]}"
000000000000000001d7,HYD_0472,17.486795876160055,78.50350337980676,2.041093410932146,"{""type"":""MultiPoint"",""coordinates"":[]}"
000000000000000001d8,HYD_0473,17.486914371094198,78.51291241999668,1.878141040736901,"{""type"":""MultiPoint"",""coordinates"":[]}"
000000000000000001d9,HYD_0474,17.48703177319236,78.52232259864682,0.0,"{""type"":""MultiPoint"",""coordinates"":[]}"
000000000000000001da,HYD_0475,17.487148135198648,78.53173393649259,0.0,"{""type"":""MultiPoint"",""coordinates"":[]}"
000000000000000001db,HYD_0476,17.487265896311193,78.54114448338582,1.84670046377557,"{""type"":""MultiPoint"",""coordinates"":[]}"
000000000000000001dc,HYD_0477,17.487381473471213,78.55055431975627,1.7534443803435824,"{""type"":""MultiPoint"",""coordinates"":[]}"
000000000000000001dd,HYD_0478,17.48749742091034,78.55996524204764,1.141831787063634,"{""type"":""MultiPoint"",""coordinates"":[]}"
000000000000000001de,HYD_0479,17.48761335737825,78.56937615510412,1.9261787057613575,"{""type"":""MultiPoint"",""coordinates"":[]}"
000000000000000001df,HYD_0480,17.487728164672248,78.5787867003991,0.8440704764292414,"{""type"":""MultiPoint"",""coordinates"":[]}"
000000000000000001e0,HYD_0481,17.48784334055365,78.58819913564176,0.0,"{""type"":""MultiPoint"",""coordinates"":[]}"
000000000000000001e1,HYD_0482,17.48795633598633,78.59761009099824,1.0708116791310887,"{""type"":""MultiPoint"",""coordinates"":[]}"
000000000000000001e2,HYD_0483,17.48807074101666,78.60702099891719,1.4140836318319734,"{""type"":""MultiPoint"",""coordinates"":[]}"
000000000000000001e3,HYD_0484,17.488183747572457,78.61643195490649,0.3858904343587743,"{""type"":""MultiPoint"",""coordinates"":[]}"
000000000000000001e4,HYD_0485,17.48829596225997,78.62584288426645,0.0,"{""type"":""MultiPoint"",""coordinates"":[]}"
000000000000000001e5,HYD_0486,17.48840819069953,78.63525532284118,0.0,"{""type"":""MultiPoint"",""coordinates"":[]}"
000000000000000001e6,HYD_0487,17.488520776199522,78.64466587307285,1.2780094094671932,"{""type"":""MultiPoint"",""coordinates"":[]}"
000000000000000001e7,HYD_0488,17.488632255861482,78.65407679732812,1.1508611484355493,"{""type"":""MultiPoint"",""coordinates"":[]}"
000000000000000001e8,HYD_0489,17.488742942140032,78.66348843837991,1.2804833909671525,"{""type"":""MultiPoint"",""coordinates"":[]}"
000000000000000001e9,HYD_0490,17.474410301442905,78.24958614814803,0.0,"{""type"":""MultiPoint"",""coordinates"":[]}"
000000000000000001ea,HYD_0491,17.474539248536885,78.25899375043099,0.0,"{""type"":""MultiPoint"",""coordinates"":[]}"
000000000000000001eb,HYD_0492,17.474668567558094,78.26840245898015,0.0,"{""type"":""MultiPoint"",""coordinates"":[]}"
000000000000000001ec,HYD_0493,17.474797878921592,78.27781117221676,0.0,"{""type"":""MultiPoint"",""coordinates"":[]}"
000000000000000001ed,HYD_0494,17.47492720837051,78.28721989228258,0.0,"{""type"":""MultiPoint"",""coordinates"":[]}"
000000000000000001ee,HYD_0495,17.47505688075409,78.2966274554017,0.0,"{""type"":""MultiPoint"",""coordinates"":[]}"
000000000000000001ef,HYD_0496,17.47518472157731,78.30603464957827,0.31638769434457686,"{""type"":""MultiPoint"",""coordinates"":[]}"
000000000000000001f0,HYD_0497,17.475311459934638,78.31544304907726,0.21289166582613922,"{""type"":""MultiPoint"",""coordinates"":[]}"
000000000000000001f1,HYD_0498,17.475437759999227,78.32485022004803,1.400421928508285,"{""type"":""MultiPoint"",""coordinates"":[]}"
000000000000000001f2,HYD_0499,17.475564846853015,78.33425892532934,0.04255388688740294,"{""type"":""MultiPoint"",""coordinates"":[]}"
000000000000000001f3,HYD_0500,17.47569230630894,78.34366872574314,0.0,"{""type"":""MultiPoint"",""coordinates"":[]}"
000000000000000001f4,HYD_0501,17.475816782135784,78.35307854652784,0.0,"{""type"":""MultiPoint"",""coordinates"":[]}"
000000000000000001f5,HYD_0502,17.475941631131764,78.3624872485101,1.0818943142971285,"{""type"":""MultiPoint"",""coordinates"":[]}"
000000000000000001f6,HYD_0503,17.476066494149443,78.37189593768461,0.0,"{""type"":""MultiPoint"",""coordinates"":[]}"
000000000000000001f7,HYD_0504,17.476191353477454,78.38130464705715,1.3753035124882496,"{""type"":""MultiPoint"",""coordinates"":[]}"
000000000000000001f8,HYD_0505,17.476313983001724,78.39071336415012,0.0619367544915832,"{""type"":""MultiPoint"",""coordinates"":[]}"
000000000000000001f9,HYD_0506,17.47643661073734,78.40012209728232,0.0,"{""type"":""MultiPoint"",""coordinates"":[]}"
000000000000000001fa,HYD_0507,17.47656145578494,78.40953080213289,0.0,"{""type"":""MultiPoint"",""coordinates"":[]}"
000000000000000001fb,HYD_0508,17.476684090726895,78.41893947599891,1.008021146180546,"{""type"":""MultiPoint"",""coordinates"":[]}"
000000000000000001fc,HYD_0509,17.476804854009185,78.42834928878491,1.2946794929136782,"{""type"":""MultiPoint"",""coordinates"":[]}"
000000000000000001fd,HYD_0510,17.476925986489476,78.43775951796405,0.4640490979512238,"{""type"":""MultiPoint"",""coordinates"":[]}"
000000000000000001fe,HYD_0511,17.47704859562655,78.44716744139103,2.574074551735148,"{""type"":""MultiPoint"",""coordinates"":[]}"
000000000000000001ff,HYD_0512,17.477170135649935,78.45657653241844,0.5916976683579155,"{""type"":""MultiPoint"",""coordinates"":[]}"
00000000000000000200,HYD_0513,17.477290529865165,78.46598522383339,0.0,"{""type"":""MultiPoint"",""coordinates"":[]}"
00000000000000000201,HYD_0514,17.477408676309057,78.47539615567057,1.2439075399836441,"{""type"":""MultiPoint"",""coordinates"":[]}"
00000000000000000202,HYD_0515,17.477526864698063,78.4848071091847,1.8943946829604268,"{""type"":""MultiPoint"",""coordinates"":[]}"
00000000000000000203,HYD_0516,17.477647261079667,78.49421581372006,0.0,"{""type"":""MultiPoint"",""coordinates"":[]}"
00000000000000000204,HYD_0517,17.477765789237985,78.50362559621416,0.883078201461257,"{""type"":""MultiPoint"",""coordinates"":[]}"
00000000000000000205,HYD_0518,17.477883574982478,78.51303542402655,1.933296068644583,"{""type"":""MultiPoint"",""coordinates"":[]}"
00000000000000000206,HYD_0519,17.478001380663066,78.52244524725477,1.1732514017760738,"{""type"":""MultiPoint"",""coordinates"":[]}"
00000000000000000207,HYD_0520,17.478118055104666,78.5318561693379,1.7049495534678445,"{""type"":""MultiPoint"",""coordinates"":[]}"
00000000000000000208,HYD_0521,17.478233619299107,78.54126599441183,1.266736693832143,"{""type"":""MultiPoint"",""coordinates"":[]}"
00000000000000000209,HYD_0522,17.478349565125658,78.55067469066847,0.5082995717743554,"{""type"":""MultiPoint"",""coordinates"":[]}"
0000000000000000020a,HYD_0523,17.478465527798694,78.56008561587869,1.6768621828893235,"{""type"":""MultiPoint"",""coordinates"":[]}"
0000000000000000020b,HYD_0524,17.47858146022833,78.56949656827878,1.996050084805442,"{""type"":""MultiPoint"",""coordinates"":[]}"
0000000000000000020c,HYD_0525,17.478697742898436,78.57890635861476,1.1945738403574342,"{""type"":""MultiPoint"",""coordinates"":[]}"
0000000000000000020d,HYD_0526,17.478811833763714,78.5883177085402,1.0738726163896029,"{""type"":""MultiPoint"",""coordinates"":[]}"
0000000000000000020e,HYD_0527,17.47892623959273,78.59772786959358,0.4078409295759005,"{""type"":""MultiPoint"",""coordinates"":[]}"
0000000000000000020f,HYD_0528,17.479039259263196,78.60713958723997,0.0,"{""type"":""MultiPoint"",""coordinates"":[]}"
00000000000000000210,HYD_0529,17.479153659431038,78.61654971951447,1.1930019622033559,"{""type"":""MultiPoint"",""coordinates"":[]}"
00000000000000000211,HYD_0530,17.47926589746118,78.6259599341108,0.39393138249166393,"{""type"":""MultiPoint"",""coordinates"":[]}"
00000000000000000212,HYD_0531,17.479377384141326,78.63537086967172,0.0,"{""type"":""MultiPoint"",""coordinates"":[]}"
00000000000000000213,HYD_0532,17.479488884623674,78.64478180924384,0.7854794594011231,"{""type"":""MultiPoint"",""coordinates"":[]}"
00000000000000000214,HYD_0533,17.47960035992707,78.65419272986198,1.8517123166426637,"{""type"":""MultiPoint"",""coordinates"":[]}"
00000000000000000215,HYD_0534,17.479711827050597,78.66360366015411,0.0,"{""type"":""MultiPoint"",""coordinates"":[]}"
00000000000000000216,HYD_0535,17.47982220485549,78.67301499159662,0.0,"{""type"":""MultiPoint"",""coordinates"":[]}"
00000000000000000217,HYD_0536,17.465381030845872,78.2497217960892,0.0,"{""type"":""MultiPoint"",""coordinates"":[]}"
00000000000000000218,HYD_0537,17.46551217634095,78.25912863921336,0.0,"{""type"":""MultiPoint"",""coordinates"":[]}"
00000000000000000219,HYD_0538,17.465641091236016,78.26853622224475,0.0,"{""type"":""MultiPoint"",""coordinates"":[]}"
0000000000000000021a,HYD_0539,17.46577043064545,78.2779449320267,0.0,"{""type"":""MultiPoint"",""coordinates"":[]}"
0000000000000000021b,HYD_0540,17.465898646685538,78.28735403290527,0.0,"{""type"":""MultiPoint"",""coordinates"":[]}"
0000000000000000021c,HYD_0541,17.466026816971564,78.29676010762039,0.0,"{""type"":""MultiPoint"",""coordinates"":[]}"
0000000000000000021d,HYD_0542,17.46615614344337,78.30616660236811,1.0059693897649944,"{""type"":""MultiPoint"",""coordinates"":[]}"
0000000000000000021e,HYD_0543,17.466283236591686,78.31557528437992,0.0,"{""type"":""MultiPoint"",""coordinates"":[]}"
0000000000000000021f,HYD_0544,17.466409199521973,78.32498359813376,0.0,"{""type"":""MultiPoint"",""coordinates"":[]}"
00000000000000000220,HYD_0545,17.4665366553298,78.33439194511121,1.1732765833995666,"{""type"":""MultiPoint"",""coordinates"":[]}"
00000000000000000221,HYD_0546,17.466662237366155,78.34379914095504,0.0,"{""type"":""MultiPoint"",""coordinates"":[]}"
00000000000000000222,HYD_0547,17.466787100432196,78.3532078386937,0.0,"{""type"":""MultiPoint"",""coordinates"":[]}"
00000000000000000223,HYD_0548,17.466911954169056,78.36261654986964,0.8934664761894301,"{""type"":""MultiPoint"",""coordinates"":[]}"
00000000000000000224,HYD_0549,17.46703684231712,78.3720252728903,0.17265715426322847,"{""type"":""MultiPoint"",""coordinates"":[]}"
00000000000000000225,HYD_0550,17.467161697910438,78.38143396877238,0.0,"{""type"":""MultiPoint"",""coordinates"":[]}"
00000000000000000226,HYD_0551,17.46728430835413,78.39084268945207,1.4277205151692285,"{""type"":""MultiPoint"",""coordinates"":[]}"
00000000000000000227,HYD_0552,17.46740729442795,78.4002502859397,1.2121927057262012,"{""type"":""MultiPoint"",""coordinates"":[]}"
00000000000000000228,HYD_0553,17.467531790379756,78.4096578755348,1.0225102792794423,"{""type"":""MultiPoint"",""coordinates"":[]}"
00000000000000000229,HYD_0554,17.467654415325423,78.41906657517306,1.0088757801591037,"{""type"":""MultiPoint"",""coordinates"":[]}"
0000000000000000022a,HYD_0555,17.467774793997226,78.42847526473618,1.8430031347386377,"{""type"":""MultiPoint"",""coordinates"":[]}"
0000000000000000022b,HYD_0556,17.467895171011694,78.43788396648915,1.4125696773789973,"{""type"":""MultiPoint"",""coordinates"":[]}"
0000000000000000022c,HYD_0557,17.468016711648485,78.44729306487102,3.862090854617703,"{""type"":""MultiPoint"",""coordinates"":[]}"
0000000000000000022d,HYD_0558,17.46813820787835,78.4567013792718,0.6780001199571013,"{""type"":""MultiPoint"",""coordinates"":[]}"
0000000000000000022e,HYD_0559,17.46825859325126,78.46611006643477,0.0,"{""type"":""MultiPoint"",""coordinates"":[]}"
0000000000000000022f,HYD_0560,17.468378251727465,78.47551948583526,1.809530584617116,"{""type"":""MultiPoint"",""coordinates"":[]}"
00000000000000000230,HYD_0561,17.468496839537202,78.48493086325365,2.3493836169092868,"{""type"":""MultiPoint"",""coordinates"":[]}"
00000000000000000231,HYD_0562,17.468616484890735,78.49434106534522,1.7398763133858484,"{""type"":""MultiPoint"",""coordinates"":[]}"
00000000000000000232,HYD_0563,17.46873462044655,78.50374897680621,2.4040819719654527,"{""type"":""MultiPoint"",""coordinates"":[]}"
00000000000000000233,HYD_0564,17.468852807078992,78.51315843575739,1.3569824679995584,"{""type"":""MultiPoint"",""coordinates"":[]}"
00000000000000000234,HYD_0565,17.468971305987708,78.52256747762816,1.042690775934075,"{""type"":""MultiPoint"",""coordinates"":[]}"
00000000000000000235,HYD_0566,17.46908802186575,78.5319776761487,1.2055755883708639,"{""type"":""MultiPoint"",""coordinates"":[]}"
00000000000000000236,HYD_0567,17.469203949032117,78.5413863976895,1.2793111105837385,"{""type"":""MultiPoint"",""coordinates"":[]}"
00000000000000000237,HYD_0568,17.46931953155383,78.55079620461687,0.0,"{""type"":""MultiPoint"",""coordinates"":[]}"
00000000000000000238,HYD_0569,17.469436185712496,78.56020711309615,1.3747758819393212,"{""type"":""MultiPoint"",""coordinates"":[]}"
00000000000000000239,HYD_0570,17.46955176054597,78.56961696645088,1.1557644334997579,"{""type"":""MultiPoint"",""coordinates"":[]}"
0000000000000000023a,HYD_0571,17.46966658483477,78.57902604431736,0.0,"{""type"":""MultiPoint"",""coordinates"":[]}"
0000000000000000023b,HYD_0572,17.46978064810933,78.58843506940865,0.0,"{""type"":""MultiPoint"",""coordinates"":[]}"
0000000000000000023c,HYD_0573,17.46989366703788,78.59784683254404,0.0,"{""type"":""MultiPoint"",""coordinates"":[]}"
0000000000000000023d,HYD_0574,17.470008055873162,78.6072569610008,0.0,"{""type"":""MultiPoint"",""coordinates"":[]}"
0000000000000000023e,HYD_0575,17.470121392900236,78.61666753832395,0.0,"{""type"":""MultiPoint"",""coordinates"":[]}"
0000000000000000023f,HYD_0576,17.470233612663527,78.62607697053069,0.7882418970983928,"{""type"":""MultiPoint"",""coordinates"":[]}"
00000000000000000240,HYD_0577,17.470345808968755,78.63548790394559,0.8097942530944487,"{""type"":""MultiPoint"",""coordinates"":[]}"
00000000000000000241,HYD_0578,17.47045696844511,78.64489773110103,0.0,"{""type"":""MultiPoint"",""coordinates"":[]}"
00000000000000000242,HYD_0579,17.470568447819314,78.65430866997103,1.235816867117808,"{""type"":""MultiPoint"",""coordinates"":[]}"
00000000000000000243,HYD_0580,17.470679923980736,78.66371959629541,0.9257325960861412,"{""type"":""MultiPoint"",""coordinates"":[]}"
00000000000000000244,HYD_0581,17.47079061376735,78.67312903069052,0.0,"{""type"":""MultiPoint"",""coordinates"":[]}"
00000000000000000245,HYD_0582,17.45635430494826,78.24985856430075,0.0,"{""type"":""MultiPoint"",""coordinates"":[]}"
00000000000000000246,HYD_0583,17.45648399661927,78.2592646444137,0.0,"{""type"":""MultiPoint"",""coordinates"":[]}"
00000000000000000247,HYD_0584,17.456614025416155,78.26867109097921,0.0,"{""type"":""MultiPoint"",""coordinates"":[]}"
00000000000000000248,HYD_0585,17.45674298366466,78.27807869852684,0.0,"{""type"":""MultiPoint"",""coordinates"":[]}"
00000000000000000249,HYD_0586,17.45687152542197,78.28748588268644,0.0,"{""type"":""MultiPoint"",""coordinates"":[]}"
0000000000000000024a,HYD_0587,17.456997917023305,78.29689315323469,0.0,"{""type"":""MultiPoint"",""coordinates"":[]}"
0000000000000000024b,HYD_0588,17.457126470665937,78.30630036103888,1.0366361822331382,"{""type"":""MultiPoint"",""coordinates"":[]}"
0000000000000000024c,HYD_0589,17.45725392053698,78.31570793608235,0.0,"{""type"":""MultiPoint"",""coordinates"":[]}"
0000000000000000024d,HYD_0590,17.457380660603537,78.32511554091279,0.42466869858218265,"{""type"":""MultiPoint"",""coordinates"":[]}"
0000000000000000024e,HYD_0591,17.45750736861292,78.33452312418459,1.5609721978650493,"{""type"":""MultiPoint"",""coordinates"":[]}"
0000000000000000024f,HYD_0592,17.457632929732142,78.34392956262909,0.6854506241695545,"{""type"":""MultiPoint"",""coordinates"":[]}"
00000000000000000250,HYD_0593,17.457757442473877,78.35333717525572,0.0,"{""type"":""MultiPoint"",""coordinates"":[]}"
00000000000000000251,HYD_0594,17.45788230634909,78.36274588898083,1.2342537466525232,"{""type"":""MultiPoint"",""coordinates"":[]}"
00000000000000000252,HYD_0595,17.458007174186193,78.37215458474016,1.042932781711112,"{""type"":""MultiPoint"",""coordinates"":[]}"
00000000000000000253,HYD_0596,17.45813201861724,78.38156327611713,0.4200941777225441,"{""type"":""MultiPoint"",""coordinates"":[]}"
00000000000000000254,HYD_0597,17.458255001173132,78.39097086076049,0.0,"{""type"":""MultiPoint"",""coordinates"":[]}"
00000000000000000255,HYD_0598,17.458376894526406,78.40037738565296,0.0,"{""type"":""MultiPoint"",""coordinates"":[]}"
00000000000000000256,HYD_0599,17.458501008842553,78.40978534222823,0.0,"{""type"":""MultiPoint"",""coordinates"":[]}"
00000000000000000257,HYD_0600,17.458623616832664,78.41919325132193,0.0,"{""type"":""MultiPoint"",""coordinates"":[]}"
00000000000000000258,HYD_0601,17.458745114863873,78.42860234405467,0.6490815454546319,"{""type"":""MultiPoint"",""coordinates"":[]}"
00000000000000000259,HYD_0602,17.45886550429829,78.43801106365912,1.4018479168319589,"{""type"":""MultiPoint"",""coordinates"":[]}"
0000000000000000025a,HYD_0603,17.458985905592822,78.44741974950057,1.2559988436355651,"{""type"":""MultiPoint"",""coordinates"":[]}"
0000000000000000025b,HYD_0604,17.459106661063355,78.45682732893283,1.6884558762794097,"{""type"":""MultiPoint"",""coordinates"":[]}"
0000000000000000025c,HYD_0605,17.459226707705362,78.4662349389608,1.9000382399735538,"{""type"":""MultiPoint"",""coordinates"":[]}"
0000000000000000025d,HYD_0606,17.459347126092375,78.47564362919299,1.9583676903552594,"{""type"":""MultiPoint"",""coordinates"":[]}"
0000000000000000025e,HYD_0607,17.459467880556335,78.48505345148881,3.172079444507995,"{""type"":""MultiPoint"",""coordinates"":[]}"
0000000000000000025f,HYD_0608,17.459585667549337,78.49446327703401,4.459717080172285,"{""type"":""MultiPoint"",""coordinates"":[]}"
00000000000000000260,HYD_0609,17.459703836638933,78.50387197813589,2.0741321347059243,"{""type"":""MultiPoint"",""coordinates"":[]}"
00000000000000000261,HYD_0610,17.45982199767387,78.51328067404289,2.3386618448321492,"{""type"":""MultiPoint"",""coordinates"":[]}"
00000000000000000262,HYD_0611,17.459939047753203,78.5226897825344,1.033597482400236,"{""type"":""MultiPoint"",""coordinates"":[]}"
00000000000000000263,HYD_0612,17.460057191980713,78.5320976910785,2.208463651530656,"{""type"":""MultiPoint"",""coordinates"":[]}"
00000000000000000264,HYD_0613,17.460174276276458,78.54150677835591,1.3408767392243066,"{""type"":""MultiPoint"",""coordinates"":[]}"
00000000000000000265,HYD_0614,17.46029020541403,78.55091773423095,0.979760584516629,"{""type"":""MultiPoint"",""coordinates"":[]}"
00000000000000000266,HYD_0615,17.460406151453267,78.56032863744008,1.2869132300708899,"{""type"":""MultiPoint"",""coordinates"":[]}"
00000000000000000267,HYD_0616,17.46052097953687,78.56973773596465,0.0,"{""type"":""MultiPoint"",""coordinates"":[]}"
00000000000000000268,HYD_0617,17.460634666304898,78.5791456744259,0.0,"{""type"":""MultiPoint"",""coordinates"":[]}"
00000000000000000269,HYD_0618,17.460749504197167,78.58855475171711,0.0,"{""type"":""MultiPoint"",""coordinates"":[]}"
0000000000000000026a,HYD_0619,17.460863571666515,78.59796456039368,0.0,"{""type"":""MultiPoint"",""coordinates"":[]}"
0000000000000000026b,HYD_0620,17.46097580943453,78.60737479052989,0.0,"{""type"":""MultiPoint"",""coordinates"":[]}"
0000000000000000026c,HYD_0621,17.461089120272845,78.61678384908352,0.0,"{""type"":""MultiPoint"",""coordinates"":[]}"
0000000000000000026d,HYD_0622,17.46120243739199,78.6261951234799,0.0,"{""type"":""MultiPoint"",""coordinates"":[]}"
0000000000000000026e,HYD_0623,17.461313556206118,78.63560495074276,0.4590333785961161,"{""type"":""MultiPoint"",""coordinates"":[]}"
0000000000000000026f,HYD_0624,17.461425036911486,78.6450136605254,1.1540290597746943,"{""type"":""MultiPoint"",""coordinates"":[]}"
00000000000000000270,HYD_0625,17.461536533090435,78.65442458727344,0.3568003276186686,"{""type"":""MultiPoint"",""coordinates"":[]}"
00000000000000000271,HYD_0626,17.461647999793165,78.6638355466511,0.20994750576712656,"{""type"":""MultiPoint"",""coordinates"":[]}"
00000000000000000272,HYD_0627,17.46175838740566,78.67324462016379,1.091420293683243,"{""type"":""MultiPoint"",""coordinates"":[]}"
00000000000000000273,HYD_0628,17.447325378326482,78.24999304188597,0.0,"{""type"":""MultiPoint"",""coordinates"":[]}"
00000000000000000274,HYD_0629,17.447454687637258,78.25939951845055,0.0,"{""type"":""MultiPoint"",""coordinates"":[]}"
00000000000000000275,HYD_0630,17.447583987611036,78.2688059880976,0.0,"{""type"":""MultiPoint"",""coordinates"":[]}"
00000000000000000276,HYD_0631,17.44771330050847,78.27821247173098,0.0,"{""type"":""MultiPoint"",""coordinates"":[]}"
00000000000000000277,HYD_0632,17.447842604518794,78.28761896173886,0.0,"{""type"":""MultiPoint"",""coordinates"":[]}"
00000000000000000278,HYD_0633,17.447969706494252,78.29702542771872,0.0,"{""type"":""MultiPoint"",""coordinates"":[]}"
00000000000000000279,HYD_0634,17.448097160915694,78.30643301663594,1.368144277753137,"{""type"":""MultiPoint"",""coordinates"":[]}"
0000000000000000027a,HYD_0635,17.448223521880514,78.31583951043716,1.1857528244188962,"{""type"":""MultiPoint"",""coordinates"":[]}"
0000000000000000027b,HYD_0636,17.44835096318499,78.32524708266864,0.6765874623039321,"{""type"":""MultiPoint"",""coordinates"":[]}"
0000000000000000027c,HYD_0637,17.448478403366526,78.33465464788286,0.0,"{""type"":""MultiPoint"",""coordinates"":[]}"
0000000000000000027d,HYD_0638,17.448602560565295,78.34406116021658,0.7631871235346452,"{""type"":""MultiPoint"",""coordinates"":[]}"
0000000000000000027e,HYD_0639,17.44872813005051,78.3534676069163,0.7698685454119406,"{""type"":""MultiPoint"",""coordinates"":[]}"
0000000000000000027f,HYD_0640,17.44885261285356,78.36287519047669,1.0063188768035511,"{""type"":""MultiPoint"",""coordinates"":[]}"
00000000000000000280,HYD_0641,17.448977447310238,78.37228388947521,0.0,"{""type"":""MultiPoint"",""coordinates"":[]}"
00000000000000000281,HYD_0642,17.449102671709614,78.38169146636452,1.2353944682491689,"{""type"":""MultiPoint"",""coordinates"":[]}"
00000000000000000282,HYD_0643,17.44922460516776,78.39109796390827,0.02349765330484139,"{""type"":""MultiPoint"",""coordinates"":[]}"
00000000000000000283,HYD_0644,17.449347575461793,78.4005055448124,0.0,"{""type"":""MultiPoint"",""coordinates"":[]}"
00000000000000000284,HYD_0645,17.44947018889396,78.4099142580205,0.0,"{""type"":""MultiPoint"",""coordinates"":[]}"
00000000000000000285,HYD_0646,17.449593176029058,78.41932180167834,0.0,"{""type"":""MultiPoint"",""coordinates"":[]}"
00000000000000000286,HYD_0647,17.449715456781014,78.42872942353539,0.0,"{""type"":""MultiPoint"",""coordinates"":[]}"
00000000000000000287,HYD_0648,17.44983584420869,78.43813814515838,1.8773910728791956,"{""type"":""MultiPoint"",""coordinates"":[]}"
00000000000000000288,HYD_0649,17.449956227820746,78.4475468348374,2.251952017163477,"{""type"":""MultiPoint"",""coordinates"":[]}"
00000000000000000289,HYD_0650,17.450076635836187,78.45695329959865,0.0,"{""type"":""MultiPoint"",""coordinates"":[]}"
0000000000000000028a,HYD_0651,17.450197037141194,78.46635979539454,0.83482616745542,"{""type"":""MultiPoint"",""coordinates"":[]}"
0000000000000000028b,HYD_0652,17.4503174469008,78.47576851155348,0.0,"{""type"":""MultiPoint"",""coordinates"":[]}"
0000000000000000028c,HYD_0653,17.45043782429379,78.48517718981705,2.2786207494691624,"{""type"":""MultiPoint"",""coordinates"":[]}"
0000000000000000028d,HYD_0654,17.45055597825362,78.49458587443539,2.854373711708509,"{""type"":""MultiPoint"",""coordinates"":[]}"
0000000000000000028e,HYD_0655,17.450674147235393,78.50399457780766,1.8279421456793825,"{""type"":""MultiPoint"",""coordinates"":[]}"
0000000000000000028f,HYD_0656,17.450792336788435,78.51340330790481,0.964554599437589,"{""type"":""MultiPoint"",""coordinates"":[]}"
00000000000000000290,HYD_0657,17.45090825215371,78.52281201723586,0.0,"{""type"":""MultiPoint"",""coordinates"":[]}"
00000000000000000291,HYD_0658,17.45102530643353,78.53222109336853,1.8352140764529814,"{""type"":""MultiPoint"",""coordinates"":[]}"
00000000000000000292,HYD_0659,17.451142378379533,78.54162942098466,1.059292739125446,"{""type"":""MultiPoint"",""coordinates"":[]}"
00000000000000000293,HYD_0660,17.451258683627934,78.55103922757418,1.9778651439721264,"{""type"":""MultiPoint"",""coordinates"":[]}"
00000000000000000294,HYD_0661,17.451374236181298,78.56044903957219,0.0,"{""type"":""MultiPoint"",""coordinates"":[]}"
00000000000000000295,HYD_0662,17.45148906628463,78.56985734803804,0.0,"{""type"":""MultiPoint"",""coordinates"":[]}"
00000000000000000296,HYD_0663,17.451603885953595,78.5792664545039,0.0,"{""type"":""MultiPoint"",""coordinates"":[]}"
00000000000000000297,HYD_0664,17.451718681247623,78.58867553426632,0.0,"{""type"":""MultiPoint"",""coordinates"":[]}"
00000000000000000298,HYD_0665,17.45183237980061,78.59808345199484,0.0,"{""type"":""MultiPoint"",""coordinates"":[]}"
00000000000000000299,HYD_0666,17.451944995999895,78.60749256459103,0.0,"{""type"":""MultiPoint"",""coordinates"":[]}"
0000000000000000029a,HYD_0667,17.452057940125272,78.61690278460394,0.0,"{""type"":""MultiPoint"",""coordinates"":[]}"
0000000000000000029b,HYD_0668,17.452171279705855,78.62631182439125,0.0,"{""type"":""MultiPoint"",""coordinates"":[]}"
0000000000000000029c,HYD_0669,17.452283889377572,78.63572086775417,0.0,"{""type"":""MultiPoint"",""coordinates"":[]}"
0000000000000000029d,HYD_0670,17.45239535178159,78.64512960353636,0.0,"{""type"":""MultiPoint"",""coordinates"":[]}"
0000000000000000029e,HYD_0671,17.45250720567352,78.65453942149652,0.8449877013946732,"{""type"":""MultiPoint"",""coordinates"":[]}"
0000000000000000029f,HYD_0672,17.4526168730498,78.66395075294197,0.5790987378868079,"{""type"":""MultiPoint"",""coordinates"":[]}"
000000000000000002a0,HYD_0673,17.452726440006487,78.67335978783744,0.0,"{""type"":""MultiPoint"",""coordinates"":[]}"
000000000000000002a1,HYD_0674,17.438425358263785,78.25953439090635,0.0,"{""type"":""MultiPoint"",""coordinates"":[]}"
000000000000000002a2,HYD_0675,17.438553957310056,78.26894088429677,0.0,"{""type"":""MultiPoint"",""coordinates"":[]}"
000000000000000002a3,HYD_0676,17.438683979326687,78.27834735716151,0.0,"{""type"":""MultiPoint"",""coordinates"":[]}"
000000000000000002a4,HYD_0677,17.438812915907366,78.28775273002894,0.0,"{""type"":""MultiPoint"",""coordinates"":[]}"
000000000000000002a5,HYD_0678,17.438940026744206,78.29715921350787,0.17834322648753903,"{""type"":""MultiPoint"",""coordinates"":[]}"
000000000000000002a6,HYD_0679,17.439067106082618,78.30656567833101,1.743619306942383,"{""type"":""MultiPoint"",""coordinates"":[]}"
000000000000000002a7,HYD_0680,17.439194184805984,78.31597216832202,0.7143625562196584,"{""type"":""MultiPoint"",""coordinates"":[]}"
000000000000000002a8,HYD_0681,17.43932163535496,78.32537972778998,0.0,"{""type"":""MultiPoint"",""coordinates"":[]}"
000000000000000002a9,HYD_0682,17.439448015820997,78.33478621376489,0.0,"{""type"":""MultiPoint"",""coordinates"":[]}"
000000000000000002aa,HYD_0683,17.439573590639526,78.34419267826479,0.0,"{""type"":""MultiPoint"",""coordinates"":[]}"
000000000000000002ab,HYD_0684,17.439697717928368,78.35359916277001,0.5286129411780984,"{""type"":""MultiPoint"",""coordinates"":[]}"
000000000000000002ac,HYD_0685,17.439823280490387,78.36300560346088,1.9380880398837064,"{""type"":""MultiPoint"",""coordinates"":[]}"
000000000000000002ad,HYD_0686,17.439947772224695,78.3724131933213,0.0,"{""type"":""MultiPoint"",""coordinates"":[]}"
000000000000000002ae,HYD_0687,17.440072641609692,78.38181970706941,0.0,"{""type"":""MultiPoint"",""coordinates"":[]}"
000000000000000002af,HYD_0688,17.440195263637644,78.39122617164037,1.2375474149646424,"{""type"":""MultiPoint"",""coordinates"":[]}"
000000000000000002b0,HYD_0689,17.440318236745583,78.4006337330526,0.8054050388321147,"{""type"":""MultiPoint"",""coordinates"":[]}"
000000000000000002b1,HYD_0690,17.440440501127927,78.41004133092848,0.0,"{""type"":""MultiPoint"",""coordinates"":[]}"
000000000000000002b2,HYD_0691,17.44056277843345,78.41944891365517,0.34072609020902733,"{""type"":""MultiPoint"",""coordinates"":[]}"
000000000000000002b3,HYD_0692,17.44068614035778,78.4288553939591,0.6034238483392852,"{""type"":""MultiPoint"",""coordinates"":[]}"
000000000000000002b4,HYD_0693,17.440806171655538,78.43826297884486,1.7663228494829428,"{""type"":""MultiPoint"",""coordinates"":[]}"
000000000000000002b5,HYD_0694,17.44092655365491,78.44767167068552,1.9846259052833637,"{""type"":""MultiPoint"",""coordinates"":[]}"
000000000000000002b6,HYD_0695,17.441046596795243,78.45707927792628,1.089085461043376,"{""type"":""MultiPoint"",""coordinates"":[]}"
000000000000000002b7,HYD_0696,17.441167723696882,78.46648573357773,1.0237371098445116,"{""type"":""MultiPoint"",""coordinates"":[]}"
000000000000000002b8,HYD_0697,17.44128776698387,78.47589335634133,1.0547810622185199,"{""type"":""MultiPoint"",""coordinates"":[]}"
000000000000000002b9,HYD_0698,17.44140703462042,78.48530244608482,2.2604805352272748,"{""type"":""MultiPoint"",""coordinates"":[]}"
000000000000000002ba,HYD_0699,17.441525168525153,78.49471036158863,3.259712169421894,"{""type"":""MultiPoint"",""coordinates"":[]}"
000000000000000002bb,HYD_0700,17.44164374061899,78.50411873905641,2.53323224892191,"{""type"":""MultiPoint"",""coordinates"":[]}"
000000000000000002bc,HYD_0701,17.44176152070357,78.51352555362541,0.38658540936037855,"{""type"":""MultiPoint"",""coordinates"":[]}"
000000000000000002bd,HYD_0702,17.441878576863708,78.52293464539903,0.6865552984945628,"{""type"":""MultiPoint"",""coordinates"":[]}"
000000000000000002be,HYD_0703,17.4419945110522,78.53234335371256,2.196384397643986,"{""type"":""MultiPoint"",""coordinates"":[]}"
000000000000000002bf,HYD_0704,17.44211046550517,78.54175204021733,0.565165092106364,"{""type"":""MultiPoint"",""coordinates"":[]}"
000000000000000002c0,HYD_0705,17.442226412848672,78.55116074821812,0.6247122657807742,"{""type"":""MultiPoint"",""coordinates"":[]}"
000000000000000002c1,HYD_0706,17.442342712169143,78.56056831205312,0.5714551462842986,"{""type"":""MultiPoint"",""coordinates"":[]}"
000000000000000002c2,HYD_0707,17.442458284026078,78.56997591568904,1.2806475339370698,"{""type"":""MultiPoint"",""coordinates"":[]}"
000000000000000002c3,HYD_0708,17.44257308840437,78.57938499572329,0.9512485298848321,"{""type"":""MultiPoint"",""coordinates"":[]}"
000000000000000002c4,HYD_0709,17.442686746746876,78.58879293615645,0.0,"{""type"":""MultiPoint"",""coordinates"":[]}"
000000000000000002c5,HYD_0710,17.44280049899462,78.59820241562593,0.0,"{""type"":""MultiPoint"",""coordinates"":[]}"
000000000000000002c6,HYD_0711,17.44291418431758,78.60761034439662,0.0,"{""type"":""MultiPoint"",""coordinates"":[]}"
000000000000000002c7,HYD_0712,17.44302679261847,78.61701944589544,0.0,"{""type"":""MultiPoint"",""coordinates"":[]}"
000000000000000002c8,HYD_0713,17.443139377424878,78.62642851729747,0.0,"{""type"":""MultiPoint"",""coordinates"":[]}"
000000000000000002c9,HYD_0714,17.443251963875973,78.63583681560918,0.0,"{""type"":""MultiPoint"",""coordinates"":[]}"
000000000000000002ca,HYD_0715,17.44336346499629,78.6452455315005,0.0,"{""type"":""MultiPoint"",""coordinates"":[]}"
000000000000000002cb,HYD_0716,17.443474942922162,78.65465425992457,0.0,"{""type"":""MultiPoint"",""coordinates"":[]}"
000000000000000002cc,HYD_0717,17.44358564763764,78.664063653415,1.2238022816003526,"{""type"":""MultiPoint"",""coordinates"":[]}"
000000000000000002cd,HYD_0718,17.443695665139952,78.67347386945414,1.3325851871984808,"{""type"":""MultiPoint"",""coordinates"":[]}"
000000000000000002ce,HYD_0719,17.42939530719182,78.25966929253538,0.0,"{""type"":""MultiPoint"",""coordinates"":[]}"
000000000000000002cf,HYD_0720,17.429524631449855,78.2690757887434,0.0,"{""type"":""MultiPoint"",""coordinates"":[]}"
000000000000000002d0,HYD_0721,17.42965394403884,78.27848224834447,0.0,"{""type"":""MultiPoint"",""coordinates"":[]}"
000000000000000002d1,HYD_0722,17.42978325022436,78.28788649852306,0.0,"{""type"":""MultiPoint"",""coordinates"":[]}"
000000000000000002d2,HYD_0723,17.42991181070161,78.29729148000489,1.1174799376078344,"{""type"":""MultiPoint"",""coordinates"":[]}"
000000000000000002d3,HYD_0724,17.430038203228552,78.30669873288468,0.0,"{""type"":""MultiPoint"",""coordinates"":[]}"
000000000000000002d4,HYD_0725,17.43016597046173,78.31610442606035,0.6797203501931456,"{""type"":""MultiPoint"",""coordinates"":[]}"
000000000000000002d5,HYD_0726,17.430292375951908,78.3255116835219,0.6616586819394299,"{""type"":""MultiPoint"",""coordinates"":[]}"
000000000000000002d6,HYD_0727,17.43041905334305,78.3349177513944,0.0,"{""type"":""MultiPoint"",""coordinates"":[]}"
000000000000000002d7,HYD_0728,17.430543524235137,78.34432310662905,0.0,"{""type"":""MultiPoint"",""coordinates"":[]}"
000000000000000002d8,HYD_0729,17.430668392103527,78.35372957956649,0.0,"{""type"":""MultiPoint"",""coordinates"":[]}"
000000000000000002d9,HYD_0730,17.430793250886175,78.36313606576435,0.0075313659967394045,"{""type"":""MultiPoint"",""coordinates"":[]}"
000000000000000002da,HYD_0731,17.43091810102657,78.37254254930087,1.408751318721232,"{""type"":""MultiPoint"",""coordinates"":[]}"
000000000000000002db,HYD_0732,17.431042977952472,78.38194900670226,0.0,"{""type"":""MultiPoint"",""coordinates"":[]}"
000000000000000002dc,HYD_0733,17.43116556659811,78.39135545887875,0.0,"{""type"":""MultiPoint"",""coordinates"":[]}"
000000000000000002dd,HYD_0734,17.431288198963482,78.40076194245755,0.5047098753020542,"{""type"":""MultiPoint"",""coordinates"":[]}"
000000000000000002de,HYD_0735,17.43141083869212,78.41016843310665,1.3603922855521913,"{""type"":""MultiPoint"",""coordinates"":[]}"
000000000000000002df,HYD_0736,17.43153384950684,78.41957601277838,1.383169841708497,"{""type"":""MultiPoint"",""coordinates"":[]}"
000000000000000002e0,HYD_0737,17.431655749331384,78.42898250743431,2.4140937890662837,"{""type"":""MultiPoint"",""coordinates"":[]}"
000000000000000002e1,HYD_0738,17.431776839877642,78.43838895907139,2.709874586524041,"{""type"":""MultiPoint"",""coordinates"":[]}"
000000000000000002e2,HYD_0739,17.431896888002953,78.44779653652544,3.2265137369907686,"{""type"":""MultiPoint"",""coordinates"":[]}"
000000000000000002e3,HYD_0740,17.43201726744688,78.45720524072273,1.5415364219041772,"{""type"":""MultiPoint"",""coordinates"":[]}"
000000000000000002e4,HYD_0741,17.43213766994342,78.4666117215427,0.0,"{""type"":""MultiPoint"",""coordinates"":[]}"
000000000000000002e5,HYD_0742,17.43225808751125,78.4760182091626,0.0,"{""type"":""MultiPoint"",""coordinates"":[]}"
000000000000000002e6,HYD_0743,17.432376589448836,78.48542579969666,1.2678075484950941,"{""type"":""MultiPoint"",""coordinates"":[]}"
000000000000000002e7,HYD_0744,17.43249438901551,78.49483339561453,2.038299941006768,"{""type"":""MultiPoint"",""coordinates"":[]}"
000000000000000002e8,HYD_0745,17.43261218979249,78.50424099501913,1.645575245204048,"{""type"":""MultiPoint"",""coordinates"":[]}"
000000000000000002e9,HYD_0746,17.432730716338973,78.51364855705229,1.923235837085274,"{""type"":""MultiPoint"",""coordinates"":[]}"
000000000000000002ea,HYD_0747,17.432849258096983,78.52305613624105,1.3651877364788167,"{""type"":""MultiPoint"",""coordinates"":[]}"
000000000000000002eb,HYD_0748,17.432964825378853,78.53246373850133,1.132794520346875,"{""type"":""MultiPoint"",""coordinates"":[]}"
000000000000000002ec,HYD_0749,17.43308076425719,78.54187241380903,1.4462176915970035,"{""type"":""MultiPoint"",""coordinates"":[]}"
000000000000000002ed,HYD_0750,17.433196726920148,78.55128114031204,0.44964235100268957,"{""type"":""MultiPoint"",""coordinates"":[]}"
000000000000000002ee,HYD_0751,17.433312662932813,78.56068761172772,0.9372388617307131,"{""type"":""MultiPoint"",""coordinates"":[]}"
000000000000000002ef,HYD_0752,17.4334274880502,78.570094475604,0.0,"{""type"":""MultiPoint"",""coordinates"":[]}"
000000000000000002f0,HYD_0753,17.433541160612563,78.5795023796664,1.1996580038593947,"{""type"":""MultiPoint"",""coordinates"":[]}"
000000000000000002f1,HYD_0754,17.433655996636144,78.58891150366188,0.0,"{""type"":""MultiPoint"",""coordinates"":[]}"
000000000000000002f2,HYD_0755,17.433769709940798,78.5983202064226,0.0,"{""type"":""MultiPoint"",""coordinates"":[]}"
000000000000000002f3,HYD_0756,17.43388229809668,78.60772929709061,0.0,"{""type"":""MultiPoint"",""coordinates"":[]}"
000000000000000002f4,HYD_0757,17.433996346185566,78.61713608611929,0.0,"{""type"":""MultiPoint"",""coordinates"":[]}"
000000000000000002f5,HYD_0758,17.434108603251957,78.62654404551327,0.0,"{""type"":""MultiPoint"",""coordinates"":[]}"
000000000000000002f6,HYD_0759,17.434220040879232,78.63595276919997,0.0,"{""type"":""MultiPoint"",""coordinates"":[]}"
000000000000000002f7,HYD_0760,17.43433154332325,78.64536149010466,0.0,"{""type"":""MultiPoint"",""coordinates"":[]}"
000000000000000002f8,HYD_0761,17.434443016165215,78.6547701840013,0.3849349784435687,"{""type"":""MultiPoint"",""coordinates"":[]}"
000000000000000002f9,HYD_0762,17.43455340720541,78.66417927456224,1.1927926801994404,"{""type"":""MultiPoint"",""coordinates"":[]}"
000000000000000002fa,HYD_0763,17.43466377308708,78.67358760212353,0.2962890183571722,"{""type"":""MultiPoint"",""coordinates"":[]}"
000000000000000002fb,HYD_0764,17.420497532177873,78.26921064915031,0.0,"{""type"":""MultiPoint"",""coordinates"":[]}"
000000000000000002fc,HYD_0765,17.420625372220304,78.2786164136511,0.0,"{""type"":""MultiPoint"",""coordinates"":[]}"
000000000000000002fd,HYD_0766,17.420753571908897,78.28802027459926,0.0,"{""type"":""MultiPoint"",""coordinates"":[]}"
000000000000000002fe,HYD_0767,17.420882886228853,78.29742452452125,1.0376693371197652,"{""type"":""MultiPoint"",""coordinates"":[]}"
000000000000000002ff,HYD_0768,17.42101035278972,78.30682987677453,0.0,"{""type"":""MultiPoint"",""coordinates"":[]}"
00000000000000000300,HYD_0769,17.42113672488991,78.31623636427472,0.0,"{""type"":""MultiPoint"",""coordinates"":[]}"
00000000000000000301,HYD_0770,17.421264513481933,78.32564283309658,0.5764883176572219,"{""type"":""MultiPoint"",""coordinates"":[]}"
00000000000000000302,HYD_0771,17.421388994633823,78.3350481836836,1.0287865127708467,"{""type"":""MultiPoint"",""coordinates"":[]}"
00000000000000000303,HYD_0772,17.421513467508426,78.34445353477027,1.1168692580834043,"{""type"":""MultiPoint"",""coordinates"":[]}"
00000000000000000304,HYD_0773,17.42163906753497,78.3538600046224,0.41867568391927423,"{""type"":""MultiPoint"",""coordinates"":[]}"
00000000000000000305,HYD_0774,17.421763561693997,78.36326537456272,0.0,"{""type"":""MultiPoint"",""coordinates"":[]}"
00000000000000000306,HYD_0775,17.421888408178116,78.37267186002646,0.014120019034752782,"{""type"":""MultiPoint"",""coordinates"":[]}"
00000000000000000307,HYD_0776,17.422013287848362,78.38207831332795,1.9500311932743077,"{""type"":""MultiPoint"",""coordinates"":[]}"
00000000000000000308,HYD_0777,17.422136249016244,78.39148364487441,0.3551274645894377,"{""type"":""MultiPoint"",""coordinates"":[]}"
00000000000000000309,HYD_0778,17.42225817048752,78.40089015161672,0.0,"{""type"":""MultiPoint"",""coordinates"":[]}"
0000000000000000030a,HYD_0779,17.422381529618875,78.41029663893599,1.2065952821510189,"{""type"":""MultiPoint"",""coordinates"":[]}"
0000000000000000030b,HYD_0780,17.422503447644132,78.41970311678324,1.5415615815184385,"{""type"":""MultiPoint"",""coordinates"":[]}"
0000000000000000030c,HYD_0781,17.42262678059607,78.42910956542802,1.8333649525894196,"{""type"":""MultiPoint"",""coordinates"":[]}"
0000000000000000030d,HYD_0782,17.422746448370873,78.43851608275982,2.003556867765956,"{""type"":""MultiPoint"",""coordinates"":[]}"
0000000000000000030e,HYD_0783,17.422867542118592,78.4479225264058,3.112139315106481,"{""type"":""MultiPoint"",""coordinates"":[]}"
0000000000000000030f,HYD_0784,17.422987593605107,78.45733009491565,2.2737079455578146,"{""type"":""MultiPoint"",""coordinates"":[]}"
00000000000000000310,HYD_0785,17.423107980775974,78.46673657756301,0.373963306702214,"{""type"":""MultiPoint"",""coordinates"":[]}"
00000000000000000311,HYD_0786,17.423227294238284,78.47614345518137,0.0,"{""type"":""MultiPoint"",""coordinates"":[]}"
00000000000000000312,HYD_0787,17.4233454163845,78.48554915980658,3.2250724920701117,"{""type"":""MultiPoint"",""coordinates"":[]}"
00000000000000000313,HYD_0788,17.423464697712006,78.49495600621648,1.3437299233483062,"{""type"":""MultiPoint"",""coordinates"":[]}"
00000000000000000314,HYD_0789,17.423583225219808,78.50436358164616,3.9085501371700087,"{""type"":""MultiPoint"",""coordinates"":[]}"
00000000000000000315,HYD_0790,17.42369994352676,78.51377156782279,2.152309610651413,"{""type"":""MultiPoint"",""coordinates"":[]}"
00000000000000000316,HYD_0791,17.4238177428597,78.52317838544822,0.6574174542479185,"{""type"":""MultiPoint"",""coordinates"":[]}"
00000000000000000317,HYD_0792,17.423935494046724,78.53258522384425,1.8733064671193465,"{""type"":""MultiPoint"",""coordinates"":[]}"
00000000000000000318,HYD_0793,17.424051097351732,78.54199283827207,1.2618275716314713,"{""type"":""MultiPoint"",""coordinates"":[]}"
00000000000000000319,HYD_0794,17.42416740591453,78.55140040175148,0.8541516462920572,"{""type"":""MultiPoint"",""coordinates"":[]}"
0000000000000000031a,HYD_0795,17.424281518480335,78.56080728346144,0.0,"{""type"":""MultiPoint"",""coordinates"":[]}"
0000000000000000031b,HYD_0796,17.424395550307054,78.57021409335863,0.0,"{""type"":""MultiPoint"",""coordinates"":[]}"
0000000000000000031c,HYD_0797,17.424510378743356,78.57962320379441,1.0009701654495096,"{""type"":""MultiPoint"",""coordinates"":[]}"
0000000000000000031d,HYD_0798,17.42462556123233,78.5890311495908,0.0,"{""type"":""MultiPoint"",""coordinates"":[]}"
0000000000000000031e,HYD_0799,17.42473889991719,78.59843798292519,0.0,"{""type"":""MultiPoint"",""coordinates"":[]}"
0000000000000000031f,HYD_0800,17.42485150406279,78.60784707661972,0.0,"{""type"":""MultiPoint"",""coordinates"":[]}"
00000000000000000320,HYD_0801,17.424963743294008,78.61725506934796,0.0,"{""type"":""MultiPoint"",""coordinates"":[]}"
00000000000000000321,HYD_0802,17.425077067073758,78.62666110419481,0.0,"{""type"":""MultiPoint"",""coordinates"":[]}"
00000000000000000322,HYD_0803,17.425188163287885,78.63606871543219,0.0,"{""type"":""MultiPoint"",""coordinates"":[]}"
00000000000000000323,HYD_0804,17.42529961651333,78.64547743265763,0.7755572942489727,"{""type"":""MultiPoint"",""coordinates"":[]}"
00000000000000000324,HYD_0805,17.425411090385268,78.6548861162738,0.862420719747253,"{""type"":""MultiPoint"",""coordinates"":[]}"
00000000000000000325,HYD_0806,17.425521467360703,78.66429445330459,0.0,"{""type"":""MultiPoint"",""coordinates"":[]}"
00000000000000000326,HYD_0807,17.425631838519255,78.67370352616044,0.0,"{""type"":""MultiPoint"",""coordinates"":[]}"
00000000000000000327,HYD_0808,17.411597903443937,78.27874942322673,0.0,"{""type"":""MultiPoint"",""coordinates"":[]}"
00000000000000000328,HYD_0809,17.411725010269453,78.2881544200269,0.0,"{""type"":""MultiPoint"",""coordinates"":[]}"
00000000000000000329,HYD_0810,17.411853218391986,78.29755828060958,1.083076673759638,"{""type"":""MultiPoint"",""coordinates"":[]}"
0000000000000000032a,HYD_0811,17.411980326881036,78.3069625532739,0.0,"{""type"":""MultiPoint"",""coordinates"":[]}"
0000000000000000032b,HYD_0812,17.412107763402794,78.31636788118048,0.0,"{""type"":""MultiPoint"",""coordinates"":[]}"
0000000000000000032c,HYD_0813,17.412234491624982,78.32577325561168,0.0,"{""type"":""MultiPoint"",""coordinates"":[]}"
0000000000000000032d,HYD_0814,17.41235896870186,78.33517862350558,0.0,"{""type"":""MultiPoint"",""coordinates"":[]}"
0000000000000000032e,HYD_0815,17.412484526372914,78.34458506770363,0.0,"{""type"":""MultiPoint"",""coordinates"":[]}"
0000000000000000032f,HYD_0816,17.412609016986934,78.35399043458143,0.6117790251166467,"{""type"":""MultiPoint"",""coordinates"":[]}"
00000000000000000330,HYD_0817,17.412733882812827,78.36339468317298,1.0082525612669384,"{""type"":""MultiPoint"",""coordinates"":[]}"
00000000000000000331,HYD_0818,17.412859101249165,78.37280004759113,1.0172606073783104,"{""type"":""MultiPoint"",""coordinates"":[]}"
00000000000000000332,HYD_0819,17.412983255570996,78.38220652375183,0.24176899098969618,"{""type"":""MultiPoint"",""coordinates"":[]}"
00000000000000000333,HYD_0820,17.413106227442967,78.39161185784042,0.9825223769850111,"{""type"":""MultiPoint"",""coordinates"":[]}"
00000000000000000334,HYD_0821,17.413229193739443,78.40101722981179,0.5500320358084347,"{""type"":""MultiPoint"",""coordinates"":[]}"
00000000000000000335,HYD_0822,17.41335111794636,78.41042373258453,1.5303587402247913,"{""type"":""MultiPoint"",""coordinates"":[]}"
00000000000000000336,HYD_0823,17.413474454886494,78.41983016389537,1.9597281699342803,"{""type"":""MultiPoint"",""coordinates"":[]}"
00000000000000000337,HYD_0824,17.41359673210633,78.42923553451365,1.0794927642543075,"{""type"":""MultiPoint"",""coordinates"":[]}"
00000000000000000338,HYD_0825,17.41371711947909,78.4386420333025,1.1823448187159638,"{""type"":""MultiPoint"",""coordinates"":[]}"
00000000000000000339,HYD_0826,17.41383750396866,78.44804850032732,2.0615837827617316,"{""type"":""MultiPoint"",""coordinates"":[]}"
0000000000000000033a,HYD_0827,17.413958257875265,78.4574538316998,3.1008819480798775,"{""type"":""MultiPoint"",""coordinates"":[]}"
0000000000000000033b,HYD_0828,17.414077970361856,78.46686033258817,0.0,"{""type"":""MultiPoint"",""coordinates"":[]}"
0000000000000000033c,HYD_0829,17.414196825022604,78.47626677599212,2.133149954619388,"{""type"":""MultiPoint"",""coordinates"":[]}"
0000000000000000033d,HYD_0830,17.41431428691313,78.48567329105609,2.407721733456207,"{""type"":""MultiPoint"",""coordinates"":[]}"
0000000000000000033e,HYD_0831,17.41443427516177,78.49508013449258,1.158888595782599,"{""type"":""MultiPoint"",""coordinates"":[]}"
0000000000000000033f,HYD_0832,17.414551730224186,78.50448584565272,2.9404852512048305,"{""type"":""MultiPoint"",""coordinates"":[]}"
00000000000000000340,HYD_0833,17.414669495435955,78.51389268393524,2.571043919348821,"{""type"":""MultiPoint"",""coordinates"":[]}"
00000000000000000341,HYD_0834,17.41478617397162,78.52330063914846,1.1453064416909953,"{""type"":""MultiPoint"",""coordinates"":[]}"
00000000000000000342,HYD_0835,17.41490323593015,78.53270675355382,0.0,"{""type"":""MultiPoint"",""coordinates"":[]}"
00000000000000000343,HYD_0836,17.415019195981287,78.54211325495386,0.9196728630118053,"{""type"":""MultiPoint"",""coordinates"":[]}"
00000000000000000344,HYD_0837,17.41513512447778,78.55151971229672,0.5975964740827987,"{""type"":""MultiPoint"",""coordinates"":[]}"
00000000000000000345,HYD_0838,17.415249945931247,78.56092578380127,0.0,"{""type"":""MultiPoint"",""coordinates"":[]}"
00000000000000000346,HYD_0839,17.41536478232454,78.57033487794422,0.0,"{""type"":""MultiPoint"",""coordinates"":[]}"
00000000000000000347,HYD_0840,17.41547993752186,78.57974283109807,0.9657367708567977,"{""type"":""MultiPoint"",""coordinates"":[]}"
00000000000000000348,HYD_0841,17.41559289576579,78.58914855020414,0.038957261027115296,"{""type"":""MultiPoint"",""coordinates"":[]}"
00000000000000000349,HYD_0842,17.415707008513298,78.5985569248359,0.0,"{""type"":""MultiPoint"",""coordinates"":[]}"
0000000000000000034a,HYD_0843,17.415821060338,78.60796372801525,0.0,"{""type"":""MultiPoint"",""coordinates"":[]}"
0000000000000000034b,HYD_0844,17.415933307627558,78.61737170193712,0.0,"{""type"":""MultiPoint"",""coordinates"":[]}"
0000000000000000034c,HYD_0845,17.41604442802792,78.62677930422895,0.2353093920816858,"{""type"":""MultiPoint"",""coordinates"":[]}"
0000000000000000034d,HYD_0846,17.41615662341973,78.63618576293264,1.6227621467611053,"{""type"":""MultiPoint"",""coordinates"":[]}"
0000000000000000034e,HYD_0847,17.416267721977118,78.64559336740352,0.4191744237463787,"{""type"":""MultiPoint"",""coordinates"":[]}"
0000000000000000034f,HYD_0848,17.416379196913812,78.65500205602419,0.0,"{""type"":""MultiPoint"",""coordinates"":[]}"
00000000000000000350,HYD_0849,17.416490667405878,78.66441075206885,0.0,"{""type"":""MultiPoint"",""coordinates"":[]}"
00000000000000000351,HYD_0850,17.41660141873403,78.6738187085159,0.0,"{""type"":""MultiPoint"",""coordinates"":[]}"
00000000000000000352,HYD_0851,17.416710305396865,78.68322553544138,0.0,"{""type"":""MultiPoint"",""coordinates"":[]}"
00000000000000000353,HYD_0852,17.403204811502185,78.3259047822381,0.0,"{""type"":""MultiPoint"",""coordinates"":[]}"
00000000000000000354,HYD_0853,17.403330028671157,78.33531013858048,0.0,"{""type"":""MultiPoint"",""coordinates"":[]}"
00000000000000000355,HYD_0854,17.403454507132853,78.34471550935818,0.0,"{""type"":""MultiPoint"",""coordinates"":[]}"
00000000000000000356,HYD_0855,17.403579361008138,78.3541197629378,0.0,"{""type"":""MultiPoint"",""coordinates"":[]}"
00000000000000000357,HYD_0856,17.40370420909608,78.36352401313474,0.35992203404783313,"{""type"":""MultiPoint"",""coordinates"":[]}"
00000000000000000358,HYD_0857,17.403829077129327,78.37292826192558,0.0,"{""type"":""MultiPoint"",""coordinates"":[]}"
00000000000000000359,HYD_0858,17.40395393395163,78.38233472102813,0.0,"{""type"":""MultiPoint"",""coordinates"":[]}"
0000000000000000035a,HYD_0859,17.40407654713406,78.3917411743078,0.9397925092356135,"{""type"":""MultiPoint"",""coordinates"":[]}"
0000000000000000035b,HYD_0860,17.4041991639299,78.40114543099487,2.3277251619358386,"{""type"":""MultiPoint"",""coordinates"":[]}"
0000000000000000035c,HYD_0861,17.404322154999555,78.41055079163154,1.1155744618237333,"{""type"":""MultiPoint"",""coordinates"":[]}"
0000000000000000035d,HYD_0862,17.404443335354635,78.41995652988363,1.2408221181683838,"{""type"":""MultiPoint"",""coordinates"":[]}"
0000000000000000035e,HYD_0863,17.40456556790989,78.42936112413561,0.0,"{""type"":""MultiPoint"",""coordinates"":[]}"
0000000000000000035f,HYD_0864,17.404687801447036,78.43876798379692,0.0,"{""type"":""MultiPoint"",""coordinates"":[]}"
00000000000000000360,HYD_0865,17.40480782476528,78.44817335105972,1.6239533680559162,"{""type"":""MultiPoint"",""coordinates"":[]}"
00000000000000000361,HYD_0866,17.40492823132016,78.45757759805322,3.4085516135758276,"{""type"":""MultiPoint"",""coordinates"":[]}"
00000000000000000362,HYD_0867,17.40504752647199,78.46698442794752,2.563594057613883,"{""type"":""MultiPoint"",""coordinates"":[]}"
00000000000000000363,HYD_0868,17.405165681951516,78.47639015545435,2.31520156502623,"{""type"":""MultiPoint"",""coordinates"":[]}"
00000000000000000364,HYD_0869,17.40528533240519,78.4857958997984,2.1373880742167937,"{""type"":""MultiPoint"",""coordinates"":[]}"
00000000000000000365,HYD_0870,17.405402776938608,78.49520238003826,2.1236577053270906,"{""type"":""MultiPoint"",""coordinates"":[]}"
00000000000000000366,HYD_0871,17.405521657725174,78.50460884635407,1.630450125719448,"{""type"":""MultiPoint"",""coordinates"":[]}"
00000000000000000367,HYD_0872,17.405639087347016,78.51401533563164,2.2343244312411685,"{""type"":""MultiPoint"",""coordinates"":[]}"
00000000000000000368,HYD_0873,17.405755728665277,78.523421765745,0.0,"{""type"":""MultiPoint"",""coordinates"":[]}"
00000000000000000369,HYD_0874,17.405871336660955,78.53282714559921,0.0,"{""type"":""MultiPoint"",""coordinates"":[]}"
0000000000000000036a,HYD_0875,17.40598728060822,78.54223362043776,0.0,"{""type"":""MultiPoint"",""coordinates"":[]}"
0000000000000000036b,HYD_0876,17.406103202217523,78.55164010390055,0.8527299390439048,"{""type"":""MultiPoint"",""coordinates"":[]}"
0000000000000000036c,HYD_0877,17.406219145134653,78.5610465635799,0.538151991120547,"{""type"":""MultiPoint"",""coordinates"":[]}"
0000000000000000036d,HYD_0878,17.40633543242645,78.57045413778341,0.06979609421677013,"{""type"":""MultiPoint"",""coordinates"":[]}"
0000000000000000036e,HYD_0879,17.406448431543918,78.5798606285793,0.1942759129196175,"{""type"":""MultiPoint"",""coordinates"":[]}"
0000000000000000036f,HYD_0880,17.406562837898978,78.58926709635061,1.0340111008843589,"{""type"":""MultiPoint"",""coordinates"":[]}"
00000000000000000370,HYD_0881,17.40667621067867,78.59867469379094,0.0,"{""type"":""MultiPoint"",""coordinates"":[]}"
00000000000000000371,HYD_0882,17.406788453186742,78.6080826704093,0.0,"{""type"":""MultiPoint"",""coordinates"":[]}"
00000000000000000372,HYD_0883,17.40690288315366,78.61748835000374,0.0,"{""type"":""MultiPoint"",""coordinates"":[]}"
00000000000000000373,HYD_0884,17.407015118198135,78.62689633337034,1.0357427929692895,"{""type"":""MultiPoint"",""coordinates"":[]}"
00000000000000000374,HYD_0885,17.407126574776576,78.6363028380905,0.6294671816265802,"{""type"":""MultiPoint"",""coordinates"":[]}"
00000000000000000375,HYD_0886,17.407238052474106,78.64570931023238,1.235775958300635,"{""type"":""MultiPoint"",""coordinates"":[]}"
00000000000000000376,HYD_0887,17.407348414841067,78.6551183868863,1.0170742788340619,"{""type"":""MultiPoint"",""coordinates"":[]}"
00000000000000000377,HYD_0888,17.40745913701468,78.66452558891272,0.0,"{""type"":""MultiPoint"",""coordinates"":[]}"
00000000000000000378,HYD_0889,17.407568774563256,78.67393168905343,0.0,"{""type"":""MultiPoint"",""coordinates"":[]}"
00000000000000000379,HYD_0890,17.40767840439667,78.6833400131793,0.0,"{""type"":""MultiPoint"",""coordinates"":[]}"
0000000000000000037a,HYD_0891,17.39442485258672,78.34484481974596,1.2985718320428818,"{""type"":""MultiPoint"",""coordinates"":[]}"
0000000000000000037b,HYD_0892,17.394549688529313,78.35424907481567,1.020582731616333,"{""type"":""MultiPoint"",""coordinates"":[]}"
0000000000000000037c,HYD_0893,17.394674544653437,78.36365332957926,1.8588945409379554,"{""type"":""MultiPoint"",""coordinates"":[]}"
0000000000000000037d,HYD_0894,17.394799400878163,78.37305755842993,1.034152448219464,"{""type"":""MultiPoint"",""coordinates"":[]}"
0000000000000000037e,HYD_0895,17.39492460987381,78.38246290217194,1.005798743226614,"{""type"":""MultiPoint"",""coordinates"":[]}"
0000000000000000037f,HYD_0896,17.395046881866907,78.39186827741672,0.07947544169366003,"{""type"":""MultiPoint"",""coordinates"":[]}"
00000000000000000380,HYD_0897,17.395169501886976,78.40127253023455,1.6103452732684624,"{""type"":""MultiPoint"",""coordinates"":[]}"
00000000000000000381,HYD_0898,17.395291766137202,78.4106779002752,1.1578394000212957,"{""type"":""MultiPoint"",""coordinates"":[]}"
00000000000000000382,HYD_0899,17.39541250875454,78.42008322673264,1.2836583579108516,"{""type"":""MultiPoint"",""coordinates"":[]}"
00000000000000000383,HYD_0900,17.395535494811803,78.42948858864693,1.6126624743595386,"{""type"":""MultiPoint"",""coordinates"":[]}"
00000000000000000384,HYD_0901,17.39565777355297,78.43889395477999,1.8594553282591502,"{""type"":""MultiPoint"",""coordinates"":[]}"
00000000000000000385,HYD_0902,17.395778170529645,78.4482981866692,2.262159506414016,"{""type"":""MultiPoint"",""coordinates"":[]}"
00000000000000000386,HYD_0903,17.395897416868703,78.4577028362788,2.149453831449425,"{""type"":""MultiPoint"",""coordinates"":[]}"
00000000000000000387,HYD_0904,17.39601559890044,78.46710852824998,2.686855566253024,"{""type"":""MultiPoint"",""coordinates"":[]}"
00000000000000000388,HYD_0905,17.39613492090625,78.4765153854048,2.5374245622472693,"{""type"":""MultiPoint"",""coordinates"":[]}"
00000000000000000389,HYD_0906,17.396255282201864,78.48591963086115,3.061544439046538,"{""type"":""MultiPoint"",""coordinates"":[]}"
0000000000000000038a,HYD_0907,17.396373817124665,78.4953249775548,2.8335565570694246,"{""type"":""MultiPoint"",""coordinates"":[]}"
0000000000000000038b,HYD_0908,17.396490182045074,78.50473187363961,1.1794568413406372,"{""type"":""MultiPoint"",""coordinates"":[]}"
0000000000000000038c,HYD_0909,17.39660902076301,78.51413756813784,0.3258664882921433,"{""type"":""MultiPoint"",""coordinates"":[]}"
0000000000000000038d,HYD_0910,17.396725716853805,78.52354330583431,1.0692787476321983,"{""type"":""MultiPoint"",""coordinates"":[]}"
0000000000000000038e,HYD_0911,17.39684130859683,78.53294865904543,1.0715142134443194,"{""type"":""MultiPoint"",""coordinates"":[]}"
0000000000000000038f,HYD_0912,17.396957952181165,78.54235513909295,1.0252121480703105,"{""type"":""MultiPoint"",""coordinates"":[]}"
00000000000000000390,HYD_0913,17.397073507303702,78.55176050136434,0.9998261690994461,"{""type"":""MultiPoint"",""coordinates"":[]}"
00000000000000000391,HYD_0914,17.39718945728441,78.56116695756859,2.017079108943057,"{""type"":""MultiPoint"",""coordinates"":[]}"
00000000000000000392,HYD_0915,17.397304313786062,78.57057382013389,0.9334158990075716,"{""type"":""MultiPoint"",""coordinates"":[]}"
00000000000000000393,HYD_0916,17.397418345001984,78.57997840637952,0.857452782462633,"{""type"":""MultiPoint"",""coordinates"":[]}"
00000000000000000394,HYD_0917,17.39753137800344,78.58938566833052,1.7239140107239486,"{""type"":""MultiPoint"",""coordinates"":[]}"
00000000000000000395,HYD_0918,17.397645759086274,78.59879134126251,0.2749015905017414,"{""type"":""MultiPoint"",""coordinates"":[]}"
00000000000000000396,HYD_0919,17.397758023512743,78.60819932970595,0.0,"{""type"":""MultiPoint"",""coordinates"":[]}"
00000000000000000397,HYD_0920,17.397870615835146,78.61760618082519,0.0,"{""type"":""MultiPoint"",""coordinates"":[]}"
00000000000000000398,HYD_0921,17.39798321150402,78.62701227593055,1.0207730270319784,"{""type"":""MultiPoint"",""coordinates"":[]}"
00000000000000000399,HYD_0922,17.39809467676735,78.63641876214544,0.0,"{""type"":""MultiPoint"",""coordinates"":[]}"
0000000000000000039a,HYD_0923,17.398206141681065,78.6458252387535,0.0,"{""type"":""MultiPoint"",""coordinates"":[]}"
0000000000000000039b,HYD_0924,17.39831685979081,78.65523243341394,1.261766787716516,"{""type"":""MultiPoint"",""coordinates"":[]}"
0000000000000000039c,HYD_0925,17.39842653965014,78.66463931471439,1.024960158550051,"{""type"":""MultiPoint"",""coordinates"":[]}"
0000000000000000039d,HYD_0926,17.39853758685407,78.67404614315613,0.020630237967981843,"{""type"":""MultiPoint"",""coordinates"":[]}"
0000000000000000039e,HYD_0927,17.398646456834236,78.68345295525822,0.0,"{""type"":""MultiPoint"",""coordinates"":[]}"
0000000000000000039f,HYD_0928,17.38552002605427,78.35437837331048,1.8818206224714389,"{""type"":""MultiPoint"",""coordinates"":[]}"
000000000000000003a0,HYD_0929,17.385644864361833,78.36378262946823,0.45036260419287366,"{""type"":""MultiPoint"",""coordinates"":[]}"
000000000000000003a1,HYD_0930,17.38576971474956,78.3731868625101,0.0,"{""type"":""MultiPoint"",""coordinates"":[]}"
000000000000000003a2,HYD_0931,17.38589458188155,78.38259111272734,0.0,"{""type"":""MultiPoint"",""coordinates"":[]}"
000000000000000003a3,HYD_0932,17.38601720693489,78.39199538823287,0.0,"{""type"":""MultiPoint"",""coordinates"":[]}"
000000000000000003a4,HYD_0933,17.386139807341465,78.40139961399562,1.6129253936898966,"{""type"":""MultiPoint"",""coordinates"":[]}"
000000000000000003a5,HYD_0934,17.386262782245065,78.41080494360017,0.22274531842324136,"{""type"":""MultiPoint"",""coordinates"":[]}"
000000000000000003a6,HYD_0935,17.386382829408873,78.42021032443618,0.0,"{""type"":""MultiPoint"",""coordinates"":[]}"
000000000000000003a7,HYD_0936,17.38650435260082,78.42961495651005,1.080286905897764,"{""type"":""MultiPoint"",""coordinates"":[]}"
000000000000000003a8,HYD_0937,17.386626971272573,78.43901843130902,1.6111054714131186,"{""type"":""MultiPoint"",""coordinates"":[]}"
000000000000000003a9,HYD_0938,17.386747400055967,78.44842343667419,1.469624921476775,"{""type"":""MultiPoint"",""coordinates"":[]}"
000000000000000003aa,HYD_0939,17.386865524517734,78.45782691151567,2.9417676202395167,"{""type"":""MultiPoint"",""coordinates"":[]}"
000000000000000003ab,HYD_0940,17.38698517126497,78.46723264691907,2.7522635757612077,"{""type"":""MultiPoint"",""coordinates"":[]}"
000000000000000003ac,HYD_0941,17.387104877590318,78.4766391199068,2.231771852849249,"{""type"":""MultiPoint"",""coordinates"":[]}"
000000000000000003ad,HYD_0942,17.387224516190066,78.486044849022,1.9683343386960541,"{""type"":""MultiPoint"",""coordinates"":[]}"
000000000000000003ae,HYD_0943,17.387342658170827,78.49544835540414,0.6269086895321822,"{""type"":""MultiPoint"",""coordinates"":[]}"
000000000000000003af,HYD_0944,17.387460069627583,78.50485410319003,1.1654196345417334,"{""type"":""MultiPoint"",""coordinates"":[]}"
000000000000000003b0,HYD_0945,17.38757677373835,78.51425986118451,0.68622864672184,"{""type"":""MultiPoint"",""coordinates"":[]}"
000000000000000003b1,HYD_0946,17.38769491397306,78.523663307975,0.0,"{""type"":""MultiPoint"",""coordinates"":[]}"
000000000000000003b2,HYD_0947,17.387811991489063,78.53307015955279,0.0,"{""type"":""MultiPoint"",""coordinates"":[]}"
000000000000000003b3,HYD_0948,17.387927928817458,78.54247666305677,0.0,"{""type"":""MultiPoint"",""coordinates"":[]}"
000000000000000003b4,HYD_0949,17.388042723424043,78.55188129953439,0.0,"{""type"":""MultiPoint"",""coordinates"":[]}"
000000000000000003b5,HYD_0950,17.388157894255986,78.5612862441383,1.0029171047828895,"{""type"":""MultiPoint"",""coordinates"":[]}"
000000000000000003b6,HYD_0951,17.388272017687786,78.57069232131944,0.0,"{""type"":""MultiPoint"",""coordinates"":[]}"
000000000000000003b7,HYD_0952,17.388387223662452,78.58009807745441,0.0,"{""type"":""MultiPoint"",""coordinates"":[]}"
000000000000000003b8,HYD_0953,17.388501258629073,78.58950342074986,0.0,"{""type"":""MultiPoint"",""coordinates"":[]}"
000000000000000003b9,HYD_0954,17.388613150799628,78.59891028766727,0.8647285868841589,"{""type"":""MultiPoint"",""coordinates"":[]}"
000000000000000003ba,HYD_0955,17.388727533391766,78.60831597253919,1.0078841758653803,"{""type"":""MultiPoint"",""coordinates"":[]}"
000000000000000003bb,HYD_0956,17.38883979820101,78.61772172720912,1.0312166045062725,"{""type"":""MultiPoint"",""coordinates"":[]}"
000000000000000003bc,HYD_0957,17.388951295003345,78.62712822604506,0.6722555895456384,"{""type"":""MultiPoint"",""coordinates"":[]}"
000000000000000003bd,HYD_0958,17.389062768968365,78.63653469364273,0.0,"{""type"":""MultiPoint"",""coordinates"":[]}"
000000000000000003be,HYD_0959,17.389174242728696,78.64594115168961,0.0,"{""type"":""MultiPoint"",""coordinates"":[]}"
000000000000000003bf,HYD_0960,17.389285718794454,78.6553476430273,1.172631118410502,"{""type"":""MultiPoint"",""coordinates"":[]}"
000000000000000003c0,HYD_0961,17.389396086419115,78.66475451465567,0.03700219226481216,"{""type"":""MultiPoint"",""coordinates"":[]}"
000000000000000003c1,HYD_0962,17.389505306533238,78.67416019446574,0.0,"{""type"":""MultiPoint"",""coordinates"":[]}"
000000000000000003c2,HYD_0963,17.389614942051605,78.6835663130599,0.0,"{""type"":""MultiPoint"",""coordinates"":[]}"
000000000000000003c3,HYD_0964,17.376366569912,78.34510528976168,0.0,"{""type"":""MultiPoint"",""coordinates"":[]}"
000000000000000003c4,HYD_0965,17.37649182192997,78.35450918225796,1.0837211296370768,"{""type"":""MultiPoint"",""coordinates"":[]}"
000000000000000003c5,HYD_0966,17.376615202935735,78.36391193796258,0.8639182532918395,"{""type"":""MultiPoint"",""coordinates"":[]}"
000000000000000003c6,HYD_0967,17.376740035694976,78.37331617252593,1.0496409260352022,"{""type"":""MultiPoint"",""coordinates"":[]}"
000000000000000003c7,HYD_0968,17.37686489164574,78.38272044819958,1.0016948487865558,"{""type"":""MultiPoint"",""coordinates"":[]}"
000000000000000003c8,HYD_0969,17.37698749662439,78.39212469647968,1.026588791331427,"{""type"":""MultiPoint"",""coordinates"":[]}"
000000000000000003c9,HYD_0970,17.37711009999186,78.40152891819925,1.1085874496985424,"{""type"":""MultiPoint"",""coordinates"":[]}"
000000000000000003ca,HYD_0971,17.377233104587326,78.4109320387354,1.8790808822575307,"{""type"":""MultiPoint"",""coordinates"":[]}"
000000000000000003cb,HYD_0972,17.377353158406976,78.42033517211688,1.8471406114015534,"{""type"":""MultiPoint"",""coordinates"":[]}"
000000000000000003cc,HYD_0973,17.37747356503864,78.42973941531099,1.0134470395666793,"{""type"":""MultiPoint"",""coordinates"":[]}"
000000000000000003cd,HYD_0974,17.37759509286691,78.43914405647737,1.8869029706299698,"{""type"":""MultiPoint"",""coordinates"":[]}"
000000000000000003ce,HYD_0975,17.377715458402854,78.4485475305445,2.006349389446251,"{""type"":""MultiPoint"",""coordinates"":[]}"
000000000000000003cf,HYD_0976,17.37783473546229,78.45795214924982,1.1433145875132256,"{""type"":""MultiPoint"",""coordinates"":[]}"
000000000000000003d0,HYD_0977,17.37795512795867,78.46735639326994,1.5367466786004242,"{""type"":""MultiPoint"",""coordinates"":[]}"
000000000000000003d1,HYD_0978,17.378075888329107,78.47676173939627,1.4662438562317612,"{""type"":""MultiPoint"",""coordinates"":[]}"
000000000000000003d2,HYD_0979,17.378193720604,78.48616711437282,1.1124744400563629,"{""type"":""MultiPoint"",""coordinates"":[]}"
000000000000000003d3,HYD_0980,17.378311887197523,78.49557137243663,2.1336869578667472,"{""type"":""MultiPoint"",""coordinates"":[]}"
000000000000000003d4,HYD_0981,17.37843003209719,78.50497562859229,0.02834402105639075,"{""type"":""MultiPoint"",""coordinates"":[]}"
000000000000000003d5,HYD_0982,17.37854559987199,78.51438100550337,0.0,"{""type"":""MultiPoint"",""coordinates"":[]}"
000000000000000003d6,HYD_0983,17.378663008988013,78.5237867056635,0.0,"{""type"":""MultiPoint"",""coordinates"":[]}"
000000000000000003d7,HYD_0984,17.378780443752945,78.53319166768969,0.03922859257118698,"{""type"":""MultiPoint"",""coordinates"":[]}"
000000000000000003d8,HYD_0985,17.378896028256115,78.54259703588089,0.0,"{""type"":""MultiPoint"",""coordinates"":[]}"
000000000000000003d9,HYD_0986,17.379010810550884,78.55200088249373,0.49111722814739356,"{""type"":""MultiPoint"",""coordinates"":[]}"
000000000000000003da,HYD_0987,17.37912562843514,78.56140551395747,1.1196871846059007,"{""type"":""MultiPoint"",""coordinates"":[]}"
000000000000000003db,HYD_0988,17.379241943210083,78.57081088308594,0.0,"{""type"":""MultiPoint"",""coordinates"":[]}"
000000000000000003dc,HYD_0989,17.37935604260841,78.58021773182382,0.0,"{""type"":""MultiPoint"",""coordinates"":[]}"
000000000000000003dd,HYD_0990,17.379470088547926,78.5896223076475,0.0,"{""type"":""MultiPoint"",""coordinates"":[]}"
000000000000000003de,HYD_0991,17.379583046306657,78.59902807266037,0.0,"{""type"":""MultiPoint"",""coordinates"":[]}"
000000000000000003df,HYD_0992,17.37969529703415,78.60843382224331,0.0,"{""type"":""MultiPoint"",""coordinates"":[]}"
000000000000000003e0,HYD_0993,17.379807551756752,78.61783880251451,0.0,"{""type"":""MultiPoint"",""coordinates"":[]}"
000000000000000003e1,HYD_0994,17.37991974121055,78.627245254379,0.0,"{""type"":""MultiPoint"",""coordinates"":[]}"
000000000000000003e2,HYD_0995,17.38003085210217,78.63665063272371,0.0,"{""type"":""MultiPoint"",""coordinates"":[]}"
000000000000000003e3,HYD_0996,17.380142334640496,78.64605707229545,0.0,"{""type"":""MultiPoint"",""coordinates"":[]}"
000000000000000003e4,HYD_0997,17.380253819711434,78.65546354498204,0.0,"{""type"":""MultiPoint"",""coordinates"":[]}"
000000000000000003e5,HYD_0998,17.38036452139539,78.66486854242002,0.2785082713974245,"{""type"":""MultiPoint"",""coordinates"":[]}"
000000000000000003e6,HYD_0999,17.380473075998914,78.67427581874253,0.0,"{""type"":""MultiPoint"",""coordinates"":[]}"
000000000000000003e7,HYD_1000,17.380582648966037,78.68368036833851,0.0,"{""type"":""MultiPoint"",""coordinates"":[]}"
000000000000000003e8,HYD_1001,17.36733912060555,78.34523761364912,0.0,"{""type"":""MultiPoint"",""coordinates"":[]}"
000000000000000003e9,HYD_1002,17.36746288831814,78.35463924078263,1.1347086229176042,"{""type"":""MultiPoint"",""coordinates"":[]}"
000000000000000003ea,HYD_1003,17.36758550544186,78.36404125293784,0.0,"{""type"":""MultiPoint"",""coordinates"":[]}"
000000000000000003eb,HYD_1004,17.367710362354437,78.37344549046043,0.0,"{""type"":""MultiPoint"",""coordinates"":[]}"
000000000000000003ec,HYD_1005,17.367835220271694,78.38284974668842,0.0,"{""type"":""MultiPoint"",""coordinates"":[]}"
000000000000000003ed,HYD_1006,17.367958170195223,78.3922528732997,0.35041872049958805,"{""type"":""MultiPoint"",""coordinates"":[]}"
000000000000000003ee,HYD_1007,17.3680804326639,78.40165601690593,1.3117837658255622,"{""type"":""MultiPoint"",""coordinates"":[]}"
000000000000000003ef,HYD_1008,17.368202709747127,78.41105913167993,0.0,"{""type"":""MultiPoint"",""coordinates"":[]}"
000000000000000003f0,HYD_1009,17.36832346947559,78.42046226146651,0.029100295498512636,"{""type"":""MultiPoint"",""coordinates"":[]}"
000000000000000003f1,HYD_1010,17.368443888057044,78.42986652266487,0.37374109657291066,"{""type"":""MultiPoint"",""coordinates"":[]}"
000000000000000003f2,HYD_1011,17.36856463840095,78.43926961328923,0.0,"{""type"":""MultiPoint"",""coordinates"":[]}"
000000000000000003f3,HYD_1012,17.368684662334445,78.44867275823196,0.5459486906148577,"{""type"":""MultiPoint"",""coordinates"":[]}"
000000000000000003f4,HYD_1013,17.36880506103186,78.45807703176895,3.5468282242096816,"{""type"":""MultiPoint"",""coordinates"":[]}"
000000000000000003f5,HYD_1014,17.368925429645277,78.46748127030123,1.5888252343216664,"{""type"":""MultiPoint"",""coordinates"":[]}"
000000000000000003f6,HYD_1015,17.369044720799085,78.47688591060925,2.4949703254291196,"{""type"":""MultiPoint"",""coordinates"":[]}"
000000000000000003f7,HYD_1016,17.369162894499944,78.48628937973663,1.3280617883750998,"{""type"":""MultiPoint"",""coordinates"":[]}"
000000000000000003f8,HYD_1017,17.369281108120255,78.49569439710505,1.4583039887653846,"{""type"":""MultiPoint"",""coordinates"":[]}"
000000000000000003f9,HYD_1018,17.36939926105459,78.50509787127169,1.7451816335305645,"{""type"":""MultiPoint"",""coordinates"":[]}"
000000000000000003fa,HYD_1019,17.369516661857393,78.51450359350295,1.1350846359762485,"{""type"":""MultiPoint"",""coordinates"":[]}"
000000000000000003fb,HYD_1020,17.369632235797724,78.52390895505904,1.4782534142951689,"{""type"":""MultiPoint"",""coordinates"":[]}"
000000000000000003fc,HYD_1021,17.369748166120605,78.53331318840353,2.1790870448844197,"{""type"":""MultiPoint"",""coordinates"":[]}"
000000000000000003fd,HYD_1022,17.36986409119656,78.54271742989569,2.0771981029343354,"{""type"":""MultiPoint"",""coordinates"":[]}"
000000000000000003fe,HYD_1023,17.369980030845944,78.55212167272633,0.5741687512242551,"{""type"":""MultiPoint"",""coordinates"":[]}"
000000000000000003ff,HYD_1024,17.370095971210684,78.5615259156655,2.0568330892154343,"{""type"":""MultiPoint"",""coordinates"":[]}"
00000000000000000400,HYD_1025,17.3702107904258,78.57093053316648,0.8481012808123533,"{""type"":""MultiPoint"",""coordinates"":[]}"
00000000000000000401,HYD_1026,17.370324821955464,78.58033513178574,0.0,"{""type"":""MultiPoint"",""coordinates"":[]}"
00000000000000000402,HYD_1027,17.37043820614237,78.58974126692286,0.0,"{""type"":""MultiPoint"",""coordinates"":[]}"
00000000000000000403,HYD_1028,17.370551896189223,78.59914472542307,0.0,"{""type"":""MultiPoint"",""coordinates"":[]}"
00000000000000000404,HYD_1029,17.370664149490576,78.6085504932525,0.0,"{""type"":""MultiPoint"",""coordinates"":[]}"
00000000000000000405,HYD_1030,17.370776353022492,78.61795694314438,0.0,"{""type"":""MultiPoint"",""coordinates"":[]}"
00000000000000000406,HYD_1031,17.370887472199765,78.62736231077685,0.0,"{""type"":""MultiPoint"",""coordinates"":[]}"
00000000000000000407,HYD_1032,17.370998948436643,78.63676655632908,0.0,"{""type"":""MultiPoint"",""coordinates"":[]}"
00000000000000000408,HYD_1033,17.37111077462584,78.64617188631257,0.0,"{""type"":""MultiPoint"",""coordinates"":[]}"
00000000000000000409,HYD_1034,17.3712215570537,78.65557838235115,0.0,"{""type"":""MultiPoint"",""coordinates"":[]}"
0000000000000000040a,HYD_1035,17.371332300234204,78.66498414845208,0.0,"{""type"":""MultiPoint"",""coordinates"":[]}"
0000000000000000040b,HYD_1036,17.371441854959777,78.67438872149594,0.0,"{""type"":""MultiPoint"",""coordinates"":[]}"
0000000000000000040c,HYD_1037,17.371550767440024,78.68379484545328,0.9837197910107037,"{""type"":""MultiPoint"",""coordinates"":[]}"
0000000000000000040d,HYD_1038,17.35843318157982,78.35476858280683,1.0202935296130464,"{""type"":""MultiPoint"",""coordinates"":[]}"
0000000000000000040e,HYD_1039,17.35855582177955,78.36417056717336,0.0,"{""type"":""MultiPoint"",""coordinates"":[]}"
0000000000000000040f,HYD_1040,17.35868067557373,78.37357483737897,0.0,"{""type"":""MultiPoint"",""coordinates"":[]}"
00000000000000000410,HYD_1041,17.35880588343626,78.38297793485121,0.6496736893744698,"{""type"":""MultiPoint"",""coordinates"":[]}"
00000000000000000411,HYD_1042,17.358927811585044,78.39237997547416,1.0041968236171268,"{""type"":""MultiPoint"",""coordinates"":[]}"
00000000000000000412,HYD_1043,17.3590507792853,78.40178310020707,0.0,"{""type"":""MultiPoint"",""coordinates"":[]}"
00000000000000000413,HYD_1044,17.359173745714333,78.41118619756269,0.0,"{""type"":""MultiPoint"",""coordinates"":[]}"
00000000000000000414,HYD_1045,17.35929380875265,78.42058935103914,1.5068345912804166,"{""type"":""MultiPoint"",""coordinates"":[]}"
00000000000000000415,HYD_1046,17.35941420304463,78.4299936219668,0.8961222358452833,"{""type"":""MultiPoint"",""coordinates"":[]}"
00000000000000000416,HYD_1047,17.359534569293206,78.4393956051455,2.1151952298485996,"{""type"":""MultiPoint"",""coordinates"":[]}"
00000000000000000417,HYD_1048,17.359655003437297,78.44879762291404,1.3152328212521347,"{""type"":""MultiPoint"",""coordinates"":[]}"
00000000000000000418,HYD_1049,17.359775392287172,78.45820187676141,1.9602862245954553,"{""type"":""MultiPoint"",""coordinates"":[]}"
00000000000000000419,HYD_1050,17.35989576556637,78.46760611149459,2.4575114795351505,"{""type"":""MultiPoint"",""coordinates"":[]}"
0000000000000000041a,HYD_1051,17.360013918803435,78.47701035503206,3.6209322169096314,"{""type"":""MultiPoint"",""coordinates"":[]}"
0000000000000000041b,HYD_1052,17.360132451146992,78.48641346703913,1.2850902072725507,"{""type"":""MultiPoint"",""coordinates"":[]}"
0000000000000000041c,HYD_1053,17.360250299364992,78.49581661519981,2.552636909839396,"{""type"":""MultiPoint"",""coordinates"":[]}"
0000000000000000041d,HYD_1054,17.360368449374075,78.50522087012851,2.723991433578544,"{""type"":""MultiPoint"",""coordinates"":[]}"
0000000000000000041e,HYD_1055,17.36048661388078,78.51462511513496,1.768748392368281,"{""type"":""MultiPoint"",""coordinates"":[]}"
0000000000000000041f,HYD_1056,17.360602549845662,78.52402934218107,1.2213356939762663,"{""type"":""MultiPoint"",""coordinates"":[]}"
00000000000000000420,HYD_1057,17.360718464303286,78.533433564378,0.0,"{""type"":""MultiPoint"",""coordinates"":[]}"
00000000000000000421,HYD_1058,17.360834404159448,78.54283782425372,1.0400125527790336,"{""type"":""MultiPoint"",""coordinates"":[]}"
00000000000000000422,HYD_1059,17.36095034490165,78.55224208512126,0.12317001950700493,"{""type"":""MultiPoint"",""coordinates"":[]}"
00000000000000000423,HYD_1060,17.361065154193962,78.56164668625134,0.8950231347520152,"{""type"":""MultiPoint"",""coordinates"":[]}"
00000000000000000424,HYD_1061,17.36117886412216,78.57105018180668,0.2232321293573131,"{""type"":""MultiPoint"",""coordinates"":[]}"
00000000000000000425,HYD_1062,17.36129371313127,78.58045480077767,1.0614517717024048,"{""type"":""MultiPoint"",""coordinates"":[]}"
00000000000000000426,HYD_1063,17.361407398907883,78.58985903195848,1.019438169522292,"{""type"":""MultiPoint"",""coordinates"":[]}"
00000000000000000427,HYD_1064,17.36151999957662,78.59926365773087,0.7868092639336421,"{""type"":""MultiPoint"",""coordinates"":[]}"
00000000000000000428,HYD_1065,17.361634072575495,78.60866826733445,0.0,"{""type"":""MultiPoint"",""coordinates"":[]}"
00000000000000000429,HYD_1066,17.361746311988277,78.6180740027113,0.0,"{""type"":""MultiPoint"",""coordinates"":[]}"
0000000000000000042a,HYD_1067,17.36185777442746,78.62747826055494,0.0,"{""type"":""MultiPoint"",""coordinates"":[]}"
0000000000000000042b,HYD_1068,17.361969253510637,78.6368825088215,0.0,"{""type"":""MultiPoint"",""coordinates"":[]}"
0000000000000000042c,HYD_1069,17.3620796509123,78.64628711279104,0.2670384687857322,"{""type"":""MultiPoint"",""coordinates"":[]}"
0000000000000000042d,HYD_1070,17.362190363216815,78.65569209344126,1.0864179068690725,"{""type"":""MultiPoint"",""coordinates"":[]}"
0000000000000000042e,HYD_1071,17.3623003553073,78.66509708229223,1.0095639201433753,"{""type"":""MultiPoint"",""coordinates"":[]}"
0000000000000000042f,HYD_1072,17.362409241561846,78.6745032233311,1.8365276721278576,"{""type"":""MultiPoint"",""coordinates"":[]}"
00000000000000000430,HYD_1073,17.362518814530358,78.68390778702114,0.07585430967171365,"{""type"":""MultiPoint"",""coordinates"":[]}"
00000000000000000431,HYD_1074,17.349404608433566,78.35489747229238,1.646306679500638,"{""type"":""MultiPoint"",""coordinates"":[]}"
00000000000000000432,HYD_1075,17.34952726625627,78.36430027547614,1.2622987721866417,"{""type"":""MultiPoint"",""coordinates"":[]}"
00000000000000000433,HYD_1076,17.349651357174075,78.37370300793434,1.5804853627953193,"{""type"":""MultiPoint"",""coordinates"":[]}"
00000000000000000434,HYD_1077,17.349775479248805,78.3831050560242,0.6709522634303757,"{""type"":""MultiPoint"",""coordinates"":[]}"
00000000000000000435,HYD_1078,17.349898840316058,78.39250703531465,0.0,"{""type"":""MultiPoint"",""coordinates"":[]}"
00000000000000000436,HYD_1079,17.350019988554273,78.40191056192715,0.0,"{""type"":""MultiPoint"",""coordinates"":[]}"
00000000000000000437,HYD_1080,17.350142231840184,78.41131291889099,0.0,"{""type"":""MultiPoint"",""coordinates"":[]}"
00000000000000000438,HYD_1081,17.350264497385297,78.42071533144635,1.4792932290396312,"{""type"":""MultiPoint"",""coordinates"":[]}"
00000000000000000439,HYD_1082,17.350384512525157,78.43011845775092,0.9493696131530102,"{""type"":""MultiPoint"",""coordinates"":[]}"
0000000000000000043a,HYD_1083,17.35050453489257,78.4395215759466,0.9384170276073601,"{""type"":""MultiPoint"",""coordinates"":[]}"
0000000000000000043b,HYD_1084,17.350625667197086,78.44892356803845,2.847684800158945,"{""type"":""MultiPoint"",""coordinates"":[]}"
0000000000000000043c,HYD_1085,17.350745708535996,78.45832670734319,0.22438227645738026,"{""type"":""MultiPoint"",""coordinates"":[]}"
0000000000000000043d,HYD_1086,17.35086499395027,78.46773134561381,1.997189293161131,"{""type"":""MultiPoint"",""coordinates"":[]}"
0000000000000000043e,HYD_1087,17.35098348834435,78.47713366775213,2.334158056837568,"{""type"":""MultiPoint"",""coordinates"":[]}"
0000000000000000043f,HYD_1088,17.351102087352626,78.48653610291755,0.78666492305681,"{""type"":""MultiPoint"",""coordinates"":[]}"
00000000000000000440,HYD_1089,17.351220620047407,78.49593922459731,2.436223660035308,"{""type"":""MultiPoint"",""coordinates"":[]}"
00000000000000000441,HYD_1090,17.351337674578414,78.50534387601296,2.772710918858758,"{""type"":""MultiPoint"",""coordinates"":[]}"
00000000000000000442,HYD_1091,17.351455045115046,78.51474662352818,1.792536223051636,"{""type"":""MultiPoint"",""coordinates"":[]}"
00000000000000000443,HYD_1092,17.35157173671562,78.52414935144756,0.029148405212206602,"{""type"":""MultiPoint"",""coordinates"":[]}"
00000000000000000444,HYD_1093,17.351688794178717,78.53355396932861,0.0,"{""type"":""MultiPoint"",""coordinates"":[]}"
00000000000000000445,HYD_1094,17.351804754523833,78.5429582262553,0.7510229496049139,"{""type"":""MultiPoint"",""coordinates"":[]}"
00000000000000000446,HYD_1095,17.35191956404131,78.55236284540054,2.041148262740962,"{""type"":""MultiPoint"",""coordinates"":[]}"
00000000000000000447,HYD_1096,17.352033598123604,78.56176520194727,0.7941009829763428,"{""type"":""MultiPoint"",""coordinates"":[]}"
00000000000000000448,HYD_1097,17.35214806695773,78.57116873228665,0.0,"{""type"":""MultiPoint"",""coordinates"":[]}"
00000000000000000449,HYD_1098,17.35226290979244,78.58057336281833,0.0,"{""type"":""MultiPoint"",""coordinates"":[]}"
0000000000000000044a,HYD_1099,17.35237660626206,78.58997681144008,0.0,"{""type"":""MultiPoint"",""coordinates"":[]}"
0000000000000000044b,HYD_1100,17.35248922296715,78.59938145584978,1.2694368190780372,"{""type"":""MultiPoint"",""coordinates"":[]}"
0000000000000000044c,HYD_1101,17.352601821063132,78.608786116008,1.9290243072680722,"{""type"":""MultiPoint"",""coordinates"":[]}"
0000000000000000044d,HYD_1102,17.352714398371074,78.61818995545111,1.0945465335327778,"{""type"":""MultiPoint"",""coordinates"":[]}"
0000000000000000044e,HYD_1103,17.352825869212463,78.62759419476552,1.0149600256761175,"{""type"":""MultiPoint"",""coordinates"":[]}"
0000000000000000044f,HYD_1104,17.35293734343788,78.63699846944071,1.0506213749631188,"{""type"":""MultiPoint"",""coordinates"":[]}"
00000000000000000450,HYD_1105,17.353047711854682,78.64640230475041,0.891970650665242,"{""type"":""MultiPoint"",""coordinates"":[]}"
00000000000000000451,HYD_1106,17.353158099318676,78.65580693120212,0.0,"{""type"":""MultiPoint"",""coordinates"":[]}"
00000000000000000452,HYD_1107,17.353268439532563,78.6652115659268,0.814685844206739,"{""type"":""MultiPoint"",""coordinates"":[]}"
00000000000000000453,HYD_1108,17.35337801940009,78.67461612630466,1.4871206015322023,"{""type"":""MultiPoint"",""coordinates"":[]}"
00000000000000000454,HYD_1109,17.340498705881032,78.36442919737814,1.084757406315789,"{""type"":""MultiPoint"",""coordinates"":[]}"
00000000000000000455,HYD_1110,17.340621324311087,78.3738312075804,1.565416074514546,"{""type"":""MultiPoint"",""coordinates"":[]}"
00000000000000000456,HYD_1111,17.340746164977453,78.38323323654413,0.0,"{""type"":""MultiPoint"",""coordinates"":[]}"
00000000000000000457,HYD_1112,17.34086878472688,78.39263524057705,0.0,"{""type"":""MultiPoint"",""coordinates"":[]}"
00000000000000000458,HYD_1113,17.34098918505686,78.40203723054412,0.0,"{""type"":""MultiPoint"",""coordinates"":[]}"
00000000000000000459,HYD_1114,17.34111216868482,78.41144038504358,0.9856378238387221,"{""type"":""MultiPoint"",""coordinates"":[]}"
0000000000000000045a,HYD_1115,17.34123407085458,78.42084241188375,0.09814782739965754,"{""type"":""MultiPoint"",""coordinates"":[]}"
0000000000000000045b,HYD_1116,17.341355167772,78.43024439678314,0.0,"{""type"":""MultiPoint"",""coordinates"":[]}"
0000000000000000045c,HYD_1117,17.341475210386502,78.43964752461689,0.0,"{""type"":""MultiPoint"",""coordinates"":[]}"
0000000000000000045d,HYD_1118,17.341595624861714,78.44904954853232,1.0428383485898263,"{""type"":""MultiPoint"",""coordinates"":[]}"
0000000000000000045e,HYD_1119,17.34171601823684,78.45845156028098,0.0,"{""type"":""MultiPoint"",""coordinates"":[]}"
0000000000000000045f,HYD_1120,17.34183452996412,78.46785467736227,2.7047893986193112,"{""type"":""MultiPoint"",""coordinates"":[]}"
00000000000000000460,HYD_1121,17.34195198428306,78.47725672899355,2.3179280626654712,"{""type"":""MultiPoint"",""coordinates"":[]}"
00000000000000000461,HYD_1122,17.342071654947222,78.48666022570947,0.0,"{""type"":""MultiPoint"",""coordinates"":[]}"
00000000000000000462,HYD_1123,17.342190165536625,78.49606258123129,0.39957765276363044,"{""type"":""MultiPoint"",""coordinates"":[]}"
00000000000000000463,HYD_1124,17.34230684610745,78.50546611758737,2.535422393095166,"{""type"":""MultiPoint"",""coordinates"":[]}"
00000000000000000464,HYD_1125,17.34242242764778,78.5148692529535,0.5525064389122415,"{""type"":""MultiPoint"",""coordinates"":[]}"
00000000000000000465,HYD_1126,17.342540208611904,78.52427161122158,1.982814298880237,"{""type"":""MultiPoint"",""coordinates"":[]}"
00000000000000000466,HYD_1127,17.3426569103027,78.5336743823362,1.7285081199257055,"{""type"":""MultiPoint"",""coordinates"":[]}"
00000000000000000467,HYD_1128,17.34277283477731,78.54307863354524,1.326091020217534,"{""type"":""MultiPoint"",""coordinates"":[]}"
00000000000000000468,HYD_1129,17.34288801687896,78.55248136437004,2.8836552474331723,"{""type"":""MultiPoint"",""coordinates"":[]}"
00000000000000000469,HYD_1130,17.343002110929508,78.56188378355516,1.3125433895888785,"{""type"":""MultiPoint"",""coordinates"":[]}"
0000000000000000046a,HYD_1131,17.343117286142718,78.57128729816814,1.191189117052414,"{""type"":""MultiPoint"",""coordinates"":[]}"
0000000000000000046b,HYD_1132,17.34323098306583,78.5806907679141,1.0061647867255492,"{""type"":""MultiPoint"",""coordinates"":[]}"
0000000000000000046c,HYD_1133,17.343344718747208,78.59009577641716,1.020672872591278,"{""type"":""MultiPoint"",""coordinates"":[]}"
0000000000000000046d,HYD_1134,17.343458774872964,78.59949812450633,0.17276423325063728,"{""type"":""MultiPoint"",""coordinates"":[]}"
0000000000000000046e,HYD_1135,17.343571027929553,78.60890164351387,0.6883871191205296,"{""type"":""MultiPoint"",""coordinates"":[]}"
0000000000000000046f,HYD_1136,17.343682470478967,78.61830589392851,0.8420531606122162,"{""type"":""MultiPoint"",""coordinates"":[]}"
00000000000000000470,HYD_1137,17.34379395782925,78.62771013645352,1.0408099264365291,"{""type"":""MultiPoint"",""coordinates"":[]}"
00000000000000000471,HYD_1138,17.343905440505086,78.63711439259795,1.02022020180017,"{""type"":""MultiPoint"",""coordinates"":[]}"
00000000000000000472,HYD_1139,17.34401692432182,78.64651863982688,1.896983905979531,"{""type"":""MultiPoint"",""coordinates"":[]}"
00000000000000000473,HYD_1140,17.344127284448582,78.65592323940542,1.0066798997500048,"{""type"":""MultiPoint"",""coordinates"":[]}"
00000000000000000474,HYD_1141,17.344236509875937,78.66532671500737,0.1953532441934801,"{""type"":""MultiPoint"",""coordinates"":[]}"
00000000000000000475,HYD_1142,17.331469011564447,78.36455851060046,0.6021041317881657,"{""type"":""MultiPoint"",""coordinates"":[]}"
00000000000000000476,HYD_1143,17.33159164100297,78.37396055405242,0.7425078794644577,"{""type"":""MultiPoint"",""coordinates"":[]}"
00000000000000000477,HYD_1144,17.33171684552023,78.3833614247133,0.0,"{""type"":""MultiPoint"",""coordinates"":[]}"
00000000000000000478,HYD_1145,17.331838745355775,78.39276342999655,0.0,"{""type"":""MultiPoint"",""coordinates"":[]}"
00000000000000000479,HYD_1146,17.331959865533616,78.40216543230211,0.0,"{""type"":""MultiPoint"",""coordinates"":[]}"
0000000000000000047a,HYD_1147,17.33208213903919,78.41156632331455,1.061385395087651,"{""type"":""MultiPoint"",""coordinates"":[]}"
0000000000000000047b,HYD_1148,17.33220474490098,78.42096834834206,0.0,"{""type"":""MultiPoint"",""coordinates"":[]}"
0000000000000000047c,HYD_1149,17.332325131524804,78.43037035689576,0.0,"{""type"":""MultiPoint"",""coordinates"":[]}"
0000000000000000047d,HYD_1150,17.332445542502708,78.43977238603635,1.3584239548575239,"{""type"":""MultiPoint"",""coordinates"":[]}"
0000000000000000047e,HYD_1151,17.332565932693168,78.44917440456369,0.625507526321307,"{""type"":""MultiPoint"",""coordinates"":[]}"
0000000000000000047f,HYD_1152,17.332685216021837,78.45857679734706,0.9574775288152462,"{""type"":""MultiPoint"",""coordinates"":[]}"
00000000000000000480,HYD_1153,17.33280337545171,78.46797804536712,1.4619790415205314,"{""type"":""MultiPoint"",""coordinates"":[]}"
00000000000000000481,HYD_1154,17.332922648013977,78.47738045624247,1.2263802513262028,"{""type"":""MultiPoint"",""coordinates"":[]}"
00000000000000000482,HYD_1155,17.333041175845555,78.48678359323017,1.2751311105264291,"{""type"":""MultiPoint"",""coordinates"":[]}"
00000000000000000483,HYD_1156,17.333158643397386,78.49618558900873,2.010983828279183,"{""type"":""MultiPoint"",""coordinates"":[]}"
00000000000000000484,HYD_1157,17.333277514258825,78.5055875940194,2.3804754027436954,"{""type"":""MultiPoint"",""coordinates"":[]}"
00000000000000000485,HYD_1158,17.333393081750483,78.514990731224,1.205600043916184,"{""type"":""MultiPoint"",""coordinates"":[]}"
00000000000000000486,HYD_1159,17.33350904937448,78.5243927438191,1.410781945506681,"{""type"":""MultiPoint"",""coordinates"":[]}"
00000000000000000487,HYD_1160,17.333624990241468,78.53379475782776,1.119105692498969,"{""type"":""MultiPoint"",""coordinates"":[]}"
00000000000000000488,HYD_1161,17.333740907395136,78.5431990352526,0.0,"{""type"":""MultiPoint"",""coordinates"":[]}"
00000000000000000489,HYD_1162,17.333856851142684,78.55260103746282,1.161015911620264,"{""type"":""MultiPoint"",""coordinates"":[]}"
0000000000000000048a,HYD_1163,17.333971695372206,78.56200342540954,0.0,"{""type"":""MultiPoint"",""coordinates"":[]}"
0000000000000000048b,HYD_1164,17.334085376313922,78.57140690144304,0.8812113265448193,"{""type"":""MultiPoint"",""coordinates"":[]}"
0000000000000000048c,HYD_1165,17.334200554106022,78.58081041665864,1.0285635030224765,"{""type"":""MultiPoint"",""coordinates"":[]}"
0000000000000000048d,HYD_1166,17.33431392800642,78.59021354137076,1.0993880618875613,"{""type"":""MultiPoint"",""coordinates"":[]}"
0000000000000000048e,HYD_1167,17.33442617429351,78.5996170768922,0.0,"{""type"":""MultiPoint"",""coordinates"":[]}"
0000000000000000048f,HYD_1168,17.334539458278744,78.60901867893736,0.9499042132264444,"{""type"":""MultiPoint"",""coordinates"":[]}"
00000000000000000490,HYD_1169,17.334650572600555,78.6184218172714,1.4859601226355674,"{""type"":""MultiPoint"",""coordinates"":[]}"
00000000000000000491,HYD_1170,17.3347620409201,78.62782608579505,1.2117894200599821,"{""type"":""MultiPoint"",""coordinates"":[]}"
00000000000000000492,HYD_1171,17.334873532057202,78.6372303234003,0.0,"{""type"":""MultiPoint"",""coordinates"":[]}"
00000000000000000493,HYD_1172,17.334985024553323,78.64663455192073,1.0382444414507639,"{""type"":""MultiPoint"",""coordinates"":[]}"
00000000000000000494,HYD_1173,17.335095710911034,78.65603727139333,0.0,"{""type"":""MultiPoint"",""coordinates"":[]}"
00000000000000000495,HYD_1174,17.322561597390745,78.37408873777478,0.6358145720751445,"{""type"":""MultiPoint"",""coordinates"":[]}"
00000000000000000496,HYD_1175,17.322685690811483,78.383490004498,0.7376893968682356,"{""type"":""MultiPoint"",""coordinates"":[]}"
00000000000000000497,HYD_1176,17.322808659493607,78.39289010415068,0.0,"{""type"":""MultiPoint"",""coordinates"":[]}"
00000000000000000498,HYD_1177,17.32292983644605,78.40229141903701,0.8272373790763814,"{""type"":""MultiPoint"",""coordinates"":[]}"
00000000000000000499,HYD_1178,17.32305210793669,78.41169234333144,1.8340919320986382,"{""type"":""MultiPoint"",""coordinates"":[]}"
0000000000000000049a,HYD_1179,17.323175438468468,78.42109431281204,1.6006413453931816,"{""type"":""MultiPoint"",""coordinates"":[]}"
0000000000000000049b,HYD_1180,17.323295463168673,78.43049522141595,2.174665851941025,"{""type"":""MultiPoint"",""coordinates"":[]}"
0000000000000000049c,HYD_1181,17.323415891698858,78.43989723199525,0.012026434359779814,"{""type"":""MultiPoint"",""coordinates"":[]}"
0000000000000000049d,HYD_1182,17.323536250140897,78.44929925385117,0.0,"{""type"":""MultiPoint"",""coordinates"":[]}"
0000000000000000049e,HYD_1183,17.32365477367103,78.45870015615644,1.1272438211601066,"{""type"":""MultiPoint"",""coordinates"":[]}"
0000000000000000049f,HYD_1184,17.32377222931613,78.46810218182053,0.9244770186237912,"{""type"":""MultiPoint"",""coordinates"":[]}"
000000000000000004a0,HYD_1185,17.323893351256892,78.47750419100042,3.0128557105832257,"{""type"":""MultiPoint"",""coordinates"":[]}"
000000000000000004a1,HYD_1186,17.32401078899551,78.48690624205675,1.0915237362166879,"{""type"":""MultiPoint"",""coordinates"":[]}"
000000000000000004a2,HYD_1187,17.324128562492653,78.49630860697391,0.7068678033229304,"{""type"":""MultiPoint"",""coordinates"":[]}"
000000000000000004a3,HYD_1188,17.32424601201534,78.50570984123718,0.1396444908227777,"{""type"":""MultiPoint"",""coordinates"":[]}"
000000000000000004a4,HYD_1189,17.324363797492524,78.51511223954363,1.0458188870617142,"{""type"":""MultiPoint"",""coordinates"":[]}"
000000000000000004a5,HYD_1190,17.324479361720638,78.52451313808554,0.0,"{""type"":""MultiPoint"",""coordinates"":[]}"
000000000000000004a6,HYD_1191,17.324595286408908,78.53391514094896,0.0,"{""type"":""MultiPoint"",""coordinates"":[]}"
000000000000000004a7,HYD_1192,17.32471156629303,78.54331828409302,0.0,"{""type"":""MultiPoint"",""coordinates"":[]}"
000000000000000004a8,HYD_1193,17.32482568074478,78.55272071798716,0.6118564451060031,"{""type"":""MultiPoint"",""coordinates"":[]}"
000000000000000004a9,HYD_1194,17.324939751677807,78.56212304755257,0.6109310272493356,"{""type"":""MultiPoint"",""coordinates"":[]}"
000000000000000004aa,HYD_1195,17.325054957134117,78.5715265533956,0.0,"{""type"":""MultiPoint"",""coordinates"":[]}"
000000000000000004ab,HYD_1196,17.32516908471924,78.58092897648775,0.0,"{""type"":""MultiPoint"",""coordinates"":[]}"
000000000000000004ac,HYD_1197,17.32528348949572,78.59033019942953,0.05670407216416282,"{""type"":""MultiPoint"",""coordinates"":[]}"
000000000000000004ad,HYD_1198,17.325395729007337,78.59973373033759,1.515586224303299,"{""type"":""MultiPoint"",""coordinates"":[]}"
000000000000000004ae,HYD_1199,17.325506828267187,78.60913687889501,1.8513258881363883,"{""type"":""MultiPoint"",""coordinates"":[]}"
000000000000000004af,HYD_1200,17.325619014205227,78.61853886344996,0.0,"{""type"":""MultiPoint"",""coordinates"":[]}"
000000000000000004b0,HYD_1201,17.325730140819577,78.62794201959899,0.5866420685029264,"{""type"":""MultiPoint"",""coordinates"":[]}"
000000000000000004b1,HYD_1202,17.32584161890734,78.63734626164253,0.9247757708346784,"{""type"":""MultiPoint"",""coordinates"":[]}"
000000000000000004b2,HYD_1203,17.32595345486176,78.64674936535799,0.6881392327971644,"{""type"":""MultiPoint"",""coordinates"":[]}"
000000000000000004b3,HYD_1204,17.32606310590043,78.65615176990809,0.0,"{""type"":""MultiPoint"",""coordinates"":[]}"
000000000000000004b4,HYD_1205,17.313532637007253,78.37421581327045,1.0376256430743367,"{""type"":""MultiPoint"",""coordinates"":[]}"
000000000000000004b5,HYD_1206,17.313654555802792,78.38361782095889,0.31934792394442624,"{""type"":""MultiPoint"",""coordinates"":[]}"
000000000000000004b6,HYD_1207,17.31377751955699,78.39301871596474,1.0102111007216215,"{""type"":""MultiPoint"",""coordinates"":[]}"
000000000000000004b7,HYD_1208,17.313900155456444,78.40241850928403,2.449975985968976,"{""type"":""MultiPoint"",""coordinates"":[]}"
000000000000000004b8,HYD_1209,17.314022045984853,78.41181979957679,0.6019260991254347,"{""type"":""MultiPoint"",""coordinates"":[]}"
000000000000000004b9,HYD_1210,17.314144286041902,78.42121992061607,2.88586044737643,"{""type"":""MultiPoint"",""coordinates"":[]}"
000000000000000004ba,HYD_1211,17.314265804746256,78.43062009398224,0.3492248649717239,"{""type"":""MultiPoint"",""coordinates"":[]}"
000000000000000004bb,HYD_1212,17.314386195143083,78.44002211409978,0.2857866000221533,"{""type"":""MultiPoint"",""coordinates"":[]}"
000000000000000004bc,HYD_1213,17.314505484249747,78.44942448739634,1.8417019247802537,"{""type"":""MultiPoint"",""coordinates"":[]}"
000000000000000004bd,HYD_1214,17.314623613627013,78.45882351943256,1.1127223278580982,"{""type"":""MultiPoint"",""coordinates"":[]}"
000000000000000004be,HYD_1215,17.31474328611808,78.46822480555589,0.9369506465839325,"{""type"":""MultiPoint"",""coordinates"":[]}"
000000000000000004bf,HYD_1216,17.314861868656592,78.47762722217027,1.5009530204772983,"{""type"":""MultiPoint"",""coordinates"":[]}"
000000000000000004c0,HYD_1217,17.314980712649866,78.48702843507303,0.7105266186977748,"{""type"":""MultiPoint"",""coordinates"":[]}"
000000000000000004c1,HYD_1218,17.315097390694785,78.49642973567425,0.0,"{""type"":""MultiPoint"",""coordinates"":[]}"
000000000000000004c2,HYD_1219,17.315214488581294,78.50583216009886,0.0,"{""type"":""MultiPoint"",""coordinates"":[]}"
000000000000000004c3,HYD_1220,17.31533263944097,78.51523338913924,0.7815529440989405,"{""type"":""MultiPoint"",""coordinates"":[]}"
000000000000000004c4,HYD_1221,17.31544930743695,78.52463466147202,0.40225993175612723,"{""type"":""MultiPoint"",""coordinates"":[]}"
000000000000000004c5,HYD_1222,17.31556595399572,78.53403666186082,0.0,"{""type"":""MultiPoint"",""coordinates"":[]}"
000000000000000004c6,HYD_1223,17.315680443607786,78.54343797611583,0.0,"{""type"":""MultiPoint"",""coordinates"":[]}"
000000000000000004c7,HYD_1224,17.31579411046936,78.55283920712475,0.0,"{""type"":""MultiPoint"",""coordinates"":[]}"
000000000000000004c8,HYD_1225,17.315909299166695,78.56224271807736,1.022590501631352,"{""type"":""MultiPoint"",""coordinates"":[]}"
000000000000000004c9,HYD_1226,17.316023454051464,78.5716451317606,0.0,"{""type"":""MultiPoint"",""coordinates"":[]}"
000000000000000004ca,HYD_1227,17.31613786444068,78.58104635408156,0.0,"{""type"":""MultiPoint"",""coordinates"":[]}"
000000000000000004cb,HYD_1228,17.31625087161086,78.59044915483518,0.0,"{""type"":""MultiPoint"",""coordinates"":[]}"
000000000000000004cc,HYD_1229,17.31636417825845,78.59985077686827,1.0174805616669709,"{""type"":""MultiPoint"",""coordinates"":[]}"
000000000000000004cd,HYD_1230,17.31647637271409,78.60925352080233,0.025953697541512288,"{""type"":""MultiPoint"",""coordinates"":[]}"
000000000000000004ce,HYD_1231,17.31658896667335,78.61865593778504,1.025079612456448,"{""type"":""MultiPoint"",""coordinates"":[]}"
000000000000000004cf,HYD_1232,17.31670045844038,78.62805796096804,1.0177279872821892,"{""type"":""MultiPoint"",""coordinates"":[]}"
000000000000000004d0,HYD_1233,17.316812301766756,78.63746107025263,2.231935336341446,"{""type"":""MultiPoint"",""coordinates"":[]}"
000000000000000004d1,HYD_1234,17.31692196644662,78.64686347541907,1.1738315531755732,"{""type"":""MultiPoint"",""coordinates"":[]}"
000000000000000004d2,HYD_1235,17.317031553728576,78.65626583122597,1.0199993020742388,"{""type"":""MultiPoint"",""coordinates"":[]}"
000000000000000004d3,HYD_1236,17.30450260259573,78.37434402588734,0.7780050559153621,"{""type"":""MultiPoint"",""coordinates"":[]}"
000000000000000004d4,HYD_1237,17.304625596501033,78.38374491305437,0.5218452967267537,"{""type"":""MultiPoint"",""coordinates"":[]}"
000000000000000004d5,HYD_1238,17.304747854375613,78.39314580981004,0.0,"{""type"":""MultiPoint"",""coordinates"":[]}"
000000000000000004d6,HYD_1239,17.304870471237997,78.40254560689378,0.334122737844069,"{""type"":""MultiPoint"",""coordinates"":[]}"
000000000000000004d7,HYD_1240,17.304990870429442,78.41194540495168,0.0,"{""type"":""MultiPoint"",""coordinates"":[]}"
000000000000000004d8,HYD_1241,17.305113489809404,78.42134515980813,1.5191575664180292,"{""type"":""MultiPoint"",""coordinates"":[]}"
000000000000000004d9,HYD_1242,17.30523575010244,78.43074606740649,1.1166412077750285,"{""type"":""MultiPoint"",""coordinates"":[]}"
000000000000000004da,HYD_1243,17.305355751743907,78.4401484622017,0.8073208703308289,"{""type"":""MultiPoint"",""coordinates"":[]}"
000000000000000004db,HYD_1244,17.30547354829383,78.44954858789468,0.0,"{""type"":""MultiPoint"",""coordinates"":[]}"
000000000000000004dc,HYD_1245,17.305592871301815,78.45894876444073,0.0,"{""type"":""MultiPoint"",""coordinates"":[]}"
000000000000000004dd,HYD_1246,17.305713247149715,78.46834854253662,0.0,"{""type"":""MultiPoint"",""coordinates"":[]}"
000000000000000004de,HYD_1247,17.305831783994076,78.47774942639569,1.0220634431163036,"{""type"":""MultiPoint"",""coordinates"":[]}"
000000000000000004df,HYD_1248,17.305949209282062,78.48715144703122,1.1225295298646303,"{""type"":""MultiPoint"",""coordinates"":[]}"
000000000000000004e0,HYD_1249,17.306067723105397,78.4965523603095,0.0,"{""type"":""MultiPoint"",""coordinates"":[]}"
000000000000000004e1,HYD_1250,17.306184040310608,78.50595325682673,0.0,"{""type"":""MultiPoint"",""coordinates"":[]}"
000000000000000004e2,HYD_1251,17.306300728410054,78.51535455028645,0.0,"{""type"":""MultiPoint"",""coordinates"":[]}"
000000000000000004e3,HYD_1252,17.306417749876644,78.52475617183855,1.0387096051471505,"{""type"":""MultiPoint"",""coordinates"":[]}"
000000000000000004e4,HYD_1253,17.30653368964851,78.53415821123949,0.0,"{""type"":""MultiPoint"",""coordinates"":[]}"
000000000000000004e5,HYD_1254,17.306648514653272,78.54355758355511,0.0,"{""type"":""MultiPoint"",""coordinates"":[]}"
000000000000000004e6,HYD_1255,17.30676334940778,78.55295997427801,0.0,"{""type"":""MultiPoint"",""coordinates"":[]}"
000000000000000004e7,HYD_1256,17.306879281634924,78.5623620164794,1.1348136385929584,"{""type"":""MultiPoint"",""coordinates"":[]}"
000000000000000004e8,HYD_1257,17.30699334305822,78.5717629056967,0.017060054121129882,"{""type"":""MultiPoint"",""coordinates"":[]}"
000000000000000004e9,HYD_1258,17.307105241439857,78.58116529886281,0.0,"{""type"":""MultiPoint"",""coordinates"":[]}"
000000000000000004ea,HYD_1259,17.30721964689625,78.59056651399794,0.0,"{""type"":""MultiPoint"",""coordinates"":[]}"
000000000000000004eb,HYD_1260,17.307331895131696,78.5999678292122,0.641372949541335,"{""type"":""MultiPoint"",""coordinates"":[]}"
000000000000000004ec,HYD_1261,17.307444494813186,78.60937023308367,0.46973289052326583,"{""type"":""MultiPoint"",""coordinates"":[]}"
000000000000000004ed,HYD_1262,17.30755707828247,78.61877186070514,0.0,"{""type"":""MultiPoint"",""coordinates"":[]}"
000000000000000004ee,HYD_1263,17.30766854280137,78.62817388797069,0.0,"{""type"":""MultiPoint"",""coordinates"":[]}"
000000000000000004ef,HYD_1264,17.307780031076355,78.63757591479163,0.0,"{""type"":""MultiPoint"",""coordinates"":[]}"
000000000000000004f0,HYD_1265,17.307890387267232,78.64697753148988,1.0978201285286144,"{""type"":""MultiPoint"",""coordinates"":[]}"
000000000000000004f1,HYD_1266,17.308000033416196,78.6563814109364,0.0,"{""type"":""MultiPoint"",""coordinates"":[]}"
000000000000000004f2,HYD_1267,17.295595539711382,78.38387312147636,1.0111087397846583,"{""type"":""MultiPoint"",""coordinates"":[]}"
000000000000000004f3,HYD_1268,17.295718186722127,78.39327291132865,0.0,"{""type"":""MultiPoint"",""coordinates"":[]}"
000000000000000004f4,HYD_1269,17.295840806136127,78.40267268912696,0.0,"{""type"":""MultiPoint"",""coordinates"":[]}"
000000000000000004f5,HYD_1270,17.29596118604737,78.41207247558192,0.0,"{""type"":""MultiPoint"",""coordinates"":[]}"
000000000000000004f6,HYD_1271,17.296082681072175,78.42147264057674,1.375866421933765,"{""type"":""MultiPoint"",""coordinates"":[]}"
000000000000000004f7,HYD_1272,17.2962045544347,78.43087314484029,0.0,"{""type"":""MultiPoint"",""coordinates"":[]}"
000000000000000004f8,HYD_1273,17.29632348038375,78.44027366140769,0.0,"{""type"":""MultiPoint"",""coordinates"":[]}"
000000000000000004f9,HYD_1274,17.296442790982596,78.44967382220406,0.0,"{""type"":""MultiPoint"",""coordinates"":[]}"
000000000000000004fa,HYD_1275,17.296563176508982,78.45907360792059,0.0,"{""type"":""MultiPoint"",""coordinates"":[]}"
000000000000000004fb,HYD_1276,17.29668245626076,78.4684737973198,0.0,"{""type"":""MultiPoint"",""coordinates"":[]}"
000000000000000004fc,HYD_1277,17.29680061301956,78.47787279634743,1.014076896595683,"{""type"":""MultiPoint"",""coordinates"":[]}"
000000000000000004fd,HYD_1278,17.296919140650246,78.48727444668681,0.0090808421527459,"{""type"":""MultiPoint"",""coordinates"":[]}"
000000000000000004fe,HYD_1279,17.297036926475858,78.49667459785476,1.1550907912894284,"{""type"":""MultiPoint"",""coordinates"":[]}"
000000000000000004ff,HYD_1280,17.297154010340744,78.5060747745346,0.0,"{""type"":""MultiPoint"",""coordinates"":[]}"
00000000000000000500,HYD_1281,17.2972699319884,78.51547454105305,0.0,"{""type"":""MultiPoint"",""coordinates"":[]}"
00000000000000000501,HYD_1282,17.297385852989596,78.52487656567054,1.0062418491979659,"{""type"":""MultiPoint"",""coordinates"":[]}"
00000000000000000502,HYD_1283,17.29750179861438,78.53427858613763,0.3113885799789296,"{""type"":""MultiPoint"",""coordinates"":[]}"
00000000000000000503,HYD_1284,17.29761774458932,78.54367837697514,0.0,"{""type"":""MultiPoint"",""coordinates"":[]}"
00000000000000000504,HYD_1285,17.297734065541423,78.55307927083054,0.0,"{""type"":""MultiPoint"",""coordinates"":[]}"
00000000000000000505,HYD_1286,17.297848159593666,78.56248169207099,0.0,"{""type"":""MultiPoint"",""coordinates"":[]}"
00000000000000000506,HYD_1287,17.297962187290924,78.5718817997504,1.1313733617702193,"{""type"":""MultiPoint"",""coordinates"":[]}"
00000000000000000507,HYD_1288,17.298075151162486,78.58128307531578,0.8565260031057988,"{""type"":""MultiPoint"",""coordinates"":[]}"
00000000000000000508,HYD_1289,17.298187402381426,78.59068437718857,0.0,"{""type"":""MultiPoint"",""coordinates"":[]}"
00000000000000000509,HYD_1290,17.29830073207067,78.60008449548923,0.0,"{""type"":""MultiPoint"",""coordinates"":[]}"
0000000000000000050a,HYD_1291,17.29841404157441,78.609486912115,1.014125482075194,"{""type"":""MultiPoint"",""coordinates"":[]}"
0000000000000000050b,HYD_1292,17.298525173450468,78.61888779077955,0.0,"{""type"":""MultiPoint"",""coordinates"":[]}"
0000000000000000050c,HYD_1293,17.29863665996602,78.628289799917,0.0,"{""type"":""MultiPoint"",""coordinates"":[]}"
0000000000000000050d,HYD_1294,17.298748129017234,78.63769183726396,0.0,"{""type"":""MultiPoint"",""coordinates"":[]}"
0000000000000000050e,HYD_1295,17.298858861198507,78.64709311586346,1.0158145866019874,"{""type"":""MultiPoint"",""coordinates"":[]}"
0000000000000000050f,HYD_1296,17.29896737432882,78.65649436892244,0.0,"{""type"":""MultiPoint"",""coordinates"":[]}"
00000000000000000510,HYD_1297,17.286565856908613,78.38400019905013,1.0448318806483143,"{""type"":""MultiPoint"",""coordinates"":[]}"
00000000000000000511,HYD_1298,17.28668848658286,78.39339999060739,0.0,"{""type"":""MultiPoint"",""coordinates"":[]}"
00000000000000000512,HYD_1299,17.286811117092682,78.40279978642799,0.0,"{""type"":""MultiPoint"",""coordinates"":[]}"
00000000000000000513,HYD_1300,17.286931499903034,78.4121995536172,1.1403018522962851,"{""type"":""MultiPoint"",""coordinates"":[]}"
00000000000000000514,HYD_1301,17.287051885901942,78.42159933616955,0.07920690129805183,"{""type"":""MultiPoint"",""coordinates"":[]}"
00000000000000000515,HYD_1302,17.28717229712088,78.43099912566426,0.0,"{""type"":""MultiPoint"",""coordinates"":[]}"
00000000000000000516,HYD_1303,17.287292703257123,78.4403989065485,0.0,"{""type"":""MultiPoint"",""coordinates"":[]}"
00000000000000000517,HYD_1304,17.287413103723164,78.44979867741796,0.0,"{""type"":""MultiPoint"",""coordinates"":[]}"
00000000000000000518,HYD_1305,17.287533864007376,78.459197343491,0.0,"{""type"":""MultiPoint"",""coordinates"":[]}"
00000000000000000519,HYD_1306,17.28765166284301,78.46859603305187,0.0,"{""type"":""MultiPoint"",""coordinates"":[]}"
0000000000000000051a,HYD_1307,17.287769816164506,78.4779958276332,1.0659539676511995,"{""type"":""MultiPoint"",""coordinates"":[]}"
0000000000000000051b,HYD_1308,17.28788796940269,78.48739558667934,0.0,"{""type"":""MultiPoint"",""coordinates"":[]}"
0000000000000000051c,HYD_1309,17.28800612856124,78.49679538204623,1.0253329453056463,"{""type"":""MultiPoint"",""coordinates"":[]}"
0000000000000000051d,HYD_1310,17.288123950151387,78.50619629815797,0.0,"{""type"":""MultiPoint"",""coordinates"":[]}"
0000000000000000051e,HYD_1311,17.288240250562094,78.51559717829805,0.0,"{""type"":""MultiPoint"",""coordinates"":[]}"
0000000000000000051f,HYD_1312,17.28835654790858,78.52499805402539,0.0,"{""type"":""MultiPoint"",""coordinates"":[]}"
00000000000000000520,HYD_1313,17.288472148990024,78.53439897630581,1.1176971912553495,"{""type"":""MultiPoint"",""coordinates"":[]}"
00000000000000000521,HYD_1314,17.2885880869493,78.54379876251772,0.0,"{""type"":""MultiPoint"",""coordinates"":[]}"
00000000000000000522,HYD_1315,17.288702904715358,78.55319894325679,0.0,"{""type"":""MultiPoint"",""coordinates"":[]}"
00000000000000000523,HYD_1316,17.288816914432953,78.56259904041619,0.0,"{""type"":""MultiPoint"",""coordinates"":[]}"
00000000000000000524,HYD_1317,17.288930295672117,78.5720007198944,0.0,"{""type"":""MultiPoint"",""coordinates"":[]}"
00000000000000000525,HYD_1318,17.289044021603747,78.58139976504464,0.4479496857443212,"{""type"":""MultiPoint"",""coordinates"":[]}"
00000000000000000526,HYD_1319,17.289156237729202,78.59080104609485,0.6802026097024394,"{""type"":""MultiPoint"",""coordinates"":[]}"
00000000000000000527,HYD_1320,17.289269558387304,78.60020344259932,0.0,"{""type"":""MultiPoint"",""coordinates"":[]}"
00000000000000000528,HYD_1321,17.289381805355163,78.60960396021575,1.0670384070620642,"{""type"":""MultiPoint"",""coordinates"":[]}"
00000000000000000529,HYD_1322,17.289493266618756,78.6190037284794,0.0,"{""type"":""MultiPoint"",""coordinates"":[]}"
0000000000000000052a,HYD_1323,17.289604747608312,78.62840574851921,0.0,"{""type"":""MultiPoint"",""coordinates"":[]}"
0000000000000000052b,HYD_1324,17.28971622490272,78.63780776734906,0.0,"{""type"":""MultiPoint"",""coordinates"":[]}"
0000000000000000052c,HYD_1325,17.289826584281805,78.64720716280885,1.027624191762898,"{""type"":""MultiPoint"",""coordinates"":[]}"
0000000000000000052d,HYD_1326,17.289937313498296,78.6566084275004,0.0,"{""type"":""MultiPoint"",""coordinates"":[]}"
0000000000000000052e,HYD_1327,17.277536174999568,78.3841272822257,1.0159637838771205,"{""type"":""MultiPoint"",""coordinates"":[]}"
0000000000000000052f,HYD_1328,17.277658799309034,78.39352707804265,0.0,"{""type"":""MultiPoint"",""coordinates"":[]}"
00000000000000000530,HYD_1329,17.277781782702572,78.4029257435383,1.1351696070508102,"{""type"":""MultiPoint"",""coordinates"":[]}"
00000000000000000531,HYD_1330,17.2779018171356,78.41232442649341,0.5349603642874209,"{""type"":""MultiPoint"",""coordinates"":[]}"
00000000000000000532,HYD_1331,17.27802220620425,78.42172418998544,0.0,"{""type"":""MultiPoint"",""coordinates"":[]}"
00000000000000000533,HYD_1332,17.278142621058244,78.43112397565571,0.0,"{""type"":""MultiPoint"",""coordinates"":[]}"
00000000000000000534,HYD_1333,17.278263016573543,78.44052375172843,0.0,"{""type"":""MultiPoint"",""coordinates"":[]}"
00000000000000000535,HYD_1334,17.278383749933514,78.44992243142555,0.0,"{""type"":""MultiPoint"",""coordinates"":[]}"
00000000000000000536,HYD_1335,17.278503440699676,78.45932000381168,0.0,"{""type"":""MultiPoint"",""coordinates"":[]}"
00000000000000000537,HYD_1336,17.27862198812038,78.46871866154135,0.7823068841713139,"{""type"":""MultiPoint"",""coordinates"":[]}"
00000000000000000538,HYD_1337,17.27874015422481,78.47811845893985,0.2206324222446532,"{""type"":""MultiPoint"",""coordinates"":[]}"
00000000000000000539,HYD_1338,17.278858298648355,78.48751821396337,0.0,"{""type"":""MultiPoint"",""coordinates"":[]}"
0000000000000000053a,HYD_1339,17.27897534582477,78.49691836162775,1.0266058894498247,"{""type"":""MultiPoint"",""coordinates"":[]}"
0000000000000000053b,HYD_1340,17.279092760075248,78.50631888265342,0.0,"{""type"":""MultiPoint"",""coordinates"":[]}"
0000000000000000053c,HYD_1341,17.279209447706712,78.5157194077737,0.0,"{""type"":""MultiPoint"",""coordinates"":[]}"
0000000000000000053d,HYD_1342,17.279326512125316,78.52511957867677,0.0,"{""type"":""MultiPoint"",""coordinates"":[]}"
0000000000000000053e,HYD_1343,17.279441329924936,78.53451973608082,1.00605635752925,"{""type"":""MultiPoint"",""coordinates"":[]}"
0000000000000000053f,HYD_1344,17.279556154427638,78.54391913372305,0.0,"{""type"":""MultiPoint"",""coordinates"":[]}"
00000000000000000540,HYD_1345,17.27967095397128,78.55331854677036,0.0,"{""type"":""MultiPoint"",""coordinates"":[]}"
00000000000000000541,HYD_1346,17.279785767015593,78.56271872346817,0.0,"{""type"":""MultiPoint"",""coordinates"":[]}"
00000000000000000542,HYD_1347,17.279899507506247,78.57211851478225,0.0,"{""type"":""MultiPoint"",""coordinates"":[]}"
00000000000000000543,HYD_1348,17.280012107810677,78.58151868789794,0.0,"{""type"":""MultiPoint"",""coordinates"":[]}"
00000000000000000544,HYD_1349,17.28012614923074,78.59091880571496,1.0000485408279618,"{""type"":""MultiPoint"",""coordinates"":[]}"
00000000000000000545,HYD_1350,17.280238406085594,78.60032009443192,0.0,"{""type"":""MultiPoint"",""coordinates"":[]}"
00000000000000000546,HYD_1351,17.280349880930373,78.60971988663596,0.33941922725463236,"{""type"":""MultiPoint"",""coordinates"":[]}"
00000000000000000547,HYD_1352,17.28046134991594,78.61911965099353,1.0454178257264362,"{""type"":""MultiPoint"",""coordinates"":[]}"
00000000000000000548,HYD_1353,17.28057317380146,78.62852054603859,1.0031237306937464,"{""type"":""MultiPoint"",""coordinates"":[]}"
00000000000000000549,HYD_1354,17.280683939492643,78.63792258167656,1.778482499723122,"{""type"":""MultiPoint"",""coordinates"":[]}"
0000000000000000054a,HYD_1355,17.280795793567787,78.64732349663757,1.3675772783658906,"{""type"":""MultiPoint"",""coordinates"":[]}"
0000000000000000054b,HYD_1356,17.268383871701527,78.37485680658915,1.464909632007019,"{""type"":""MultiPoint"",""coordinates"":[]}"
0000000000000000054c,HYD_1357,17.268506845049327,78.38425546883333,1.6803289783604127,"{""type"":""MultiPoint"",""coordinates"":[]}"
0000000000000000054d,HYD_1358,17.268629133344284,78.39365414972882,1.527134410870278,"{""type"":""MultiPoint"",""coordinates"":[]}"
0000000000000000054e,HYD_1359,17.26875139761747,78.4030528477462,0.06961869136718851,"{""type"":""MultiPoint"",""coordinates"":[]}"
0000000000000000054f,HYD_1360,17.268872507500912,78.41245037960839,0.0,"{""type"":""MultiPoint"",""coordinates"":[]}"
00000000000000000550,HYD_1361,17.268992548124032,78.42184904360532,0.0,"{""type"":""MultiPoint"",""coordinates"":[]}"
00000000000000000551,HYD_1362,17.26911294423473,78.43124881782548,0.0,"{""type"":""MultiPoint"",""coordinates"":[]}"
00000000000000000552,HYD_1363,17.269233677685577,78.4406474658324,0.0,"{""type"":""MultiPoint"",""coordinates"":[]}"
00000000000000000553,HYD_1364,17.269353355210317,78.45004505241144,0.0,"{""type"":""MultiPoint"",""coordinates"":[]}"
00000000000000000554,HYD_1365,17.26947299576426,78.45944410966669,0.0,"{""type"":""MultiPoint"",""coordinates"":[]}"
00000000000000000555,HYD_1366,17.26959116552037,78.46884311632864,1.1040097548078185,"{""type"":""MultiPoint"",""coordinates"":[]}"
00000000000000000556,HYD_1367,17.269709712367526,78.47824256351902,1.1811751859149258,"{""type"":""MultiPoint"",""coordinates"":[]}"
00000000000000000557,HYD_1368,17.269827485102308,78.48764045602117,0.0,"{""type"":""MultiPoint"",""coordinates"":[]}"
00000000000000000558,HYD_1369,17.269944545202257,78.49704060642314,1.0668865501291458,"{""type"":""MultiPoint"",""coordinates"":[]}"
00000000000000000559,HYD_1370,17.27006048319202,78.50644039994899,0.0,"{""type"":""MultiPoint"",""coordinates"":[]}"
0000000000000000055a,HYD_1371,17.270177566101232,78.51584056099512,0.0,"{""type"":""MultiPoint"",""coordinates"":[]}"
0000000000000000055b,HYD_1372,17.270294588656586,78.5252399566358,0.0,"{""type"":""MultiPoint"",""coordinates"":[]}"
0000000000000000055c,HYD_1373,17.270409366154755,78.53463936957462,0.6642665186105671,"{""type"":""MultiPoint"",""coordinates"":[]}"
0000000000000000055d,HYD_1374,17.27052458671869,78.54403841907656,0.09630495936500626,"{""type"":""MultiPoint"",""coordinates"":[]}"
0000000000000000055e,HYD_1375,17.270640161747743,78.55343710390261,0.0,"{""type"":""MultiPoint"",""coordinates"":[]}"
0000000000000000055f,HYD_1376,17.27075499776267,78.5628372910654,0.0,"{""type"":""MultiPoint"",""coordinates"":[]}"
00000000000000000560,HYD_1377,17.27086869085942,78.57223630067757,0.0,"{""type"":""MultiPoint"",""coordinates"":[]}"
00000000000000000561,HYD_1378,17.270981303622765,78.58163646369347,0.0,"{""type"":""MultiPoint"",""coordinates"":[]}"
00000000000000000562,HYD_1379,17.27109389188628,78.5910366235217,1.005757035320546,"{""type"":""MultiPoint"",""coordinates"":[]}"
00000000000000000563,HYD_1380,17.271207588196003,78.60043564690582,0.0,"{""type"":""MultiPoint"",""coordinates"":[]}"
00000000000000000564,HYD_1381,17.271320176486373,78.60983581993352,0.0,"{""type"":""MultiPoint"",""coordinates"":[]}"
00000000000000000565,HYD_1382,17.27143164808468,78.61923560253292,0.0,"{""type"":""MultiPoint"",""coordinates"":[]}"
00000000000000000566,HYD_1383,17.27154314493606,78.62863537117357,0.8144368116847823,"{""type"":""MultiPoint"",""coordinates"":[]}"
00000000000000000567,HYD_1384,17.271653873185812,78.63803666254323,0.5567961833112394,"{""type"":""MultiPoint"",""coordinates"":[]}"
00000000000000000568,HYD_1385,17.259354544994984,78.37498496771732,1.2739567329636694,"{""type"":""MultiPoint"",""coordinates"":[]}"
00000000000000000569,HYD_1386,17.25947646864296,78.38438258876376,2.3728540633221535,"{""type"":""MultiPoint"",""coordinates"":[]}"
0000000000000000056a,HYD_1387,17.259599810198385,78.39378011139459,1.01603230007427,"{""type"":""MultiPoint"",""coordinates"":[]}"
0000000000000000056b,HYD_1388,17.259722090781167,78.40317879049225,0.0,"{""type"":""MultiPoint"",""coordinates"":[]}"
0000000000000000056c,HYD_1389,17.25984211140797,78.4125774863856,0.0,"{""type"":""MultiPoint"",""coordinates"":[]}"
0000000000000000056d,HYD_1390,17.259963219823184,78.42197499262053,0.0,"{""type"":""MultiPoint"",""coordinates"":[]}"
0000000000000000056e,HYD_1391,17.26008326171894,78.43137367365581,0.0,"{""type"":""MultiPoint"",""coordinates"":[]}"
0000000000000000056f,HYD_1392,17.2602036613192,78.44077122299332,0.0,"{""type"":""MultiPoint"",""coordinates"":[]}"
00000000000000000570,HYD_1393,17.260324037154056,78.4501687840271,0.0,"{""type"":""MultiPoint"",""coordinates"":[]}"
00000000000000000571,HYD_1394,17.26044219098544,78.4595685680813,1.311273200486052,"{""type"":""MultiPoint"",""coordinates"":[]}"
00000000000000000572,HYD_1395,17.260560719347414,78.46896723215954,0.026600610426749428,"{""type"":""MultiPoint"",""coordinates"":[]}"
00000000000000000573,HYD_1396,17.260678191547843,78.47836480115416,1.0022534775011782,"{""type"":""MultiPoint"",""coordinates"":[]}"
00000000000000000574,HYD_1397,17.260796705148575,78.48776347604654,0.0,"{""type"":""MultiPoint"",""coordinates"":[]}"
00000000000000000575,HYD_1398,17.26091522170397,78.49716212814275,1.3213945619683025,"{""type"":""MultiPoint"",""coordinates"":[]}"
00000000000000000576,HYD_1399,17.261030813793127,78.50656080770831,0.0,"{""type"":""MultiPoint"",""coordinates"":[]}"
00000000000000000577,HYD_1400,17.261146760471966,78.51596058804986,0.0,"{""type"":""MultiPoint"",""coordinates"":[]}"
00000000000000000578,HYD_1401,17.261262688080592,78.52536034989197,0.0,"{""type"":""MultiPoint"",""coordinates"":[]}"
00000000000000000579,HYD_1402,17.261378962247733,78.53475902944147,0.0,"{""type"":""MultiPoint"",""coordinates"":[]}"
0000000000000000057a,HYD_1403,17.261494175807638,78.5441566142343,0.0,"{""type"":""MultiPoint"",""coordinates"":[]}"
0000000000000000057b,HYD_1404,17.26160939190871,78.55355566117069,0.0,"{""type"":""MultiPoint"",""coordinates"":[]}"
0000000000000000057c,HYD_1405,17.26172308257131,78.56295468911398,0.0,"{""type"":""MultiPoint"",""coordinates"":[]}"
0000000000000000057d,HYD_1406,17.26183681928779,78.5723552352161,0.0,"{""type"":""MultiPoint"",""coordinates"":[]}"
0000000000000000057e,HYD_1407,17.261950471972057,78.58175424639192,0.209786602628057,"{""type"":""MultiPoint"",""coordinates"":[]}"
0000000000000000057f,HYD_1408,17.262063089608077,78.59115440969822,0.861712207523297,"{""type"":""MultiPoint"",""coordinates"":[]}"
00000000000000000580,HYD_1409,17.262176067860167,78.60055345494605,0.0,"{""type"":""MultiPoint"",""coordinates"":[]}"
00000000000000000581,HYD_1410,17.26228828158978,78.6099517603105,0.0,"{""type"":""MultiPoint"",""coordinates"":[]}"
00000000000000000582,HYD_1411,17.26239976969975,78.61935156163833,0.0,"{""type"":""MultiPoint"",""coordinates"":[]}"
00000000000000000583,HYD_1412,17.262511252612594,78.6287513193918,1.145823317223244,"{""type"":""MultiPoint"",""coordinates"":[]}"
00000000000000000584,HYD_1413,17.250324491791837,78.3751132245911,1.0730685327303455,"{""type"":""MultiPoint"",""coordinates"":[]}"
00000000000000000585,HYD_1414,17.250447487588065,78.38450965061064,0.17551413599280735,"{""type"":""MultiPoint"",""coordinates"":[]}"
00000000000000000586,HYD_1415,17.250569400800565,78.39390721184996,0.43298352838181287,"{""type"":""MultiPoint"",""coordinates"":[]}"
00000000000000000587,HYD_1416,17.250692763262563,78.40330474875014,1.2811092368904495,"{""type"":""MultiPoint"",""coordinates"":[]}"
00000000000000000588,HYD_1417,17.250812772213354,78.41270340930056,0.0,"{""type"":""MultiPoint"",""coordinates"":[]}"
00000000000000000589,HYD_1418,17.25093318425963,78.42210097067377,0.0,"{""type"":""MultiPoint"",""coordinates"":[]}"
0000000000000000058a,HYD_1419,17.251053594036694,78.43149853745693,0.0,"{""type"":""MultiPoint"",""coordinates"":[]}"
0000000000000000058b,HYD_1420,17.251173977919724,78.440896103964,0.0,"{""type"":""MultiPoint"",""coordinates"":[]}"
0000000000000000058c,HYD_1421,17.251293262614684,78.45029402414433,0.18927136890287516,"{""type"":""MultiPoint"",""coordinates"":[]}"
0000000000000000058d,HYD_1422,17.251411744051342,78.45969191774206,0.7025013441166044,"{""type"":""MultiPoint"",""coordinates"":[]}"
0000000000000000058e,HYD_1423,17.25153033687526,78.46908987364905,0.0,"{""type"":""MultiPoint"",""coordinates"":[]}"
0000000000000000058f,HYD_1424,17.251649230152882,78.47848741220872,2.0822321257511427,"{""type"":""MultiPoint"",""coordinates"":[]}"
00000000000000000590,HYD_1425,17.25176593378183,78.48788648001555,0.7406692229689422,"{""type"":""MultiPoint"",""coordinates"":[]}"
00000000000000000591,HYD_1426,17.251883736586155,78.49728440178342,0.38998434321638514,"{""type"":""MultiPoint"",""coordinates"":[]}"
00000000000000000592,HYD_1427,17.25200151869099,78.50668232566284,0.0,"{""type"":""MultiPoint"",""coordinates"":[]}"
00000000000000000593,HYD_1428,17.252117097552432,78.51608098458291,0.0,"{""type"":""MultiPoint"",""coordinates"":[]}"
00000000000000000594,HYD_1429,17.252233025289733,78.52548076439594,0.0,"{""type"":""MultiPoint"",""coordinates"":[]}"
00000000000000000595,HYD_1430,17.2523489546369,78.53487833054375,0.0,"{""type"":""MultiPoint"",""coordinates"":[]}"
00000000000000000596,HYD_1431,17.252463787030894,78.54427628482856,0.0,"{""type"":""MultiPoint"",""coordinates"":[]}"
00000000000000000597,HYD_1432,17.252577458422714,78.55367530114896,0.0,"{""type"":""MultiPoint"",""coordinates"":[]}"
00000000000000000598,HYD_1433,17.252692656337263,78.56307434353654,0.0,"{""type"":""MultiPoint"",""coordinates"":[]}"
00000000000000000599,HYD_1434,17.252806003176076,78.5724730208851,0.0,"{""type"":""MultiPoint"",""coordinates"":[]}"
0000000000000000059a,HYD_1435,17.25291860266514,78.58187319096677,1.0025349185781378,"{""type"":""MultiPoint"",""coordinates"":[]}"
0000000000000000059b,HYD_1436,17.25303228848131,78.59127220333903,0.0,"{""type"":""MultiPoint"",""coordinates"":[]}"
0000000000000000059c,HYD_1437,17.253144538902344,78.6006712500769,0.0,"{""type"":""MultiPoint"",""coordinates"":[]}"
0000000000000000059d,HYD_1438,17.253256765468905,78.61006880302432,0.0,"{""type"":""MultiPoint"",""coordinates"":[]}"
0000000000000000059e,HYD_1439,17.25336786139452,78.61946748329161,1.0219134473790519,"{""type"":""MultiPoint"",""coordinates"":[]}"
0000000000000000059f,HYD_1440,17.24141742133119,78.38463783618572,0.0,"{""type"":""MultiPoint"",""coordinates"":[]}"
000000000000000005a0,HYD_1441,17.24153932461158,78.39403466170883,0.0,"{""type"":""MultiPoint"",""coordinates"":[]}"
000000000000000005a1,HYD_1442,17.241661210110767,78.40343146624028,1.4157200193088866,"{""type"":""MultiPoint"",""coordinates"":[]}"
000000000000000005a2,HYD_1443,17.2417834572264,78.4128293777468,1.2554185297341556,"{""type"":""MultiPoint"",""coordinates"":[]}"
000000000000000005a3,HYD_1444,17.241903506661938,78.42222582388086,0.0,"{""type"":""MultiPoint"",""coordinates"":[]}"
000000000000000005a4,HYD_1445,17.242023897668123,78.43162337917104,0.0,"{""type"":""MultiPoint"",""coordinates"":[]}"
000000000000000005a5,HYD_1446,17.242144293095663,78.44102094849481,0.0,"{""type"":""MultiPoint"",""coordinates"":[]}"
000000000000000005a6,HYD_1447,17.242262442398907,78.45041850089584,0.0,"{""type"":""MultiPoint"",""coordinates"":[]}"
000000000000000005a7,HYD_1448,17.242380610059552,78.45981606586989,0.0,"{""type"":""MultiPoint"",""coordinates"":[]}"
000000000000000005a8,HYD_1449,17.242500271848495,78.46921286500411,0.0,"{""type"":""MultiPoint"",""coordinates"":[]}"
000000000000000005a9,HYD_1450,17.24261771210599,78.478609664887,1.005063619521996,"{""type"":""MultiPoint"",""coordinates"":[]}"
000000000000000005aa,HYD_1451,17.24273547717273,78.48800758481222,1.0996429900588272,"{""type"":""MultiPoint"",""coordinates"":[]}"
000000000000000005ab,HYD_1452,17.2428521842721,78.49740667838631,0.5020050900888794,"{""type"":""MultiPoint"",""coordinates"":[]}"
000000000000000005ac,HYD_1453,17.242970352727312,78.50680345665224,0.0,"{""type"":""MultiPoint"",""coordinates"":[]}"
000000000000000005ad,HYD_1454,17.243087414139033,78.51620139633094,0.0,"{""type"":""MultiPoint"",""coordinates"":[]}"
000000000000000005ae,HYD_1455,17.24320223291114,78.52560157198151,0.0,"{""type"":""MultiPoint"",""coordinates"":[]}"
000000000000000005af,HYD_1456,17.243317042634406,78.53499875577916,0.0,"{""type"":""MultiPoint"",""coordinates"":[]}"
000000000000000005b0,HYD_1457,17.24343185397251,78.54439589906133,0.0,"{""type"":""MultiPoint"",""coordinates"":[]}"
000000000000000005b1,HYD_1458,17.243547018896486,78.5537949445746,0.0,"{""type"":""MultiPoint"",""coordinates"":[]}"
000000000000000005b2,HYD_1459,17.24366115188407,78.56319290966601,0.0,"{""type"":""MultiPoint"",""coordinates"":[]}"
000000000000000005b3,HYD_1460,17.24377520855798,78.57259079337565,0.0,"{""type"":""MultiPoint"",""coordinates"":[]}"
000000000000000005b4,HYD_1461,17.243888166386096,78.58198985117482,1.0011766441629126,"{""type"":""MultiPoint"",""coordinates"":[]}"
000000000000000005b5,HYD_1462,17.24400041259841,78.5913889057105,0.0,"{""type"":""MultiPoint"",""coordinates"":[]}"
000000000000000005b6,HYD_1463,17.24411301636234,78.60078830346914,0.0,"{""type"":""MultiPoint"",""coordinates"":[]}"
000000000000000005b7,HYD_1464,17.2442244795028,78.61018584957101,0.39475501330045093,"{""type"":""MultiPoint"",""coordinates"":[]}"
000000000000000005b8,HYD_1465,17.232387780481083,78.38476493429293,0.0,"{""type"":""MultiPoint"",""coordinates"":[]}"
000000000000000005b9,HYD_1466,17.232507829527197,78.39416139113017,0.0,"{""type"":""MultiPoint"",""coordinates"":[]}"
000000000000000005ba,HYD_1467,17.23263116899301,78.4035589184899,1.0013680784962793,"{""type"":""MultiPoint"",""coordinates"":[]}"
000000000000000005bb,HYD_1468,17.232753430711497,78.41295536646184,0.03101650843217892,"{""type"":""MultiPoint"",""coordinates"":[]}"
000000000000000005bc,HYD_1469,17.23287383116931,78.4223506692126,1.2706924810863025,"{""type"":""MultiPoint"",""coordinates"":[]}"
000000000000000005bd,HYD_1470,17.232994203734872,78.43174822846139,0.3991951001120652,"{""type"":""MultiPoint"",""coordinates"":[]}"
000000000000000005be,HYD_1471,17.233113496755603,78.44114618485057,0.0,"{""type"":""MultiPoint"",""coordinates"":[]}"
000000000000000005bf,HYD_1472,17.233232031537135,78.4505418622025,0.0,"{""type"":""MultiPoint"",""coordinates"":[]}"
000000000000000005c0,HYD_1473,17.23335060054442,78.45993981339282,0.0,"{""type"":""MultiPoint"",""coordinates"":[]}"
000000000000000005c1,HYD_1474,17.23346911944126,78.46933625332152,0.0,"{""type"":""MultiPoint"",""coordinates"":[]}"
000000000000000005c2,HYD_1475,17.23358763400969,78.4787326803834,1.0024736218826367,"{""type"":""MultiPoint"",""coordinates"":[]}"
000000000000000005c3,HYD_1476,17.23370508023158,78.48813023236733,0.0,"{""type"":""MultiPoint"",""coordinates"":[]}"
000000000000000005c4,HYD_1477,17.233821734862065,78.49752777173897,0.8995894935083297,"{""type"":""MultiPoint"",""coordinates"":[]}"
000000000000000005c5,HYD_1478,17.23393807793068,78.50692575086467,0.510588318333106,"{""type"":""MultiPoint"",""coordinates"":[]}"
000000000000000005c6,HYD_1479,17.23405584114577,78.51632288736646,0.0,"{""type"":""MultiPoint"",""coordinates"":[]}"
000000000000000005c7,HYD_1480,17.23417029551629,78.52572117936735,0.0,"{""type"":""MultiPoint"",""coordinates"":[]}"
000000000000000005c8,HYD_1481,17.23428513062188,78.5351191451245,0.0,"{""type"":""MultiPoint"",""coordinates"":[]}"
000000000000000005c9,HYD_1482,17.234401424615626,78.5445155391553,0.0,"{""type"":""MultiPoint"",""coordinates"":[]}"
000000000000000005ca,HYD_1483,17.23451553800584,78.55391350779382,0.0,"{""type"":""MultiPoint"",""coordinates"":[]}"
000000000000000005cb,HYD_1484,17.234629569427227,78.56331140172529,0.0,"{""type"":""MultiPoint"",""coordinates"":[]}"
000000000000000005cc,HYD_1485,17.234743655796684,78.57271082094832,0.0,"{""type"":""MultiPoint"",""coordinates"":[]}"
000000000000000005cd,HYD_1486,17.234856645671194,78.58210764704674,1.0064611667473764,"{""type"":""MultiPoint"",""coordinates"":[]}"
000000000000000005ce,HYD_1487,17.234969972099968,78.59150558457958,0.0,"{""type"":""MultiPoint"",""coordinates"":[]}"
000000000000000005cf,HYD_1488,17.223358114356483,78.38489203842042,0.565938046189358,"{""type"":""MultiPoint"",""coordinates"":[]}"
000000000000000005d0,HYD_1489,17.223478858346958,78.39428845614141,0.0,"{""type"":""MultiPoint"",""coordinates"":[]}"
000000000000000005d1,HYD_1490,17.22360001782234,78.40368525237797,1.023660896002918,"{""type"":""MultiPoint"",""coordinates"":[]}"
000000000000000005d2,HYD_1491,17.223722641042094,78.41307981691234,0.0,"{""type"":""MultiPoint"",""coordinates"":[]}"
000000000000000005d3,HYD_1492,17.223844153160535,78.42247554351698,0.0,"{""type"":""MultiPoint"",""coordinates"":[]}"
000000000000000005d4,HYD_1493,17.223963442690962,78.43187346903082,0.8320479518892189,"{""type"":""MultiPoint"",""coordinates"":[]}"
000000000000000005d5,HYD_1494,17.224081578321915,78.44127027505898,0.8267772758901148,"{""type"":""MultiPoint"",""coordinates"":[]}"
000000000000000005d6,HYD_1495,17.224200890497425,78.45066599167959,0.0,"{""type"":""MultiPoint"",""coordinates"":[]}"
000000000000000005d7,HYD_1496,17.2243216288097,78.460062416589,0.0,"{""type"":""MultiPoint"",""coordinates"":[]}"
000000000000000005d8,HYD_1497,17.224439443448055,78.46945887352562,0.0,"{""type"":""MultiPoint"",""coordinates"":[]}"
000000000000000005d9,HYD_1498,17.224556134880686,78.47885572422527,1.0033056590355776,"{""type"":""MultiPoint"",""coordinates"":[]}"
000000000000000005da,HYD_1499,17.224674990852627,78.4882524822617,0.0,"{""type"":""MultiPoint"",""coordinates"":[]}"
000000000000000005db,HYD_1500,17.224791702430142,78.49764927645606,0.0,"{""type"":""MultiPoint"",""coordinates"":[]}"
000000000000000005dc,HYD_1501,17.224907631005046,78.50704685403784,1.243787581029032,"{""type"":""MultiPoint"",""coordinates"":[]}"
000000000000000005dd,HYD_1502,17.225023563345747,78.51644440699299,0.0,"{""type"":""MultiPoint"",""coordinates"":[]}"
000000000000000005de,HYD_1503,17.22513988532668,78.52584083545784,0.0,"{""type"":""MultiPoint"",""coordinates"":[]}"
000000000000000005df,HYD_1504,17.22525510505481,78.53523840238988,0.0,"{""type"":""MultiPoint"",""coordinates"":[]}"
000000000000000005e0,HYD_1505,17.22537028513895,78.54463522913122,0.0,"{""type"":""MultiPoint"",""coordinates"":[]}"
000000000000000005e1,HYD_1506,17.225483981831914,78.55403200962965,0.0,"{""type"":""MultiPoint"",""coordinates"":[]}"
000000000000000005e2,HYD_1507,17.22559915001485,78.56343106331465,0.0,"{""type"":""MultiPoint"",""coordinates"":[]}"
000000000000000005e3,HYD_1508,17.22571248787947,78.57282751276645,0.0,"{""type"":""MultiPoint"",""coordinates"":[]}"
000000000000000005e4,HYD_1509,17.214328405436788,78.38501910664472,1.1725077536799575,"{""type"":""MultiPoint"",""coordinates"":[]}"
000000000000000005e5,HYD_1510,17.214448785690966,78.39441440874349,0.7510875993413977,"{""type"":""MultiPoint"",""coordinates"":[]}"
000000000000000005e6,HYD_1511,17.214569207213014,78.40380972176779,0.26940396645338643,"{""type"":""MultiPoint"",""coordinates"":[]}"
000000000000000005e7,HYD_1512,17.214690747880283,78.41320545814251,0.0,"{""type"":""MultiPoint"",""coordinates"":[]}"
000000000000000005e8,HYD_1513,17.214812251194935,78.42260041821469,0.0,"{""type"":""MultiPoint"",""coordinates"":[]}"
000000000000000005e9,HYD_1514,17.2149318676739,78.43199645317644,0.0,"{""type"":""MultiPoint"",""coordinates"":[]}"
000000000000000005ea,HYD_1515,17.21505044263472,78.44139437863566,0.5870869114004196,"{""type"":""MultiPoint"",""coordinates"":[]}"
000000000000000005eb,HYD_1516,17.21517120494772,78.45079083912876,1.0505635235377873,"{""type"":""MultiPoint"",""coordinates"":[]}"
000000000000000005ec,HYD_1517,17.21529049537541,78.46018654932959,0.0,"{""type"":""MultiPoint"",""coordinates"":[]}"
000000000000000005ed,HYD_1518,17.215408624084223,78.46958111576832,0.0,"{""type"":""MultiPoint"",""coordinates"":[]}"
000000000000000005ee,HYD_1519,17.215526056074435,78.47897794245903,1.010192510694957,"{""type"":""MultiPoint"",""coordinates"":[]}"
000000000000000005ef,HYD_1520,17.215642740186656,78.48837475395362,0.0,"{""type"":""MultiPoint"",""coordinates"":[]}"
000000000000000005f0,HYD_1521,17.215760532659523,78.49777042714402,0.0,"{""type"":""MultiPoint"",""coordinates"":[]}"
000000000000000005f1,HYD_1522,17.21587830141144,78.50716835596073,1.0865521266851637,"{""type"":""MultiPoint"",""coordinates"":[]}"
000000000000000005f2,HYD_1523,17.215993888635115,78.51656481068305,0.6490709604549706,"{""type"":""MultiPoint"",""coordinates"":[]}"
000000000000000005f3,HYD_1524,17.216109829625857,78.52596013288104,0.0,"{""type"":""MultiPoint"",""coordinates"":[]}"
000000000000000005f4,HYD_1525,17.21622466774643,78.53535805372864,0.0,"{""type"":""MultiPoint"",""coordinates"":[]}"
000000000000000005f5,HYD_1526,17.216338352760687,78.54475484386288,0.0,"{""type"":""MultiPoint"",""coordinates"":[]}"
000000000000000005f6,HYD_1527,17.216453546048637,78.5541516970691,0.0,"{""type"":""MultiPoint"",""coordinates"":[]}"
000000000000000005f7,HYD_1528,17.20529872311838,78.38514617477746,0.10206668508546742,"{""type"":""MultiPoint"",""coordinates"":[]}"
000000000000000005f8,HYD_1529,17.205419136185185,78.39454148731367,1.1973687868691443,"{""type"":""MultiPoint"",""coordinates"":[]}"
000000000000000005f9,HYD_1530,17.20553988957982,78.40393570828498,0.7610291059949573,"{""type"":""MultiPoint"",""coordinates"":[]}"
000000000000000005fa,HYD_1531,17.20565993858092,78.41332992214195,0.0,"{""type"":""MultiPoint"",""coordinates"":[]}"
000000000000000005fb,HYD_1532,17.205780345776095,78.42272527839107,0.8748846722623178,"{""type"":""MultiPoint"",""coordinates"":[]}"
000000000000000005fc,HYD_1533,17.205900710737986,78.4321205758748,1.0084929948711698,"{""type"":""MultiPoint"",""coordinates"":[]}"
000000000000000005fd,HYD_1534,17.20602145502743,78.4415169903525,1.005382729120788,"{""type"":""MultiPoint"",""coordinates"":[]}"
000000000000000005fe,HYD_1535,17.206141520562305,78.45091345965996,1.06685189918076,"{""type"":""MultiPoint"",""coordinates"":[]}"
000000000000000005ff,HYD_1536,17.206259681751682,78.46030878114108,1.3314720911091529,"{""type"":""MultiPoint"",""coordinates"":[]}"
00000000000000000600,HYD_1537,17.20637749146326,78.46970523015942,0.07107933165768159,"{""type"":""MultiPoint"",""coordinates"":[]}"
00000000000000000601,HYD_1538,17.20649600796746,78.47910165873225,1.697338800383723,"{""type"":""MultiPoint"",""coordinates"":[]}"
00000000000000000602,HYD_1539,17.20661194853065,78.48849698157515,0.0,"{""type"":""MultiPoint"",""coordinates"":[]}"
00000000000000000603,HYD_1540,17.20672935850874,78.49789378294568,0.0,"{""type"":""MultiPoint"",""coordinates"":[]}"
00000000000000000604,HYD_1541,17.206847149184505,78.5072895018258,1.0102402254726124,"{""type"":""MultiPoint"",""coordinates"":[]}"
00000000000000000605,HYD_1542,17.20696421847615,78.5166852219396,0.9983913242064255,"{""type"":""MultiPoint"",""coordinates"":[]}"
00000000000000000606,HYD_1543,17.207079050165262,78.52608092423675,1.1028361566347775,"{""type"":""MultiPoint"",""coordinates"":[]}"
