system:index,bare_fraction,builtup_fraction,cropland_fraction,grid_id,latitude,longitude,vegetation_fraction,water_fraction,.geo
00000000000000000000,0.01491221082208309,0.23114168740754007,0.4321607759605873,HYD_0001,17.60310185050841,78.4171491484952,0.23364250450988325,0.08814282129990349,"{""type"":""MultiPoint"",""coordinates"":[]}"
00000000000000000001,0.034487197948189,0.13523035805113665,0.3416196075498486,HYD_0002,17.603224481347986,78.42656454231273,0.47685963974241447,0.01180319670841058,"{""type"":""MultiPoint"",""coordinates"":[]}"
00000000000000000002,0.027615046255202478,0.14105519994670523,0.2795517281548049,HYD_0003,17.60334745656284,78.435981029435,0.5517780256432875,0.0,"{""type"":""MultiPoint"",""coordinates"":[]}"
00000000000000000003,0.008696474182074782,0.08879097534715005,0.4810910210122928,HYD_0004,17.60346936131066,78.44539642811792,0.42142152945848305,0.0,"{""type"":""MultiPoint"",""coordinates"":[]}"
00000000000000000004,0.031081187199079395,0.26591583136797936,0.2890683645439105,HYD_0005,17.60359047340871,78.45481181634253,0.41393461688903055,0.0,"{""type"":""MultiPoint"",""coordinates"":[]}"
00000000000000000005,0.016282608938318805,0.10871990266155154,0.38800571528503824,HYD_0006,17.6037105182521,78.46422834984592,0.4794011601730948,0.007590612941995055,"{""type"":""MultiPoint"",""coordinates"":[]}"
00000000000000000006,0.012325163699104765,0.1534673989985639,0.472047777733944,HYD_0007,17.6038305571507,78.47364484484892,0.32944589053280593,0.03271376903558019,"{""type"":""MultiPoint"",""coordinates"":[]}"
00000000000000000007,0.03544414505612293,0.3611516360496624,0.2814891178134398,HYD_0008,17.603951674243344,78.4830602312184,0.30979173489743056,0.012123366183344756,"{""type"":""MultiPoint"",""coordinates"":[]}"
00000000000000000008,0.0011385834682145447,0.2258194266153185,0.1791159234246804,HYD_0009,17.604071687934944,78.49247675129256,0.5939260664917859,0.0,"{""type"":""MultiPoint"",""coordinates"":[]}"
00000000000000000009,0.026820354105508,0.13686987169798964,0.45812967787134656,HYD_0010,17.593822417779542,78.39844768082557,0.37818009632515626,0.0,"{""type"":""MultiPoint"",""coordinates"":[]}"
0000000000000000000a,0.043665398430105994,0.34763352863655317,0.19765658466362937,HYD_0011,17.593947660531015,78.4078619228333,0.4110444882697111,0.0,"{""type"":""MultiPoint"",""coordinates"":[]}"
0000000000000000000b,0.06048876016854723,0.25209213974741723,0.3438217585511076,HYD_0012,17.594071816822737,78.41727733715226,0.3406553572398864,0.0029419842930417323,"{""type"":""MultiPoint"",""coordinates"":[]}"
0000000000000000000c,0.03491488345764342,0.03525616095197438,0.500628032466394,HYD_0013,17.5941951447282,78.42669272012233,0.42920092312398733,0.0,"{""type"":""MultiPoint"",""coordinates"":[]}"
0000000000000000000d,0.01363142684605261,0.03803709834712065,0.5962852538665347,HYD_0014,17.59431594378316,78.43610852026363,0.35204622094029137,0.0,"{""type"":""MultiPoint"",""coordinates"":[]}"
0000000000000000000e,0.015340801695487878,0.100600386068781,0.5323150285533135,HYD_0015,17.594439269077416,78.44552312307432,0.35174378368241754,0.0,"{""type"":""MultiPoint"",""coordinates"":[]}"
0000000000000000000f,0.0032858780931411887,0.14903647365621941,0.4550582016135002,HYD_0016,17.59456008822091,78.45493895685699,0.39261944663713866,0.0,"{""type"":""MultiPoint"",""coordinates"":[]}"
00000000000000000010,0.038180516239196674,0.07375877128014735,0.359044681330935,HYD_0017,17.594681168929238,78.46435430402002,0.5290160311497213,0.0,"{""type"":""MultiPoint"",""coordinates"":[]}"
00000000000000000011,0.058056291868770385,0.22315747643590994,0.3100763367867704,HYD_0018,17.59480122703116,78.47377079564716,0.40444022914431077,0.004269665764238545,"{""type"":""MultiPoint"",""coordinates"":[]}"
00000000000000000012,0.0699087263342338,0.3381067833766453,0.3193614156482648,HYD_0019,17.594921637501177,78.4831862204628,0.2726230746408558,0.0,"{""type"":""MultiPoint"",""coordinates"":[]}"
00000000000000000013,0.0541414036177864,0.31239546725555367,0.25935245976361393,HYD_0020,17.595042019862355,78.49260162725574,0.3741106693630454,0.0,"{""type"":""MultiPoint"",""coordinates"":[]}"
00000000000000000014,0.01986178607985719,0.15201521967961432,0.31581579365472123,HYD_0021,17.59516167446683,78.50201850581078,0.5123072005858076,0.0,"{""type"":""MultiPoint"",""coordinates"":[]}"
00000000000000000015,0.0027515644290252643,0.11352482286920258,0.3892323228264126,HYD_0022,17.595279102188247,78.51143310122376,0.49449128987535884,0.0,"{""type"":""MultiPoint"",""coordinates"":[]}"
00000000000000000016,0.009488195568454552,0.2559156108723562,0.2749827910178419,HYD_0023,17.595398718031092,78.52084999854905,0.45961340254134886,0.0,"{""type"":""MultiPoint"",""coordinates"":[]}"
00000000000000000017,0.014330470588760713,0.05706322303653386,0.25164202145793046,HYD_0024,17.59551723656233,78.53026650965616,0.6769642849167751,0.0,"{""type"":""MultiPoint"",""coordinates"":[]}"
00000000000000000018,0.08174705674206154,0.06733112986650086,0.18072669755687545,HYD_0025,17.584670129910307,78.38916159718804,0.6607070367687246,0.009488079065837221,"{""type"":""MultiPoint"",""coordinates"":[]}"
00000000000000000019,0.0877368401068233,0.16527231074940835,0.32222055119558246,HYD_0026,17.58479275643347,78.39857701841981,0.4247702979481861,0.0,"{""type"":""MultiPoint"",""coordinates"":[]}"
0000000000000000001a,0.011865320386730386,0.1440467167674988,0.5575561475269482,HYD_0027,17.584917608544835,78.40799017373814,0.2865318153188235,0.0,"{""type"":""MultiPoint"",""coordinates"":[]}"
0000000000000000001b,0.04314228892374038,0.39277383683181444,0.23789559066749272,HYD_0028,17.585042466844783,78.41740554019343,0.3261882835769526,0.0,"{""type"":""MultiPoint"",""coordinates"":[]}"
0000000000000000001c,0.049866565115441915,0.29065985588511295,0.3041559689822057,HYD_0029,17.585165091913517,78.42682094005409,0.3543683591994873,9.4925081775166E-4,"{""type"":""MultiPoint"",""coordinates"":[]}"
0000000000000000001d,0.020312089446586086,0.21760549803827559,0.21177801216410444,HYD_0030,17.585285871873864,78.43623520546771,0.5503044003510337,0.0,"{""type"":""MultiPoint"",""coordinates"":[]}"
0000000000000000001e,0.03147852410713589,0.13946890574158072,0.3177808386705636,HYD_0031,17.585407794098337,78.44565061800485,0.5112717314807198,0.0,"{""type"":""MultiPoint"",""coordinates"":[]}"
0000000000000000001f,0.005124838383364706,0.036821051957747805,0.052283028038857954,HYD_0032,17.58553111036,78.4550659965373,0.9057710816200295,0.0,"{""type"":""MultiPoint"",""coordinates"":[]}"
00000000000000000020,0.007854347438449334,0.016360524933523378,0.1408954306005733,HYD_0033,17.585651132006713,78.46448028676369,0.8348896970274537,0.0,"{""type"":""MultiPoint"",""coordinates"":[]}"
00000000000000000021,0.02096471785033503,0.3611933934199865,0.2983610058629321,HYD_0034,17.58577155869844,78.47389568024911,0.3194808828667454,0.0,"{""type"":""MultiPoint"",""coordinates"":[]}"
00000000000000000022,0.0208929099235459,0.3330692792141509,0.3955350781255233,HYD_0035,17.585891951881486,78.48331107805902,0.25050273273677937,0.0,"{""type"":""MultiPoint"",""coordinates"":[]}"
00000000000000000023,0.011991738098772959,0.2554231284862571,0.32454045872081927,HYD_0036,17.586012340004,78.49272648101093,0.4080446746941509,0.0,"{""type"":""MultiPoint"",""coordinates"":[]}"
00000000000000000024,0.08011520704732984,0.3762678247429355,0.2613946946983463,HYD_0037,17.58613049173897,78.50214186643697,0.2822222735113876,0.0,"{""type"":""MultiPoint"",""coordinates"":[]}"
00000000000000000025,0.0745618278209566,0.03399443652307992,0.5572946588835535,HYD_0038,17.58624867383253,78.51155723214349,0.3341490767724091,0.0,"{""type"":""MultiPoint"",""coordinates"":[]}"
00000000000000000026,0.013021978635293056,0.06064384341478111,0.5596786736170791,HYD_0039,17.58636832573611,78.52097412445673,0.3666555043328456,0.0,"{""type"":""MultiPoint"",""coordinates"":[]}"
00000000000000000027,0.0051236961458418955,0.06806553121789545,0.30875013441795435,HYD_0040,17.586485737933316,78.53038877709804,0.6180606382183077,0.0,"{""type"":""MultiPoint"",""coordinates"":[]}"
00000000000000000028,0.10409320117204873,0.07523263633924207,0.19282010362054083,HYD_0041,17.586603525097715,78.53980452567879,0.6278540588681685,0.0,"{""type"":""MultiPoint"",""coordinates"":[]}"
00000000000000000029,0.0,0.07196344605151409,0.01089517276184479,HYD_0042,17.58671874469317,78.5492199268524,0.9171413811866411,0.0,"{""type"":""MultiPoint"",""coordinates"":[]}"
0000000000000000002a,0.0,0.04883102753635805,0.05475384119655864,HYD_0043,17.586836514912747,78.55863569362371,0.8964151312670829,0.0,"{""type"":""MultiPoint"",""coordinates"":[]}"
0000000000000000002b,0.021879679996189023,0.021142417773490428,0.15642463922160602,HYD_0044,17.5755174485385,78.37987663380144,0.8005532630087147,0.0,"{""type"":""MultiPoint"",""coordinates"":[]}"
0000000000000000002c,0.10603734008987051,0.11415352116764638,0.20721196824090113,HYD_0045,17.575640820638455,78.38929202888433,0.5720277575774718,5.694129241102831E-4,"{""type"":""MultiPoint"",""coordinates"":[]}"
0000000000000000002d,0.13957491415791373,0.025287678943152144,0.3177568040834924,HYD_0046,17.575763083636765,78.39870631848574,0.5173806028154417,0.0,"{""type"":""MultiPoint"",""coordinates"":[]}"
0000000000000000002e,0.04978414684491823,0.040584190175619685,0.4400720391524907,HYD_0047,17.57588792526824,78.40811948385753,0.46766111371070584,0.0018985101162669956,"{""type"":""MultiPoint"",""coordinates"":[]}"
0000000000000000002f,0.017510601351600243,0.30198438847028375,0.32632554567613314,HYD_0048,17.576012035403892,78.41753413684448,0.35417946450198307,0.0,"{""type"":""MultiPoint"",""coordinates"":[]}"
00000000000000000030,0.015674684697559768,0.5832276370478884,0.10523739981183093,HYD_0049,17.576134292384424,78.42694766496187,0.2958602784427218,0.0,"{""type"":""MultiPoint"",""coordinates"":[]}"
00000000000000000031,0.0033577691490909813,0.09551777641396068,0.052736179906755144,HYD_0050,17.576255476864265,78.43636231729874,0.8483882745301935,0.0,"{""type"":""MultiPoint"",""coordinates"":[]}"
00000000000000000032,9.490151827542726E-5,0.0,0.024316001959065064,HYD_0051,17.57637880885358,78.44577767661619,0.9755890965226595,0.0,"{""type"":""MultiPoint"",""coordinates"":[]}"
00000000000000000033,0.0,0.0,0.02607417003566299,HYD_0052,17.576501070969723,78.45519196144232,0.9739258299643371,0.0,"{""type"":""MultiPoint"",""coordinates"":[]}"
00000000000000000034,0.01515812399374457,0.017108668516104937,0.07159737724148871,HYD_0053,17.57662112838026,78.46460627763643,0.8899708292921843,0.006165000956477666,"{""type"":""MultiPoint"",""coordinates"":[]}"
00000000000000000035,0.02839544538500046,0.13758264497412506,0.41425782812822787,HYD_0054,17.576742238610038,78.47402164446211,0.41976073198372166,3.3495289259735526E-6,"{""type"":""MultiPoint"",""coordinates"":[]}"
00000000000000000036,0.041738172261165135,0.24108484999646362,0.2847919233733022,HYD_0055,17.576862263815176,78.48343595102892,0.4323850543690696,0.0,"{""type"":""MultiPoint"",""coordinates"":[]}"
00000000000000000037,0.03712743115539306,0.35696376944217517,0.2212449985641098,HYD_0056,17.57698155561611,78.49285172084367,0.38466380083832163,0.0,"{""type"":""MultiPoint"",""coordinates"":[]}"
00000000000000000038,0.0208422654137935,0.18101903128610042,0.3643648695320779,HYD_0057,17.57709970152834,78.5022663367129,0.43377383376802786,0.0,"{""type"":""MultiPoint"",""coordinates"":[]}"
00000000000000000039,0.16170791618593924,0.21333730321188,0.30765529048345686,HYD_0058,17.577219338640802,78.51168099803705,0.31729949011872427,0.0,"{""type"":""MultiPoint"",""coordinates"":[]}"
0000000000000000003a,0.094413467285664,0.14428942218728766,0.34277237259232307,HYD_0059,17.57733680967052,78.5210963889751,0.41852473793472533,0.0,"{""type"":""MultiPoint"",""coordinates"":[]}"
0000000000000000003b,0.0020603723333977213,0.017138010333868907,0.2053159541522496,HYD_0060,17.577455666362706,78.53051174740453,0.6820368358546469,0.09344882732583701,"{""type"":""MultiPoint"",""coordinates"":[]}"
0000000000000000003c,0.003364113025561229,0.09458640990658139,0.5209844786220427,HYD_0061,17.57757348250577,78.53992600922149,0.38106499844581493,0.0,"{""type"":""MultiPoint"",""coordinates"":[]}"
0000000000000000003d,6.641803623634103E-4,0.04241191610267149,0.5471618289406265,HYD_0062,17.577689423716023,78.5493414079902,0.40976207459433817,0.0,"{""type"":""MultiPoint"",""coordinates"":[]}"
0000000000000000003e,0.009302896964552944,0.11715321674000279,0.20256937154259072,HYD_0063,17.57780535424635,78.55875682661879,0.6680801560533977,0.002894358699455748,"{""type"":""MultiPoint"",""coordinates"":[]}"
0000000000000000003f,0.006819566141940583,0.18549792916328192,0.09137578644726564,HYD_0064,17.57792129283025,78.56817221188997,0.7163067182475104,0.0,"{""type"":""MultiPoint"",""coordinates"":[]}"
00000000000000000040,0.05708303877520397,0.18743166530602182,0.1659580519442322,HYD_0065,17.578037249137036,78.57758761692354,0.5895272439745403,0.0,"{""type"":""MultiPoint"",""coordinates"":[]}"
00000000000000000041,0.02060525734153224,0.18832171542665013,0.34745664959267303,HYD_0066,17.578153180094557,78.58700300696319,0.4436163776391454,0.0,"{""type"":""MultiPoint"",""coordinates"":[]}"
00000000000000000042,0.01404269141911183,0.12598422559989347,0.25208975266779515,HYD_0067,17.578268353832513,78.59641990186236,0.6078833303131996,0.0,"{""type"":""MultiPoint"",""coordinates"":[]}"
00000000000000000043,0.0012773734849561656,0.07661599094489922,0.13865809180568447,HYD_0068,17.578381339703657,78.60583451242371,0.7834485437644607,0.0,"{""type"":""MultiPoint"",""coordinates"":[]}"
00000000000000000044,0.045767132150230316,0.07675676802480068,0.0795095410853706,HYD_0069,17.565857175802567,78.33294123194425,0.5754341713129407,0.22253238742665787,"{""type"":""MultiPoint"",""coordinates"":[]}"
00000000000000000045,0.031700008189581366,0.07277410901077301,0.36927604100746736,HYD_0070,17.565984256590287,78.34235441277227,0.3682415479797792,0.15800829381239903,"{""type"":""MultiPoint"",""coordinates"":[]}"
00000000000000000046,0.02290625054674742,0.17074489054070205,0.2763636485464802,HYD_0071,17.56610912455833,78.35176756863382,0.5299852103660706,0.0,"{""type"":""MultiPoint"",""coordinates"":[]}"
00000000000000000047,0.11357559428332548,0.30630396886226735,0.07288562667999804,HYD_0072,17.566236224578997,78.361180744498,0.5057160416574377,0.0015187685169709348,"{""type"":""MultiPoint"",""coordinates"":[]}"
00000000000000000048,0.013846828899030836,0.22680127682902182,0.12280379862960826,HYD_0073,17.566488503043363,78.38000817905987,0.6365480956423393,0.0,"{""type"":""MultiPoint"",""coordinates"":[]}"
00000000000000000049,0.008167797784371773,0.12440061184961658,0.31508505625435307,HYD_0074,17.566610782355408,78.38942248684701,0.5190447313590791,0.03330180275257874,"{""type"":""MultiPoint"",""coordinates"":[]}"
0000000000000000004a,0.026509440775244725,0.1333832900400027,0.5403000231543014,HYD_0075,17.566733386881264,78.39883562599661,0.28982372206500645,0.009983523965445752,"{""type"":""MultiPoint"",""coordinates"":[]}"
0000000000000000004b,0.013832719356500635,0.10208717379068383,0.397062217642626,HYD_0076,17.566858254068503,78.40824877955703,0.48701788921018724,0.0,"{""type"":""MultiPoint"",""coordinates"":[]}"
0000000000000000004c,0.03421158530206971,0.09962427636998747,0.28285068996825646,HYD_0077,17.566980894543462,78.41766194666175,0.5833134483596834,0.0,"{""type"":""MultiPoint"",""coordinates"":[]}"
0000000000000000004d,0.00550560350571815,0.326052337108214,0.054627573283342314,HYD_0078,17.567103507961328,78.42707510291777,0.6120109263336091,0.0018035597691145665,"{""type"":""MultiPoint"",""coordinates"":[]}"
0000000000000000004e,0.019642331444292144,0.21839062920442548,0.10393535154440003,HYD_0079,17.567226491349537,78.4364893740968,0.610674155839757,0.04735753196712496,"{""type"":""MultiPoint"",""coordinates"":[]}"
0000000000000000004f,0.06308372510472576,0.14462515955943925,0.2346265480848587,HYD_0080,17.56734876266658,78.44590364553699,0.5476973371953953,0.009967230055581974,"{""type"":""MultiPoint"",""coordinates"":[]}"
00000000000000000050,0.006453375293918854,0.07179324189438928,0.03739384867542046,HYD_0081,17.56747102475775,78.4553179786137,0.8843595341362692,0.0,"{""type"":""MultiPoint"",""coordinates"":[]}"
00000000000000000051,0.012000949774354128,0.3903460944995694,0.12252424120398009,HYD_0082,17.5675921527289,78.46473334083542,0.4751287145220935,0.0,"{""type"":""MultiPoint"",""coordinates"":[]}"
00000000000000000052,0.10700892308723162,0.271352311180103,0.38342025618976255,HYD_0083,17.567712215961233,78.47414762352567,0.2379337301631613,2.8477937973934254E-4,"{""type"":""MultiPoint"",""coordinates"":[]}"
00000000000000000053,0.05018793766656503,0.4115475662658499,0.1934862669813045,HYD_0084,17.567832570838934,78.48356076494143,0.3422151889074152,0.002563040178865584,"{""type"":""MultiPoint"",""coordinates"":[]}"
00000000000000000054,0.04947912692957135,0.3473327003931252,0.26265691229138377,HYD_0085,17.56795108015855,78.4929750369072,0.3405312603859198,0.0,"{""type"":""MultiPoint"",""coordinates"":[]}"
00000000000000000055,0.05460107104562981,0.18744005654084792,0.2811202620708496,HYD_0086,17.56806853915573,78.50239044768749,0.47683861034267294,0.0,"{""type"":""MultiPoint"",""coordinates"":[]}"
00000000000000000056,0.026014877662994058,0.13480690419456565,0.3575251395129894,HYD_0087,17.568189292262396,78.51180472591675,0.47121124189361524,0.010441836735833428,"{""type"":""MultiPoint"",""coordinates"":[]}"
00000000000000000057,0.019538756134007476,0.2439065602477239,0.46070159833114166,HYD_0088,17.56830783131908,78.52121897686234,0.2758530852871283,0.0,"{""type"":""MultiPoint"",""coordinates"":[]}"
00000000000000000058,0.011024113783473156,0.06113561658518569,0.43497406703863967,HYD_0089,17.568424535007587,78.53063362827326,0.49093574520790967,0.0019304573847903606,"{""type"":""MultiPoint"",""coordinates"":[]}"
00000000000000000059,0.0011385864337798504,0.1695358920768896,0.5509303479051312,HYD_0090,17.568542311148146,78.54004714337353,0.2684325422886256,0.009962631295573692,"{""type"":""MultiPoint"",""coordinates"":[]}"
0000000000000000005a,0.02191648675233828,0.27817428608964834,0.35187781432096976,HYD_0091,17.56866009500062,78.54946291052075,0.3480314128370442,0.0,"{""type"":""MultiPoint"",""coordinates"":[]}"
0000000000000000005b,0.004371936219764241,0.3255919833937892,0.20188301496822264,HYD_0092,17.568775695776676,78.5588772161333,0.4641176610736847,0.004035404344537158,"{""type"":""MultiPoint"",""coordinates"":[]}"
0000000000000000005c,4.744194872920689E-4,0.08478118098824361,0.16127769540036332,HYD_0093,17.568891628486714,78.56829261289414,0.7534667041240999,0.0,"{""type"":""MultiPoint"",""coordinates"":[]}"
0000000000000000005d,0.004775722696129798,0.033482919783568064,0.2717385841837922,HYD_0094,17.56900755604992,78.57770799068616,0.6841742995464012,0.0058284737901086806,"{""type"":""MultiPoint"",""coordinates"":[]}"
0000000000000000005e,0.002281442088644796,0.039753189108597126,0.4641003016131171,HYD_0095,17.569122392308543,78.58712377817756,0.45880793627883537,0.03505713091080617,"{""type"":""MultiPoint"",""coordinates"":[]}"
0000000000000000005f,0.0053147085302932846,0.007067296938497142,0.2769368818813475,HYD_0096,17.569236077964913,78.59653842281168,0.7106811126498636,0.0,"{""type"":""MultiPoint"",""coordinates"":[]}"
00000000000000000060,2.8471864773157383E-4,0.032437083692022986,0.050127974518983646,HYD_0097,17.569351251688452,78.60595306123679,0.9171502231412618,0.0,"{""type"":""MultiPoint"",""coordinates"":[]}"
00000000000000000061,5.694328448864925E-4,0.08518975884332922,0.26488676102131664,HYD_0098,17.569464262273204,78.6153684611338,0.6493540472904664,0.0,"{""type"":""MultiPoint"",""coordinates"":[]}"
00000000000000000062,3.438102435359769E-4,0.04264921420382815,0.5484372447701961,HYD_0099,17.569577579180667,78.62478424105198,0.4085697307824399,0.0,"{""type"":""MultiPoint"",""coordinates"":[]}"
00000000000000000063,0.08375608441422108,0.050658285598569344,0.328037963468946,HYD_0100,17.556189880329654,78.28600920863883,0.5375476665182628,0.0,"{""type"":""MultiPoint"",""coordinates"":[]}"
00000000000000000064,0.013983345093169553,0.09016176445947886,0.518497446657197,HYD_0101,17.556318035856094,78.29542197860081,0.3773574437901552,0.0,"{""type"":""MultiPoint"",""coordinates"":[]}"
00000000000000000065,0.01310015701720187,0.18556290685495294,0.44053992768346856,HYD_0102,17.556445143590437,78.30483590891266,0.3311577309841441,0.02963927746023089,"{""type"":""MultiPoint"",""coordinates"":[]}"
00000000000000000066,0.0060751125124238236,0.1652352430975627,0.5714812181493987,HYD_0103,17.556573335463327,78.31424871290127,0.25720842624061446,0.0,"{""type"":""MultiPoint"",""coordinates"":[]}"
00000000000000000067,0.030408899897009845,0.15998285731732637,0.2486519313071407,HYD_0104,17.556700788481166,78.32366073429992,0.5609563114785223,0.0,"{""type"":""MultiPoint"",""coordinates"":[]}"
00000000000000000068,0.02615456431766965,0.3748310897586231,0.20303215753192635,HYD_0105,17.556827522043626,78.33307279269816,0.3959821883917812,0.0,"{""type"":""MultiPoint"",""coordinates"":[]}"
00000000000000000069,0.03292218602213305,0.5502448717643281,0.15329947764661048,HYD_0106,17.556954604521994,78.34248595391533,0.26353346456692933,0.0,"{""type"":""MultiPoint"",""coordinates"":[]}"
0000000000000000006a,0.035558112344823936,0.5726588622535982,0.06838021194045399,HYD_0107,17.55708056161127,78.3518987492598,0.31286350468786017,0.01053930877326242,"{""type"":""MultiPoint"",""coordinates"":[]}"
0000000000000000006b,0.04218358217513722,0.6309191619731884,0.08751352562999826,HYD_0108,17.557207662160287,78.36131268513476,0.22796709315686853,0.011416637064806093,"{""type"":""MultiPoint"",""coordinates"":[]}"
0000000000000000006c,0.17504999322504308,0.3907742956650699,0.1270579861850441,HYD_0109,17.557333594297184,78.37072544338761,0.3049962700512665,0.002121454873576327,"{""type"":""MultiPoint"",""coordinates"":[]}"
0000000000000000006d,0.029709512367175502,0.11862623750858513,0.15534229594486212,HYD_0110,17.557458471951886,78.38013861373143,0.3890885199034379,0.30723343427594024,"{""type"":""MultiPoint"",""coordinates"":[]}"
0000000000000000006e,0.011206178344375864,0.3043990848331122,0.40292805754860134,HYD_0111,17.557581094632745,78.38955176871904,0.28146667927391245,0.0,"{""type"":""MultiPoint"",""coordinates"":[]}"
0000000000000000006f,0.011664691219783849,0.33584296984118,0.351721989106254,HYD_0112,17.557703733315257,78.39896493336282,0.3007703498327817,0.0,"{""type"":""MultiPoint"",""coordinates"":[]}"
00000000000000000070,0.003785096739970032,0.09248210845672054,0.12390421858859214,HYD_0113,17.557828604068828,78.40837808285534,0.779828576214717,0.0,"{""type"":""MultiPoint"",""coordinates"":[]}"
00000000000000000071,0.023083231488613028,0.03523870752070053,0.033430630250990266,HYD_0114,17.557951219857,78.41779124409129,0.9082474307396956,0.0,"{""type"":""MultiPoint"",""coordinates"":[]}"
00000000000000000072,0.004003624294386808,0.15297418471989133,0.05508473314382965,HYD_0115,17.55807382354184,78.42720442586398,0.7868932768892407,0.0010441809526503948,"{""type"":""MultiPoint"",""coordinates"":[]}"
00000000000000000073,0.07301191409049203,0.36596043278617746,0.2471735444279619,HYD_0116,17.558196436413176,78.43661757418121,0.3138541086953688,0.0,"{""type"":""MultiPoint"",""coordinates"":[]}"
00000000000000000074,0.07317173927606453,0.1408242711147831,0.07140395536996921,HYD_0117,17.55831796647466,78.44603112649952,0.714600034239183,0.0,"{""type"":""MultiPoint"",""coordinates"":[]}"
00000000000000000075,0.05856287933133509,0.23709715347087265,0.2388135393939035,HYD_0118,17.55844093271277,78.45544461673168,0.4655264278038898,0.0,"{""type"":""MultiPoint"",""coordinates"":[]}"
00000000000000000076,0.030099088186177625,0.11609265404307921,0.1810352850432599,HYD_0119,17.558562115484758,78.46485931712593,0.6727018710535763,7.11016739046432E-5,"{""type"":""MultiPoint"",""coordinates"":[]}"
00000000000000000077,0.012505877136848777,0.04107313633803465,0.5799553058400587,HYD_0120,17.55868252458045,78.47427244828356,0.3652379500546671,0.001227730630390167,"{""type"":""MultiPoint"",""coordinates"":[]}"
00000000000000000078,0.0168831458834213,0.4296627390265512,0.12700283593976802,HYD_0121,17.558801797171796,78.48368597251938,0.41724042963370983,0.009210849516550433,"{""type"":""MultiPoint"",""coordinates"":[]}"
00000000000000000079,0.028637079558277535,0.270600788407316,0.25541434555940296,HYD_0122,17.55891991338633,78.49309838708598,0.4453477864750035,0.0,"{""type"":""MultiPoint"",""coordinates"":[]}"
0000000000000000007a,0.007531322201843604,0.21758807136221808,0.38228122097039274,HYD_0123,17.559039561090113,78.5025130584123,0.3925993854655455,0.0,"{""type"":""MultiPoint"",""coordinates"":[]}"
0000000000000000007b,0.0090370288237612,0.03916008615836607,0.15157264319326222,HYD_0124,17.559158142823172,78.51192885506146,0.8002302418246106,0.0,"{""type"":""MultiPoint"",""coordinates"":[]}"
0000000000000000007c,5.694281824522338E-4,0.14974621367476212,0.14975328500513246,HYD_0125,17.559276662903933,78.52134233614284,0.6999310731376528,0.0,"{""type"":""MultiPoint"",""coordinates"":[]}"
0000000000000000007d,0.019063296397963916,0.04190090957348995,0.12981468287028256,HYD_0126,17.559393736897274,78.53075589030496,0.8092211111582633,0.0,"{""type"":""MultiPoint"",""coordinates"":[]}"
0000000000000000007e,0.004493687182517302,0.02777513183020362,0.39144826436588326,HYD_0127,17.55951112895936,78.54017053791435,0.576282916621397,0.0,"{""type"":""MultiPoint"",""coordinates"":[]}"
0000000000000000007f,0.022079533511377897,0.18555970893587137,0.21543762337325953,HYD_0128,17.559628945646132,78.54958406934435,0.5769231341794919,0.0,"{""type"":""MultiPoint"",""coordinates"":[]}"
00000000000000000080,0.007352724985531636,0.0893283883441669,0.4854867793493983,HYD_0129,17.559745653020222,78.55899873503074,0.4178321073209043,0.0,"{""type"":""MultiPoint"",""coordinates"":[]}"
00000000000000000081,4.7440960190150847E-4,0.0016483408128813199,0.19940719264490253,HYD_0130,17.559861188359175,78.56841447122146,0.7984700569403144,0.0,"{""type"":""MultiPoint"",""coordinates"":[]}"
00000000000000000082,0.004060881219410372,0.05599766929082295,0.3316014249176029,HYD_0131,17.559975637697605,78.57782837901836,0.6055884929048064,0.0027515316673574954,"{""type"":""MultiPoint"",""coordinates"":[]}"
00000000000000000083,0.01377160976618924,0.05847501709730548,0.2854517000191254,HYD_0132,17.56009081888807,78.58724227582816,0.6423016731173805,0.0,"{""type"":""MultiPoint"",""coordinates"":[]}"
00000000000000000084,6.643388135392624E-4,0.015926266951805105,0.03398772257211147,HYD_0133,17.56020493298845,78.59665809557518,0.9494216716625444,0.0,"{""type"":""MultiPoint"",""coordinates"":[]}"
00000000000000000085,0.0,9.490505028851138E-5,0.013562117774562175,HYD_0134,17.56032010074319,78.6060727294006,0.9863429771751492,0.0,"{""type"":""MultiPoint"",""coordinates"":[]}"
00000000000000000086,0.005028754878059673,0.0018838761337488803,0.30034075721178893,HYD_0135,17.560434140673667,78.6154862264686,0.6927466117764025,0.0,"{""type"":""MultiPoint"",""coordinates"":[]}"
00000000000000000087,0.0062030985346217165,0.11188950170141389,0.45799426324108605,HYD_0136,17.56054605488679,78.62490202818702,0.42391313652287843,0.0,"{""type"":""MultiPoint"",""coordinates"":[]}"
00000000000000000088,0.057066123949266974,0.1148177190380021,0.38974153902978126,HYD_0137,17.54650948466101,78.2390871875539,0.43837461798295035,0.0,"{""type"":""MultiPoint"",""coordinates"":[]}"
00000000000000000089,7.597561629632277E-4,0.09766777203739785,0.7329922624048809,HYD_0138,17.54663921610072,78.24849777121493,0.16858020939475726,0.0,"{""type"":""MultiPoint"",""coordinates"":[]}"
0000000000000000008a,0.018861832098596227,0.15271324354239693,0.4907614452159583,HYD_0139,17.546771501345898,78.25790945580336,0.3376634791430482,0.0,"{""type"":""MultiPoint"",""coordinates"":[]}"
0000000000000000008b,0.0616622133611078,0.29160502889747336,0.2516920451728225,HYD_0140,17.546901554903428,78.26732111513186,0.3950407125685951,0.0,"{""type"":""MultiPoint"",""coordinates"":[]}"
0000000000000000008c,0.09616534572877726,0.27849833824697934,0.218790654863988,HYD_0141,17.5470305243455,78.27673315214798,0.40654566116025614,0.0,"{""type"":""MultiPoint"",""coordinates"":[]}"
0000000000000000008d,0.10703025284425603,0.2724774030778583,0.2923603860949812,HYD_0142,17.54716054509241,78.28614405447837,0.32813195798290584,0.0,"{""type"":""MultiPoint"",""coordinates"":[]}"
0000000000000000008e,0.0739706425406204,0.42257223221518103,0.12225164685281364,HYD_0143,17.547289477055713,78.29555611555024,0.3649532299756991,0.016252248415685906,"{""type"":""MultiPoint"",""coordinates"":[]}"
0000000000000000008f,0.009947009587411855,0.06129280227521888,0.3029045148873839,HYD_0144,17.5474165593197,78.30496929101274,0.5104326154407404,0.11542305780924576,"{""type"":""MultiPoint"",""coordinates"":[]}"
00000000000000000090,0.011917820358443111,1.8989278876549567E-4,0.5382931840403669,HYD_0145,17.547544020522675,78.31438134351957,0.4092885871455238,0.04031051566689972,"{""type"":""MultiPoint"",""coordinates"":[]}"
00000000000000000091,0.01299754752713643,0.1331221636881319,0.4458543525341289,HYD_0146,17.547671495348414,78.32379193572872,0.4080259362506033,0.0,"{""type"":""MultiPoint"",""coordinates"":[]}"
00000000000000000092,0.014119281867706949,0.6342752269529349,0.1124932931549409,HYD_0147,17.547798967245043,78.33320474725173,0.2391121980244176,0.0,"{""type"":""MultiPoint"",""coordinates"":[]}"
00000000000000000093,0.014811825785531167,0.7709382225139009,0.09721568199728481,HYD_0148,17.547924929721106,78.34261750272947,0.11646472726920784,5.695424340754633E-4,"{""type"":""MultiPoint"",""coordinates"":[]}"
00000000000000000094,0.0035256905516780476,0.727208583189207,0.09158790117343062,HYD_0149,17.54805236505125,78.3520295467148,0.17663341046983777,0.0010444146158471775,"{""type"":""MultiPoint"",""coordinates"":[]}"
00000000000000000095,0.05121586589217354,0.6515149371853489,0.09724730820945866,HYD_0150,17.548179058282784,78.36144160190456,0.19966526648391322,3.566222291048412E-4,"{""type"":""MultiPoint"",""coordinates"":[]}"
00000000000000000096,0.1380352534190814,0.5035980435696259,0.1763623930274901,HYD_0151,17.548303914588484,78.3708547646274,0.18114998170360133,8.543282802018081E-4,"{""type"":""MultiPoint"",""coordinates"":[]}"
00000000000000000097,0.0037970174056022403,0.36768231918845085,0.05345344316888653,HYD_0152,17.548428780853985,78.38026791494704,0.5750672202370607,0.0,"{""type"":""MultiPoint"",""coordinates"":[]}"
00000000000000000098,0.03412985672853246,0.19525823447054855,0.18167151162249626,HYD_0153,17.548551421024722,78.38968108174048,0.5763152203086848,0.012625176869737883,"{""type"":""MultiPoint"",""coordinates"":[]}"
00000000000000000099,0.024652638665274607,0.199680825237296,0.42553085331216445,HYD_0154,17.548674412134314,78.39909313125935,0.3501356827852655,0.0,"{""type"":""MultiPoint"",""coordinates"":[]}"
0000000000000000009a,0.0052849172326197465,0.06118509904240892,0.12504560134965104,HYD_0155,17.54879891143233,78.40850515773825,0.8084843823753194,0.0,"{""type"":""MultiPoint"",""coordinates"":[]}"
0000000000000000009b,0.00798976440562377,0.08156610252271516,0.04089026144394248,HYD_0156,17.548921539383326,78.41791833690208,0.8695538716277185,0.0,"{""type"":""MultiPoint"",""coordinates"":[]}"
0000000000000000009c,0.039182190204582766,0.5399630048352815,0.10901140119651707,HYD_0157,17.54904414108751,78.42733152081398,0.3118434037636198,0.0,"{""type"":""MultiPoint"",""coordinates"":[]}"
0000000000000000009d,0.01731571596195197,0.5037851488745808,0.16559542387115614,HYD_0158,17.549166758388733,78.43674466520194,0.297925613337066,0.015378097955245314,"{""type"":""MultiPoint"",""coordinates"":[]}"
0000000000000000009e,2.8552475131054747E-4,0.04050170458648794,1.898534852260485E-4,HYD_0159,17.549287171189132,78.44615781210382,0.9590229171769754,0.0,"{""type"":""MultiPoint"",""coordinates"":[]}"
0000000000000000009f,0.0,0.0356817610882126,0.010083085998195003,HYD_0160,17.549408695665967,78.45557137600602,0.954235152913592,0.0,"{""type"":""MultiPoint"",""coordinates"":[]}"
000000000000000000a0,0.037030007190292695,0.41306258829694337,0.1364183112786366,HYD_0161,17.54953131118665,78.46498377555439,0.40966915721731245,0.003819936016816058,"{""type"":""MultiPoint"",""coordinates"":[]}"
000000000000000000a1,0.006972329150208769,0.16111424772051997,0.43944319621036365,HYD_0162,17.549651730997795,78.47439768911289,0.3901925150368061,0.0022777118821008684,"{""type"":""MultiPoint"",""coordinates"":[]}"
000000000000000000a2,0.043123102424951126,0.3342266528022889,0.2522089839083403,HYD_0163,17.549769884738293,78.48381006532676,0.37044126086441964,0.0,"{""type"":""MultiPoint"",""coordinates"":[]}"
000000000000000000a3,0.022096422104686344,0.39912078895956915,0.12936217925809448,HYD_0164,17.54988915525159,78.49322364045914,0.43992790007862187,0.009492709599027946,"{""type"":""MultiPoint"",""coordinates"":[]}"
000000000000000000a4,1.8985369725184914E-4,0.09741616563283265,0.1677621721347634,HYD_0165,17.550009545492557,78.50263682654308,0.7346318085351519,0.0,"{""type"":""MultiPoint"",""coordinates"":[]}"
000000000000000000a5,0.01024986368872274,0.1493737124864853,0.08657822406410452,HYD_0166,17.550128057274417,78.51205106785035,0.7537981997606882,0.0,"{""type"":""MultiPoint"",""coordinates"":[]}"
000000000000000000a6,0.0026579299936976527,0.3078895477461385,0.047020791787666376,HYD_0167,17.55024586059235,78.52146536000654,0.6424317304724968,0.0,"{""type"":""MultiPoint"",""coordinates"":[]}"
000000000000000000a7,0.0049362696320022145,0.10311740690236423,0.05609255170519077,HYD_0168,17.550364036664266,78.53087851496088,0.8358537717604427,0.0,"{""type"":""MultiPoint"",""coordinates"":[]}"
000000000000000000a8,0.004651419045764827,0.2329264629075853,0.21427946559494795,HYD_0169,17.5504799639144,78.54029169366748,0.5310558069774636,0.01708684547423814,"{""type"":""MultiPoint"",""coordinates"":[]}"
000000000000000000a9,9.488266177493833E-5,0.001850025860176445,0.3862353164429793,HYD_0170,17.550596668600456,78.54970637170624,0.6118197750350692,0.0,"{""type"":""MultiPoint"",""coordinates"":[]}"
000000000000000000aa,1.420980818990851E-4,0.00411935643704311,0.6818509502716232,HYD_0171,17.550714420316023,78.55912133446253,0.3138875952094347,0.0,"{""type"":""MultiPoint"",""coordinates"":[]}"
000000000000000000ab,2.8471419718970346E-4,0.024357020438013254,0.1712155807518314,HYD_0172,17.550828881728634,78.56853524243876,0.8041426846129658,0.0,"{""type"":""MultiPoint"",""coordinates"":[]}"
000000000000000000ac,0.005505831006353486,0.018261564571782983,0.26916626678971356,HYD_0173,17.550943735328175,78.57794879628719,0.7070663376321508,0.0,"{""type"":""MultiPoint"",""coordinates"":[]}"
000000000000000000ad,0.010363591217583295,0.020106610339914916,0.1620929101034125,HYD_0174,17.551059687133836,78.58736195970273,0.8074368883390891,0.0,"{""type"":""MultiPoint"",""coordinates"":[]}"
000000000000000000ae,0.009606504650697257,0.07638581401527193,0.05809222810034703,HYD_0175,17.551174867810353,78.59677659695143,0.8522150624694426,0.00370039076424139,"{""type"":""MultiPoint"",""coordinates"":[]}"
000000000000000000af,0.032683121404231553,0.09056145894340316,0.19881236851329143,HYD_0176,17.55128782319929,78.60619122458712,0.67322832008823,0.004714731050844381,"{""type"":""MultiPoint"",""coordinates"":[]}"
000000000000000000b0,0.013942620995399594,0.052476031293578806,0.3249851783124376,HYD_0177,17.55140189516244,78.61560627718418,0.6085961693985835,0.0,"{""type"":""MultiPoint"",""coordinates"":[]}"
000000000000000000b1,0.001525954056168951,0.10616859764412935,0.5238632646933076,HYD_0178,17.551515941062622,78.62501977451866,0.3684421836063937,0.0,"{""type"":""MultiPoint"",""coordinates"":[]}"
000000000000000000b2,2.2559548272966064E-4,0.1135363245954172,0.41026325429301475,HYD_0179,17.55162821540411,78.63443444931252,0.47597482562883786,0.0,"{""type"":""MultiPoint"",""coordinates"":[]}"
000000000000000000b3,0.018514216013707775,0.3919518172415101,0.17023993828222325,HYD_0180,17.537479115158007,78.239223212965,0.41929402846255853,0.0,"{""type"":""MultiPoint"",""coordinates"":[]}"
000000000000000000b4,0.008710840314044505,0.43886066155471837,0.19322464547866625,HYD_0181,17.537611400982993,78.24863414819143,0.35920385265257093,0.0,"{""type"":""MultiPoint"",""coordinates"":[]}"
000000000000000000b5,0.018229741659688437,0.4136944976786502,0.3564216089459783,HYD_0182,17.537742211492905,78.25804509206911,0.2116541517156849,0.0,"{""type"":""MultiPoint"",""coordinates"":[]}"
000000000000000000b6,0.07947667387509756,0.3709072793237181,0.32777658630159834,HYD_0183,17.53787222760345,78.26745599159287,0.18917811973144125,0.03266134076814469,"{""type"":""MultiPoint"",""coordinates"":[]}"
000000000000000000b7,0.05047120153786368,0.22048904004133535,0.44570126313877295,HYD_0184,17.538001192026638,78.2768680609508,0.28333849528202876,0.0,"{""type"":""MultiPoint"",""coordinates"":[]}"
000000000000000000b8,0.23644835309549228,0.4364477572140757,0.19018933387161294,HYD_0185,17.538130504669976,78.2862789650833,0.13691455581881934,0.0,"{""type"":""MultiPoint"",""coordinates"":[]}"
000000000000000000b9,0.06770734452929393,0.20333608057994446,0.3334494770925047,HYD_0186,17.53825981419916,78.29568989558886,0.39550709779825677,0.0,"{""type"":""MultiPoint"",""coordinates"":[]}"
000000000000000000ba,0.02362206776683551,0.19511235208282068,0.4287985034864167,HYD_0187,17.538387997710743,78.30510268065385,0.3524670766639277,0.0,"{""type"":""MultiPoint"",""coordinates"":[]}"
000000000000000000bb,0.035007679524484164,0.10362757416803911,0.18956597927813598,HYD_0188,17.538515113546882,78.3145143880432,0.6665268470439142,0.0052719199854269734,"{""type"":""MultiPoint"",""coordinates"":[]}"
000000000000000000bc,0.013356120273949558,0.08036454141592222,0.23362508161680573,HYD_0189,17.538643325273124,78.32392494013307,0.6726542566933229,0.0,"{""type"":""MultiPoint"",""coordinates"":[]}"
000000000000000000bd,0.005060565937412964,0.1423753792352592,0.03477272693423015,HYD_0190,17.53877074173941,78.33333696730057,0.8177913278930978,0.0,"{""type"":""MultiPoint"",""coordinates"":[]}"
000000000000000000be,0.006359949701117727,0.4612216166072674,0.10063722340640169,HYD_0191,17.53889522504115,78.34274903706097,0.4317812102852134,0.0,"{""type"":""MultiPoint"",""coordinates"":[]}"
000000000000000000bf,0.016073925910260058,0.8529490832239898,0.02018009350206798,HYD_0192,17.539021962628652,78.35216110488933,0.11079689736368256,0.0,"{""type"":""MultiPoint"",""coordinates"":[]}"
000000000000000000c0,0.07674944911407713,0.5515918908996401,0.17306084059346002,HYD_0193,17.539149756944205,78.36157200967443,0.19859781939282284,0.0,"{""type"":""MultiPoint"",""coordinates"":[]}"
000000000000000000c1,0.03706739658633757,0.3043963812244473,0.15601697934313943,HYD_0194,17.53927424920601,78.3709840714251,0.4603724124016363,0.042146830444440266,"{""type"":""MultiPoint"",""coordinates"":[]}"
000000000000000000c2,0.1004816642600205,0.21817950341565065,0.047489289214837735,HYD_0195,17.53939911237893,78.38039722372181,0.6338495431094909,0.0,"{""type"":""MultiPoint"",""coordinates"":[]}"
000000000000000000c3,0.1910966543027701,0.48706704646809973,0.05983063794430738,HYD_0196,17.539521763555612,78.38981039294062,0.26200566128482283,0.0,"{""type"":""MultiPoint"",""coordinates"":[]}"
000000000000000000c4,0.008399918660005527,0.2045488572550135,0.18256210554385693,HYD_0197,17.539644383250582,78.3992213347634,0.6044891185411239,0.0,"{""type"":""MultiPoint"",""coordinates"":[]}"
000000000000000000c5,0.0022782240127044483,0.07625573138994372,0.21419288888855792,HYD_0198,17.539769213705075,78.40863226941781,0.6915154396209212,0.015757716087872433,"{""type"":""MultiPoint"",""coordinates"":[]}"
000000000000000000c6,0.006534592503719771,0.12173498381986646,0.015489225218598376,HYD_0199,17.539891859088705,78.41804542975784,0.8562411984578154,0.0,"{""type"":""MultiPoint"",""coordinates"":[]}"
000000000000000000c7,0.01498934039233758,0.4610296134956921,0.10029672684713478,HYD_0200,17.54001447303215,78.42745860150029,0.39416239903897826,0.029521920225856348,"{""type"":""MultiPoint"",""coordinates"":[]}"
000000000000000000c8,0.005220941690364097,0.9535174256606772,0.007689395476375102,HYD_0201,17.540137102745128,78.43687176390289,0.03357223717258368,0.0,"{""type"":""MultiPoint"",""coordinates"":[]}"
000000000000000000c9,3.797916582113377E-4,0.1891016177262916,0.0,HYD_0202,17.54025785298955,78.44628378263488,0.8105185906154971,0.0,"{""type"":""MultiPoint"",""coordinates"":[]}"
000000000000000000ca,0.0,0.0,0.0058545842917561135,HYD_0203,17.54037790025738,78.45569583859881,0.994145415708244,0.0,"{""type"":""MultiPoint"",""coordinates"":[]}"
000000000000000000cb,0.018601022944611145,0.4064684517644358,0.197848935725985,HYD_0204,17.540499397310953,78.46510940540371,0.3770815895649675,0.0,"{""type"":""MultiPoint"",""coordinates"":[]}"
000000000000000000cc,0.0366831225332482,0.4030904526820951,0.21770460199815012,HYD_0205,17.540619791184344,78.47452179332612,0.34252182278650556,0.0,"{""type"":""MultiPoint"",""coordinates"":[]}"
000000000000000000cd,0.04703438114351169,0.5920914845088111,0.11291832649671346,HYD_0206,17.540739091181774,78.48393532350714,0.24311452054876106,0.0048412873022024225,"{""type"":""MultiPoint"",""coordinates"":[]}"
000000000000000000ce,0.005362386386648721,0.45799284072093127,0.10224233742718623,HYD_0207,17.54085946867407,78.49334849355083,0.4344024354652343,0.0,"{""type"":""MultiPoint"",""coordinates"":[]}"
000000000000000000cf,7.015271706869566E-4,0.018948676867653263,0.09369760643395314,HYD_0208,17.5409787630896,78.50276206183847,0.8866521895277066,0.0,"{""type"":""MultiPoint"",""coordinates"":[]}"
000000000000000000d0,0.08312513188986118,0.38422814982762643,0.18440203044325035,HYD_0209,17.54109690384284,78.51217442277883,0.34824468783926155,0.0,"{""type"":""MultiPoint"",""coordinates"":[]}"
000000000000000000d1,0.001871614467516566,0.24730134332718648,0.0276097559160174,HYD_0210,17.541215080291742,78.52158837612377,0.7232172862892798,0.0,"{""type"":""MultiPoint"",""coordinates"":[]}"
000000000000000000d2,0.0017082940841292042,0.16988519444964456,0.014640340825139542,HYD_0211,17.541333229751757,78.53100075471554,0.813766170641087,0.0,"{""type"":""MultiPoint"",""coordinates"":[]}"
000000000000000000d3,0.010054714622555474,0.2686581776732476,0.08894495108889475,HYD_0212,17.54145031498705,78.54041431465838,0.6323421566153027,0.0,"{""type"":""MultiPoint"",""coordinates"":[]}"
000000000000000000d4,0.0014295481384797068,0.019974222727396223,0.011994656966134859,HYD_0213,17.541566581222575,78.54982858250587,0.9666015721679889,0.0,"{""type"":""MultiPoint"",""coordinates"":[]}"
000000000000000000d5,0.0027529144783571403,0.14240776340496242,0.18387607380416665,HYD_0214,17.541682144899067,78.55924284586703,0.6709632483125137,0.0,"{""type"":""MultiPoint"",""coordinates"":[]}"
000000000000000000d6,2.8477969777615004E-4,0.20252303644398403,0.0908343002813922,HYD_0215,17.541798090697203,78.56865602124267,0.7063578835768484,0.0,"{""type"":""MultiPoint"",""coordinates"":[]}"
000000000000000000d7,0.0028046491508249066,0.26806065249228134,0.0589858591183113,HYD_0216,17.541914048450028,78.57806919155806,0.6701488392385835,0.0,"{""type"":""MultiPoint"",""coordinates"":[]}"
000000000000000000d8,0.005642196183925179,0.002773087319685126,0.16710093464691814,HYD_0217,17.542028891592206,78.5874827517296,0.8244837818494719,0.0,"{""type"":""MultiPoint"",""coordinates"":[]}"
000000000000000000d9,0.0060370238042070515,0.014844505977103902,0.06036242240185792,HYD_0218,17.54214255985908,78.59689510333509,0.9187560478168312,0.0,"{""type"":""MultiPoint"",""coordinates"":[]}"
000000000000000000da,0.008839545007765442,0.030506497629426872,0.1972724731782278,HYD_0219,17.542257761024548,78.60630974381193,0.7523431251518942,0.011038359032685581,"{""type"":""MultiPoint"",""coordinates"":[]}"
000000000000000000db,0.0056957784230511534,0.12163651254560351,0.5598879457970372,HYD_0220,17.542371111085238,78.61572404714565,0.31277976323430895,0.0,"{""type"":""MultiPoint"",""coordinates"":[]}"
000000000000000000dc,0.0018980861708791164,0.008067982747513233,0.6024696706299459,HYD_0221,17.54248371015262,78.62513761364123,0.3875642604516628,0.0,"{""type"":""MultiPoint"",""coordinates"":[]}"
000000000000000000dd,5.651987869993121E-4,0.17425499060482613,0.5124354895722877,HYD_0222,17.542597049263104,78.63455112469487,0.31274432103588795,0.0,"{""type"":""MultiPoint"",""coordinates"":[]}"
000000000000000000de,0.001804005002809333,0.08827970157400833,0.3482500406785442,HYD_0223,17.528450887060252,78.23935993586458,0.561666252744638,0.0,"{""type"":""MultiPoint"",""coordinates"":[]}"
000000000000000000df,0.005912473635627421,0.29475200913095717,0.10995070206899325,HYD_0224,17.528582471185103,78.24877164394442,0.5893848151644221,0.0,"{""type"":""MultiPoint"",""coordinates"":[]}"
000000000000000000e0,0.07380265601094961,0.3299274655153093,0.16706165151947855,HYD_0225,17.52871323922994,78.25818108544884,0.3764357683885771,0.052772458565685576,"{""type"":""MultiPoint"",""coordinates"":[]}"
000000000000000000e1,0.013330538296534288,0.8564284419072329,0.03212629197535254,HYD_0226,17.52884183891538,78.26759203895217,0.09769472761981637,4.2000020106392594E-4,"{""type"":""MultiPoint"",""coordinates"":[]}"
000000000000000000e2,0.01748290804187707,0.7864787922700638,0.003512964271645408,HYD_0227,17.528971851898635,78.27700293238105,0.1925253354164138,0.0,"{""type"":""MultiPoint"",""coordinates"":[]}"
000000000000000000e3,0.06317798544446658,0.494745903696373,0.10208309596628688,HYD_0228,17.52910046495863,78.28641387557657,0.3398980680742627,9.494681861136374E-5,"{""type"":""MultiPoint"",""coordinates"":[]}"
000000000000000000e4,0.029770149351539103,0.5363698103765664,0.1550456782180283,HYD_0229,17.529230505472533,78.29582477218746,0.27881436205386684,0.0,"{""type"":""MultiPoint"",""coordinates"":[]}"
000000000000000000e5,0.05605683130264217,0.3754808331375434,0.21167940014216016,HYD_0230,17.529359812479886,78.305235708408,0.3567829354176541,0.0,"{""type"":""MultiPoint"",""coordinates"":[]}"
000000000000000000e6,0.06703840931084255,0.42422448430202725,0.0882118039459677,HYD_0231,17.529486186745295,78.31464669063735,0.42047801546619157,4.728697497029668E-5,"{""type"":""MultiPoint"",""coordinates"":[]}"
000000000000000000e7,0.047588604024671514,0.3146821015867459,0.1791192935880417,HYD_0232,17.529613993234232,78.32405758708947,0.4570361006596079,0.0015739001409323867,"{""type"":""MultiPoint"",""coordinates"":[]}"
000000000000000000e8,0.04048559479553902,0.04126304689734057,0.25793388380516624,HYD_0233,17.529740372465607,78.33346852687389,0.6433274652082734,0.016990009293680296,"{""type"":""MultiPoint"",""coordinates"":[]}"
000000000000000000e9,0.015153709732250215,0.31251128671743733,0.06989033313363216,HYD_0234,17.529866687944573,78.3428801924047,0.6024446704166807,0.0,"{""type"":""MultiPoint"",""coordinates"":[]}"
000000000000000000ea,0.03402279210131047,0.6144999744883991,0.046667235246380605,HYD_0235,17.52999412017489,78.35229301341502,0.30480999816390947,0.0,"{""type"":""MultiPoint"",""coordinates"":[]}"
000000000000000000eb,0.03734095299372524,0.4886803510762993,0.16418052161013724,HYD_0236,17.530119365766794,78.36170355501906,0.3097981743198378,0.0,"{""type"":""MultiPoint"",""coordinates"":[]}"
000000000000000000ec,0.01247613274512901,0.3200211640369248,0.006424424579474617,HYD_0237,17.53024493708985,78.37111445885147,0.6609833309006858,9.494773778636996E-5,"{""type"":""MultiPoint"",""coordinates"":[]}"
000000000000000000ed,0.03409526617394912,0.4467745165702153,0.032770408356990195,HYD_0238,17.53036943667869,78.38052654054654,0.4863598088988456,0.0,"{""type"":""MultiPoint"",""coordinates"":[]}"
000000000000000000ee,0.04924705909505634,0.7285358888864486,0.010801341456922875,HYD_0239,17.530492085029874,78.3899397116661,0.21141571056157224,0.0,"{""type"":""MultiPoint"",""coordinates"":[]}"
000000000000000000ef,0.011666458104287146,0.4748205618670502,0.008848258951050406,HYD_0240,17.53061470817966,78.39935064943121,0.5034301062774296,0.001234614800182343,"{""type"":""MultiPoint"",""coordinates"":[]}"
000000000000000000f0,0.1470368605612097,0.21419663929361138,0.10946455028030706,HYD_0241,17.530739549439925,78.40876157094604,0.498356499921827,0.03094544994304519,"{""type"":""MultiPoint"",""coordinates"":[]}"
000000000000000000f1,0.04500528048357846,0.38066423532381144,0.09567037572399593,HYD_0242,17.53086217932918,78.41817476367905,0.44306291127559194,0.03559719719302378,"{""type"":""MultiPoint"",""coordinates"":[]}"
000000000000000000f2,0.06699351150808103,0.5464381806009511,0.04829916319082185,HYD_0243,17.530985179903716,78.4275867998835,0.33826914470014663,0.0,"{""type"":""MultiPoint"",""coordinates"":[]}"
000000000000000000f3,0.02842761929437414,0.8899425081971608,8.543362310035834E-4,HYD_0244,17.531107425611193,78.43699885456213,0.08077553627746167,0.0,"{""type"":""MultiPoint"",""coordinates"":[]}"
000000000000000000f4,5.696972450111462E-4,0.7479145543496755,0.0019939403575390115,HYD_0245,17.53122744480468,78.44641088866166,0.249521808047774,0.0,"{""type"":""MultiPoint"",""coordinates"":[]}"
000000000000000000f5,0.009614808189752272,0.7357707578317197,0.0036300350492562503,HYD_0246,17.53134855972743,78.45582181874141,0.2509843989292717,0.0,"{""type"":""MultiPoint"",""coordinates"":[]}"
000000000000000000f6,0.029447994356539397,0.29834437394254915,0.21398915606811614,HYD_0247,17.531468608012943,78.4652338641309,0.4582184756327952,0.0,"{""type"":""MultiPoint"",""coordinates"":[]}"
000000000000000000f7,0.008506865016243523,0.17311723444245447,0.1968346063974216,HYD_0248,17.531589007243408,78.4746470409474,0.6141139805256373,0.007427313618243079,"{""type"":""MultiPoint"",""coordinates"":[]}"
000000000000000000f8,0.08949884932869444,0.6966732160499847,0.04064203810654079,HYD_0249,17.531709399656297,78.48406018023213,0.1731858965147801,0.0,"{""type"":""MultiPoint"",""coordinates"":[]}"
000000000000000000f9,0.010823425354474163,0.10519773830427917,0.1143340866611101,HYD_0250,17.53182978277403,78.49347334644426,0.7696447496801364,0.0,"{""type"":""MultiPoint"",""coordinates"":[]}"
000000000000000000fa,0.05023551621803779,0.24137601048559168,0.08633298455832802,HYD_0251,17.531948316963167,78.50288539387321,0.6220554887380428,0.0,"{""type"":""MultiPoint"",""coordinates"":[]}"
000000000000000000fb,0.017199936417861182,0.7570938942161444,0.043322591128504694,HYD_0252,17.532066140909542,78.51229746528965,0.18238357823748635,0.0,"{""type"":""MultiPoint"",""coordinates"":[]}"
000000000000000000fc,0.006924217786751946,0.4135474182346662,0.03625795912775695,HYD_0253,17.53218428953526,78.52171061161586,0.5432704048508221,0.0,"{""type"":""MultiPoint"",""coordinates"":[]}"
000000000000000000fd,0.010159090985216319,0.19185002491669892,0.08053695021833264,HYD_0254,17.532301355028313,78.53112415285484,0.7174539338797498,0.0,"{""type"":""MultiPoint"",""coordinates"":[]}"
000000000000000000fe,0.00277566982852851,0.33846089145225405,0.18776449904146705,HYD_0255,17.532419523677536,78.54053655699042,0.47099893967774975,0.0,"{""type"":""MultiPoint"",""coordinates"":[]}"
000000000000000000ff,0.0,0.0,0.03050980716247292,HYD_0256,17.53253655307694,78.54995009689648,0.9694901928375269,0.0,"{""type"":""MultiPoint"",""coordinates"":[]}"
00000000000000000100,0.015043827418325698,0.10884857446417237,0.04772546383056032,HYD_0257,17.532652493572186,78.55936324194181,0.8283821342869414,0.0,"{""type"":""MultiPoint"",""coordinates"":[]}"
00000000000000000101,0.006965899035413569,0.255194177413764,0.06648018467524532,HYD_0258,17.532768424545853,78.56877640617921,0.6713597388755743,0.0,"{""type"":""MultiPoint"",""coordinates"":[]}"
00000000000000000102,0.002372582106227657,0.18125150263533338,0.28599793222491166,HYD_0259,17.532883257208354,78.57818995960722,0.5299034666122778,4.745164212455314E-4,"{""type"":""MultiPoint"",""coordinates"":[]}"
00000000000000000103,0.03108751017436824,0.07260228240808445,0.38248292920574906,HYD_0260,17.532996948335807,78.58760234799777,0.5138272782117963,0.0,"{""type"":""MultiPoint"",""coordinates"":[]}"
00000000000000000104,0.03092411234965401,0.02241438809390588,0.19657392299442206,HYD_0261,17.53311176766266,78.59701591301355,0.7385062509748814,0.011581325587135228,"{""type"":""MultiPoint"",""coordinates"":[]}"
00000000000000000105,0.011971151627391829,0.06621742127288355,0.22560773180451962,HYD_0262,17.53322661861507,78.60642944896207,0.6962036952952059,0.0,"{""type"":""MultiPoint"",""coordinates"":[]}"
00000000000000000106,4.745171276492E-4,0.004544199316546457,0.2847839663081668,HYD_0263,17.533340305795104,78.61584182482201,0.7101973172476348,0.0,"{""type"":""MultiPoint"",""coordinates"":[]}"
00000000000000000107,0.0023731994861232006,0.026222830588549708,0.5889130820806868,HYD_0264,17.53345290794798,78.62525539387849,0.3824908878446389,0.0,"{""type"":""MultiPoint"",""coordinates"":[]}"
00000000000000000108,0.008759011102437259,0.12091379480993228,0.5187362466037431,HYD_0265,17.533565877946305,78.6346700697182,0.351590947483886,0.0,"{""type"":""MultiPoint"",""coordinates"":[]}"
00000000000000000109,0.01476713577675782,0.1894622291146199,0.3765532102533849,HYD_0266,17.519423805790844,78.23949782918456,0.4192174248552372,0.0,"{""type"":""MultiPoint"",""coordinates"":[]}"
0000000000000000010a,0.06481219747188262,0.26463559199890063,0.22228267974038776,HYD_0267,17.519553876074724,78.2489072791803,0.44826953078882925,0.0,"{""type"":""MultiPoint"",""coordinates"":[]}"
0000000000000000010b,0.026174723793162356,0.19997736207902475,0.3842083373824678,HYD_0268,17.51968284342951,78.25831709973302,0.26420427149271375,0.12543530525263052,"{""type"":""MultiPoint"",""coordinates"":[]}"
0000000000000000010c,0.005665820499298334,0.08973508108607366,0.2210485622603394,HYD_0269,17.51981396789332,78.26772761155136,0.5462948893278626,0.1372556468264254,"{""type"":""MultiPoint"",""coordinates"":[]}"
0000000000000000010d,0.008344303691815954,0.40304358048653605,0.1992304043562973,HYD_0270,17.51994406297343,78.2771378333428,0.38047550681938347,0.008906204645966996,"{""type"":""MultiPoint"",""coordinates"":[]}"
0000000000000000010e,0.010254519863943296,0.37484217013045273,0.08727065565255274,HYD_0271,17.520072279005095,78.28654915768148,0.527632654353051,0.0,"{""type"":""MultiPoint"",""coordinates"":[]}"
0000000000000000010f,0.040977928601648214,0.7634452892699876,0.05407760742228234,HYD_0272,17.520200468309593,78.29595967801367,0.14149917470608217,0.0,"{""type"":""MultiPoint"",""coordinates"":[]}"
00000000000000000110,0.06312328240621588,0.5345388347977834,0.025545617093575234,HYD_0273,17.520329777388913,78.30536837935404,0.37679226570242397,0.0,"{""type"":""MultiPoint"",""coordinates"":[]}"
00000000000000000111,0.03272592719986032,0.47502904508400057,0.07967677967912484,HYD_0274,17.520456860571475,78.31477932038385,0.4125682480370139,0.0,"{""type"":""MultiPoint"",""coordinates"":[]}"
00000000000000000112,0.13242263366745916,0.28658623559884766,0.1162322656571506,HYD_0275,17.52058393292063,78.32419026308537,0.396531247265015,0.0682276178115276,"{""type"":""MultiPoint"",""coordinates"":[]}"
00000000000000000113,0.08593202092351136,0.0674955218146814,0.036727820139996384,HYD_0276,17.520711037792065,78.33360120570315,0.39411269392440973,0.4157319431974027,"{""type"":""MultiPoint"",""coordinates"":[]}"
00000000000000000114,0.10435541853533588,0.5397282308194974,0.09129344481119704,HYD_0277,17.52083848456488,78.34301324434973,0.24286759490418852,0.02175531092978275,"{""type"":""MultiPoint"",""coordinates"":[]}"
00000000000000000115,0.029062925040856072,0.6423496742687993,0.06526690889805578,HYD_0278,17.520965197723022,78.35242305995985,0.2633204917922887,0.0,"{""type"":""MultiPoint"",""coordinates"":[]}"
00000000000000000116,0.02636586787694956,0.2347313084025168,0.004623807939057005,HYD_0279,17.52109003917496,78.36183399138362,0.734279015781474,0.0,"{""type"":""MultiPoint"",""coordinates"":[]}"
00000000000000000117,0.028184824037582698,0.3563273399273457,0.061576231759266534,HYD_0280,17.52121489925825,78.37124491849431,0.5539116042758022,0.0,"{""type"":""MultiPoint"",""coordinates"":[]}"
00000000000000000118,0.02124735371295429,0.6032667103697212,0.06730196168649118,HYD_0281,17.521339756448704,78.38065586319775,0.29859647672961137,0.009587497501220064,"{""type"":""MultiPoint"",""coordinates"":[]}"
00000000000000000119,0.007836010124817648,0.7786894035696016,0.043056539168135594,HYD_0282,17.521462741094265,78.39006792094247,0.17041804713744552,0.0,"{""type"":""MultiPoint"",""coordinates"":[]}"
0000000000000000011a,0.01708222606237506,0.7311395312208517,0.008178259546919062,HYD_0283,17.521584659406024,78.39947884483485,0.24271677284180382,8.832103280500825E-4,"{""type"":""MultiPoint"",""coordinates"":[]}"
0000000000000000011b,0.11002122607971192,0.31174604049111043,0.005302052847056818,HYD_0284,17.52170987931402,78.40889088135401,0.5603725992231737,0.012558081358945568,"{""type"":""MultiPoint"",""coordinates"":[]}"
0000000000000000011c,0.03491546110920585,0.7421825402587836,0.028212520669757782,HYD_0285,17.52183287565628,78.41830294421256,0.19468947796224884,0.0,"{""type"":""MultiPoint"",""coordinates"":[]}"
0000000000000000011d,0.022568373298044644,0.8514250309327945,0.007831219204508669,HYD_0286,17.52195478493245,78.42771390925166,0.11817537656465181,0.0,"{""type"":""MultiPoint"",""coordinates"":[]}"
0000000000000000011e,0.01459490092580457,0.83827016335625,0.001234331621528233,HYD_0287,17.52207809673726,78.43712479116336,0.14590060409641709,0.0,"{""type"":""MultiPoint"",""coordinates"":[]}"
0000000000000000011f,0.003944895795486361,0.8496249054446038,0.003986961778773136,HYD_0288,17.522198143463786,78.44653687464292,0.1424432369811367,0.0,"{""type"":""MultiPoint"",""coordinates"":[]}"
00000000000000000120,0.001759703970578763,0.9301267947509736,0.005008789211219957,HYD_0289,17.522318179919104,78.45594891303773,0.0631047120672277,0.0,"{""type"":""MultiPoint"",""coordinates"":[]}"
00000000000000000121,0.04609369763856921,0.40596389714260056,0.13575955258670097,HYD_0290,17.52243929590004,78.46535983253382,0.3008820922976097,0.1113007603345172,"{""type"":""MultiPoint"",""coordinates"":[]}"
00000000000000000122,0.001632364672873748,0.0491339905229784,0.11295554049139206,HYD_0291,17.52255933980322,78.47477188755538,0.6524641633600583,0.18381394095269796,"{""type"":""MultiPoint"",""coordinates"":[]}"
00000000000000000123,0.040977479436062635,0.4942976395399388,0.07722011602766071,HYD_0292,17.522679731991794,78.48418504457635,0.3875047649963363,0.0,"{""type"":""MultiPoint"",""coordinates"":[]}"
00000000000000000124,0.17524411240788076,0.2769417287745827,0.18915770048792704,HYD_0293,17.52280048191344,78.49359706959116,0.35713727189862565,0.001519186430984255,"{""type"":""MultiPoint"",""coordinates"":[]}"
00000000000000000125,0.07692015539004078,0.6697023304410241,0.041936544474311194,HYD_0294,17.522917927849573,78.50300803058651,0.20885312155923227,0.002587848135390254,"{""type"":""MultiPoint"",""coordinates"":[]}"
00000000000000000126,0.029810625970657267,0.6128382131120436,0.09957994642492853,HYD_0295,17.52303645018012,78.5124200768402,0.25777121449236906,0.0,"{""type"":""MultiPoint"",""coordinates"":[]}"
00000000000000000127,0.0012128395708826177,0.4371102850135763,0.021690768347641956,HYD_0296,17.52315459953779,78.52183324075695,0.5399861070678991,0.0,"{""type"":""MultiPoint"",""coordinates"":[]}"
00000000000000000128,0.009712645689685339,0.30639347888090634,0.027124289843071032,HYD_0297,17.523270897622226,78.53124526987068,0.6567695855863359,0.0,"{""type"":""MultiPoint"",""coordinates"":[]}"
00000000000000000129,0.05086017471461499,0.311680466977509,0.1926974471658005,HYD_0298,17.523387608861917,78.54065770410686,0.44476191114207664,0.0,"{""type"":""MultiPoint"",""coordinates"":[]}"
0000000000000000012a,0.006453370490456153,0.048912007883979244,0.04450406554897562,HYD_0299,17.523505758506012,78.55007009660959,0.9001305560765878,0.0,"{""type"":""MultiPoint"",""coordinates"":[]}"
0000000000000000012b,0.01336990543110539,0.36231237881150635,0.1159631996367602,HYD_0300,17.523621719536962,78.5594840317602,0.5083545161206283,0.0,"{""type"":""MultiPoint"",""coordinates"":[]}"
0000000000000000012c,0.02049727481909025,0.04475078957316908,0.14834561723635972,HYD_0301,17.523736530700482,78.5688967969378,0.7864063183713795,0.0,"{""type"":""MultiPoint"",""coordinates"":[]}"
0000000000000000012d,0.010162640961703068,0.3733905243961439,0.1682477948565259,HYD_0302,17.523851330402284,78.57830958244998,0.4481990397856263,0.0,"{""type"":""MultiPoint"",""coordinates"":[]}"
0000000000000000012e,0.06441338475223725,0.22471964918773946,0.14841083341742228,HYD_0303,17.52396652258972,78.58772199757672,0.5264559494469314,0.03600018319566977,"{""type"":""MultiPoint"",""coordinates"":[]}"
0000000000000000012f,0.1139259821654534,0.021166242389055127,0.28857055662245257,HYD_0304,17.524080993121657,78.5971344556078,0.5593683474014858,0.016968871421553306,"{""type"":""MultiPoint"",""coordinates"":[]}"
00000000000000000130,0.009490621591052462,0.06333631450505661,0.4871763093242935,HYD_0305,17.52419467100172,78.60654684314446,0.43999675457959686,0.0,"{""type"":""MultiPoint"",""coordinates"":[]}"
00000000000000000131,0.0014235831718698493,0.0012337720822872026,0.560616729726129,HYD_0306,17.52430841806437,78.61596076048055,0.4367259150197149,0.0,"{""type"":""MultiPoint"",""coordinates"":[]}"
00000000000000000132,0.01893160215759298,0.03159757979785493,0.6459592769763305,HYD_0307,17.524422126979605,78.6253731684568,0.30351154106821876,0.0,"{""type"":""MultiPoint"",""coordinates"":[]}"
00000000000000000133,0.029048474555828003,0.05337286327252211,0.553212787865837,HYD_0308,17.524534705643593,78.63478672310032,0.36436587430581285,0.0,"{""type"":""MultiPoint"",""coordinates"":[]}"
00000000000000000134,0.003929697283758693,0.07887947786697407,0.5361635641565152,HYD_0309,17.524646173433155,78.64419988160182,0.3810272606927526,0.0,"{""type"":""MultiPoint"",""coordinates"":[]}"
00000000000000000135,0.05758969853634817,0.13965230027711859,0.5748601652134181,HYD_0310,17.510394894853842,78.23963455048592,0.22789783597311586,0.0,"{""type"":""MultiPoint"",""coordinates"":[]}"
00000000000000000136,0.028056965304109047,0.09993694771054638,0.5492349742446481,HYD_0311,17.510524199943326,78.24904328355849,0.32277111274069636,0.0,"{""type"":""MultiPoint"",""coordinates"":[]}"
00000000000000000137,3.798821843821493E-4,0.0,0.7164548202766211,HYD_0312,17.510654989600393,78.25845270792203,0.28316529753899644,0.0,"{""type"":""MultiPoint"",""coordinates"":[]}"
00000000000000000138,0.0336569229680346,0.06440228424977733,0.6372021292843628,HYD_0313,17.510786202843352,78.26786330381614,0.25088453214228457,0.01385413135553757,"{""type"":""MultiPoint"",""coordinates"":[]}"
00000000000000000139,0.0024371604399402325,0.15968614855654847,0.43125114521215635,HYD_0314,17.51091663108444,78.27727161552629,0.40448036789800856,0.0021451778933459253,"{""type"":""MultiPoint"",""coordinates"":[]}"
0000000000000000013a,0.007600199425181872,0.8186009035196921,0.02367299036124035,HYD_0315,17.511044812381172,78.28668214779742,0.1501259066938874,0.0,"{""type"":""MultiPoint"",""coordinates"":[]}"
0000000000000000013b,0.02951355128941578,0.5473693504008726,0.20986934108778343,HYD_0316,17.5111719090501,78.29609383551914,0.21324775722192785,0.0,"{""type"":""MultiPoint"",""coordinates"":[]}"
0000000000000000013c,0.007546216947592104,0.908730699643283,0.010229961855515743,HYD_0317,17.511300097931223,78.30550214671587,0.07349312155360739,0.0,"{""type"":""MultiPoint"",""coordinates"":[]}"
0000000000000000013d,0.022816292403693733,0.6401131447959133,0.0599447683567002,HYD_0318,17.511428637641245,78.31491157950893,0.27712579444368846,0.0,"{""type"":""MultiPoint"",""coordinates"":[]}"
0000000000000000013e,0.13344692483594367,0.22796473821813937,0.10721436392482818,HYD_0319,17.511555009556005,78.32432330967174,0.5295978488376403,0.0017761241834446848,"{""type"":""MultiPoint"",""coordinates"":[]}"
0000000000000000013f,0.05729933652380769,0.24102925751656074,0.01989683892820612,HYD_0320,17.511681697105473,78.33373386234265,0.6800383363313065,0.0017362307001183663,"{""type"":""MultiPoint"",""coordinates"":[]}"
00000000000000000140,0.05077862696630637,0.15487550124820904,0.08496462073103377,HYD_0321,17.511808440001065,78.34314370386979,0.7093812510544509,0.0,"{""type"":""MultiPoint"",""coordinates"":[]}"
00000000000000000141,0.018076602437245348,0.42508071341311504,0.12207822284907274,HYD_0322,17.511935149407307,78.35255352127851,0.43476446130056706,0.0,"{""type"":""MultiPoint"",""coordinates"":[]}"
00000000000000000142,0.004870625522211774,0.4700900177682313,0.05144670349392255,HYD_0323,17.512060708855238,78.36196443371045,0.47359265321563243,0.0,"{""type"":""MultiPoint"",""coordinates"":[]}"
00000000000000000143,0.01404264748876643,0.6628691990979633,0.010618111123318683,HYD_0324,17.512185219013052,78.37137426056398,0.3124700422899512,0.0,"{""type"":""MultiPoint"",""coordinates"":[]}"
00000000000000000144,0.010263483129336793,0.7530033651984877,0.04877713749664971,HYD_0325,17.51231007904042,78.38078520111999,0.1879560141755265,0.0,"{""type"":""MultiPoint"",""coordinates"":[]}"
00000000000000000145,0.04350036386551059,0.6123174992867948,0.1880711701572184,HYD_0326,17.512432691552885,78.39019613550386,0.15611096669047766,0.0,"{""type"":""MultiPoint"",""coordinates"":[]}"
00000000000000000146,0.013313057688799881,0.29147566736527053,0.30234299094296646,HYD_0327,17.51255531551321,78.39960707122708,0.3928682840029632,0.0,"{""type"":""MultiPoint"",""coordinates"":[]}"
00000000000000000147,0.02687320855826035,0.5647484478825896,0.02366508966424221,HYD_0328,17.512680552002205,78.4090190733573,0.36711104723337,0.017602206661538247,"{""type"":""MultiPoint"",""coordinates"":[]}"
00000000000000000148,0.022575990855219424,0.4942236338215392,0.087134567158844,HYD_0329,17.51280248444641,78.41843003542078,0.3960658081643975,0.0,"{""type"":""MultiPoint"",""coordinates"":[]}"
00000000000000000149,0.006720515687595261,0.9461506067230484,0.007596279048292477,HYD_0330,17.51292581206096,78.4278409389879,0.03953259854106469,0.0,"{""type"":""MultiPoint"",""coordinates"":[]}"
0000000000000000014a,0.0027620791627228805,0.5622298148163323,0.001210504092479386,HYD_0331,17.513047722149295,78.43725189652712,0.4337976019284666,0.0,"{""type"":""MultiPoint"",""coordinates"":[]}"
0000000000000000014b,0.0037029976221877522,0.7710854902813536,9.494865697917314E-5,HYD_0332,17.51316881514251,78.44666281330639,0.22511656343947956,0.0,"{""type"":""MultiPoint"",""coordinates"":[]}"
0000000000000000014c,0.001831148661426234,0.9667686908199108,9.492638923840002E-5,HYD_0333,17.513288862893692,78.45607488730161,0.03130523412942451,0.0,"{""type"":""MultiPoint"",""coordinates"":[]}"
0000000000000000014d,0.0700380439134395,0.7130688198193336,0.029619505000828703,HYD_0334,17.513409234107638,78.46548580636838,0.18727363126639887,0.0,"{""type"":""MultiPoint"",""coordinates"":[]}"
0000000000000000014e,0.04374370174752193,0.6386013868347108,0.0588576463716668,HYD_0335,17.51352965266475,78.47489674178206,0.25879726504609935,0.0,"{""type"":""MultiPoint"",""coordinates"":[]}"
0000000000000000014f,0.016322096923757884,0.6454405451072615,0.06814175796644978,HYD_0336,17.51365005833817,78.48430988670778,0.2700956000025316,0.0,"{""type"":""MultiPoint"",""coordinates"":[]}"
00000000000000000150,0.02689586147629737,0.7306448393933479,0.025011803289431565,HYD_0337,17.51376933289355,78.49372121251211,0.21744749584092307,0.0,"{""type"":""MultiPoint"",""coordinates"":[]}"
00000000000000000151,0.007119325083962559,0.914121117476121,0.00979860896076984,HYD_0338,17.513887476897093,78.50313135506292,0.06699214563037424,0.0019688028487721233,"{""type"":""MultiPoint"",""coordinates"":[]}"
00000000000000000152,0.0016137341995506127,0.8816829442254742,0.02462964148670524,HYD_0339,17.514006011305984,78.51254418429265,0.09207368008826967,0.0,"{""type"":""MultiPoint"",""coordinates"":[]}"
00000000000000000153,0.003053708422764252,0.36069748858999795,0.006262986634768658,HYD_0340,17.514123804468092,78.52195548423016,0.6299858163524682,0.0,"{""type"":""MultiPoint"",""coordinates"":[]}"
00000000000000000154,0.010361550222259293,0.1756101611482267,0.05715590024136117,HYD_0341,17.514240503775564,78.53136792187678,0.7568723883881531,0.0,"{""type"":""MultiPoint"",""coordinates"":[]}"
00000000000000000155,0.03215441865868544,0.3005934539106967,0.09802452605232136,HYD_0342,17.51435715483486,78.5407788387479,0.5690377020844984,1.8989929379803803E-4,"{""type"":""MultiPoint"",""coordinates"":[]}"
00000000000000000156,0.004293803814440086,0.44480189959041927,0.06833054510875934,HYD_0343,17.514473855479913,78.55019128348225,0.482573751486381,0.0,"{""type"":""MultiPoint"",""coordinates"":[]}"
00000000000000000157,0.0070344483646703326,0.879654399833266,0.04147797478153427,HYD_0344,17.514589763186475,78.55960364784248,0.0718331770205291,0.0,"{""type"":""MultiPoint"",""coordinates"":[]}"
00000000000000000158,0.004271671613988299,0.40307940060350594,0.18662011940578527,HYD_0345,17.514704609246024,78.56901721889072,0.4005230982964682,0.0055057100802515845,"{""type"":""MultiPoint"",""coordinates"":[]}"
00000000000000000159,0.011276119522473123,0.6335512496895469,0.10484374552006702,HYD_0346,17.514820909018866,78.57842925495632,0.2503288852679136,0.0,"{""type"":""MultiPoint"",""coordinates"":[]}"
0000000000000000015a,0.09768221044572929,0.2549170084927777,0.16811067718805944,HYD_0347,17.514936124656913,78.58784019286963,0.4677506799286259,0.01153942394480737,"{""type"":""MultiPoint"",""coordinates"":[]}"
0000000000000000015b,0.11598731610927082,0.09894045287059022,0.004514485292092074,HYD_0348,17.515050172082564,78.59725221186379,0.7805577457280469,0.0,"{""type"":""MultiPoint"",""coordinates"":[]}"
0000000000000000015c,0.007275102976787645,0.11017371574497864,0.22298304163556731,HYD_0349,17.51516388529184,78.60666539016214,0.6595681396426661,0.0,"{""type"":""MultiPoint"",""coordinates"":[]}"
0000000000000000015d,0.02228415885592524,0.07356776601502911,0.4344448671721036,HYD_0350,17.515277610836776,78.61607855932253,0.44891406558863667,0.020789142368305657,"{""type"":""MultiPoint"",""coordinates"":[]}"
0000000000000000015e,0.012103390870321395,0.3551204047840278,0.2844823606842492,HYD_0351,17.51539058390415,78.62549097867506,0.344781541109761,0.00351230255164034,"{""type"":""MultiPoint"",""coordinates"":[]}"
0000000000000000015f,0.023503111931682245,0.06558814150684691,0.4347636647232674,HYD_0352,17.515502786592503,78.63490263510114,0.47614508183820325,0.0,"{""type"":""MultiPoint"",""coordinates"":[]}"
00000000000000000160,0.006054950358188287,0.1896330974682174,0.36566050976483083,HYD_0353,17.515614266392802,78.64431583378574,0.43865144240876375,0.0,"{""type"":""MultiPoint"",""coordinates"":[]}"
00000000000000000161,0.004838994144091515,0.04931495024077762,0.45647993594146585,HYD_0354,17.515725741741374,78.65372899035134,0.48936611967366467,0.0,"{""type"":""MultiPoint"",""coordinates"":[]}"
00000000000000000162,0.033884405248280326,0.24202311299146775,0.42253013887906105,HYD_0355,17.501365211935425,78.23977053931951,0.30156234288119127,0.0,"{""type"":""MultiPoint"",""coordinates"":[]}"
00000000000000000163,0.005588789788417207,0.04039924290766077,0.7708607362093456,HYD_0356,17.501495646867216,78.24917889643031,0.18315123109457665,0.0,"{""type"":""MultiPoint"",""coordinates"":[]}"
00000000000000000164,0.0,1.8998319207524244E-4,0.3608008052307219,HYD_0357,17.50162719682406,78.25858837468945,0.6270402704764627,0.011968941100740274,"{""type"":""MultiPoint"",""coordinates"":[]}"
00000000000000000165,0.0027541160907416954,5.456092052652581E-4,0.4127002925806078,HYD_0358,17.50175759967152,78.26799668249195,0.5839999821233838,0.0,"{""type"":""MultiPoint"",""coordinates"":[]}"
00000000000000000166,0.0019465734833351645,0.004487023153724574,0.5632005272280133,HYD_0359,17.50188655957445,78.2774064937512,0.42932147318528047,0.0010444029496471188,"{""type"":""MultiPoint"",""coordinates"":[]}"
00000000000000000167,0.0028718684235218444,0.5261539973816965,0.015681526063146115,HYD_0360,17.502016614900352,78.28681740049099,0.4552926081316362,0.0,"{""type"":""MultiPoint"",""coordinates"":[]}"
00000000000000000168,0.004653492633366608,0.21204470630297806,0.21964187286784773,HYD_0361,17.502143332379624,78.29622723687483,0.5636599281958083,0.0,"{""type"":""MultiPoint"",""coordinates"":[]}"
00000000000000000169,0.0010956802192850148,0.4675630984436277,0.05108394876894257,HYD_0362,17.502270421589856,78.30563591390224,0.4802572725681444,0.0,"{""type"":""MultiPoint"",""coordinates"":[]}"
0000000000000000016a,0.0050452534693333296,0.7039865956475326,0.06424942404336818,HYD_0363,17.50239973007497,78.31504461606491,0.2267187268397649,0.0,"{""type"":""MultiPoint"",""coordinates"":[]}"
0000000000000000016b,0.018989512204112692,0.6918162276924428,0.08919038773232837,HYD_0364,17.502527145609328,78.32445443099739,0.2000038723711163,0.0,"{""type"":""MultiPoint"",""coordinates"":[]}"
0000000000000000016c,0.0322583527820763,0.4096437715121468,0.2825014930974958,HYD_0365,17.502651318678648,78.33386540785419,0.27559638260828134,0.0,"{""type"":""MultiPoint"",""coordinates"":[]}"
0000000000000000016d,0.0052620504082753735,0.4763390221874624,0.0640019366311928,HYD_0366,17.502778742829932,78.34327522224164,0.4543969907730696,0.0,"{""type"":""MultiPoint"",""coordinates"":[]}"
0000000000000000016e,0.0032837096871483674,0.7229735314903258,0.056825789501512104,HYD_0367,17.50290618418939,78.35268503632301,0.21691696932101426,0.0,"{""type"":""MultiPoint"",""coordinates"":[]}"
0000000000000000016f,0.05755187228869713,0.591281522620012,0.04485567526338371,HYD_0368,17.50303069363867,78.36209486159322,0.27563559195785853,0.03067533787004814,"{""type"":""MultiPoint"",""coordinates"":[]}"
00000000000000000170,0.018115927189268546,0.3845477329399425,0.04974526222743181,HYD_0369,17.503155200799057,78.37150470563768,0.5475910776433593,0.0,"{""type"":""MultiPoint"",""coordinates"":[]}"
00000000000000000171,0.028997125495219087,0.6274991808406066,0.064858062017813,HYD_0370,17.503280756669838,78.38091561958157,0.27864563164636136,0.0,"{""type"":""MultiPoint"",""coordinates"":[]}"
00000000000000000172,0.010517988885739729,0.8997891635031261,0.01937416457760634,HYD_0371,17.503403019843837,78.39032545374714,0.0703186830335279,0.0,"{""type"":""MultiPoint"",""coordinates"":[]}"
00000000000000000173,0.001304756012486943,0.8321469546138478,0.022929458301040154,HYD_0372,17.503525654908945,78.39973639182543,0.1436188310726248,0.0,"{""type"":""MultiPoint"",""coordinates"":[]}"
00000000000000000174,0.007954139582728902,0.7411662570479074,0.101901403231339,HYD_0373,17.50365050680778,78.40914730141981,0.1484083713436452,5.698287943800731E-4,"{""type"":""MultiPoint"",""coordinates"":[]}"
00000000000000000175,6.169810154531968E-4,0.9848882471260302,0.0,HYD_0374,17.50377348893361,78.41855709246552,0.014494771858516624,0.0,"{""type"":""MultiPoint"",""coordinates"":[]}"
00000000000000000176,0.015740823808866166,0.8329726797966145,8.721946360216016E-4,HYD_0375,17.503894298703337,78.42796842590008,0.15041430175849788,0.0,"{""type"":""MultiPoint"",""coordinates"":[]}"
00000000000000000177,0.01941971647690428,0.029821221571936857,0.02582247532145944,HYD_0376,17.504017615607466,78.43737857220813,0.9249365866296994,0.0,"{""type"":""MultiPoint"",""coordinates"":[]}"
00000000000000000178,0.005539952648767744,0.06572860526152112,2.849118505080554E-4,HYD_0377,17.504138789369044,78.44678881242095,0.9284465302392029,0.0,"{""type"":""MultiPoint"",""coordinates"":[]}"
00000000000000000179,0.0032278682928481737,0.6259830926857195,0.003227496032636797,HYD_0378,17.504259168334755,78.45619971872956,0.3675615429887951,0.0,"{""type"":""MultiPoint"",""coordinates"":[]}"
0000000000000000017a,0.009934126310481206,0.8725807610986569,0.0032882840773530756,HYD_0379,17.504379550789867,78.4656106582064,0.11419682851350867,0.0,"{""type"":""MultiPoint"",""coordinates"":[]}"
0000000000000000017b,0.018097490808864598,0.6416518134344696,0.08475351079781591,HYD_0380,17.50449994619522,78.4750215734311,0.2447704710298689,0.010726713928981453,"{""type"":""MultiPoint"",""coordinates"":[]}"
0000000000000000017c,0.015207790404082714,0.38419675141668913,0.07420849153449258,HYD_0381,17.504620734911725,78.484433620978,0.5263869666447353,0.0,"{""type"":""MultiPoint"",""coordinates"":[]}"
0000000000000000017d,0.020983942285315346,0.682028950430533,0.04731226437049106,HYD_0382,17.50473816704478,78.49384459808651,0.24967484291366057,0.0,"{""type"":""MultiPoint"",""coordinates"":[]}"
0000000000000000017e,0.025921079871852347,0.8367755762846414,0.020549572319868693,HYD_0383,17.5048570298685,78.50325550296536,0.09092764066230472,0.02582613086133274,"{""type"":""MultiPoint"",""coordinates"":[]}"
0000000000000000017f,0.015121975195373295,0.6714831689273418,0.056874593205015735,HYD_0384,17.504974497916518,78.51266643020723,0.2565202626722688,0.0,"{""type"":""MultiPoint"",""coordinates"":[]}"
00000000000000000180,0.016913867919540252,0.12775378621168823,0.02639568732671895,HYD_0385,17.50509337899008,78.522077362008,0.8289366585420522,0.0,"{""type"":""MultiPoint"",""coordinates"":[]}"
00000000000000000181,0.018695579339227535,0.49616454164727725,0.020008562121917157,HYD_0386,17.50521119484423,78.5314894321048,0.4651313168915773,0.0,"{""type"":""MultiPoint"",""coordinates"":[]}"
00000000000000000182,0.006073338042270968,0.8609406282894451,0.020005413913011742,HYD_0387,17.50532676224364,78.5409014798119,0.11298061975527175,0.0,"{""type"":""MultiPoint"",""coordinates"":[]}"
00000000000000000183,0.02547388622262404,0.6531883037503914,0.03589534307437446,HYD_0388,17.505443388664048,78.55031239117871,0.28544246695261016,0.0,"{""type"":""MultiPoint"",""coordinates"":[]}"
00000000000000000184,0.03805440555603329,0.4566740859783942,0.09031718395239727,HYD_0389,17.50555896623543,78.55972445102002,0.41495432451317504,0.0,"{""type"":""MultiPoint"",""coordinates"":[]}"
00000000000000000185,0.010363782155085955,0.6015594811854911,0.10531970257732069,HYD_0390,17.5056749353754,78.56913761754225,0.2827570340821015,0.0,"{""type"":""MultiPoint"",""coordinates"":[]}"
00000000000000000186,0.006137539888981253,0.8380593023636926,0.010025505111450778,HYD_0391,17.50579088461733,78.57854854949161,0.14577765263587572,0.0,"{""type"":""MultiPoint"",""coordinates"":[]}"
00000000000000000187,0.03489518492672715,0.7200669923237966,0.06591188648522914,HYD_0392,17.50590570593532,78.58795983991625,0.13466573621772507,0.04446020004652246,"{""type"":""MultiPoint"",""coordinates"":[]}"
00000000000000000188,0.026413965176380925,0.5709349617702404,0.04505060083843462,HYD_0393,17.506019373269574,78.59737222763682,0.3119514148583951,0.045649057356549096,"{""type"":""MultiPoint"",""coordinates"":[]}"
00000000000000000189,0.007662721144553823,0.16552430672922713,0.10354129098833616,HYD_0394,17.506133446599435,78.60678503673687,0.7232716811378826,0.0,"{""type"":""MultiPoint"",""coordinates"":[]}"
0000000000000000018a,0.02509421589228386,0.2829610475065447,0.0769205862189858,HYD_0395,17.50624680380618,78.61619634475791,0.6150241503821857,0.0,"{""type"":""MultiPoint"",""coordinates"":[]}"
0000000000000000018b,0.013086592693626286,0.25387915353632184,0.3924212821621309,HYD_0396,17.506359045701434,78.62560877080266,0.3406129716079214,0.0,"{""type"":""MultiPoint"",""coordinates"":[]}"
0000000000000000018c,0.006595198820370946,0.10914175283643449,0.4987645172941512,HYD_0397,17.506471245176705,78.63501969174045,0.38549853104904325,0.0,"{""type"":""MultiPoint"",""coordinates"":[]}"
0000000000000000018d,0.005425109624590458,0.09947610260243703,0.5853117381235221,HYD_0398,17.506582353523676,78.64443174849575,0.30978704964945086,0.0,"{""type"":""MultiPoint"",""coordinates"":[]}"
0000000000000000018e,0.006535964744432128,0.13573899920110616,0.48751141941781273,HYD_0399,17.50669383888477,78.65384491734811,0.37021361663664937,0.0,"{""type"":""MultiPoint"",""coordinates"":[]}"
0000000000000000018f,0.0031466466997833818,0.08309874108055856,0.6117435820067089,HYD_0400,17.492468195191645,78.24931565072444,0.3020110302129491,0.0,"{""type"":""MultiPoint"",""coordinates"":[]}"
00000000000000000190,9.496785803534217E-5,0.0,0.3625168940370987,HYD_0401,17.492598588314074,78.25872396715476,0.5832169821896156,0.05417115591524991,"{""type"":""MultiPoint"",""coordinates"":[]}"
00000000000000000191,0.002944044166993785,0.0012345991668038453,0.2152608374716305,HYD_0402,17.49272792159272,78.26813267030246,0.6250460879779471,0.15551443121662595,"{""type"":""MultiPoint"",""coordinates"":[]}"
00000000000000000192,0.0,0.07145412958982422,0.26526323549725944,HYD_0403,17.492857598190177,78.27754247708148,0.6632826349129162,0.0,"{""type"":""MultiPoint"",""coordinates"":[]}"
00000000000000000193,0.002279260849114049,0.5925951582093798,0.0024163144426555478,HYD_0404,17.49298658613288,78.28695231027474,0.4027092664988503,0.0,"{""type"":""MultiPoint"",""coordinates"":[]}"
00000000000000000194,0.0015198966768278713,0.11181820247631401,0.002089857930638323,HYD_0405,17.493114758959837,78.2963606226848,0.8845720429162195,0.0,"{""type"":""MultiPoint"",""coordinates"":[]}"
00000000000000000195,0.0016148571326395594,0.15428274267186398,4.4888185578562145E-4,HYD_0406,17.49324184237217,78.30577009587334,0.8436535183397105,0.0,"{""type"":""MultiPoint"",""coordinates"":[]}"
00000000000000000196,0.0025872628606181504,0.5769223750380346,0.008214289571583983,HYD_0407,17.49337003868949,78.31517841438648,0.4122760725297637,0.0,"{""type"":""MultiPoint"",""coordinates"":[]}"
00000000000000000197,0.001412612435458546,0.914077559982958,0.014573780602257799,HYD_0408,17.493497124585982,78.32458712061519,0.06993604697932589,0.0,"{""type"":""MultiPoint"",""coordinates"":[]}"
00000000000000000198,0.007027880611690044,0.7893952372794245,0.10948112118345488,HYD_0409,17.493623467906115,78.33399653117058,0.09409576092543075,0.0,"{""type"":""MultiPoint"",""coordinates"":[]}"
00000000000000000199,0.016409998509909103,0.8881027417672476,0.019041871554164806,HYD_0410,17.49375020678789,78.34340713424368,0.07644538816867828,0.0,"{""type"":""MultiPoint"",""coordinates"":[]}"
0000000000000000019a,0.006656144158853617,0.7907299635982808,0.06818153039174864,HYD_0411,17.493876156931766,78.35281548304744,0.13443236185111718,0.0,"{""type"":""MultiPoint"",""coordinates"":[]}"
0000000000000000019b,0.0313922455306366,0.8097627686254827,0.010766992742801094,HYD_0412,17.4940010154407,78.36222417936642,0.13383472535788807,0.014243267743192149,"{""type"":""MultiPoint"",""coordinates"":[]}"
0000000000000000019c,0.009943931607132627,0.5235876624222651,0.04761420836060072,HYD_0413,17.494125868745975,78.37163509270576,0.418854197610002,0.0,"{""type"":""MultiPoint"",""coordinates"":[]}"
0000000000000000019d,0.007111134284389508,0.7132634534847128,0.054546504114394906,HYD_0414,17.494250700137986,78.38104604496009,0.2250789081165029,0.0,"{""type"":""MultiPoint"",""coordinates"":[]}"
0000000000000000019e,7.363125749301396E-4,0.8280414048262921,0.023363119790271957,HYD_0415,17.494373351937526,78.39045477184723,0.14785916280850542,0.0,"{""type"":""MultiPoint"",""coordinates"":[]}"
0000000000000000019f,0.0011393762473563497,0.8996898364659976,0.0,HYD_0416,17.494496351231227,78.39986456725843,0.09917078728664624,0.0,"{""type"":""MultiPoint"",""coordinates"":[]}"
000000000000000001a0,0.0011393605506462524,0.9191958795360788,0.0,HYD_0417,17.494620456750926,78.4092754918604,0.07966475991327457,0.0,"{""type"":""MultiPoint"",""coordinates"":[]}"
000000000000000001a1,0.007692746025414554,0.9464368116612422,0.001804471289912056,HYD_0418,17.494743442375416,78.41868529353299,0.04406597102343132,0.0,"{""type"":""MultiPoint"",""coordinates"":[]}"
000000000000000001a2,0.008652213916000878,0.9458958301296027,9.312384130446356E-4,HYD_0419,17.494864197801178,78.42809509941667,0.044520717541351854,0.0,"{""type"":""MultiPoint"",""coordinates"":[]}"
000000000000000001a3,8.547355515241663E-4,0.6674858968633995,0.010161856001453976,HYD_0420,17.49498647386091,78.43750496026603,0.3214975115836217,0.0,"{""type"":""MultiPoint"",""coordinates"":[]}"
000000000000000001a4,0.00916232852050754,0.6679086902304859,0.0022787601310808366,HYD_0421,17.49510871662681,78.44691478721326,0.3206502211179255,0.0,"{""type"":""MultiPoint"",""coordinates"":[]}"
000000000000000001a5,0.008260514702487428,0.9336511437750307,2.84845334568532E-4,HYD_0422,17.495229857671365,78.45632567731823,0.05780349618791302,0.0,"{""type"":""MultiPoint"",""coordinates"":[]}"
000000000000000001a6,4.748636954972862E-4,0.7221030614369337,0.002492010185546935,HYD_0423,17.495349887255973,78.4657354934775,0.27493006468202175,0.0,"{""type"":""MultiPoint"",""coordinates"":[]}"
000000000000000001a7,0.005505724427138496,0.21018130920096276,0.015128643726768658,HYD_0424,17.495470288094957,78.47514643507365,0.7691843226451304,0.0,"{""type"":""MultiPoint"",""coordinates"":[]}"
000000000000000001a8,0.0,0.01315415170466309,0.06997824024497228,HYD_0425,17.495589600749753,78.48455776775609,0.9168676080503652,0.0,"{""type"":""MultiPoint"",""coordinates"":[]}"
000000000000000001a9,0.014520332186792183,0.4905925813998324,0.07751843931457635,HYD_0426,17.495707725922358,78.49396794868827,0.4173686470987997,0.0,"{""type"":""MultiPoint"",""coordinates"":[]}"
000000000000000001aa,0.005129994752314065,0.9693947060569621,0.0,HYD_0427,17.495827008487208,78.50337924119714,0.025475299190724145,0.0,"{""type"":""MultiPoint"",""coordinates"":[]}"
000000000000000001ab,0.0026712888577763954,0.7542525957934835,0.023927658489087147,HYD_0428,17.49594552288552,78.51278903598973,0.21914845685965306,0.0,"{""type"":""MultiPoint"",""coordinates"":[]}"
000000000000000001ac,0.007225832677544949,0.279325281219685,0.031799843206392106,HYD_0429,17.49606187289698,78.52220038387078,0.6816490428963796,0.0,"{""type"":""MultiPoint"",""coordinates"":[]}"
000000000000000001ad,0.004957822399916617,0.3431283643429902,0.010649006425290191,HYD_0430,17.496180737680245,78.53161051126544,0.6412648068318038,0.0,"{""type"":""MultiPoint"",""coordinates"":[]}"
000000000000000001ae,0.011165730729212238,0.7850070078976122,0.03387169125790368,HYD_0431,17.49629742741412,78.54102297809767,0.1699555701152721,0.0,"{""type"":""MultiPoint"",""coordinates"":[]}"
000000000000000001af,0.005207117076148454,0.46787665750830826,0.14608307923451166,HYD_0432,17.496413362385653,78.55043391318809,0.38083314618103153,0.0,"{""type"":""MultiPoint"",""coordinates"":[]}"
000000000000000001b0,0.056753538138408915,0.48077621081449157,0.11849771557078718,HYD_0433,17.496529316942397,78.55984485477187,0.3439725354763128,0.0,"{""type"":""MultiPoint"",""coordinates"":[]}"
000000000000000001b1,0.01448421645263111,0.6948383851284597,0.07465185788123603,HYD_0434,17.496645604934624,78.56925687290611,0.21602554053767228,0.0,"{""type"":""MultiPoint"",""coordinates"":[]}"
000000000000000001b2,0.014968910781033094,0.5157679649451039,0.07134457382102748,HYD_0435,17.49675973061357,78.5786681844492,0.3979185504528344,0.0,"{""type"":""MultiPoint"",""coordinates"":[]}"
000000000000000001b3,0.031181124516824876,0.5015050723618244,0.08663433217438295,HYD_0436,17.49687378718508,78.5880794516242,0.38067947094696736,0.0,"{""type"":""MultiPoint"",""coordinates"":[]}"
000000000000000001b4,0.002602120188171632,0.9116477823719196,0.026972706774558475,HYD_0437,17.496987849938623,78.59749227132792,0.05877739066534983,0.0,"{""type"":""MultiPoint"",""coordinates"":[]}"
000000000000000001b5,0.03079916105846011,0.804430129526677,0.022868006679964054,HYD_0438,17.497100815832752,78.60690246726791,0.1419027027348988,0.0,"{""type"":""MultiPoint"",""coordinates"":[]}"
000000000000000001b6,0.07096446118486541,0.5010818071018066,0.07329708448146596,HYD_0439,17.497215250275207,78.61631413596595,0.3545617192170783,9.492801478345615E-5,"{""type"":""MultiPoint"",""coordinates"":[]}"
000000000000000001b7,0.01111375703702599,0.4211458678285576,0.11832994117362498,HYD_0440,17.49732750483983,78.62572582458395,0.44941043396078817,0.0,"{""type"":""MultiPoint"",""coordinates"":[]}"
000000000000000001b8,0.010405103269281856,0.11055668847379133,0.4590954473066433,HYD_0441,17.497439727870532,78.63513750237848,0.4199427609502806,0.0,"{""type"":""MultiPoint"",""coordinates"":[]}"
000000000000000001b9,5.697074273092419E-4,0.019485855802954213,0.697896439105165,HYD_0442,17.49755304813757,78.64454878626618,0.28204799766457184,0.0,"{""type"":""MultiPoint"",""coordinates"":[]}"
000000000000000001ba,0.0021833500295394435,0.08067636572918502,0.6606322073352368,HYD_0443,17.497664157212725,78.6539608501503,0.2491111178119297,0.007396959094108907,"{""type"":""MultiPoint"",""coordinates"":[]}"
000000000000000001bb,0.0029356945924862883,0.13895831968701794,0.5580581243710283,HYD_0444,17.49777451751634,78.66337440234273,0.28581711158616807,0.014230749763298453,"{""type"":""MultiPoint"",""coordinates"":[]}"
000000000000000001bc,0.012766209432425462,0.10521564346678679,0.38406335507961303,HYD_0445,17.48343960813621,78.24945127663457,0.4979547920211753,0.0,"{""type"":""MultiPoint"",""coordinates"":[]}"
000000000000000001bd,0.0,2.849047412618038E-4,0.5214985765935666,HYD_0446,17.48356892925008,78.25885997506612,0.4782165186651706,0.0,"{""type"":""MultiPoint"",""coordinates"":[]}"
000000000000000001be,0.0,0.006173011927041143,0.1545178440080817,HYD_0447,17.483698242503845,78.26826867916118,0.8393091440648777,0.0,"{""type"":""MultiPoint"",""coordinates"":[]}"
000000000000000001bf,0.0,0.05617688376035527,0.07961281259450274,HYD_0448,17.483827573583923,78.27767739118305,0.864210303645142,0.0,"{""type"":""MultiPoint"",""coordinates"":[]}"
000000000000000001c0,0.0012346028452102258,0.38771519891071926,6.647861474208908E-4,HYD_0449,17.483956894768323,78.28708610910229,0.6103854120966501,0.0,"{""type"":""MultiPoint"",""coordinates"":[]}"
000000000000000001c1,8.547228184177682E-4,0.3536783434093794,0.015005133923334153,HYD_0450,17.48408621097114,78.29649477955601,0.6304617998488683,0.0,"{""type"":""MultiPoint"",""coordinates"":[]}"
000000000000000001c2,0.002099015741873204,0.496711070259673,0.002539600486840557,HYD_0451,17.48421328274646,78.30590349907108,0.4986503135116132,0.0,"{""type"":""MultiPoint"",""coordinates"":[]}"
000000000000000001c3,0.013704294494068365,0.6891477991099736,0.0303850300289002,HYD_0452,17.484340707125373,78.315311094355,0.26676287636705825,0.0,"{""type"":""MultiPoint"",""coordinates"":[]}"
000000000000000001c4,0.006091511213207367,0.766612738394249,0.03302250090128745,HYD_0453,17.48446744122017,78.3247186998288,0.16063213767500634,0.03364111181625061,"{""type"":""MultiPoint"",""coordinates"":[]}"
000000000000000001c5,0.04327085118657236,0.4650124930775056,0.1367505038011804,HYD_0454,17.48459454014711,78.33412737958008,0.3177870959116037,0.03717905602313819,"{""type"":""MultiPoint"",""coordinates"":[]}"
000000000000000001c6,0.05504532158516822,0.2103015382232389,0.3137998492755694,HYD_0455,17.484721296129248,78.34353719964591,0.4208532909160231,0.0,"{""type"":""MultiPoint"",""coordinates"":[]}"
000000000000000001c7,0.07113935289534573,0.7378118542994075,0.03378722624529437,HYD_0456,17.484846492113725,78.35294701933528,0.14861932733174743,0.008642239228205773,"{""type"":""MultiPoint"",""coordinates"":[]}"
000000000000000001c8,0.018675897976399077,0.6714634468811738,0.07702010938282684,HYD_0457,17.48497131047948,78.36235570911903,0.2299892181381083,0.0028513276214914714,"{""type"":""MultiPoint"",""coordinates"":[]}"
000000000000000001c9,0.02805144185461145,0.6624302362945887,0.024619155049777065,HYD_0458,17.485096521874368,78.3717655161716,0.28489916680102123,0.0,"{""type"":""MultiPoint"",""coordinates"":[]}"
000000000000000001ca,0.005212158500268892,0.8061114280904619,0.0069327853149342925,HYD_0459,17.485221022836935,78.3811753317162,0.1817436280943349,0.0,"{""type"":""MultiPoint"",""coordinates"":[]}"
000000000000000001cb,0.007170124728587762,0.8066960145696697,0.009615907457272357,HYD_0460,17.48534365815369,78.39058407559256,0.17651795324447025,0.0,"{""type"":""MultiPoint"",""coordinates"":[]}"
000000000000000001cc,0.0022792939551783556,0.41100735109543923,0.008357411168987304,HYD_0461,17.48546628003109,78.39999276936771,0.5783559437803956,0.0,"{""type"":""MultiPoint"",""coordinates"":[]}"
000000000000000001cd,0.0,0.7573721305780377,0.001329267834064182,HYD_0462,17.485591487720825,78.40940257453649,0.24129860158789787,0.0,"{""type"":""MultiPoint"",""coordinates"":[]}"
000000000000000001ce,0.004000013407866177,0.8081338075248692,0.0643242379583396,HYD_0463,17.485713763999627,78.41881238473196,0.12354194110892751,0.0,"{""type"":""MultiPoint"",""coordinates"":[]}"
000000000000000001cf,6.050606903798327E-4,0.5663535617223338,0.021157389876161756,HYD_0464,17.485833816279538,78.42822220786849,0.4118839877111238,0.0,"{""type"":""MultiPoint"",""coordinates"":[]}"
000000000000000001d0,0.0055082752618106755,0.413492704607846,0.006742888682561344,HYD_0465,17.485956789238823,78.43763204260864,0.5742561314477829,0.0,"{""type"":""MultiPoint"",""coordinates"":[]}"
000000000000000001d1,0.01901580281353458,0.6579430538701655,0.009799077396588788,HYD_0466,17.486079757354116,78.44704184488688,0.3132420659197125,0.0,"{""type"":""MultiPoint"",""coordinates"":[]}"
000000000000000001d2,0.0013028005743048843,0.4261759376681806,0.031151012016826907,HYD_0467,17.486199816482372,78.45645165576212,0.5413702497406875,0.0,"{""type"":""MultiPoint"",""coordinates"":[]}"
000000000000000001d3,2.849135482909839E-4,0.15079338181208715,0.03938548058211743,HYD_0468,17.486320228276696,78.46586035871088,0.8095362240575031,0.0,"{""type"":""MultiPoint"",""coordinates"":[]}"
000000000000000001d4,0.003036855366041549,0.27236759347820344,0.027466421534877255,HYD_0469,17.486439504679733,78.47527169614565,0.697129129620874,0.0,"{""type"":""MultiPoint"",""coordinates"":[]}"
000000000000000001d5,0.026775680785926324,0.5986608063758205,0.010563938806529213,HYD_0470,17.486557659933816,78.48468185999211,0.3639995740317221,0.0,"{""type"":""MultiPoint"",""coordinates"":[]}"
000000000000000001d6,0.006433459051021968,0.7721182270045168,0.009446885610804397,HYD_0471,17.48667731443321,78.4940920494184,0.21200142833365646,0.0,"{""type"":""MultiPoint"",""coordinates"":[]}"
000000000000000001d7,0.002691061053843188,0.7109538357764084,0.012909945683674337,HYD_0472,17.486795876160055,78.50350337980676,0.2734451574860751,0.0,"{""type"":""MultiPoint"",""coordinates"":[]}"
000000000000000001d8,0.007071563838810636,0.4162322028710724,0.017920561078249637,HYD_0473,17.486914371094198,78.51291241999668,0.5587756722118659,0.0,"{""type"":""MultiPoint"",""coordinates"":[]}"
000000000000000001d9,0.014242648559202459,0.3899424932119337,0.011299167856967284,HYD_0474,17.48703177319236,78.52232259864682,0.5845156903718933,0.0,"{""type"":""MultiPoint"",""coordinates"":[]}"
000000000000000001da,0.013961338576140724,0.6073969595141631,0.016801626893323863,HYD_0475,17.487148135198648,78.53173393649259,0.36184007501636906,0.0,"{""type"":""MultiPoint"",""coordinates"":[]}"
000000000000000001db,0.00283932311787378,0.9216314812416355,0.0,HYD_0476,17.487265896311193,78.54114448338582,0.07552919564049089,0.0,"{""type"":""MultiPoint"",""coordinates"":[]}"
000000000000000001dc,2.371259589269549E-4,0.7450564635250393,0.027938053914327934,HYD_0477,17.487381473471213,78.55055431975627,0.22676835660170586,0.0,"{""type"":""MultiPoint"",""coordinates"":[]}"
000000000000000001dd,0.0010436828722152648,0.8506703755546774,0.050919817621534205,HYD_0478,17.48749742091034,78.55996524204764,0.09736612395157317,0.0,"{""type"":""MultiPoint"",""coordinates"":[]}"
000000000000000001de,0.004936665790592446,0.8336063309639614,0.023435853870820974,HYD_0479,17.48761335737825,78.56937615510412,0.13802114937462429,0.0,"{""type"":""MultiPoint"",""coordinates"":[]}"
000000000000000001df,0.00797942321126379,0.7491740515409695,0.10159510307561359,HYD_0480,17.487728164672248,78.5787867003991,0.14125142217215225,0.0,"{""type"":""MultiPoint"",""coordinates"":[]}"
000000000000000001e0,0.021170301852550335,0.6181798142646336,0.1823332088444914,HYD_0481,17.48784334055365,78.58819913564176,0.17831667503832388,0.0,"{""type"":""MultiPoint"",""coordinates"":[]}"
000000000000000001e1,0.002827684047080903,0.7356242017582727,0.09182228113747821,HYD_0482,17.48795633598633,78.59761009099824,0.1697258330571682,0.0,"{""type"":""MultiPoint"",""coordinates"":[]}"
000000000000000001e2,0.009098860557243774,0.8081323021092787,0.04243578090795727,HYD_0483,17.48807074101666,78.60702099891719,0.14033305642552107,0.0,"{""type"":""MultiPoint"",""coordinates"":[]}"
000000000000000001e3,0.01172517026053865,0.5359623025108078,0.19253125011636177,HYD_0484,17.488183747572457,78.61643195490649,0.2597812771122918,0.0,"{""type"":""MultiPoint"",""coordinates"":[]}"
000000000000000001e4,0.020045144675951743,0.17701933431337888,0.22707206019687265,HYD_0485,17.48829596225997,78.62584288426645,0.5758634608137951,0.0,"{""type"":""MultiPoint"",""coordinates"":[]}"
000000000000000001e5,0.003468296295744921,3.327242073608712E-4,0.32389324540085046,HYD_0486,17.48840819069953,78.63525532284118,0.5352564842142068,0.1370492498818342,"{""type"":""MultiPoint"",""coordinates"":[]}"
000000000000000001e6,0.0010441953348851707,0.09904444028338087,0.6803265781402452,HYD_0487,17.488520776199522,78.64466587307285,0.21958478624148878,0.0,"{""type"":""MultiPoint"",""coordinates"":[]}"
000000000000000001e7,0.02050652363597125,0.06680210676326075,0.6024289916224345,HYD_0488,17.488632255861482,78.65407679732812,0.3102623779783335,0.0,"{""type"":""MultiPoint"",""coordinates"":[]}"
000000000000000001e8,0.02742279961833984,0.17901248585806007,0.478128063156351,HYD_0489,17.488742942140032,78.66348843837991,0.31381128220630344,0.0016253691609469164,"{""type"":""MultiPoint"",""coordinates"":[]}"
000000000000000001e9,0.02703784993533236,0.08443074603202984,0.29248395229495594,HYD_0490,17.474410301442905,78.24958614814803,0.596047451737682,0.0,"{""type"":""MultiPoint"",""coordinates"":[]}"
000000000000000001ea,0.06948277390324366,0.022166407081570794,0.06664297999220871,HYD_0491,17.474539248536885,78.25899375043099,0.8417078390229765,0.0,"{""type"":""MultiPoint"",""coordinates"":[]}"
000000000000000001eb,0.058465915862233285,0.021162182695745414,0.12652171969967785,HYD_0492,17.474668567558094,78.26840245898015,0.7938501817423426,0.0,"{""type"":""MultiPoint"",""coordinates"":[]}"
000000000000000001ec,0.05292818753628829,0.023644263825695278,0.36898861155916096,HYD_0493,17.474797878921592,78.27781117221676,0.5544389370788536,0.0,"{""type"":""MultiPoint"",""coordinates"":[]}"
000000000000000001ed,0.02857844081097881,0.46609904059474844,0.09433499894417381,HYD_0494,17.47492720837051,78.28721989228258,0.4109875196500986,0.0,"{""type"":""MultiPoint"",""coordinates"":[]}"
000000000000000001ee,0.0422055921720469,0.31070085243390505,0.1567345184137718,HYD_0495,17.47505688075409,78.2966274554017,0.49035903698027644,0.0,"{""type"":""MultiPoint"",""coordinates"":[]}"
000000000000000001ef,0.013245422904717202,0.6009196099387601,0.1216894358849036,HYD_0496,17.47518472157731,78.30603464957827,0.26414553127161733,0.0,"{""type"":""MultiPoint"",""coordinates"":[]}"
000000000000000001f0,0.14809315379034801,0.5287503395401313,0.02326087450633932,HYD_0497,17.475311459934638,78.31544304907726,0.24148243315297768,0.05841319901020077,"{""type"":""MultiPoint"",""coordinates"":[]}"
000000000000000001f1,0.017409699242659803,0.4278463569647541,0.02518682112656906,HYD_0498,17.475437759999227,78.32485022004803,0.4811748735128319,0.04838224915318299,"{""type"":""MultiPoint"",""coordinates"":[]}"
000000000000000001f2,0.13961726736165944,0.3006716293398562,0.14454704310285751,HYD_0499,17.475564846853015,78.33425892532934,0.4096823521700402,0.0054817080255870135,"{""type"":""MultiPoint"",""coordinates"":[]}"
000000000000000001f3,0.11952217936965276,0.27855816783296994,0.10349392000726819,HYD_0500,17.47569230630894,78.34366872574314,0.4984257327901096,0.0,"{""type"":""MultiPoint"",""coordinates"":[]}"
000000000000000001f4,0.06891219497661118,0.5678988022524806,0.1291034770431726,HYD_0501,17.475816782135784,78.35307854652784,0.23408552572773594,0.0,"{""type"":""MultiPoint"",""coordinates"":[]}"
000000000000000001f5,0.010326402511080758,0.9082333013911424,0.035291589495798775,HYD_0502,17.475941631131764,78.3624872485101,0.046148706601977806,0.0,"{""type"":""MultiPoint"",""coordinates"":[]}"
000000000000000001f6,0.02299919070438512,0.5219614078093864,0.0644237297541089,HYD_0503,17.476066494149443,78.37189593768461,0.39061567173211914,0.0,"{""type"":""MultiPoint"",""coordinates"":[]}"
000000000000000001f7,0.04889360805114567,0.5385674818270443,0.021653357089705363,HYD_0504,17.476191353477454,78.38130464705715,0.3908855530321028,0.0,"{""type"":""MultiPoint"",""coordinates"":[]}"
000000000000000001f8,0.026583753590700573,0.5639618615740952,0.0034900510640167985,HYD_0505,17.476313983001724,78.39071336415012,0.4050146346768289,9.496990943594958E-4,"{""type"":""MultiPoint"",""coordinates"":[]}"
000000000000000001f9,1.0241959782244756E-4,0.0027891649748811274,0.0,HYD_0506,17.47643661073734,78.40012209728232,0.9971084154272964,0.0,"{""type"":""MultiPoint"",""coordinates"":[]}"
000000000000000001fa,0.0017064890904994125,0.1084555379891211,0.02008457958805157,HYD_0507,17.47656145578494,78.40953080213289,0.8697533933323255,0.0,"{""type"":""MultiPoint"",""coordinates"":[]}"
000000000000000001fb,0.03496041209115545,0.7130337496280288,0.04886264137142231,HYD_0508,17.476684090726895,78.41893947599891,0.20314319690939017,0.0,"{""type"":""MultiPoint"",""coordinates"":[]}"
000000000000000001fc,0.03036058571255155,0.6094118969976362,0.013961051291923135,HYD_0509,17.476804854009185,78.42834928878491,0.3462664659978853,0.0,"{""type"":""MultiPoint"",""coordinates"":[]}"
000000000000000001fd,0.0,0.03182320672387555,1.336702767570473E-4,HYD_0510,17.476925986489476,78.43775951796405,0.9680431229993672,0.0,"{""type"":""MultiPoint"",""coordinates"":[]}"
000000000000000001fe,0.002468656808670905,0.3861884050578049,0.049550745418928815,HYD_0511,17.47704859562655,78.44716744139103,0.561792192714595,0.0,"{""type"":""MultiPoint"",""coordinates"":[]}"
000000000000000001ff,0.0,0.12781248091244835,0.015337825456723221,HYD_0512,17.477170135649935,78.45657653241844,0.8568496936308282,0.0,"{""type"":""MultiPoint"",""coordinates"":[]}"
00000000000000000200,0.005342188315862463,0.26701593494626846,0.02312477793643448,HYD_0513,17.477290529865165,78.46598522383339,0.7045170988014327,0.0,"{""type"":""MultiPoint"",""coordinates"":[]}"
00000000000000000201,0.004449672686797468,0.7641409168492315,0.021031432118573556,HYD_0514,17.477408676309057,78.47539615567057,0.21037797834539768,0.0,"{""type"":""MultiPoint"",""coordinates"":[]}"
00000000000000000202,0.0023742742635001193,0.9047906709456959,0.042972688211048514,HYD_0515,17.477526864698063,78.4848071091847,0.049862366579752626,0.0,"{""type"":""MultiPoint"",""coordinates"":[]}"
00000000000000000203,0.009235285442088507,0.5548173054433703,0.18627366269551007,HYD_0516,17.477647261079667,78.49421581372006,0.24938883318907673,2.849132299551441E-4,"{""type"":""MultiPoint"",""coordinates"":[]}"
00000000000000000204,0.0028112772805602587,0.6049198469473621,0.015951671350887615,HYD_0517,17.477765789237985,78.50362559621416,0.3763172044211895,0.0,"{""type"":""MultiPoint"",""coordinates"":[]}"
00000000000000000205,0.007694582432962909,0.5540512758630706,0.004575408770036269,HYD_0518,17.477883574982478,78.51303542402655,0.43367873293393033,0.0,"{""type"":""MultiPoint"",""coordinates"":[]}"
00000000000000000206,0.0025230860887697324,0.49236483467381537,0.008171730711945182,HYD_0519,17.478001380663066,78.52244524725477,0.4969403485254681,0.0,"{""type"":""MultiPoint"",""coordinates"":[]}"
00000000000000000207,0.007814542115567492,0.6781154840905342,0.06179956017834147,HYD_0520,17.478118055104666,78.5318561693379,0.252270413615556,0.0,"{""type"":""MultiPoint"",""coordinates"":[]}"
00000000000000000208,0.0016830646599997109,0.9437292526619353,9.497266835581461E-4,HYD_0521,17.478233619299107,78.54126599441183,0.05363795599450726,0.0,"{""type"":""MultiPoint"",""coordinates"":[]}"
00000000000000000209,9.497334042467608E-5,0.9626386052103493,0.001329626765945465,HYD_0522,17.478349565125658,78.55067469066847,0.03593679468328067,0.0,"{""type"":""MultiPoint"",""coordinates"":[]}"
0000000000000000020a,0.005031143579121669,0.95987704875314,0.0,HYD_0523,17.478465527798694,78.56008561587869,0.03509180766773831,0.0,"{""type"":""MultiPoint"",""coordinates"":[]}"
0000000000000000020b,0.0013296054721645047,0.9376307026387636,0.011861794028842383,HYD_0524,17.47858146022833,78.56949656827878,0.04917789786022904,0.0,"{""type"":""MultiPoint"",""coordinates"":[]}"
0000000000000000020c,0.010195133666841025,0.5420210418920185,0.031144681160040794,HYD_0525,17.478697742898436,78.57890635861476,0.41663914328109536,0.0,"{""type"":""MultiPoint"",""coordinates"":[]}"
0000000000000000020d,0.01158118762454616,0.6133551083982041,0.12716412043094966,HYD_0526,17.478811833763714,78.5883177085402,0.24789958354630046,0.0,"{""type"":""MultiPoint"",""coordinates"":[]}"
0000000000000000020e,0.002468105414531893,0.5896899456532869,0.14616730776604453,HYD_0527,17.47892623959273,78.59772786959358,0.2616746411661371,0.0,"{""type"":""MultiPoint"",""coordinates"":[]}"
0000000000000000020f,0.016111547899840387,0.2946462606913971,0.08497873633049825,HYD_0528,17.479039259263196,78.60713958723997,0.48237706382674606,0.12188639125151894,"{""type"":""MultiPoint"",""coordinates"":[]}"
00000000000000000210,0.02340363594129007,0.48586974163642643,0.20737618993020854,HYD_0529,17.479153659431038,78.61654971951447,0.2833504324920745,0.0,"{""type"":""MultiPoint"",""coordinates"":[]}"
00000000000000000211,0.032886327475552854,0.5645082116190239,0.04089682738318704,HYD_0530,17.47926589746118,78.6259599341108,0.3617086335222364,0.0,"{""type"":""MultiPoint"",""coordinates"":[]}"
00000000000000000212,0.022556729661362396,0.06115802777524422,0.3716436385160477,HYD_0531,17.479377384141326,78.63537086967172,0.5324027764076081,0.012238827639737097,"{""type"":""MultiPoint"",""coordinates"":[]}"
00000000000000000213,0.060337073588056074,0.05141282855102908,0.5765108477567231,HYD_0532,17.479488884623674,78.64478180924384,0.31173925010419273,0.0,"{""type"":""MultiPoint"",""coordinates"":[]}"
00000000000000000214,0.01186621830044483,0.09153498421746432,0.5767976064302055,HYD_0533,17.47960035992707,78.65419272986198,0.31980119105188476,0.0,"{""type"":""MultiPoint"",""coordinates"":[]}"
00000000000000000215,0.0,0.057955819809538955,0.460150043259506,HYD_0534,17.479711827050597,78.66360366015411,0.4818941369309547,0.0,"{""type"":""MultiPoint"",""coordinates"":[]}"
00000000000000000216,0.019170841563099096,0.051941405928706524,0.5230580451100956,HYD_0535,17.47982220485549,78.67301499159662,0.40582970739809915,0.0,"{""type"":""MultiPoint"",""coordinates"":[]}"
00000000000000000217,0.03733698487219619,0.13557269543185058,0.4445290260078996,HYD_0536,17.465381030845872,78.2497217960892,0.3825612936880545,0.0,"{""type"":""MultiPoint"",""coordinates"":[]}"
00000000000000000218,0.27172732565030033,0.05222832037961453,0.27745978408895183,HYD_0537,17.46551217634095,78.25912863921336,0.3985845698811311,0.0,"{""type"":""MultiPoint"",""coordinates"":[]}"
00000000000000000219,0.10928556151486056,0.06595713920554666,0.3894330263757006,HYD_0538,17.465641091236016,78.26853622224475,0.4353242729038888,0.0,"{""type"":""MultiPoint"",""coordinates"":[]}"
0000000000000000021a,0.030350250226640348,0.03882900415721627,0.6489292848447716,HYD_0539,17.46577043064545,78.2779449320267,0.28189146077137095,0.0,"{""type"":""MultiPoint"",""coordinates"":[]}"
0000000000000000021b,0.02355291993847469,0.41746811139675094,0.14394080217611013,HYD_0540,17.465898646685538,78.28735403290527,0.4150381664886647,0.0,"{""type"":""MultiPoint"",""coordinates"":[]}"
0000000000000000021c,0.008851252384211803,0.01148594847382501,0.491836019138528,HYD_0541,17.466026816971564,78.29676010762039,0.4878267800034358,0.0,"{""type"":""MultiPoint"",""coordinates"":[]}"
0000000000000000021d,0.027086201753285036,0.29059550539619844,0.14147317207242396,HYD_0542,17.46615614344337,78.30616660236811,0.540845120778092,0.0,"{""type"":""MultiPoint"",""coordinates"":[]}"
0000000000000000021e,0.05458990256072775,0.23513765257124888,0.1176343742423345,HYD_0543,17.466283236591686,78.31557528437992,0.5131362201994222,0.07950185042626655,"{""type"":""MultiPoint"",""coordinates"":[]}"
0000000000000000021f,0.002184819730952393,0.10378992650959298,0.019014078210958577,HYD_0544,17.466409199521973,78.32498359813376,0.8750111755484937,0.0,"{""type"":""MultiPoint"",""coordinates"":[]}"
00000000000000000220,0.08115766846179906,0.5208200201286342,0.025287108768773724,HYD_0545,17.4665366553298,78.33439194511121,0.37273520264079335,0.0,"{""type"":""MultiPoint"",""coordinates"":[]}"
00000000000000000221,0.04881398856632093,0.7660799612670153,0.04040259957915123,HYD_0546,17.466662237366155,78.34379914095504,0.1374857079011564,0.007217742686355935,"{""type"":""MultiPoint"",""coordinates"":[]}"
00000000000000000222,0.026415826554147644,0.80841970952572,0.017510987662459312,HYD_0547,17.466787100432196,78.3532078386937,0.14765347625767353,0.0,"{""type"":""MultiPoint"",""coordinates"":[]}"
00000000000000000223,0.02855884020144371,0.7727192145453026,0.007496039132698555,HYD_0548,17.466911954169056,78.36261654986964,0.19122590612055476,0.0,"{""type"":""MultiPoint"",""coordinates"":[]}"
00000000000000000224,0.02293778207151754,0.7494795247455703,0.028087786950391113,HYD_0549,17.46703684231712,78.3720252728903,0.19816532007272836,0.0013295861597901835,"{""type"":""MultiPoint"",""coordinates"":[]}"
00000000000000000225,0.08150280965831211,0.5652426198052606,0.01500545246522935,HYD_0550,17.467161697910438,78.38143396877238,0.3382491180711976,0.0,"{""type"":""MultiPoint"",""coordinates"":[]}"
00000000000000000226,0.0252314565665361,0.35516772244652905,0.0437457473033201,HYD_0551,17.46728430835413,78.39084268945207,0.5758550736836142,0.0,"{""type"":""MultiPoint"",""coordinates"":[]}"
00000000000000000227,0.04152948548021425,0.27128422451745365,0.09127270614057637,HYD_0552,17.46740729442795,78.4002502859397,0.5832374089463367,0.012676174915418906,"{""type"":""MultiPoint"",""coordinates"":[]}"
00000000000000000228,0.05957429692251482,0.3901267664227077,0.14777560067589887,HYD_0553,17.467531790379756,78.4096578755348,0.40252333597887835,0.0,"{""type"":""MultiPoint"",""coordinates"":[]}"
00000000000000000229,0.005496412695007567,0.7723767087370546,0.05889928730618423,HYD_0554,17.467654415325423,78.41906657517306,0.16322759126175404,0.0,"{""type"":""MultiPoint"",""coordinates"":[]}"
0000000000000000022a,0.007182404394134309,0.851561656202492,0.0035727666763251454,HYD_0555,17.467774793997226,78.42847526473618,0.13768317272704944,0.0,"{""type"":""MultiPoint"",""coordinates"":[]}"
0000000000000000022b,0.0032998371310635007,0.7603927178628085,0.014486508470637234,HYD_0556,17.467895171011694,78.43788396648915,0.2218209365354915,0.0,"{""type"":""MultiPoint"",""coordinates"":[]}"
0000000000000000022c,0.004930985564123663,0.7524811313378039,0.0105534186999892,HYD_0557,17.468016711648485,78.44729306487102,0.23203446439808315,0.0,"{""type"":""MultiPoint"",""coordinates"":[]}"
0000000000000000022d,0.006620805693907784,0.6429447807086112,0.009970666845345777,HYD_0558,17.46813820787835,78.4567013792718,0.34046374675213464,0.0,"{""type"":""MultiPoint"",""coordinates"":[]}"
0000000000000000022e,8.304939819897097E-4,0.24421325119967494,0.03722779545353872,HYD_0559,17.46825859325126,78.46611006643477,0.7177284593647967,0.0,"{""type"":""MultiPoint"",""coordinates"":[]}"
0000000000000000022f,0.0020053911406160032,0.7210544478399129,0.01536151205077397,HYD_0560,17.468378251727465,78.47551948583526,0.2615786489686961,0.0,"{""type"":""MultiPoint"",""coordinates"":[]}"
00000000000000000230,8.664540062606613E-4,0.8953660907806991,0.002417283802597427,HYD_0561,17.468496839537202,78.48493086325365,0.10135017141044345,0.0,"{""type"":""MultiPoint"",""coordinates"":[]}"
00000000000000000231,7.595892558333852E-4,0.7322332445408247,0.02514985132157361,HYD_0562,17.468616484890735,78.49434106534522,0.2418573148817683,0.0,"{""type"":""MultiPoint"",""coordinates"":[]}"
00000000000000000232,0.0015191830369809362,0.5398011061737661,5.838428926436539E-4,HYD_0563,17.46873462044655,78.50374897680621,0.4580958678966091,0.0,"{""type"":""MultiPoint"",""coordinates"":[]}"
00000000000000000233,0.002800796078438675,0.3312148015482201,0.004178480934889498,HYD_0564,17.468852807078992,78.51315843575739,0.6618059214384521,0.0,"{""type"":""MultiPoint"",""coordinates"":[]}"
00000000000000000234,0.0014830802653909593,0.25385948931262714,0.00436659927536043,HYD_0565,17.468971305987708,78.52256747762816,0.7402908311466221,0.0,"{""type"":""MultiPoint"",""coordinates"":[]}"
00000000000000000235,0.003931525313384207,0.6394602085764309,0.01741290289661348,HYD_0566,17.46908802186575,78.5319776761487,0.3391953632135713,0.0,"{""type"":""MultiPoint"",""coordinates"":[]}"
00000000000000000236,8.547415998826081E-4,0.9612960340734636,0.0015396521890695865,HYD_0567,17.469203949032117,78.5413863976895,0.03630957213758398,0.0,"{""type"":""MultiPoint"",""coordinates"":[]}"
00000000000000000237,0.008613730434510625,0.9134586884996848,0.0,HYD_0568,17.46931953155383,78.55079620461687,0.07792758106580437,0.0,"{""type"":""MultiPoint"",""coordinates"":[]}"
00000000000000000238,0.07740705036190886,0.8119232013750265,0.006836407668840839,HYD_0569,17.469436185712496,78.56020711309615,0.10383334059422386,0.0,"{""type"":""MultiPoint"",""coordinates"":[]}"
00000000000000000239,0.0036088915042075827,0.400437610682915,0.005603278914427563,HYD_0570,17.46955176054597,78.56961696645088,0.5903502188984506,0.0,"{""type"":""MultiPoint"",""coordinates"":[]}"
0000000000000000023a,0.0011393940657676135,0.22967577908861886,0.04789699877645464,HYD_0571,17.46966658483477,78.57902604431736,0.7212878280691596,0.0,"{""type"":""MultiPoint"",""coordinates"":[]}"
0000000000000000023b,0.006075440441511789,0.3959102457910264,0.0509383986821655,HYD_0572,17.46978064810933,78.58843506940865,0.5470759150852964,0.0,"{""type"":""MultiPoint"",""coordinates"":[]}"
0000000000000000023c,0.0,0.7587760019000497,0.055358295554465246,HYD_0573,17.46989366703788,78.59784683254404,0.18586570254548548,0.0,"{""type"":""MultiPoint"",""coordinates"":[]}"
0000000000000000023d,0.009991240586795062,0.7615987771814494,0.024995039558820407,HYD_0574,17.470008055873162,78.6072569610008,0.20341494267293508,0.0,"{""type"":""MultiPoint"",""coordinates"":[]}"
0000000000000000023e,0.015644996792135196,0.23063263264232356,0.30891309795586575,HYD_0575,17.470121392900236,78.61666753832395,0.4181599776883041,0.026649294921370997,"{""type"":""MultiPoint"",""coordinates"":[]}"
0000000000000000023f,0.01743449271748455,0.11417890033737575,0.44651617189229986,HYD_0576,17.470233612663527,78.62607697053069,0.4021024111294922,0.01976802392334703,"{""type"":""MultiPoint"",""coordinates"":[]}"
00000000000000000240,0.011082143780925117,0.191988269161703,0.3236810715555086,HYD_0577,17.470345808968755,78.63548790394559,0.4732485155018638,0.0,"{""type"":""MultiPoint"",""coordinates"":[]}"
00000000000000000241,0.026135586544908086,0.39183798973978706,0.21265949918456595,HYD_0578,17.47045696844511,78.64489773110103,0.3693669245307393,0.0,"{""type"":""MultiPoint"",""coordinates"":[]}"
00000000000000000242,0.014099353691252689,0.05203287728319634,0.5486178964640918,HYD_0579,17.470568447819314,78.65430866997103,0.3852498725614589,0.0,"{""type"":""MultiPoint"",""coordinates"":[]}"
00000000000000000243,0.00939767055404005,0.0070245214242319574,0.693201141791845,HYD_0580,17.470679923980736,78.66371959629541,0.29037666622988323,0.0,"{""type"":""MultiPoint"",""coordinates"":[]}"
00000000000000000244,2.847846804455299E-4,0.08216466138543098,0.413482041813092,HYD_0581,17.47079061376735,78.67312903069052,0.5040685121210318,0.0,"{""type"":""MultiPoint"",""coordinates"":[]}"
00000000000000000245,0.03106964765376375,0.12196769591278668,0.6004294642427985,HYD_0582,17.45635430494826,78.24985856430075,0.24653319219065156,0.0,"{""type"":""MultiPoint"",""coordinates"":[]}"
00000000000000000246,0.0,0.0016148475077333872,0.6175150793603489,HYD_0583,17.45648399661927,78.2592646444137,0.3808700731319176,0.0,"{""type"":""MultiPoint"",""coordinates"":[]}"
00000000000000000247,4.2727815248950123E-4,0.0022798101946257606,0.7268101953707935,HYD_0584,17.456614025416155,78.26867109097921,0.27048271628209186,0.0,"{""type"":""MultiPoint"",""coordinates"":[]}"
00000000000000000248,0.011408903070877175,0.07721362662638512,0.6485097739522164,HYD_0585,17.45674298366466,78.27807869852684,0.26286769635052154,0.0,"{""type"":""MultiPoint"",""coordinates"":[]}"
00000000000000000249,0.06404413537361812,0.23926694918254093,0.30663815424949414,HYD_0586,17.45687152542197,78.28748588268644,0.3900507611943469,0.0,"{""type"":""MultiPoint"",""coordinates"":[]}"
0000000000000000024a,0.09378489728437879,0.3531581890989873,0.21743525616399909,HYD_0587,17.456997917023305,78.29689315323469,0.33562165745263467,0.0,"{""type"":""MultiPoint"",""coordinates"":[]}"
0000000000000000024b,0.038914480801968514,0.5169441058466131,0.060991928398755675,HYD_0588,17.457126470665937,78.30630036103888,0.38314948495266277,0.0,"{""type"":""MultiPoint"",""coordinates"":[]}"
0000000000000000024c,0.006195423113014789,0.17156862927707148,0.022241088421588295,HYD_0589,17.45725392053698,78.31570793608235,0.7999948591883246,0.0,"{""type"":""MultiPoint"",""coordinates"":[]}"
0000000000000000024d,0.0,0.09844390930265297,0.046178821941541756,HYD_0590,17.457380660603537,78.32511554091279,0.8553772687558048,0.0,"{""type"":""MultiPoint"",""coordinates"":[]}"
0000000000000000024e,0.0,0.12065800384589312,0.02028779379695145,HYD_0591,17.45750736861292,78.33452312418459,0.8590542023571552,0.0,"{""type"":""MultiPoint"",""coordinates"":[]}"
0000000000000000024f,0.006442335989390671,0.2743003170132952,0.08325193802781224,HYD_0592,17.457632929732142,78.34392956262909,0.636005408969502,0.0,"{""type"":""MultiPoint"",""coordinates"":[]}"
00000000000000000250,0.007675144160346752,0.41827226575782567,0.01220581810787287,HYD_0593,17.457757442473877,78.35333717525572,0.5618467719739547,0.0,"{""type"":""MultiPoint"",""coordinates"":[]}"
00000000000000000251,0.06471989670261001,0.4347112153420612,0.03936369463211853,HYD_0594,17.45788230634909,78.36274588898083,0.46120519332321114,0.0,"{""type"":""MultiPoint"",""coordinates"":[]}"
00000000000000000252,0.012708873903047714,0.7298924825692452,0.09177658690536084,HYD_0595,17.458007174186193,78.37215458474016,0.16562205662234586,0.0,"{""type"":""MultiPoint"",""coordinates"":[]}"
00000000000000000253,0.11622337800670021,0.5574789249342201,0.06363654985298206,HYD_0596,17.45813201861724,78.38156327611713,0.26266114720609934,0.0,"{""type"":""MultiPoint"",""coordinates"":[]}"
00000000000000000254,0.012803610789603187,0.5315398344284883,0.03775742726770499,HYD_0597,17.458255001173132,78.39097086076049,0.41789912751420344,0.0,"{""type"":""MultiPoint"",""coordinates"":[]}"
00000000000000000255,0.03769402817161651,0.7741163401634036,0.05528601507075689,HYD_0598,17.458376894526406,78.40037738565296,0.1316161799788706,0.0012874366153529803,"{""type"":""MultiPoint"",""coordinates"":[]}"
00000000000000000256,0.01329619384815531,0.921533839390468,0.007962822784560331,HYD_0599,17.458501008842553,78.40978534222823,0.05720714397681675,0.0,"{""type"":""MultiPoint"",""coordinates"":[]}"
00000000000000000257,0.005044167650900559,0.8394434027038259,0.052214042200176086,HYD_0600,17.458623616832664,78.41919325132193,0.1032983874450977,0.0,"{""type"":""MultiPoint"",""coordinates"":[]}"
00000000000000000258,0.028740717897837137,0.8433739067994644,0.01310611596398669,HYD_0601,17.458745114863873,78.42860234405467,0.11477925933871302,0.0,"{""type"":""MultiPoint"",""coordinates"":[]}"
00000000000000000259,0.016904876827916623,0.7865575875671872,5.921734777789697E-5,HYD_0602,17.45886550429829,78.43801106365912,0.196478318257118,0.0,"{""type"":""MultiPoint"",""coordinates"":[]}"
0000000000000000025a,0.0022848838638410323,0.956456854614348,0.0045057090439688365,HYD_0603,17.458985905592822,78.44741974950057,0.03675255247784202,0.0,"{""type"":""MultiPoint"",""coordinates"":[]}"
0000000000000000025b,0.0019237137957920439,0.7216515775831464,0.07816409755508794,HYD_0604,17.459106661063355,78.45682732893283,0.19826061106597365,0.0,"{""type"":""MultiPoint"",""coordinates"":[]}"
0000000000000000025c,0.007619787536829846,0.31419565784960274,0.035340633441627016,HYD_0605,17.459226707705362,78.4662349389608,0.6428439211719408,0.0,"{""type"":""MultiPoint"",""coordinates"":[]}"
0000000000000000025d,0.001567584337266384,0.637685040314366,0.0036089076331934575,HYD_0606,17.459347126092375,78.47564362919299,0.3571384677151738,0.0,"{""type"":""MultiPoint"",""coordinates"":[]}"
0000000000000000025e,0.007963754268956548,0.7107296955543275,0.011140245182948896,HYD_0607,17.459467880556335,78.48505345148881,0.2701663049937669,0.0,"{""type"":""MultiPoint"",""coordinates"":[]}"
0000000000000000025f,0.009126704203907815,0.769485634519165,0.01301127979447131,HYD_0608,17.459585667549337,78.49446327703401,0.2083763814824553,0.0,"{""type"":""MultiPoint"",""coordinates"":[]}"
00000000000000000260,0.014720566223181289,0.8258567257810838,0.010009985031763277,HYD_0609,17.459703836638933,78.50387197813589,0.1494127229639716,0.0,"{""type"":""MultiPoint"",""coordinates"":[]}"
00000000000000000261,0.005661862910067923,0.33493297161768665,0.02528583059402259,HYD_0610,17.45982199767387,78.51328067404289,0.6341193348782223,0.0,"{""type"":""MultiPoint"",""coordinates"":[]}"
00000000000000000262,0.0027292871124402975,0.25095515740316326,0.00835616117017533,HYD_0611,17.459939047753203,78.5226897825344,0.7379593943142204,0.0,"{""type"":""MultiPoint"",""coordinates"":[]}"
00000000000000000263,0.011390306212687815,0.6170306488229703,0.048122275067517095,HYD_0612,17.460057191980713,78.5320976910785,0.32336181964889266,9.495024793185332E-5,"{""type"":""MultiPoint"",""coordinates"":[]}"
00000000000000000264,0.02304226071806463,0.840247550952078,0.019560726295454467,HYD_0613,17.460174276276458,78.54150677835591,0.08012184625606565,0.03702761577833787,"{""type"":""MultiPoint"",""coordinates"":[]}"
00000000000000000265,0.019815116490310602,0.7007373153175156,0.012437496091179025,HYD_0614,17.46029020541403,78.55091773423095,0.2473513084499032,0.019658763651091947,"{""type"":""MultiPoint"",""coordinates"":[]}"
00000000000000000266,0.026038623107196977,0.9001178037916957,0.0,HYD_0615,17.460406151453267,78.56032863744008,0.07384357310110755,0.0,"{""type"":""MultiPoint"",""coordinates"":[]}"
00000000000000000267,0.005534298276447565,0.5327224740990519,0.005521265884623865,HYD_0616,17.46052097953687,78.56973773596465,0.4562219617398765,0.0,"{""type"":""MultiPoint"",""coordinates"":[]}"
00000000000000000268,0.015666726739518667,0.2656842273017708,0.00349825068847957,HYD_0617,17.460634666304898,78.5791456744259,0.7140113969619027,0.0011393983083286304,"{""type"":""MultiPoint"",""coordinates"":[]}"
00000000000000000269,0.01187139342412327,0.5996221265641375,0.018117887871476855,HYD_0618,17.460749504197167,78.58855475171711,0.3703885921402622,0.0,"{""type"":""MultiPoint"",""coordinates"":[]}"
0000000000000000026a,0.001722508562275052,0.8293256896550443,0.005791962967182973,HYD_0619,17.460863571666515,78.59796456039368,0.16315983881549798,0.0,"{""type"":""MultiPoint"",""coordinates"":[]}"
0000000000000000026b,0.053105246852901064,0.7187010360255701,0.04121724068083384,HYD_0620,17.46097580943453,78.60737479052989,0.18697647644069518,0.0,"{""type"":""MultiPoint"",""coordinates"":[]}"
0000000000000000026c,0.027504841379217947,0.4476505629848364,0.17050887158078776,HYD_0621,17.461089120272845,78.61678384908352,0.3543357240551589,0.0,"{""type"":""MultiPoint"",""coordinates"":[]}"
0000000000000000026d,0.03722102384625437,0.16074038410339067,0.34379699871052005,HYD_0622,17.46120243739199,78.6261951234799,0.4582415933398342,0.0,"{""type"":""MultiPoint"",""coordinates"":[]}"
0000000000000000026e,0.024226903378797862,0.1360956949275386,0.47004058550087907,HYD_0623,17.461313556206118,78.63560495074276,0.3696368161927837,0.0,"{""type"":""MultiPoint"",""coordinates"":[]}"
0000000000000000026f,0.01799915752903488,0.28992621488819736,0.23865019912780772,HYD_0624,17.461425036911486,78.6450136605254,0.4534244284549592,0.0,"{""type"":""MultiPoint"",""coordinates"":[]}"
00000000000000000270,0.011308430489467374,0.17066732285369873,0.3211393978019718,HYD_0625,17.461536533090435,78.65442458727344,0.49536598930990877,0.0015188595449526577,"{""type"":""MultiPoint"",""coordinates"":[]}"
00000000000000000271,0.0066589694407717115,0.04907279465166952,0.642188122683849,HYD_0626,17.461647999793165,78.6638355466511,0.30095458015977966,0.0011255330639304275,"{""type"":""MultiPoint"",""coordinates"":[]}"
00000000000000000272,4.7476555890518655E-4,0.09179508299274328,0.3395571684758646,HYD_0627,17.46175838740566,78.67324462016379,0.5474445324881138,0.020728450484372565,"{""type"":""MultiPoint"",""coordinates"":[]}"
00000000000000000273,0.08042856983169451,0.17374590600675907,0.5506570882439517,HYD_0628,17.447325378326482,78.24999304188597,0.1951684359175948,0.0,"{""type"":""MultiPoint"",""coordinates"":[]}"
00000000000000000274,0.04152989101895156,0.1409967918708525,0.47667160511483164,HYD_0629,17.447454687637258,78.25939951845055,0.34080171199536397,0.0,"{""type"":""MultiPoint"",""coordinates"":[]}"
00000000000000000275,0.043820470468214,0.24850279655582674,0.4884275758922769,HYD_0630,17.447583987611036,78.2688059880976,0.21924915708368287,0.0,"{""type"":""MultiPoint"",""coordinates"":[]}"
00000000000000000276,0.06827693928033804,0.39692390657459287,0.3517962499636885,HYD_0631,17.44771330050847,78.27821247173098,0.18300290418138065,0.0,"{""type"":""MultiPoint"",""coordinates"":[]}"
00000000000000000277,0.011684767623655097,0.0981568918518121,0.45957465359284233,HYD_0632,17.447842604518794,78.28761896173886,0.43058368693169047,0.0,"{""type"":""MultiPoint"",""coordinates"":[]}"
00000000000000000278,0.06901258481650883,0.08803263687491647,0.49591014878246725,HYD_0633,17.447969706494252,78.29702542771872,0.3470446295261078,0.0,"{""type"":""MultiPoint"",""coordinates"":[]}"
00000000000000000279,0.0713084629488489,0.3527903748885258,0.07613845224285691,HYD_0634,17.448097160915694,78.30643301663594,0.4929233914377393,0.0068393184820289095,"{""type"":""MultiPoint"",""coordinates"":[]}"
0000000000000000027a,0.0013470306281834123,0.14407602676627343,0.008442782676202668,HYD_0635,17.448223521880514,78.31583951043716,0.8461341599293399,0.0,"{""type"":""MultiPoint"",""coordinates"":[]}"
0000000000000000027b,0.0,0.03363035804599796,0.037023560616951307,HYD_0636,17.44835096318499,78.32524708266864,0.9293460813370504,0.0,"{""type"":""MultiPoint"",""coordinates"":[]}"
0000000000000000027c,2.8497871600138705E-4,0.15667123998523316,0.003354925903671231,HYD_0637,17.448478403366526,78.33465464788286,0.8357941462764081,0.0038947091186856235,"{""type"":""MultiPoint"",""coordinates"":[]}"
0000000000000000027d,0.009820692183156673,0.35196246210560583,0.02020612166289058,HYD_0638,17.448602560565295,78.34406116021658,0.6180107240483467,0.0,"{""type"":""MultiPoint"",""coordinates"":[]}"
0000000000000000027e,0.041082796260100286,0.5462449202948679,0.00972785185234854,HYD_0639,17.44872813005051,78.3534676069163,0.40265945775998657,2.8497383269689185E-4,"{""type"":""MultiPoint"",""coordinates"":[]}"
0000000000000000027f,0.012756936651807837,0.8135538681044552,0.004039777300153552,HYD_0640,17.44885261285356,78.36287519047669,0.16964941794358307,0.0,"{""type"":""MultiPoint"",""coordinates"":[]}"
00000000000000000280,0.05118906715192218,0.8110658066938152,2.8491131995503994E-4,HYD_0641,17.448977447310238,78.37228388947521,0.13746021483430831,0.0,"{""type"":""MultiPoint"",""coordinates"":[]}"
00000000000000000281,0.003229740734145774,0.7319628106716298,0.028354665019635496,HYD_0642,17.449102671709614,78.38169146636452,0.2364527835745892,0.0,"{""type"":""MultiPoint"",""coordinates"":[]}"
00000000000000000282,0.00603191041540164,0.8973036704800723,4.7496824231948434E-4,HYD_0643,17.44922460516776,78.39109796390827,0.0961894508622071,0.0,"{""type"":""MultiPoint"",""coordinates"":[]}"
00000000000000000283,0.03495864893793728,0.6072986132888004,0.022887773746414417,HYD_0644,17.449347575461793,78.4005055448124,0.3013305485393611,0.03352441548748667,"{""type"":""MultiPoint"",""coordinates"":[]}"
00000000000000000284,0.0024592114657429214,0.9011026786894787,0.0011396618332838618,HYD_0645,17.44947018889396,78.4099142580205,0.09529844801149501,0.0,"{""type"":""MultiPoint"",""coordinates"":[]}"
00000000000000000285,0.0026001814911780093,0.9354368975439088,0.0050345920993224635,HYD_0646,17.449593176029058,78.41932180167834,0.05692832886559074,0.0,"{""type"":""MultiPoint"",""coordinates"":[]}"
00000000000000000286,0.0030391004858463925,0.7987083822935152,0.0021843534742020947,HYD_0647,17.449715456781014,78.42872942353539,0.1960681637464361,0.0,"{""type"":""MultiPoint"",""coordinates"":[]}"
00000000000000000287,0.0031340642052996395,0.659660366508604,9.497164258483755E-5,HYD_0648,17.44983584420869,78.43813814515838,0.3371105976435113,0.0,"{""type"":""MultiPoint"",""coordinates"":[]}"
00000000000000000288,0.0071623382645249496,0.9251453528972067,0.0024834107195596884,HYD_0649,17.449956227820746,78.4475468348374,0.06520889811870834,0.0,"{""type"":""MultiPoint"",""coordinates"":[]}"
00000000000000000289,0.005376071637235149,0.3731585426925967,0.08061238329736373,HYD_0650,17.450076635836187,78.45695329959865,0.540853002372805,0.0,"{""type"":""MultiPoint"",""coordinates"":[]}"
0000000000000000028a,0.054380863811528214,0.5703229079104819,0.057905621847540785,HYD_0651,17.450197037141194,78.46635979539454,0.31739060643044864,0.0,"{""type"":""MultiPoint"",""coordinates"":[]}"
0000000000000000028b,0.004629757223590728,0.686430502245421,0.06704972994634695,HYD_0652,17.4503174469008,78.47576851155348,0.24189001058464382,0.0,"{""type"":""MultiPoint"",""coordinates"":[]}"
0000000000000000028c,0.00417872581636921,0.6224688820865624,0.07966878570026623,HYD_0653,17.45043782429379,78.48517718981705,0.29368360639680235,0.0,"{""type"":""MultiPoint"",""coordinates"":[]}"
0000000000000000028d,0.0023635246983861676,0.4387649335766134,0.014985625553776525,HYD_0654,17.45055597825362,78.49458587443539,0.5438859161712244,0.0,"{""type"":""MultiPoint"",""coordinates"":[]}"
0000000000000000028e,0.004558633750649436,0.9769978938665145,0.0,HYD_0655,17.450674147235393,78.50399457780766,0.018443472382835842,0.0,"{""type"":""MultiPoint"",""coordinates"":[]}"
0000000000000000028f,0.0,0.7305946702103254,0.0018044800266966208,HYD_0656,17.450792336788435,78.51340330790481,0.2676008497629781,0.0,"{""type"":""MultiPoint"",""coordinates"":[]}"
00000000000000000290,0.0017095080304046612,0.7539928558206879,3.7989067342325804E-4,HYD_0657,17.45090825215371,78.52281201723586,0.24391774547548337,0.0,"{""type"":""MultiPoint"",""coordinates"":[]}"
00000000000000000291,1.8989611193295986E-4,0.9253898176215398,0.0074059483653854345,HYD_0658,17.45102530643353,78.53222109336853,0.06701433790114153,0.0,"{""type"":""MultiPoint"",""coordinates"":[]}"
00000000000000000292,0.0023731791666511547,0.9250916698619273,0.0018144118052168983,HYD_0659,17.451142378379533,78.54162942098466,0.0707207391662044,0.0,"{""type"":""MultiPoint"",""coordinates"":[]}"
00000000000000000293,0.002087852827589131,0.3839736268087742,0.027130921770275873,HYD_0660,17.451258683627934,78.55103922757418,0.58680759859336,0.0,"{""type"":""MultiPoint"",""coordinates"":[]}"
00000000000000000294,0.003936245773021498,0.6810725171573261,0.01566271428975596,HYD_0661,17.451374236181298,78.56044903957219,0.29932852277989663,0.0,"{""type"":""MultiPoint"",""coordinates"":[]}"
00000000000000000295,0.0445510618610634,0.7527713391532269,2.8485095592629565E-4,HYD_0662,17.45148906628463,78.56985734803804,0.20239274802978052,0.0,"{""type"":""MultiPoint"",""coordinates"":[]}"
00000000000000000296,0.004558703361745765,0.6645304572781697,5.698379202182206E-4,HYD_0663,17.451603885953595,78.5792664545039,0.3303410014398642,0.0,"{""type"":""MultiPoint"",""coordinates"":[]}"
00000000000000000297,0.0031344425640767834,0.17709861132055763,0.008070686929955367,HYD_0664,17.451718681247623,78.58867553426632,0.8116962591854093,0.0,"{""type"":""MultiPoint"",""coordinates"":[]}"
00000000000000000298,0.01819671215534415,0.6558613371064732,0.022203563383166095,HYD_0665,17.45183237980061,78.59808345199484,0.3037383873550164,0.0,"{""type"":""MultiPoint"",""coordinates"":[]}"
00000000000000000299,0.03768609618956501,0.575432342049388,0.0077054893371208515,HYD_0666,17.451944995999895,78.60749256459103,0.3791760724239283,0.0,"{""type"":""MultiPoint"",""coordinates"":[]}"
0000000000000000029a,0.03334445150084093,0.27138541053213056,0.2704421035076578,HYD_0667,17.452057940125272,78.61690278460394,0.4248280344593703,0.0,"{""type"":""MultiPoint"",""coordinates"":[]}"
0000000000000000029b,0.02003831538889747,0.09026643903329044,0.1563777994157741,HYD_0668,17.452171279705855,78.62631182439125,0.7333174461620374,0.0,"{""type"":""MultiPoint"",""coordinates"":[]}"
0000000000000000029c,0.04117613976855451,0.2697820036328377,0.20990274317650937,HYD_0669,17.452283889377572,78.63572086775417,0.47913911342209636,0.0,"{""type"":""MultiPoint"",""coordinates"":[]}"
0000000000000000029d,0.017806942662918362,0.1504042512301839,0.4348967062500647,HYD_0670,17.45239535178159,78.64512960353636,0.39689209985683194,0.0,"{""type"":""MultiPoint"",""coordinates"":[]}"
0000000000000000029e,7.596166914597117E-4,0.11946201264910741,0.4406584834103812,HYD_0671,17.45250720567352,78.65453942149652,0.43911988724905193,0.0,"{""type"":""MultiPoint"",""coordinates"":[]}"
0000000000000000029f,0.009575984504498744,0.3198716848602806,0.3576451335139359,HYD_0672,17.4526168730498,78.66395075294197,0.31290719712128573,0.0,"{""type"":""MultiPoint"",""coordinates"":[]}"
000000000000000002a0,7.595934983264726E-4,0.18533522834534807,0.2996466028484005,HYD_0673,17.452726440006487,78.67335978783744,0.5142585753079226,0.0,"{""type"":""MultiPoint"",""coordinates"":[]}"
000000000000000002a1,0.16682778004391982,0.19892752505638983,0.39361171489823826,HYD_0674,17.438425358263785,78.25953439090635,0.240632980001453,0.0,"{""type"":""MultiPoint"",""coordinates"":[]}"
000000000000000002a2,0.07435403714908023,0.11640946611281663,0.5553963689815645,HYD_0675,17.438553957310056,78.26894088429677,0.25384012775653847,0.0,"{""type"":""MultiPoint"",""coordinates"":[]}"
000000000000000002a3,0.09176717239899511,0.20211635717755472,0.4992992910210905,HYD_0676,17.438683979326687,78.27834735716151,0.2068171794023597,0.0,"{""type"":""MultiPoint"",""coordinates"":[]}"
000000000000000002a4,0.10123275089563992,0.12182902451156641,0.3843835407169215,HYD_0677,17.438812915907366,78.28775273002894,0.39255468387587145,0.0,"{""type"":""MultiPoint"",""coordinates"":[]}"
000000000000000002a5,0.0783043954325043,0.24033168718762332,0.2836446857798336,HYD_0678,17.438940026744206,78.29715921350787,0.39771923160003875,0.0,"{""type"":""MultiPoint"",""coordinates"":[]}"
000000000000000002a6,0.09315925690494306,0.20415738567897335,0.26105428045735113,HYD_0679,17.439067106082618,78.30656567833101,0.4369733683781441,0.004655708580588285,"{""type"":""MultiPoint"",""coordinates"":[]}"
000000000000000002a7,0.06679028686390777,0.19401990089031856,0.11472694187864461,HYD_0680,17.439194184805984,78.31597216832202,0.6244628703671289,0.0,"{""type"":""MultiPoint"",""coordinates"":[]}"
000000000000000002a8,0.025660845752925935,0.3803820666137448,0.03692816386225463,HYD_0681,17.43932163535496,78.32537972778998,0.5570289237710769,0.0,"{""type"":""MultiPoint"",""coordinates"":[]}"
000000000000000002a9,0.02104699672666844,0.5331533317613001,0.020416693208703117,HYD_0682,17.439448015820997,78.33478621376489,0.4253829783033287,0.0,"{""type"":""MultiPoint"",""coordinates"":[]}"
000000000000000002aa,0.005401903723107828,0.30706736342694013,0.02072288133320222,HYD_0683,17.439573590639526,78.34419267826479,0.6637680932669362,0.0030397582498144873,"{""type"":""MultiPoint"",""coordinates"":[]}"
000000000000000002ab,0.00860826151710737,0.5024452409814041,0.011789607949342825,HYD_0684,17.439697717928368,78.35359916277001,0.4771568895521449,0.0,"{""type"":""MultiPoint"",""coordinates"":[]}"
000000000000000002ac,0.03986689305625191,0.7320922882756958,0.02744315612313545,HYD_0685,17.439823280490387,78.36300560346088,0.2005976625449155,0.0,"{""type"":""MultiPoint"",""coordinates"":[]}"
000000000000000002ad,0.06661159616438157,0.7136314018062261,0.005698232765732232,HYD_0686,17.439947772224695,78.3724131933213,0.2140587692636575,0.0,"{""type"":""MultiPoint"",""coordinates"":[]}"
000000000000000002ae,0.019029975042533457,0.8750394035843654,0.004750786767549764,HYD_0687,17.440072641609692,78.38181970706941,0.10117983460555023,0.0,"{""type"":""MultiPoint"",""coordinates"":[]}"
000000000000000002af,0.006220826491342871,0.8610941548513915,0.008832359470885242,HYD_0688,17.440195263637644,78.39122617164037,0.12385265918637994,0.0,"{""type"":""MultiPoint"",""coordinates"":[]}"
000000000000000002b0,3.7996666723785825E-4,0.7498593750814869,0.0,HYD_0689,17.440318236745583,78.4006337330526,0.24976065825127405,0.0,"{""type"":""MultiPoint"",""coordinates"":[]}"
000000000000000002b1,0.003798918053240719,0.6052849654093608,7.597836106481439E-4,HYD_0690,17.440440501127927,78.41004133092848,0.3901563329267498,0.0,"{""type"":""MultiPoint"",""coordinates"":[]}"
000000000000000002b2,0.02474144157937536,0.535466172553078,0.018776241868303664,HYD_0691,17.44056277843345,78.41944891365517,0.4210161439992424,0.0,"{""type"":""MultiPoint"",""coordinates"":[]}"
000000000000000002b3,0.0039107624943795355,0.7231502015171425,0.014768734910428332,HYD_0692,17.44068614035778,78.4288553939591,0.25817030107804856,0.0,"{""type"":""MultiPoint"",""coordinates"":[]}"
000000000000000002b4,2.84913654403089E-4,0.8516352181581978,9.497121813436299E-5,HYD_0693,17.440806171655538,78.43826297884486,0.14798489696926348,0.0,"{""type"":""MultiPoint"",""coordinates"":[]}"
000000000000000002b5,0.0019943940952527107,0.9259359127248671,0.0,HYD_0694,17.44092655365491,78.44767167068552,0.0720696931798799,0.0,"{""type"":""MultiPoint"",""coordinates"":[]}"
000000000000000002b6,0.0051803955592990645,0.7219380028915744,0.0053905022107764615,HYD_0695,17.441046596795243,78.45707927792628,0.2674910993383504,0.0,"{""type"":""MultiPoint"",""coordinates"":[]}"
000000000000000002b7,0.01984038289033324,0.846825985760817,0.007147157080997627,HYD_0696,17.441167723696882,78.46648573357773,0.12599648937723673,1.8998489061340505E-4,"{""type"":""MultiPoint"",""coordinates"":[]}"
000000000000000002b8,0.004923963662258017,0.7508465448456453,0.004394733470588048,HYD_0697,17.44128776698387,78.47589335634133,0.23983475802150558,0.0,"{""type"":""MultiPoint"",""coordinates"":[]}"
000000000000000002b9,0.002848495770821565,0.8419371558533038,0.011411855997926709,HYD_0698,17.44140703462042,78.48530244608482,0.14380249237794607,0.0,"{""type"":""MultiPoint"",""coordinates"":[]}"
000000000000000002ba,0.0034180816519387546,0.7718382093124481,0.05580967763915555,HYD_0699,17.441525168525153,78.49471036158863,0.16893403139645757,0.0,"{""type"":""MultiPoint"",""coordinates"":[]}"
000000000000000002bb,0.008357504547465713,0.897184817051097,0.001994404494281591,HYD_0700,17.44164374061899,78.50411873905641,0.09246327390715577,0.0,"{""type"":""MultiPoint"",""coordinates"":[]}"
000000000000000002bc,0.0021838044740996702,0.686416475529475,0.009304906020076855,HYD_0701,17.44176152070357,78.51352555362541,0.3020948139763489,0.0,"{""type"":""MultiPoint"",""coordinates"":[]}"
000000000000000002bd,0.0,0.835688095091778,0.0015195615617964325,HYD_0702,17.441878576863708,78.52293464539903,0.1627923433464242,0.0,"{""type"":""MultiPoint"",""coordinates"":[]}"
000000000000000002be,0.004175429880077901,0.8421399981303488,0.0023385535828212597,HYD_0703,17.4419945110522,78.53234335371256,0.1513460184067519,0.0,"{""type"":""MultiPoint"",""coordinates"":[]}"
000000000000000002bf,0.009594427701195824,0.8010484931821116,9.497220852470537E-5,HYD_0704,17.44211046550517,78.54175204021733,0.18926210690816656,0.0,"{""type"":""MultiPoint"",""coordinates"":[]}"
000000000000000002c0,0.011981193001901721,0.5313323336901368,0.017893017320941357,HYD_0705,17.442226412848672,78.55116074821812,0.4387934559870217,0.0,"{""type"":""MultiPoint"",""coordinates"":[]}"
000000000000000002c1,0.002564870549474618,0.6135971294311533,0.05269328171554631,HYD_0706,17.442342712169143,78.56056831205312,0.33114471830382497,0.0,"{""type"":""MultiPoint"",""coordinates"":[]}"
000000000000000002c2,9.016877314974311E-4,0.9267763266932704,0.01101690338607766,HYD_0707,17.442458284026078,78.56997591568904,0.061305082189153315,0.0,"{""type"":""MultiPoint"",""coordinates"":[]}"
000000000000000002c3,0.0038929601652059743,0.8628616813194129,0.033066144576832726,HYD_0708,17.44257308840437,78.57938499572329,0.1001792139385472,0.0,"{""type"":""MultiPoint"",""coordinates"":[]}"
000000000000000002c4,0.01663684099603587,0.21363260284643326,0.07792654618734077,HYD_0709,17.442686746746876,78.58879293615645,0.6918040099701867,0.0,"{""type"":""MultiPoint"",""coordinates"":[]}"
000000000000000002c5,0.0136887039334637,0.2621579313457243,0.18252945741167978,HYD_0710,17.44280049899462,78.59820241562593,0.5416239073091319,0.0,"{""type"":""MultiPoint"",""coordinates"":[]}"
000000000000000002c6,0.01640756747619106,0.1550339191503289,0.0743763802519389,HYD_0711,17.44291418431758,78.60761034439662,0.7541821331215409,0.0,"{""type"":""MultiPoint"",""coordinates"":[]}"
000000000000000002c7,0.0028455012030064006,0.07873844480696035,0.09262404374026986,HYD_0712,17.44302679261847,78.61701944589544,0.8257920102497626,0.0,"{""type"":""MultiPoint"",""coordinates"":[]}"
000000000000000002c8,0.01025393552211549,0.04315194762591481,0.030841863075070954,HYD_0713,17.443139377424878,78.62642851729747,0.9157522537768991,0.0,"{""type"":""MultiPoint"",""coordinates"":[]}"
000000000000000002c9,0.019558755372236166,0.16779506117229687,0.16699581016764894,HYD_0714,17.443251963875973,78.63583681560918,0.6456503732878184,0.0,"{""type"":""MultiPoint"",""coordinates"":[]}"
000000000000000002ca,0.012372504866396987,0.17626352288798003,0.10257050738214468,HYD_0715,17.44336346499629,78.6452455315005,0.7087934648634784,0.0,"{""type"":""MultiPoint"",""coordinates"":[]}"
000000000000000002cb,0.05488665852896758,0.2138305147336654,0.20586405724234746,HYD_0716,17.443474942922162,78.65465425992457,0.5254187694950195,0.0,"{""type"":""MultiPoint"",""coordinates"":[]}"
000000000000000002cc,0.07021044445693597,0.3094111642662475,0.14352333554333954,HYD_0717,17.44358564763764,78.664063653415,0.4640398739216913,0.012815181811785651,"{""type"":""MultiPoint"",""coordinates"":[]}"
000000000000000002cd,0.002659294139906434,0.30262357616959606,0.19404951277932367,HYD_0718,17.443695665139952,78.67347386945414,0.5006676169111743,0.0,"{""type"":""MultiPoint"",""coordinates"":[]}"
000000000000000002ce,0.1326153442591674,0.2991394266023591,0.2797120641241938,HYD_0719,17.42939530719182,78.25966929253538,0.28853316501427817,0.0,"{""type"":""MultiPoint"",""coordinates"":[]}"
000000000000000002cf,0.04521990240298108,0.2692319867655965,0.37130217125993786,HYD_0720,17.429524631449855,78.2690757887434,0.3142459395714824,0.0,"{""type"":""MultiPoint"",""coordinates"":[]}"
000000000000000002d0,0.05478007560960515,0.00804646868267439,0.5670008711573866,HYD_0721,17.42965394403884,78.27848224834447,0.3701725845503324,0.0,"{""type"":""MultiPoint"",""coordinates"":[]}"
000000000000000002d1,0.04481392982402541,0.03472880221085135,0.42070299677366846,HYD_0722,17.42978325022436,78.28788649852306,0.4997542711914548,0.0,"{""type"":""MultiPoint"",""coordinates"":[]}"
000000000000000002d2,0.026630011338658516,0.10748958822001703,0.3497705998981273,HYD_0723,17.42991181070161,78.29729148000489,0.5161098005431975,0.0,"{""type"":""MultiPoint"",""coordinates"":[]}"
000000000000000002d3,0.05802762993357072,0.17083482999199626,0.16787591718472178,HYD_0724,17.430038203228552,78.30669873288468,0.6032616228897114,0.0,"{""type"":""MultiPoint"",""coordinates"":[]}"
000000000000000002d4,0.03441328583777977,0.19952380242644618,0.12080811995111314,HYD_0725,17.43016597046173,78.31610442606035,0.645254791784659,0.0,"{""type"":""MultiPoint"",""coordinates"":[]}"
000000000000000002d5,0.0701997429762808,0.5180432662803707,0.024228714594498244,HYD_0726,17.430292375951908,78.3255116835219,0.3867152495399236,8.130266089226476E-4,"{""type"":""MultiPoint"",""coordinates"":[]}"
000000000000000002d6,0.011550734647137644,0.4459875473938847,0.018501589543804247,HYD_0727,17.43041905334305,78.3349177513944,0.5235149667451184,4.451616700528746E-4,"{""type"":""MultiPoint"",""coordinates"":[]}"
000000000000000002d7,0.013676585000879355,0.3017750310755261,0.021811367829899873,HYD_0728,17.430543524235137,78.34432310662905,0.6619478318672444,7.891842264504147E-4,"{""type"":""MultiPoint"",""coordinates"":[]}"
000000000000000002d8,0.006145118652930404,0.1832362652873793,0.06061954713827411,HYD_0729,17.430668392103527,78.35372957956649,0.7499990689214164,0.0,"{""type"":""MultiPoint"",""coordinates"":[]}"
000000000000000002d9,0.010859342745956046,0.45576412601368466,0.035310003979473606,HYD_0730,17.430793250886175,78.36313606576435,0.4979715117379561,9.501552292817705E-5,"{""type"":""MultiPoint"",""coordinates"":[]}"
000000000000000002da,0.048620897701372026,0.7318135772490929,0.01957446333070151,HYD_0731,17.43091810102657,78.37254254930087,0.19239352272557977,0.007597538993251599,"{""type"":""MultiPoint"",""coordinates"":[]}"
000000000000000002db,0.12284288585487553,0.610104203228713,2.7423863381466677E-4,HYD_0732,17.431042977952472,78.38194900670226,0.266778672282597,0.0,"{""type"":""MultiPoint"",""coordinates"":[]}"
000000000000000002dc,0.021426927365729306,0.3050697471048269,0.02585637318034436,HYD_0733,17.43116556659811,78.39135545887875,0.43001825707843583,0.21762869527066456,"{""type"":""MultiPoint"",""coordinates"":[]}"
000000000000000002dd,0.003593038381012603,0.7959442596526344,9.5014496231278E-5,HYD_0734,17.431288198963482,78.40076194245755,0.2003676874701218,0.0,"{""type"":""MultiPoint"",""coordinates"":[]}"
000000000000000002de,4.748587434902457E-4,0.7892722147300071,0.0,HYD_0735,17.43141083869212,78.41016843310665,0.2102529265265033,0.0,"{""type"":""MultiPoint"",""coordinates"":[]}"
000000000000000002df,0.0016148908207147053,0.855176516693536,0.0012937752757421388,HYD_0736,17.43153384950684,78.41957601277838,0.14191481721000473,0.0,"{""type"":""MultiPoint"",""coordinates"":[]}"
000000000000000002e0,0.009412893667605029,0.9254430128412161,0.006575018728558999,HYD_0737,17.431655749331384,78.42898250743431,0.058569074762619334,0.0,"{""type"":""MultiPoint"",""coordinates"":[]}"
000000000000000002e1,9.499371923879853E-5,0.8876790538476552,0.001614893227059575,HYD_0738,17.431776839877642,78.43838895907139,0.11061105920604616,0.0,"{""type"":""MultiPoint"",""coordinates"":[]}"
000000000000000002e2,0.002480444155928316,0.8938593364700148,0.0,HYD_0739,17.431896888002953,78.44779653652544,0.10366021937405652,0.0,"{""type"":""MultiPoint"",""coordinates"":[]}"
000000000000000002e3,2.8491450330277363E-4,0.7724944655823283,0.003275213257574629,HYD_0740,17.43201726744688,78.45720524072273,0.22394540665679463,0.0,"{""type"":""MultiPoint"",""coordinates"":[]}"
000000000000000002e4,0.004905075023726119,0.20767723980354358,0.11824122282581354,HYD_0741,17.43213766994342,78.4666117215427,0.2933889917507249,0.37578747059619155,"{""type"":""MultiPoint"",""coordinates"":[]}"
000000000000000002e5,0.01090482892490973,0.09542060498709691,0.0422096579987925,HYD_0742,17.43225808751125,78.4760182091626,0.6092875772471926,0.24217733084200674,"{""type"":""MultiPoint"",""coordinates"":[]}"
000000000000000002e6,0.02064085098108026,0.5709834495445244,0.0028044168820829905,HYD_0743,17.432376589448836,78.48542579969666,0.1299814442076387,0.2755898383846739,"{""type"":""MultiPoint"",""coordinates"":[]}"
000000000000000002e7,0.0010446872902711132,0.9641793301636415,0.0,HYD_0744,17.43249438901551,78.49483339561453,0.03477598254608732,0.0,"{""type"":""MultiPoint"",""coordinates"":[]}"
000000000000000002e8,2.138324246697055E-4,0.8057015771072653,0.0,HYD_0745,17.43261218979249,78.50424099501913,0.19408459046806598,0.0,"{""type"":""MultiPoint"",""coordinates"":[]}"
000000000000000002e9,4.7485679808716505E-4,0.7869300787331198,0.0,HYD_0746,17.432730716338973,78.51364855705229,0.21259506446879356,0.0,"{""type"":""MultiPoint"",""coordinates"":[]}"
000000000000000002ea,0.005995501325089987,0.4614189079947222,0.0020500337884907546,HYD_0747,17.432849258096983,78.52305613624105,0.5305355568916976,0.0,"{""type"":""MultiPoint"",""coordinates"":[]}"
000000000000000002eb,0.008725324895165372,0.7849604256030772,0.0015549678335815694,HYD_0748,17.432964825378853,78.53246373850133,0.20475928166817686,0.0,"{""type"":""MultiPoint"",""coordinates"":[]}"
000000000000000002ec,0.0010446841776342987,0.8358110287364494,0.019943970663927522,HYD_0749,17.43308076425719,78.54187241380903,0.14320031642198833,0.0,"{""type"":""MultiPoint"",""coordinates"":[]}"
000000000000000002ed,0.013876530978988562,0.7751270500732785,0.02942868901456818,HYD_0750,17.433196726920148,78.55128114031204,0.18128281001800778,2.84919915157181E-4,"{""type"":""MultiPoint"",""coordinates"":[]}"
000000000000000002ee,0.006850249171106442,0.7944399854230993,0.010261959430606583,HYD_0751,17.433312662932813,78.56068761172772,0.18844780597518812,0.0,"{""type"":""MultiPoint"",""coordinates"":[]}"
000000000000000002ef,0.029433798992722075,0.7143280556616747,0.023653828825306616,HYD_0752,17.4334274880502,78.570094475604,0.23258431652029632,0.0,"{""type"":""MultiPoint"",""coordinates"":[]}"
000000000000000002f0,0.007670029728393293,0.5830834867413737,0.032436864399206435,HYD_0753,17.433541160612563,78.5795023796664,0.3768096191310252,0.0,"{""type"":""MultiPoint"",""coordinates"":[]}"
000000000000000002f1,0.027228599489528955,0.5316586287151713,0.14614347789976137,HYD_0754,17.433655996636144,78.58891150366188,0.29496929389553944,0.0,"{""type"":""MultiPoint"",""coordinates"":[]}"
000000000000000002f2,0.053500357920470906,0.6933891604846866,0.05827362405463933,HYD_0755,17.433769709940798,78.5983202064226,0.19483685754020375,0.0,"{""type"":""MultiPoint"",""coordinates"":[]}"
000000000000000002f3,0.021654064451700313,0.624737725360705,0.08199091538363865,HYD_0756,17.43388229809668,78.60772929709061,0.2716172948039553,0.0,"{""type"":""MultiPoint"",""coordinates"":[]}"
000000000000000002f4,0.008315167415091326,0.1450442890859611,0.08724594251040886,HYD_0757,17.433996346185566,78.61713608611929,0.7593946009885388,0.0,"{""type"":""MultiPoint"",""coordinates"":[]}"
000000000000000002f5,0.007502202093525204,1.188106274057757E-4,0.0038939345126250313,HYD_0758,17.434108603251957,78.62654404551327,0.988485052766444,0.0,"{""type"":""MultiPoint"",""coordinates"":[]}"
000000000000000002f6,0.0050336114141375345,0.09556859696880865,0.16273704808765582,HYD_0759,17.434220040879232,78.63595276919997,0.7366607435293969,0.0,"{""type"":""MultiPoint"",""coordinates"":[]}"
000000000000000002f7,0.08186311206456687,0.23466295712801272,0.2264174273828012,HYD_0760,17.43433154332325,78.64536149010466,0.4570565034246197,0.0,"{""type"":""MultiPoint"",""coordinates"":[]}"
000000000000000002f8,0.020187570135819077,0.32560152463585246,0.27493092099014926,HYD_0761,17.434443016165215,78.6547701840013,0.37927998423817927,0.0,"{""type"":""MultiPoint"",""coordinates"":[]}"
000000000000000002f9,0.03297121888282571,0.29699640492028817,0.2999845473010834,HYD_0762,17.43455340720541,78.66417927456224,0.37004782889580207,0.0,"{""type"":""MultiPoint"",""coordinates"":[]}"
000000000000000002fa,0.002563038270609936,0.1866040766640668,0.15919836650516606,HYD_0763,17.43466377308708,78.67358760212353,0.6516345185601573,0.0,"{""type"":""MultiPoint"",""coordinates"":[]}"
000000000000000002fb,0.005339665248793661,0.12950561043141065,0.34389762392909456,HYD_0764,17.420497532177873,78.26921064915031,0.521257100390701,0.0,"{""type"":""MultiPoint"",""coordinates"":[]}"
000000000000000002fc,0.008678206799599573,0.09795919584310724,0.48523940818990147,HYD_0765,17.420625372220304,78.2786164136511,0.4081231891673913,0.0,"{""type"":""MultiPoint"",""coordinates"":[]}"
000000000000000002fd,0.011257854956470551,0.12304722941037298,0.6259432934088232,HYD_0766,17.420753571908897,78.28802027459926,0.23975162222433374,0.0,"{""type"":""MultiPoint"",""coordinates"":[]}"
000000000000000002fe,0.049785604740691304,0.19957165660392556,0.31305657441535006,HYD_0767,17.420882886228853,78.29742452452125,0.4375861642400334,0.0,"{""type"":""MultiPoint"",""coordinates"":[]}"
000000000000000002ff,0.10065634509767706,0.01673663235622267,0.021161439138790622,HYD_0768,17.42101035278972,78.30682987677453,0.8614455834073098,0.0,"{""type"":""MultiPoint"",""coordinates"":[]}"
00000000000000000300,6.649379521624642E-4,0.0038946365769515763,0.12506979985926417,HYD_0769,17.42113672488991,78.31623636427472,0.8703706256116218,0.0,"{""type"":""MultiPoint"",""coordinates"":[]}"
00000000000000000301,0.0666274030787271,0.13652478504675652,0.058854032210297745,HYD_0770,17.421264513481933,78.32564283309658,0.7206641581182671,0.017329621545949723,"{""type"":""MultiPoint"",""coordinates"":[]}"
00000000000000000302,0.004085678142460317,0.6592041404519402,0.06857045978317783,HYD_0771,17.421388994633823,78.3350481836836,0.2681397216224224,0.0,"{""type"":""MultiPoint"",""coordinates"":[]}"
00000000000000000303,0.08816879928207935,0.698982163365705,0.008499790829971035,HYD_0772,17.421513467508426,78.34445353477027,0.20377929078880772,5.699557334380367E-4,"{""type"":""MultiPoint"",""coordinates"":[]}"
00000000000000000304,0.042155039591361125,0.462500335267454,0.04396846399823575,HYD_0773,17.42163906753497,78.3538600046224,0.451376161142949,0.0,"{""type"":""MultiPoint"",""coordinates"":[]}"
00000000000000000305,0.07288538704048647,0.43089713833688154,0.04545252998652282,HYD_0774,17.421763561693997,78.36326537456272,0.4507649446361102,0.0,"{""type"":""MultiPoint"",""coordinates"":[]}"
00000000000000000306,0.054266793641382365,0.369223801874752,0.0286806683974855,HYD_0775,17.421888408178116,78.37267186002646,0.4952151711197824,0.05261356496659841,"{""type"":""MultiPoint"",""coordinates"":[]}"
00000000000000000307,0.023322467996440843,0.5524479797776559,0.016532750271633437,HYD_0776,17.422013287848362,78.38207831332795,0.3886671853411853,0.019029616613085224,"{""type"":""MultiPoint"",""coordinates"":[]}"
00000000000000000308,0.02890342230705844,0.2487289467841458,0.00577077531265972,HYD_0777,17.422136249016244,78.39148364487441,0.7131107723622667,0.0034860832338693202,"{""type"":""MultiPoint"",""coordinates"":[]}"
00000000000000000309,0.013305712128284379,0.5676656815964469,0.0,HYD_0778,17.42225817048752,78.40089015161672,0.4190286062752685,0.0,"{""type"":""MultiPoint"",""coordinates"":[]}"
0000000000000000030a,0.016813694136422086,0.6132757218601124,0.0,HYD_0779,17.422381529618875,78.41029663893599,0.3699105840034662,0.0,"{""type"":""MultiPoint"",""coordinates"":[]}"
0000000000000000030b,0.004450903163054376,0.18746281756177088,6.64953309847009E-4,HYD_0780,17.422503447644132,78.41970311678324,0.8074213259653278,0.0,"{""type"":""MultiPoint"",""coordinates"":[]}"
0000000000000000030c,0.01977412600203321,0.6543234527273517,0.005061434195953905,HYD_0781,17.42262678059607,78.42910956542802,0.3208409870746607,0.0,"{""type"":""MultiPoint"",""coordinates"":[]}"
0000000000000000030d,0.005497301453430335,0.7952461026788779,0.004436359897601265,HYD_0782,17.422746448370873,78.43851608275982,0.19482023597009124,0.0,"{""type"":""MultiPoint"",""coordinates"":[]}"
0000000000000000030e,0.0016026255939530873,0.7629671297839883,0.014344281379628922,HYD_0783,17.422867542118592,78.4479225264058,0.22108596324242963,0.0,"{""type"":""MultiPoint"",""coordinates"":[]}"
0000000000000000030f,0.0033239814929648917,0.8568311823355614,0.0016145052965829475,HYD_0784,17.422987593605107,78.45733009491565,0.1382303308748906,0.0,"{""type"":""MultiPoint"",""coordinates"":[]}"
00000000000000000310,0.014691640978310007,0.24204114285458816,0.003990653449940404,HYD_0785,17.423107980775974,78.46673657756301,0.06075183016732804,0.678524732549834,"{""type"":""MultiPoint"",""coordinates"":[]}"
00000000000000000311,0.0,0.0,0.0,HYD_0786,17.423227294238284,78.47614345518137,0.0,1.0,"{""type"":""MultiPoint"",""coordinates"":[]}"
00000000000000000312,0.018272657917009386,0.4238707548069472,0.0041796302256553305,HYD_0787,17.4233454163845,78.48554915980658,0.23635361906805422,0.31732333798233386,"{""type"":""MultiPoint"",""coordinates"":[]}"
00000000000000000313,0.001139659711018052,0.9624128309296204,0.008737391117805065,HYD_0788,17.423464697712006,78.49495600621648,0.027710118241557224,0.0,"{""type"":""MultiPoint"",""coordinates"":[]}"
00000000000000000314,0.005200882745630975,0.8985878156068954,0.0021848848437164723,HYD_0789,17.423583225219808,78.50436358164616,0.09402641680375746,0.0,"{""type"":""MultiPoint"",""coordinates"":[]}"
00000000000000000315,0.0,0.9791946476159766,4.747530074206688E-4,HYD_0790,17.42369994352676,78.51377156782279,0.020330599376602754,0.0,"{""type"":""MultiPoint"",""coordinates"":[]}"
00000000000000000316,0.001044666669397822,0.7174290250485374,0.014166126953256667,HYD_0791,17.4238177428597,78.52317838544822,0.2673601813288087,0.0,"{""type"":""MultiPoint"",""coordinates"":[]}"
00000000000000000317,0.01690916548295058,0.39353912670623703,0.012204103573947146,HYD_0792,17.423935494046724,78.53258522384425,0.5773476042368658,0.0,"{""type"":""MultiPoint"",""coordinates"":[]}"
00000000000000000318,1.8994370962299525E-4,0.6346525855063265,0.006932945401239327,HYD_0793,17.424051097351732,78.54199283827207,0.35822452538281085,0.0,"{""type"":""MultiPoint"",""coordinates"":[]}"
00000000000000000319,0.028280648762865988,0.7010649668126884,0.01909429950128693,HYD_0794,17.42416740591453,78.55140040175148,0.09477746414440368,0.1567826207787553,"{""type"":""MultiPoint"",""coordinates"":[]}"
0000000000000000031a,0.01570955571529131,0.6944845232198257,0.003324034726386319,HYD_0795,17.424281518480335,78.56080728346144,0.23673905675626358,0.0497428295822331,"{""type"":""MultiPoint"",""coordinates"":[]}"
0000000000000000031b,0.015324122600427828,0.647024632908046,0.061056696088634524,HYD_0796,17.424395550307054,78.57021409335863,0.2764046491798029,1.898992230887667E-4,"{""type"":""MultiPoint"",""coordinates"":[]}"
0000000000000000031c,0.0030953802446136245,0.8434901855477663,0.052103767306065724,HYD_0797,17.424510378743356,78.57962320379441,0.10131066690155455,0.0,"{""type"":""MultiPoint"",""coordinates"":[]}"
0000000000000000031d,0.02756391730154428,0.7093364250407448,0.10180362841113258,HYD_0798,17.42462556123233,78.5890311495908,0.1612960292465789,0.0,"{""type"":""MultiPoint"",""coordinates"":[]}"
0000000000000000031e,0.04608246885262993,0.425018431498127,0.19396191568427398,HYD_0799,17.42473889991719,78.59843798292519,0.3349371839649689,0.0,"{""type"":""MultiPoint"",""coordinates"":[]}"
0000000000000000031f,0.04340301055661332,0.4460794829851708,0.08991892592493275,HYD_0800,17.42485150406279,78.60784707661972,0.34148543437648043,0.07911314615680282,"{""type"":""MultiPoint"",""coordinates"":[]}"
00000000000000000320,0.0011158261843735179,0.043627090591231474,0.018907592757707068,HYD_0801,17.424963743294008,78.61725506934796,0.9363494904666879,0.0,"{""type"":""MultiPoint"",""coordinates"":[]}"
00000000000000000321,0.0031333453479037293,0.05320133689401509,0.014885531428775689,HYD_0802,17.425077067073758,78.62666110419481,0.9287797863293058,0.0,"{""type"":""MultiPoint"",""coordinates"":[]}"
00000000000000000322,0.014903165163655984,0.1720099394142445,0.2263688565020334,HYD_0803,17.425188163287885,78.63606871543219,0.5867180389200656,0.0,"{""type"":""MultiPoint"",""coordinates"":[]}"
00000000000000000323,0.022695283111232374,0.49472329548986804,0.07534618077826966,HYD_0804,17.42529961651333,78.64547743265763,0.4072352406206291,0.0,"{""type"":""MultiPoint"",""coordinates"":[]}"
00000000000000000324,0.01586773918313437,0.06773747072146188,0.25536841446944236,HYD_0805,17.425411090385268,78.6548861162738,0.6223909900278006,0.03863538559816073,"{""type"":""MultiPoint"",""coordinates"":[]}"
00000000000000000325,0.022195098065864796,0.15133938761383436,0.3237702064311311,HYD_0806,17.425521467360703,78.66429445330459,0.5026953078891705,0.0,"{""type"":""MultiPoint"",""coordinates"":[]}"
00000000000000000326,0.020110519213858806,0.18840147890306116,0.3238119110021253,HYD_0807,17.425631838519255,78.67370352616044,0.4676760908809545,0.0,"{""type"":""MultiPoint"",""coordinates"":[]}"
00000000000000000327,0.018283008720729813,0.04160040430136705,0.15872741970529383,HYD_0808,17.411597903443937,78.27874942322673,0.7813891672726094,0.0,"{""type"":""MultiPoint"",""coordinates"":[]}"
00000000000000000328,0.03123544131316467,0.18942486804472133,0.17753342581321796,HYD_0809,17.411725010269453,78.2881544200269,0.6018062648288961,0.0,"{""type"":""MultiPoint"",""coordinates"":[]}"
00000000000000000329,0.080311911756158,0.26527962215276946,0.28478342193785305,HYD_0810,17.411853218391986,78.29755828060958,0.3696250441532196,0.0,"{""type"":""MultiPoint"",""coordinates"":[]}"
0000000000000000032a,0.08385014017500637,0.2005445288525025,8.551346082477454E-4,HYD_0811,17.411980326881036,78.3069625532739,0.7147501963642433,0.0,"{""type"":""MultiPoint"",""coordinates"":[]}"
0000000000000000032b,0.09512621608049933,0.17964204133146375,0.0443611414505201,HYD_0812,17.412107763402794,78.31636788118048,0.6808706011375169,0.0,"{""type"":""MultiPoint"",""coordinates"":[]}"
0000000000000000032c,0.13251483908949677,0.26512432045726453,0.04842442963123054,HYD_0813,17.412234491624982,78.32577325561168,0.5539364108220097,0.0,"{""type"":""MultiPoint"",""coordinates"":[]}"
0000000000000000032d,0.12314650490167597,0.19496920713399124,0.0361989399445982,HYD_0814,17.41235896870186,78.33517862350558,0.6456853480197352,0.0,"{""type"":""MultiPoint"",""coordinates"":[]}"
0000000000000000032e,0.13640576514019845,0.45428082893447724,0.009652400341229547,HYD_0815,17.412484526372914,78.34458506770363,0.3996610055840949,0.0,"{""type"":""MultiPoint"",""coordinates"":[]}"
0000000000000000032f,0.11901571663847257,0.363723554091617,0.09316933578758319,HYD_0816,17.412609016986934,78.35399043458143,0.4229512106059363,0.001140182876390762,"{""type"":""MultiPoint"",""coordinates"":[]}"
00000000000000000330,0.034771417371773,0.2715205853289197,0.028928859404506232,HYD_0817,17.412733882812827,78.36339468317298,0.63959987420615,0.025179263688651282,"{""type"":""MultiPoint"",""coordinates"":[]}"
00000000000000000331,0.04757363544350768,0.5027840413171327,0.07453601484424685,HYD_0818,17.412859101249165,78.37280004759113,0.37425137097318,8.54937421933411E-4,"{""type"":""MultiPoint"",""coordinates"":[]}"
00000000000000000332,0.04091173075139261,0.6347045826815716,0.0037047536702020474,HYD_0819,17.412983255570996,78.38220652375183,0.27296416428468456,0.047714768612149745,"{""type"":""MultiPoint"",""coordinates"":[]}"
00000000000000000333,0.021389338195156288,0.7512820598807574,0.027143936116659904,HYD_0820,17.413106227442967,78.39161185784042,0.16825193841343156,0.03193272739399508,"{""type"":""MultiPoint"",""coordinates"":[]}"
00000000000000000334,0.011677443724980493,0.6455148736815516,0.019317867714496235,HYD_0821,17.413229193739443,78.40101722981179,0.3234898148789713,0.0,"{""type"":""MultiPoint"",""coordinates"":[]}"
00000000000000000335,0.0017098729329722354,0.8701092605078953,8.605242865285105E-4,HYD_0822,17.41335111794636,78.41042373258453,0.12692435209226602,3.959901803375786E-4,"{""type"":""MultiPoint"",""coordinates"":[]}"
00000000000000000336,0.005984633294528522,0.5840637019790452,0.0010251920838183935,HYD_0823,17.413474454886494,78.41983016389537,0.3925088707799767,0.016417601862630964,"{""type"":""MultiPoint"",""coordinates"":[]}"
00000000000000000337,0.00836135355558736,0.6825211940191739,1.9375685601182827E-5,HYD_0824,17.41359673210633,78.42923553451365,0.3090980767396387,0.0,"{""type"":""MultiPoint"",""coordinates"":[]}"
00000000000000000338,0.0013296049769684118,0.8758875206330857,0.0031053911198774846,HYD_0825,17.41371711947909,78.4386420333025,0.11967748327006854,0.0,"{""type"":""MultiPoint"",""coordinates"":[]}"
00000000000000000339,0.006556178569512264,0.8475385732086114,0.0013302391300459666,HYD_0826,17.41383750396866,78.44804850032732,0.13269787400213442,0.011877135089696131,"{""type"":""MultiPoint"",""coordinates"":[]}"
0000000000000000033a,0.0,0.8535082814373688,1.8998821700528655E-4,HYD_0827,17.413958257875265,78.4574538316998,0.14630173034562582,0.0,"{""type"":""MultiPoint"",""coordinates"":[]}"
0000000000000000033b,0.02738217550907588,0.45006284519221246,0.006079629738628079,HYD_0828,17.414077970361856,78.46686033258817,0.2847017591438453,0.23177359041623877,"{""type"":""MultiPoint"",""coordinates"":[]}"
0000000000000000033c,0.026582365247867626,0.18275282975007578,1.8999111884652293E-4,HYD_0829,17.414196825022604,78.47626677599212,0.09637690661675735,0.694097907266453,"{""type"":""MultiPoint"",""coordinates"":[]}"
0000000000000000033d,0.06038466839766199,0.5439384739177238,0.003753552948714603,HYD_0830,17.41431428691313,78.48567329105609,0.38369163944136253,0.008231665294536183,"{""type"":""MultiPoint"",""coordinates"":[]}"
0000000000000000033e,1.8994752978824194E-4,0.9751768374257715,7.378157970794261E-4,HYD_0831,17.41443427516177,78.49508013449258,0.023895399247360838,0.0,"{""type"":""MultiPoint"",""coordinates"":[]}"
0000000000000000033f,0.001519506100928724,0.9152614649156097,2.1973249988920275E-5,HYD_0832,17.414551730224186,78.50448584565272,0.08319705573347269,0.0,"{""type"":""MultiPoint"",""coordinates"":[]}"
00000000000000000340,0.0,0.968851130726977,0.0,HYD_0833,17.414669495435955,78.51389268393524,0.031148869273022912,0.0,"{""type"":""MultiPoint"",""coordinates"":[]}"
00000000000000000341,0.0,0.413746418962242,0.003474732972058412,HYD_0834,17.41478617397162,78.52330063914846,0.5827788480656996,0.0,"{""type"":""MultiPoint"",""coordinates"":[]}"
00000000000000000342,3.7988175994005375E-4,0.1381849696429784,0.005616291117545109,HYD_0835,17.41490323593015,78.53270675355382,0.8558188574795366,0.0,"{""type"":""MultiPoint"",""coordinates"":[]}"
00000000000000000343,7.594210084887639E-4,0.5916124183203617,0.0028478287818328642,HYD_0836,17.415019195981287,78.54211325495386,0.4047803318893168,0.0,"{""type"":""MultiPoint"",""coordinates"":[]}"
00000000000000000344,0.01817971226938778,0.25677214206945714,0.010230976272224192,HYD_0837,17.41513512447778,78.55151971229672,0.678664814953441,0.03615235443549004,"{""type"":""MultiPoint"",""coordinates"":[]}"
00000000000000000345,0.006021673855539404,0.8429110913185422,0.0256025397373877,HYD_0838,17.415249945931247,78.56092578380127,0.1198715981936468,0.005593096894883588,"{""type"":""MultiPoint"",""coordinates"":[]}"
00000000000000000346,0.00721794161288593,0.9475578180214647,0.008319999880818305,HYD_0839,17.41536478232454,78.57033487794422,0.03690424048483117,0.0,"{""type"":""MultiPoint"",""coordinates"":[]}"
00000000000000000347,0.011054843300333666,0.886803499620294,0.006995218208573106,HYD_0840,17.41547993752186,78.57974283109807,0.09514643887079846,0.0,"{""type"":""MultiPoint"",""coordinates"":[]}"
00000000000000000348,0.011359387174097312,0.8947301382046355,0.01948265253980998,HYD_0841,17.41559289576579,78.58914855020414,0.0744278220814568,0.0,"{""type"":""MultiPoint"",""coordinates"":[]}"
00000000000000000349,0.006989392848858055,0.5637536811509802,0.01124722179919058,HYD_0842,17.415707008513298,78.5985569248359,0.4180097042009711,0.0,"{""type"":""MultiPoint"",""coordinates"":[]}"
0000000000000000034a,0.013915037156300039,0.462763439526646,0.042218108021239424,HYD_0843,17.415821060338,78.60796372801525,0.48110341529581496,0.0,"{""type"":""MultiPoint"",""coordinates"":[]}"
0000000000000000034b,9.497443697850187E-4,0.10221819315416808,0.008211750535301996,HYD_0844,17.415933307627558,78.61737170193712,0.8886203119407451,0.0,"{""type"":""MultiPoint"",""coordinates"":[]}"
0000000000000000034c,0.0024699029473430104,0.35283588072343197,0.028033212185152576,HYD_0845,17.41604442802792,78.62677930422895,0.6166610041440729,0.0,"{""type"":""MultiPoint"",""coordinates"":[]}"
0000000000000000034d,0.012396370943407202,0.5300584800550151,0.1653173561859293,HYD_0846,17.41615662341973,78.63618576293264,0.2922277928156483,0.0,"{""type"":""MultiPoint"",""coordinates"":[]}"
0000000000000000034e,0.006553214184887426,0.6902473126048911,0.11220801045236743,HYD_0847,17.416267721977118,78.64559336740352,0.19099146275785492,0.0,"{""type"":""MultiPoint"",""coordinates"":[]}"
0000000000000000034f,0.011681816590451491,0.1301704096401338,0.17634235674364665,HYD_0848,17.416379196913812,78.65500205602419,0.6818054170257684,0.0,"{""type"":""MultiPoint"",""coordinates"":[]}"
00000000000000000350,0.03105631701912988,0.08391481291534586,0.3126581726885418,HYD_0849,17.416490667405878,78.66441075206885,0.5723706973769823,0.0,"{""type"":""MultiPoint"",""coordinates"":[]}"
00000000000000000351,0.0058171972126318024,0.013365884907466388,0.24888620729468128,HYD_0850,17.41660141873403,78.6738187085159,0.7319307105852207,0.0,"{""type"":""MultiPoint"",""coordinates"":[]}"
00000000000000000352,0.0035597776405004353,0.11499459517024548,0.09287296024927369,HYD_0851,17.416710305396865,78.68322553544138,0.7885726669399784,0.0,"{""type"":""MultiPoint"",""coordinates"":[]}"
00000000000000000353,0.20998339305548785,0.21338861777833598,0.13016237694298835,HYD_0852,17.403204811502185,78.3259047822381,0.3935268313748665,0.05293878084832166,"{""type"":""MultiPoint"",""coordinates"":[]}"
00000000000000000354,0.17720688130417123,0.36907980195445367,0.09263743963809122,HYD_0853,17.403330028671157,78.33531013858048,0.35824250409676844,0.0028333730065157165,"{""type"":""MultiPoint"",""coordinates"":[]}"
00000000000000000355,0.13112670530147405,0.4266427400631127,0.008461253843949704,HYD_0854,17.403454507132853,78.34471550935818,0.4325340948511472,0.0012352059403158918,"{""type"":""MultiPoint"",""coordinates"":[]}"
00000000000000000356,0.21203823284146245,0.37434373935730625,0.013510119734730977,HYD_0855,17.403579361008138,78.3541197629378,0.4001079080665005,0.0,"{""type"":""MultiPoint"",""coordinates"":[]}"
00000000000000000357,0.058142598073389735,0.24922488086770114,0.1398303363799058,HYD_0856,17.40370420909608,78.36352401313474,0.5513635427033725,0.0014386419756306488,"{""type"":""MultiPoint"",""coordinates"":[]}"
00000000000000000358,0.027750949785450552,0.7170541075891912,0.03239591856810058,HYD_0857,17.403829077129327,78.37292826192558,0.22279902405725657,0.0,"{""type"":""MultiPoint"",""coordinates"":[]}"
00000000000000000359,0.0044636389402125665,0.9588384334023954,0.0,HYD_0858,17.40395393395163,78.38233472102813,0.036697927657392174,0.0,"{""type"":""MultiPoint"",""coordinates"":[]}"
0000000000000000035a,0.027839382246287726,0.8717305539781831,0.017923174259665827,HYD_0859,17.40407654713406,78.3917411743078,0.08250688951586344,0.0,"{""type"":""MultiPoint"",""coordinates"":[]}"
0000000000000000035b,0.011031488516908298,0.8508807752670499,0.014367837506315746,HYD_0860,17.4041991639299,78.40114543099487,0.12324482109508564,4.7507761464088633E-4,"{""type"":""MultiPoint"",""coordinates"":[]}"
0000000000000000035c,0.014427497068233054,0.9668661907295067,0.0014249057885819781,HYD_0861,17.404322154999555,78.41055079163154,0.0172814064136779,0.0,"{""type"":""MultiPoint"",""coordinates"":[]}"
0000000000000000035d,8.549383773828382E-4,0.8057039849441437,0.0020898493669358267,HYD_0862,17.404443335354635,78.41995652988363,0.19135122731153734,0.0,"{""type"":""MultiPoint"",""coordinates"":[]}"
0000000000000000035e,0.001519517419144354,0.45765257649448016,0.0014599285007465363,HYD_0863,17.40456556790989,78.42936112413561,0.5393679775856272,0.0,"{""type"":""MultiPoint"",""coordinates"":[]}"
0000000000000000035f,0.004391013677074413,0.7967046721994855,0.0029731636681709413,HYD_0864,17.404687801447036,78.43876798379692,0.19593115045526902,0.0,"{""type"":""MultiPoint"",""coordinates"":[]}"
00000000000000000360,0.008854025578378912,0.8776358164375161,2.8504879923659074E-4,HYD_0865,17.40480782476528,78.44817335105972,0.11322510918486846,0.0,"{""type"":""MultiPoint"",""coordinates"":[]}"
00000000000000000361,0.010196861351972814,0.8966277623951708,0.003990659397779318,HYD_0866,17.40492823132016,78.45757759805322,0.08918471685507724,0.0,"{""type"":""MultiPoint"",""coordinates"":[]}"
00000000000000000362,0.005488474204171237,0.871834818522893,0.0,HYD_0867,17.40504752647199,78.46698442794752,0.1226767072729357,0.0,"{""type"":""MultiPoint"",""coordinates"":[]}"
00000000000000000363,0.007654474317390999,0.8392914284266807,0.003229720280892542,HYD_0868,17.405165681951516,78.47639015545435,0.14614353890173892,0.00368083807329864,"{""type"":""MultiPoint"",""coordinates"":[]}"
00000000000000000364,0.004151816797032599,0.939322007758254,0.0042259497304206195,HYD_0869,17.40528533240519,78.4857958997984,0.05230022571429321,0.0,"{""type"":""MultiPoint"",""coordinates"":[]}"
00000000000000000365,0.0011652779940529107,0.9105686392697194,0.002126036289021727,HYD_0870,17.405402776938608,78.49520238003826,0.08614004644720603,0.0,"{""type"":""MultiPoint"",""coordinates"":[]}"
00000000000000000366,0.0072887986222583655,0.8405050974279836,0.004903156877551089,HYD_0871,17.405521657725174,78.50460884635407,0.1473029470722059,0.0,"{""type"":""MultiPoint"",""coordinates"":[]}"
00000000000000000367,5.699731442065589E-4,0.8474640106663213,0.0,HYD_0872,17.405639087347016,78.51401533563164,0.15196601618947256,0.0,"{""type"":""MultiPoint"",""coordinates"":[]}"
00000000000000000368,0.00201838451007236,0.22131373809058094,0.005707952651038889,HYD_0873,17.405755728665277,78.523421765745,0.7709599247483061,0.0,"{""type"":""MultiPoint"",""coordinates"":[]}"
00000000000000000369,6.651128735670713E-4,0.10282197890641999,0.003221232936687581,HYD_0874,17.405871336660955,78.53282714559921,0.8932916752833246,0.0,"{""type"":""MultiPoint"",""coordinates"":[]}"
0000000000000000036a,0.010718579466987255,0.7165816748380975,0.0302212618120764,HYD_0875,17.40598728060822,78.54223362043776,0.2424784838828374,0.0,"{""type"":""MultiPoint"",""coordinates"":[]}"
0000000000000000036b,0.04349512595097148,0.3893746811774627,0.015437252184761132,HYD_0876,17.406103202217523,78.55164010390055,0.5418054829465112,0.009887457740293917,"{""type"":""MultiPoint"",""coordinates"":[]}"
0000000000000000036c,0.003703895440279392,0.895180317697023,8.547451016029366E-4,HYD_0877,17.406219145134653,78.5610465635799,0.10026104176109532,0.0,"{""type"":""MultiPoint"",""coordinates"":[]}"
0000000000000000036d,0.0022605175720968353,0.8854147069988488,0.027128446050632124,HYD_0878,17.40633543242645,78.57045413778341,0.08519632937842085,0.0,"{""type"":""MultiPoint"",""coordinates"":[]}"
0000000000000000036e,0.01289011974798681,0.4546072277953626,0.11968949865588992,HYD_0879,17.406448431543918,78.5798606285793,0.41281315380076067,0.0,"{""type"":""MultiPoint"",""coordinates"":[]}"
0000000000000000036f,0.01135105916520725,0.9002824167362363,0.013234209939087218,HYD_0880,17.406562837898978,78.58926709635061,0.07513231415946828,0.0,"{""type"":""MultiPoint"",""coordinates"":[]}"
00000000000000000370,0.001139687725563196,0.9757078913318927,7.597918170421307E-4,HYD_0881,17.40667621067867,78.59867469379094,0.02239262912550197,0.0,"{""type"":""MultiPoint"",""coordinates"":[]}"
00000000000000000371,0.009004623542898684,0.5609354946118265,0.12247025461143836,HYD_0882,17.406788453186742,78.6080826704093,0.3075896272338372,0.0,"{""type"":""MultiPoint"",""coordinates"":[]}"
00000000000000000372,0.0017132324487715582,0.03769930759338145,0.09682705626069152,HYD_0883,17.40690288315366,78.61748835000374,0.8637604036971549,0.0,"{""type"":""MultiPoint"",""coordinates"":[]}"
00000000000000000373,0.0032290947770974776,0.10870578104800667,0.20225604598648037,HYD_0884,17.407015118198135,78.62689633337034,0.6858090781884125,0.0,"{""type"":""MultiPoint"",""coordinates"":[]}"
00000000000000000374,0.005368749392159043,0.14715806175030607,0.21556601963200525,HYD_0885,17.407126574776576,78.6363028380905,0.6319071692255298,0.0,"{""type"":""MultiPoint"",""coordinates"":[]}"
00000000000000000375,0.005888358071761985,0.2633827928098713,0.24990251247784406,HYD_0886,17.407238052474106,78.64570931023238,0.48082633664052127,0.0,"{""type"":""MultiPoint"",""coordinates"":[]}"
00000000000000000376,0.005507102076501437,0.20681383798098268,0.20063612800456382,HYD_0887,17.407348414841067,78.6551183868863,0.5870429319379536,0.0,"{""type"":""MultiPoint"",""coordinates"":[]}"
00000000000000000377,0.0021838394392093953,0.16898225635110029,0.30834807533557224,HYD_0888,17.40745913701468,78.66452558891272,0.5204858288741184,0.0,"{""type"":""MultiPoint"",""coordinates"":[]}"
00000000000000000378,0.01320153524413248,0.10905410413365026,0.3107096500261643,HYD_0889,17.407568774563256,78.67393168905343,0.5670347105960517,0.0,"{""type"":""MultiPoint"",""coordinates"":[]}"
00000000000000000379,0.01747096271632509,0.10692400466339147,0.21624226103748162,HYD_0890,17.40767840439667,78.6833400131793,0.6576536556648989,0.0017091159179013675,"{""type"":""MultiPoint"",""coordinates"":[]}"
0000000000000000037a,0.1126202862651027,0.3572083824240651,0.15512559402579776,HYD_0891,17.39442485258672,78.34484481974596,0.3676346203861234,0.007411116898911475,"{""type"":""MultiPoint"",""coordinates"":[]}"
0000000000000000037b,0.2790459376860728,0.4714803749656272,0.04768709343512072,HYD_0892,17.394549688529313,78.35424907481567,0.20159656244247845,1.9003147070199142E-4,"{""type"":""MultiPoint"",""coordinates"":[]}"
0000000000000000037c,0.07547296358218603,0.6662700850930158,0.04362782340805035,HYD_0893,17.394674544653437,78.36365332957926,0.18100924483440992,0.033619883082336786,"{""type"":""MultiPoint"",""coordinates"":[]}"
0000000000000000037d,0.022677732658960576,0.8516803550815306,0.03544443690946116,HYD_0894,17.394799400878163,78.37305755842993,0.09019747535004745,0.0,"{""type"":""MultiPoint"",""coordinates"":[]}"
0000000000000000037e,0.0062490663652710506,0.7762547398842402,0.03894723627356712,HYD_0895,17.39492460987381,78.38246290217194,0.1785489574769192,0.0,"{""type"":""MultiPoint"",""coordinates"":[]}"
0000000000000000037f,0.013076184152378741,0.7076651411801615,0.021513682056418414,HYD_0896,17.395046881866907,78.39186827741672,0.2577449926110409,0.0,"{""type"":""MultiPoint"",""coordinates"":[]}"
00000000000000000380,0.005387598574535097,0.5117208866975986,0.0035211844892009585,HYD_0897,17.395169501886976,78.40127253023455,0.4793703302386659,0.0,"{""type"":""MultiPoint"",""coordinates"":[]}"
00000000000000000381,4.4181063385297624E-4,0.5361111276676275,0.10097757121868212,HYD_0898,17.395291766137202,78.4106779002752,0.3624694904798377,0.0,"{""type"":""MultiPoint"",""coordinates"":[]}"
00000000000000000382,8.301859795449312E-4,0.7901772007380744,0.0018053191521073568,HYD_0899,17.39541250875454,78.42008322673264,0.2071872941302716,0.0,"{""type"":""MultiPoint"",""coordinates"":[]}"
00000000000000000383,5.699512747537664E-4,0.6332076708736275,0.006518678011056311,HYD_0900,17.395535494811803,78.42948858864693,0.3597036998405627,0.0,"{""type"":""MultiPoint"",""coordinates"":[]}"
00000000000000000384,0.006199212438816449,0.709427706533597,0.016818023287009702,HYD_0901,17.39565777355297,78.43889395477999,0.26755505774057553,0.0,"{""type"":""MultiPoint"",""coordinates"":[]}"
00000000000000000385,0.004465754537389192,0.9225026706963413,0.002660449511636114,HYD_0902,17.395778170529645,78.4482981866692,0.07037112525463374,0.0,"{""type"":""MultiPoint"",""coordinates"":[]}"
00000000000000000386,2.7268907187368697E-4,0.8450511403767575,0.002469847741151017,HYD_0903,17.395897416868703,78.4577028362788,0.15220632281021737,0.0,"{""type"":""MultiPoint"",""coordinates"":[]}"
00000000000000000387,0.003987819835438199,0.7945509476564188,0.0020888580090390567,HYD_0904,17.39601559890044,78.46710852824998,0.19937237449910217,0.0,"{""type"":""MultiPoint"",""coordinates"":[]}"
00000000000000000388,0.0204285505621996,0.8838443607139869,0.006081056911538486,HYD_0905,17.39613492090625,78.4765153854048,0.08964603181227387,0.0,"{""type"":""MultiPoint"",""coordinates"":[]}"
00000000000000000389,0.0017103157376994178,0.9443633172672956,0.0,HYD_0906,17.396255282201864,78.48591963086115,0.05392636699500498,0.0,"{""type"":""MultiPoint"",""coordinates"":[]}"
0000000000000000038a,0.006898398929217096,0.9423090749447454,0.0,HYD_0907,17.396373817124665,78.4953249775548,0.05038312227987654,4.094038461610102E-4,"{""type"":""MultiPoint"",""coordinates"":[]}"
0000000000000000038b,0.0037397051960710217,0.9470616256190477,9.497309281925212E-5,HYD_0908,17.396490182045074,78.50473187363961,0.04894354538652376,1.601507055383467E-4,"{""type"":""MultiPoint"",""coordinates"":[]}"
0000000000000000038c,7.113424484481558E-5,0.9115778990742863,0.0028490940998054408,HYD_0909,17.39660902076301,78.51413756813784,0.0855018725810632,0.0,"{""type"":""MultiPoint"",""coordinates"":[]}"
0000000000000000038d,9.501941749743447E-5,0.6995847465142776,0.015505305809748024,HYD_0910,17.396725716853805,78.52354330583431,0.2848149282584767,0.0,"{""type"":""MultiPoint"",""coordinates"":[]}"
0000000000000000038e,9.499520553609692E-4,0.7206723723394801,0.0014655338767804128,HYD_0911,17.39684130859683,78.53294865904543,0.2769121417283755,0.0,"{""type"":""MultiPoint"",""coordinates"":[]}"
0000000000000000038f,0.036667643924134456,0.5962707258986493,0.037761005042871984,HYD_0912,17.396957952181165,78.54235513909295,0.32930062513434116,0.0,"{""type"":""MultiPoint"",""coordinates"":[]}"
00000000000000000390,0.004560872557520464,0.7478962789018279,0.010404676831997053,HYD_0913,17.397073507303702,78.55176050136434,0.23713817170865412,0.0,"{""type"":""MultiPoint"",""coordinates"":[]}"
00000000000000000391,0.005033238967861986,0.6272833284480799,0.015337337627390599,HYD_0914,17.39718945728441,78.56116695756859,0.35234609495666785,0.0,"{""type"":""MultiPoint"",""coordinates"":[]}"
00000000000000000392,0.015708200808078106,0.7719425687883372,0.024877495628436073,HYD_0915,17.397304313786062,78.57057382013389,0.18747173477514853,0.0,"{""type"":""MultiPoint"",""coordinates"":[]}"
00000000000000000393,0.029297152146830173,0.25360250725789996,0.05510864970456275,HYD_0916,17.397418345001984,78.57997840637952,0.6604721406477799,0.0015195502429231926,"{""type"":""MultiPoint"",""coordinates"":[]}"
00000000000000000394,0.032765338722280254,0.6366654475490146,0.12631387239190134,HYD_0917,17.39753137800344,78.58938566833052,0.20425534133680331,0.0,"{""type"":""MultiPoint"",""coordinates"":[]}"
00000000000000000395,0.004273825787315067,0.8627869143089548,0.04847430937209962,HYD_0918,17.397645759086274,78.59879134126251,0.0844649505316305,0.0,"{""type"":""MultiPoint"",""coordinates"":[]}"
00000000000000000396,0.0037039533789775592,0.7867521003035789,0.024435291431670152,HYD_0919,17.397758023512743,78.60819932970595,0.18510865488577327,0.0,"{""type"":""MultiPoint"",""coordinates"":[]}"
00000000000000000397,0.04183388560752952,0.2745646533338546,0.12411435894283718,HYD_0920,17.397870615835146,78.61760618082519,0.5594871021157777,0.0,"{""type"":""MultiPoint"",""coordinates"":[]}"
00000000000000000398,0.015150939842206893,0.11921146617171133,0.39691516441561714,HYD_0921,17.39798321150402,78.62701227593055,0.4687224295704658,0.0,"{""type"":""MultiPoint"",""coordinates"":[]}"
00000000000000000399,0.013698313818760641,0.07051279663851266,0.2673126500464428,HYD_0922,17.39809467676735,78.63641876214544,0.6484762394962825,0.0,"{""type"":""MultiPoint"",""coordinates"":[]}"
0000000000000000039a,0.006396587692403914,0.06418141695045487,0.23889950250830538,HYD_0923,17.398206141681065,78.6458252387535,0.6905224928488358,0.0,"{""type"":""MultiPoint"",""coordinates"":[]}"
0000000000000000039b,8.547734347589982E-4,0.05602583613229729,0.07538282303917951,HYD_0924,17.39831685979081,78.65523243341394,0.8677365673937644,0.0,"{""type"":""MultiPoint"",""coordinates"":[]}"
0000000000000000039c,0.0,0.017661686445366264,0.15612723686195756,HYD_0925,17.39842653965014,78.66463931471439,0.8262110766926757,0.0,"{""type"":""MultiPoint"",""coordinates"":[]}"
0000000000000000039d,0.01732403058391227,0.008267965664794869,0.24370256180675856,HYD_0926,17.39853758685407,78.67404614315613,0.72764690173825,0.0030585402062838617,"{""type"":""MultiPoint"",""coordinates"":[]}"
0000000000000000039e,0.006417517308865216,0.11188784108536648,0.442641135113035,HYD_0927,17.398646456834236,78.68345295525822,0.43840858975476005,6.44916737972414E-4,"{""type"":""MultiPoint"",""coordinates"":[]}"
0000000000000000039f,0.03368338216926942,0.5839237861313891,0.06274498698867581,HYD_0928,17.38552002605427,78.35437837331048,0.3196478447106658,0.0,"{""type"":""MultiPoint"",""coordinates"":[]}"
000000000000000003a0,0.08396537263024856,0.6953378694844903,0.04950008812220707,HYD_0929,17.385644864361833,78.36378262946823,0.1711966697630536,0.0,"{""type"":""MultiPoint"",""coordinates"":[]}"
000000000000000003a1,0.05344589179140758,0.4548579400326624,0.22181110762098413,HYD_0930,17.38576971474956,78.3731868625101,0.2698850605549444,0.0,"{""type"":""MultiPoint"",""coordinates"":[]}"
000000000000000003a2,0.01204377535823366,0.3878439954199149,0.034916999932558125,HYD_0931,17.38589458188155,78.38259111272734,0.5651952292892932,0.0,"{""type"":""MultiPoint"",""coordinates"":[]}"
000000000000000003a3,0.0018403113513191269,0.08158365889965112,0.0017572197474834991,HYD_0932,17.38601720693489,78.39199538823287,0.9148188100015465,0.0,"{""type"":""MultiPoint"",""coordinates"":[]}"
000000000000000003a4,0.005309298594297156,0.6275304775127044,0.02422886806752562,HYD_0933,17.386139807341465,78.40139961399562,0.34293135582547324,0.0,"{""type"":""MultiPoint"",""coordinates"":[]}"
000000000000000003a5,9.126942734953588E-5,0.6158227659479352,0.0015173076636516723,HYD_0934,17.386262782245065,78.41080494360017,0.38237866754086663,1.8998942019699306E-4,"{""type"":""MultiPoint"",""coordinates"":[]}"
000000000000000003a6,0.00746162711538527,0.3641016927553471,0.017483868539730718,HYD_0935,17.386382829408873,78.42021032443618,0.6109528115895372,0.0,"{""type"":""MultiPoint"",""coordinates"":[]}"
000000000000000003a7,0.01640966877800677,0.6411069467101116,0.012349160499226432,HYD_0936,17.38650435260082,78.42961495651005,0.3301342240126533,0.0,"{""type"":""MultiPoint"",""coordinates"":[]}"
000000000000000003a8,0.0023137213997809583,0.971707109915736,0.0,HYD_0937,17.386626971272573,78.43901843130902,0.025979168684483054,0.0,"{""type"":""MultiPoint"",""coordinates"":[]}"
000000000000000003a9,0.0,0.993449592145471,0.0,HYD_0938,17.386747400055967,78.44842343667419,0.006550407854529092,0.0,"{""type"":""MultiPoint"",""coordinates"":[]}"
000000000000000003aa,7.711306563551229E-4,0.9183700458580603,0.008398246143415406,HYD_0939,17.386865524517734,78.45782691151567,0.07246057734216971,0.0,"{""type"":""MultiPoint"",""coordinates"":[]}"
000000000000000003ab,0.00740951562107685,0.9306400048279196,0.0014029278948705592,HYD_0940,17.38698517126497,78.46723264691907,0.06054755165613292,0.0,"{""type"":""MultiPoint"",""coordinates"":[]}"
000000000000000003ac,0.0029448272368021106,0.9447929643029572,2.1979102716170084E-5,HYD_0941,17.387104877590318,78.4766391199068,0.05224022935752481,0.0,"{""type"":""MultiPoint"",""coordinates"":[]}"
000000000000000003ad,6.64959750377463E-4,0.88729137120661,0.01586403975900519,HYD_0942,17.387224516190066,78.486044849022,0.09617962928400794,0.0,"{""type"":""MultiPoint"",""coordinates"":[]}"
000000000000000003ae,9.499233914723709E-4,0.8718296306809606,0.005769946435496296,HYD_0943,17.387342658170827,78.49544835540414,0.12145049949207043,0.0,"{""type"":""MultiPoint"",""coordinates"":[]}"
000000000000000003af,0.018998942019699313,0.7996956443994108,0.027650166147610636,HYD_0944,17.387460069627583,78.50485410319003,0.1519453426515074,0.0017099047817729382,"{""type"":""MultiPoint"",""coordinates"":[]}"
000000000000000003b0,0.00954815839117387,0.7763940586918754,0.015981645005647468,HYD_0945,17.38757677373835,78.51425986118451,0.19807613791130363,0.0,"{""type"":""MultiPoint"",""coordinates"":[]}"
000000000000000003b1,0.007549229244741799,0.7208971904126831,0.021103569539334954,HYD_0946,17.38769491397306,78.523663307975,0.25045001080323936,0.0,"{""type"":""MultiPoint"",""coordinates"":[]}"
000000000000000003b2,0.01096651720620293,0.831743197649452,0.009592210923612038,HYD_0947,17.387811991489063,78.53307015955279,0.09520963012538966,0.05248844409534336,"{""type"":""MultiPoint"",""coordinates"":[]}"
000000000000000003b3,0.016445724748736557,0.8074993935694892,0.012791491863770557,HYD_0948,17.387927928817458,78.54247666305677,0.1632633898180035,0.0,"{""type"":""MultiPoint"",""coordinates"":[]}"
000000000000000003b4,0.037401988395068364,0.7043432067638811,0.06597436424703547,HYD_0949,17.388042723424043,78.55188129953439,0.19228044059401514,0.0,"{""type"":""MultiPoint"",""coordinates"":[]}"
000000000000000003b5,0.05705496047282917,0.40950156407028376,0.043759711441041,HYD_0950,17.388157894255986,78.5612862441383,0.48847026441929037,0.001213499596555135,"{""type"":""MultiPoint"",""coordinates"":[]}"
000000000000000003b6,0.05310208797176012,0.3156773301134673,0.08275276182701068,HYD_0951,17.388272017687786,78.57069232131944,0.5269244148412772,0.02154340524648435,"{""type"":""MultiPoint"",""coordinates"":[]}"
000000000000000003b7,0.04031934729502741,0.04826800371424191,0.051462445467566766,HYD_0952,17.388387223662452,78.58009807745441,0.7871562053325906,0.07279399819057408,"{""type"":""MultiPoint"",""coordinates"":[]}"
000000000000000003b8,0.025744074727667137,0.25555497191640153,0.02854852295210644,HYD_0953,17.388501258629073,78.58950342074986,0.6891074679610044,0.0010449624428204372,"{""type"":""MultiPoint"",""coordinates"":[]}"
000000000000000003b9,0.020746036469434573,0.3677512799608797,0.030660216614780487,HYD_0954,17.388613150799628,78.59891028766727,0.5807474964088096,9.497054609553742E-5,"{""type"":""MultiPoint"",""coordinates"":[]}"
000000000000000003ba,0.01496310620021423,0.38133872426260823,0.08448441790030853,HYD_0955,17.388727533391766,78.60831597253919,0.5192137516368693,0.0,"{""type"":""MultiPoint"",""coordinates"":[]}"
000000000000000003bb,0.012922554104811306,0.21071066595123117,0.1122734454182317,HYD_0956,17.38883979820101,78.61772172720912,0.6640933345257259,0.0,"{""type"":""MultiPoint"",""coordinates"":[]}"
000000000000000003bc,0.006838111072376714,0.15023881246294163,0.08067034345492957,HYD_0957,17.388951295003345,78.62712822604506,0.7622527330097525,0.0,"{""type"":""MultiPoint"",""coordinates"":[]}"
000000000000000003bd,0.03999201091344994,0.27564509824452493,0.10933571714162107,HYD_0958,17.389062768968365,78.63653469364273,0.5750271737004042,0.0,"{""type"":""MultiPoint"",""coordinates"":[]}"
000000000000000003be,0.04356567291200721,0.02563898194928371,0.018007139837649712,HYD_0959,17.389174242728696,78.64594115168961,0.9127882053010594,0.0,"{""type"":""MultiPoint"",""coordinates"":[]}"
000000000000000003bf,0.018885219805893833,0.08862139609477411,0.07623283796986681,HYD_0960,17.389285718794454,78.6553476430273,0.8162605461294653,0.0,"{""type"":""MultiPoint"",""coordinates"":[]}"
000000000000000003c0,9.495007115670042E-5,0.11376358996165513,0.03351067276035124,HYD_0961,17.389396086419115,78.66475451465567,0.8526307872068368,0.0,"{""type"":""MultiPoint"",""coordinates"":[]}"
000000000000000003c1,0.015389211830954852,0.0,0.4599116806017699,HYD_0962,17.389505306533238,78.67416019446574,0.5217542583897468,0.0029448491775283976,"{""type"":""MultiPoint"",""coordinates"":[]}"
000000000000000003c2,0.026378938860945014,0.08308736305585405,0.23751585228002806,HYD_0963,17.389614942051605,78.6835663130599,0.6530178458031728,0.0,"{""type"":""MultiPoint"",""coordinates"":[]}"
000000000000000003c3,0.058576364171695,0.19031504250632664,0.0674659818942802,HYD_0964,17.376366569912,78.34510528976168,0.6836426114276982,0.0,"{""type"":""MultiPoint"",""coordinates"":[]}"
000000000000000003c4,0.014321459486340615,0.4291371634734749,0.21268729883339207,HYD_0965,17.37649182192997,78.35450918225796,0.3368146914904801,0.0070393867163123045,"{""type"":""MultiPoint"",""coordinates"":[]}"
000000000000000003c5,0.024281188729736815,0.22455311598528369,0.13187726683672374,HYD_0966,17.376615202935735,78.36391193796258,0.6192884284482564,0.0,"{""type"":""MultiPoint"",""coordinates"":[]}"
000000000000000003c6,0.0051829978295497995,0.23380797570586234,0.0909524829764046,HYD_0967,17.376740035694976,78.37331617252593,0.6700565434881837,0.0,"{""type"":""MultiPoint"",""coordinates"":[]}"
000000000000000003c7,0.014789510670342069,0.23293367523736927,0.0220948403640518,HYD_0968,17.37686489164574,78.38272044819958,0.7301819737282358,0.0,"{""type"":""MultiPoint"",""coordinates"":[]}"
000000000000000003c8,0.06261585955446589,0.37994928728325533,0.014555406717106138,HYD_0969,17.37698749662439,78.39212469647968,0.5428794464451726,0.0,"{""type"":""MultiPoint"",""coordinates"":[]}"
000000000000000003c9,0.005035779558423797,0.28044541404988077,0.03922207173051591,HYD_0970,17.37711009999186,78.40152891819925,0.6752967346611792,0.0,"{""type"":""MultiPoint"",""coordinates"":[]}"
000000000000000003ca,0.001710716689662575,0.6706192049006255,0.06538180289413012,HYD_0971,17.377233104587326,78.4109320387354,0.2622882755155816,0.0,"{""type"":""MultiPoint"",""coordinates"":[]}"
000000000000000003cb,3.2268197157939404E-4,0.7108482623426786,0.03827432960584732,HYD_0972,17.377353158406976,78.42033517211688,0.2503646939719207,1.9003210797400804E-4,"{""type"":""MultiPoint"",""coordinates"":[]}"
000000000000000003cc,0.0081713593296579,0.7911191147954888,0.006016549890377843,HYD_0973,17.37747356503864,78.42973941531099,0.1913674227689172,0.003325553215558447,"{""type"":""MultiPoint"",""coordinates"":[]}"
000000000000000003cd,0.005176871153760191,0.8659061107717061,0.006341732353861517,HYD_0974,17.37759509286691,78.43914405647737,0.12257528572067179,0.0,"{""type"":""MultiPoint"",""coordinates"":[]}"
000000000000000003ce,2.849837056375365E-4,0.9924212960686405,0.0,HYD_0975,17.377715458402854,78.4485475305445,0.007293720225721997,0.0,"{""type"":""MultiPoint"",""coordinates"":[]}"
000000000000000003cf,9.501608939113691E-5,0.9092879531522241,2.4629660818643726E-4,HYD_0976,17.37783473546229,78.45795214924982,0.09037073415019846,0.0,"{""type"":""MultiPoint"",""coordinates"":[]}"
000000000000000003d0,0.00190031541509782,0.8575422959908934,0.010261703241528225,HYD_0977,17.37795512795867,78.46735639326994,0.13029568535248057,0.0,"{""type"":""MultiPoint"",""coordinates"":[]}"
000000000000000003d1,1.89990552626638E-4,0.9654112885680819,0.002374136846842283,HYD_0978,17.378075888329107,78.47676173939627,0.0320245840324489,0.0,"{""type"":""MultiPoint"",""coordinates"":[]}"
000000000000000003d2,0.008180341618875975,0.7290229235126512,0.022375026595239295,HYD_0979,17.378193720604,78.48616711437282,0.24042170827323417,0.0,"{""type"":""MultiPoint"",""coordinates"":[]}"
000000000000000003d3,0.005976834178250508,0.8733294953413113,0.009894194384980407,HYD_0980,17.378311887197523,78.49557137243663,0.1102293666008991,5.701094945588078E-4,"{""type"":""MultiPoint"",""coordinates"":[]}"
000000000000000003d4,0.00484588375617287,0.6839455368125079,0.09345308249255425,HYD_0981,17.37843003209719,78.50497562859229,0.21775549693876545,0.0,"{""type"":""MultiPoint"",""coordinates"":[]}"
000000000000000003d5,0.009536092459639805,0.7911685904256113,0.05469488080443223,HYD_0982,17.37854559987199,78.51438100550337,0.14365047788496785,9.499584253489141E-4,"{""type"":""MultiPoint"",""coordinates"":[]}"
000000000000000003d6,0.010222764780671738,0.4399730144639342,0.040376977955230965,HYD_0983,17.378663008988013,78.5237867056635,0.5088572832449396,5.699595552229341E-4,"{""type"":""MultiPoint"",""coordinates"":[]}"
000000000000000003d7,0.021318282622326743,0.44134586599426007,0.028312424879248278,HYD_0984,17.378780443752945,78.53319166768969,0.41234609089108293,0.09667733561308214,"{""type"":""MultiPoint"",""coordinates"":[]}"
000000000000000003d8,0.021149497892163863,0.8167737499818443,0.010238433717035617,HYD_0985,17.378896028256115,78.54259703588089,0.15174334566985767,9.497273909945735E-5,"{""type"":""MultiPoint"",""coordinates"":[]}"
000000000000000003d9,0.040428420182880634,0.5731183508706315,0.09461312022840336,HYD_0986,17.379010810550884,78.55200088249373,0.2918401087180847,0.0,"{""type"":""MultiPoint"",""coordinates"":[]}"
000000000000000003da,0.020432352833775633,0.7537695613648745,0.0423916826332267,HYD_0987,17.37912562843514,78.56140551395747,0.18272079125576535,6.856119123579313E-4,"{""type"":""MultiPoint"",""coordinates"":[]}"
000000000000000003db,0.013752086189426,0.7999083566787862,0.013678324491863866,HYD_0988,17.379241943210083,78.57081088308594,0.17266123263992375,0.0,"{""type"":""MultiPoint"",""coordinates"":[]}"
000000000000000003dc,0.061858234965053695,0.2102501398521701,0.03350939933213605,HYD_0989,17.37935604260841,78.58021773182382,0.6871296524589771,0.0072525733916627986,"{""type"":""MultiPoint"",""coordinates"":[]}"
000000000000000003dd,0.02633602346013088,4.8241980282999724E-4,0.0,HYD_0990,17.379470088547926,78.5896223076475,0.9731815567370391,0.0,"{""type"":""MultiPoint"",""coordinates"":[]}"
000000000000000003de,0.0,0.0,0.0010676879117685948,HYD_0991,17.379583046306657,78.59902807266037,0.9989323120882313,0.0,"{""type"":""MultiPoint"",""coordinates"":[]}"
000000000000000003df,0.012695575529156164,0.09427188477086013,0.038132175697317874,HYD_0992,17.37969529703415,78.60843382224331,0.8467098383539076,0.008190525648758103,"{""type"":""MultiPoint"",""coordinates"":[]}"
000000000000000003e0,0.0038519940632002554,0.0,2.848502134701011E-4,HYD_0993,17.379807551756752,78.61783880251451,0.9932261502177149,0.0026370055056147133,"{""type"":""MultiPoint"",""coordinates"":[]}"
000000000000000003e1,0.0018989816245601613,0.0,0.0015191852996481292,HYD_0994,17.37991974121055,78.627245254379,0.9965818330757917,0.0,"{""type"":""MultiPoint"",""coordinates"":[]}"
000000000000000003e2,0.014889374384078691,0.1282557703867634,0.017569819314845973,HYD_0995,17.38003085210217,78.63665063272371,0.8392850359143116,0.0,"{""type"":""MultiPoint"",""coordinates"":[]}"
000000000000000003e3,2.0846618399299863E-5,0.02456252812897506,0.06406203060209131,HYD_0996,17.380142334640496,78.64605707229545,0.9113545946505343,0.0,"{""type"":""MultiPoint"",""coordinates"":[]}"
000000000000000003e4,0.010921742964926404,0.03461624552003699,0.28432248508479124,HYD_0997,17.380253819711434,78.65546354498204,0.6694747246845542,6.648017456911725E-4,"{""type"":""MultiPoint"",""coordinates"":[]}"
000000000000000003e5,0.017510790611302236,0.05032601817597421,0.4340375117366171,HYD_0998,17.38036452139539,78.66486854242002,0.49803070645403147,9.497302207508232E-5,"{""type"":""MultiPoint"",""coordinates"":[]}"
000000000000000003e6,0.00119855130976555,0.03416094704176088,0.5881452921291911,HYD_0999,17.380473075998914,78.67427581874253,0.3764952095192838,0.0,"{""type"":""MultiPoint"",""coordinates"":[]}"
000000000000000003e7,0.003253691043148099,0.08828067723265638,0.46508633792490917,HYD_1000,17.380582648966037,78.68368036833851,0.44328429823986254,9.499555942326143E-5,"{""type"":""MultiPoint"",""coordinates"":[]}"
000000000000000003e8,0.002090822964317367,0.07667096260594806,0.10995157191871954,HYD_1001,17.36733912060555,78.34523761364912,0.8007374902819594,0.010549152229055805,"{""type"":""MultiPoint"",""coordinates"":[]}"
000000000000000003e9,0.006012753195288665,0.2217986068783751,0.08794001040088133,HYD_1002,17.36746288831814,78.35463924078263,0.6645756794590053,0.019672950066450087,"{""type"":""MultiPoint"",""coordinates"":[]}"
000000000000000003ea,0.0031120424716294393,0.019007231623597864,0.012413889725192336,HYD_1003,17.36758550544186,78.36404125293784,0.9654668361795802,0.0,"{""type"":""MultiPoint"",""coordinates"":[]}"
000000000000000003eb,0.026537313054669397,0.24943680728040718,0.12688994659077457,HYD_1004,17.367710362354437,78.37344549046043,0.5971359330741495,0.0,"{""type"":""MultiPoint"",""coordinates"":[]}"
000000000000000003ec,0.02193393141855148,0.5807197068917912,0.08508871978290382,HYD_1005,17.367835220271694,78.38284974668842,0.31225764190675354,0.0,"{""type"":""MultiPoint"",""coordinates"":[]}"
000000000000000003ed,4.75199788899482E-4,0.7947502163556684,0.024524781575814676,HYD_1006,17.367958170195223,78.3922528732997,0.1802498022796172,0.0,"{""type"":""MultiPoint"",""coordinates"":[]}"
000000000000000003ee,0.011752589381495813,0.3321696626621939,0.01682534394982542,HYD_1007,17.3680804326639,78.40165601690593,0.6392524040064849,0.0,"{""type"":""MultiPoint"",""coordinates"":[]}"
000000000000000003ef,0.012809752257825996,0.36287750939953334,0.13896326355366465,HYD_1008,17.368202709747127,78.41105913167993,0.4851593969987093,1.9007779026742095E-4,"{""type"":""MultiPoint"",""coordinates"":[]}"
000000000000000003f0,0.004800326107693039,0.7913719326799256,0.026485071779462955,HYD_1009,17.36832346947559,78.42046226146651,0.17734266943291827,0.0,"{""type"":""MultiPoint"",""coordinates"":[]}"
000000000000000003f1,0.009455752985639944,0.7557258222875871,0.04791891087253236,HYD_1010,17.368443888057044,78.42986652266487,0.1868995138542413,0.0,"{""type"":""MultiPoint"",""coordinates"":[]}"
000000000000000003f2,0.008221167213427586,0.5667059499663444,0.05467534626327863,HYD_1011,17.36856463840095,78.43926961328923,0.37039753655694935,0.0,"{""type"":""MultiPoint"",""coordinates"":[]}"
000000000000000003f3,7.601255995770127E-4,0.9516832124398281,0.011063553579725816,HYD_1012,17.368684662334445,78.44867275823196,0.036469261303235356,2.3847077633788633E-5,"{""type"":""MultiPoint"",""coordinates"":[]}"
000000000000000003f4,0.004560784186598674,0.8843636271499312,0.014846023230935536,HYD_1013,17.36880506103186,78.45807703176895,0.09508936938588522,0.0011401960466496685,"{""type"":""MultiPoint"",""coordinates"":[]}"
000000000000000003f5,0.0221388478185699,0.7691165774380867,0.011112460801030212,HYD_1014,17.368925429645277,78.46748127030123,0.19763211394231361,0.0,"{""type"":""MultiPoint"",""coordinates"":[]}"
000000000000000003f6,0.009712806689330996,0.7875822252620143,0.012030648258042592,HYD_1015,17.369044720799085,78.47688591060925,0.1904843327767831,1.8998701382881938E-4,"{""type"":""MultiPoint"",""coordinates"":[]}"
000000000000000003f7,0.003681218817949536,0.9323422378696172,0.0012114272005638426,HYD_1016,17.369162894499944,78.48628937973663,0.06276511611187001,0.0,"{""type"":""MultiPoint"",""coordinates"":[]}"
000000000000000003f8,0.006079656916615573,0.9500644845963402,4.004675971422634E-4,HYD_1017,17.369281108120255,78.49569439710505,0.043455390889902364,0.0,"{""type"":""MultiPoint"",""coordinates"":[]}"
000000000000000003f9,5.699531856099116E-4,0.8417225102824403,0.0,HYD_1018,17.36939926105459,78.50509787127169,0.15770753653195044,0.0,"{""type"":""MultiPoint"",""coordinates"":[]}"
000000000000000003fa,0.005034796534987083,0.8639975353152884,0.0,HYD_1019,17.369516661857393,78.51450359350295,0.13096766814972427,0.0,"{""type"":""MultiPoint"",""coordinates"":[]}"
000000000000000003fb,0.0,0.9942612425764303,0.0,HYD_1020,17.369632235797724,78.52390895505904,0.005738757423569564,0.0,"{""type"":""MultiPoint"",""coordinates"":[]}"
000000000000000003fc,4.75080800997409E-4,0.9846960637972034,0.0,HYD_1021,17.369748166120605,78.53331318840353,0.014828855401799125,0.0,"{""type"":""MultiPoint"",""coordinates"":[]}"
000000000000000003fd,1.8109232205816255E-4,0.9421022508359681,0.016057970409663613,HYD_1022,17.36986409119656,78.54271742989569,0.04165868643230983,0.0,"{""type"":""MultiPoint"",""coordinates"":[]}"
000000000000000003fe,8.570298995374637E-6,0.991501244370152,0.0,HYD_1023,17.369980030845944,78.55212167272633,0.008490185330852659,0.0,"{""type"":""MultiPoint"",""coordinates"":[]}"
000000000000000003ff,0.002506567303213786,0.8474190964136002,0.017566464834653003,HYD_1024,17.370095971210684,78.5615259156655,0.12505486725663717,0.007453004191895667,"{""type"":""MultiPoint"",""coordinates"":[]}"
00000000000000000400,0.016135942005230254,0.8025104493402574,0.023099933690461108,HYD_1025,17.3702107904258,78.57093053316648,0.11788569427577313,0.040367980688278106,"{""type"":""MultiPoint"",""coordinates"":[]}"
00000000000000000401,0.011313385930000482,0.6045942566763547,0.05737736972715809,HYD_1026,17.370324821955464,78.58033513178574,0.3149762696739359,0.011738717992551854,"{""type"":""MultiPoint"",""coordinates"":[]}"
00000000000000000402,0.005509726026172506,0.0653153992185801,0.006649669341932335,HYD_1027,17.37043820614237,78.58974126692286,0.9225252054133153,0.0,"{""type"":""MultiPoint"",""coordinates"":[]}"
00000000000000000403,0.0012349358317656051,0.24879468027641716,0.025253785832696947,HYD_1028,17.370551896189223,78.59914472542307,0.7247165980591204,0.0,"{""type"":""MultiPoint"",""coordinates"":[]}"
00000000000000000404,0.005561160094950996,0.0743332046855605,0.05511687824009846,HYD_1029,17.370664149490576,78.6085504932525,0.8642194780675414,7.692789118484598E-4,"{""type"":""MultiPoint"",""coordinates"":[]}"
00000000000000000405,0.0019949216113155084,0.008621190649685062,0.01903762448236348,HYD_1030,17.370776353022492,78.61795694314438,0.9703462632566361,0.0,"{""type"":""MultiPoint"",""coordinates"":[]}"
00000000000000000406,0.0,0.003990757539681201,0.0,HYD_1031,17.370887472199765,78.62736231077685,0.9960092424603184,0.0,"{""type"":""MultiPoint"",""coordinates"":[]}"
00000000000000000407,0.0,0.02828707319545206,0.08061739472601603,HYD_1032,17.370998948436643,78.63676655632908,0.8910955320785313,0.0,"{""type"":""MultiPoint"",""coordinates"":[]}"
00000000000000000408,0.006210525296220932,0.003075646142738889,0.07329582157676037,HYD_1033,17.37111077462584,78.64617188631257,0.9174180069842807,0.0,"{""type"":""MultiPoint"",""coordinates"":[]}"
00000000000000000409,0.008174518881339283,0.0070118395107582375,0.14015222494213628,HYD_1034,17.3712215570537,78.65557838235115,0.8426664957976281,0.001994920868138899,"{""type"":""MultiPoint"",""coordinates"":[]}"
0000000000000000040a,0.012237064058318292,0.10194709690109624,0.15345728352675417,HYD_1035,17.371332300234204,78.66498414845208,0.7277037176117169,0.004654837902115412,"{""type"":""MultiPoint"",""coordinates"":[]}"
0000000000000000040b,0.006553133641840241,0.20404137841134462,0.4698062365571374,HYD_1036,17.371441854959777,78.67438872149594,0.31959925138967776,0.0,"{""type"":""MultiPoint"",""coordinates"":[]}"
0000000000000000040c,0.005604704599098771,0.141759724507069,0.5013917697828003,HYD_1037,17.371550767440024,78.68379484545328,0.35124380111103165,0.0,"{""type"":""MultiPoint"",""coordinates"":[]}"
0000000000000000040d,0.0011407282095748843,0.11169108483625513,0.0020835065239588326,HYD_1038,17.35843318157982,78.35476858280683,0.8850846804302109,0.0,"{""type"":""MultiPoint"",""coordinates"":[]}"
0000000000000000040e,0.017390403606258206,0.12214194984013227,0.009226542125860594,HYD_1039,17.35855582177955,78.36417056717336,0.8512411044277491,0.0,"{""type"":""MultiPoint"",""coordinates"":[]}"
0000000000000000040f,0.047968271545964725,0.4847710723779271,0.05627970164402812,HYD_1040,17.35868067557373,78.37357483737897,0.38231013490703725,0.028670819525041955,"{""type"":""MultiPoint"",""coordinates"":[]}"
00000000000000000410,0.04406148474714485,0.645201120926737,0.13898693954129065,HYD_1041,17.35880588343626,78.38297793485121,0.17175045478482837,0.0,"{""type"":""MultiPoint"",""coordinates"":[]}"
00000000000000000411,0.0076392465780483745,0.43549482355975394,0.022146994653235528,HYD_1042,17.358927811585044,78.39237997547416,0.5347189352089621,0.0,"{""type"":""MultiPoint"",""coordinates"":[]}"
00000000000000000412,0.008456435106781362,0.8191753718204532,0.0012352096223388505,HYD_1043,17.3590507792853,78.40178310020707,0.1711329834504268,0.0,"{""type"":""MultiPoint"",""coordinates"":[]}"
00000000000000000413,0.03136280032723158,0.49883884962068314,0.07762693734707604,HYD_1044,17.359173745714333,78.41118619756269,0.39207637391613825,9.503878887039871E-5,"{""type"":""MultiPoint"",""coordinates"":[]}"
00000000000000000414,0.009867078922099606,0.9146187103007597,0.017371811997512473,HYD_1045,17.35929380875265,78.42058935103914,0.05814239877962858,0.0,"{""type"":""MultiPoint"",""coordinates"":[]}"
00000000000000000415,0.002850874414715588,0.8748640888193996,0.005146553053986628,HYD_1046,17.35941420304463,78.4299936219668,0.11713848371189703,0.0,"{""type"":""MultiPoint"",""coordinates"":[]}"
00000000000000000416,0.0019963004135752868,0.9644229815743891,7.604953956477283E-4,HYD_1047,17.359534569293206,78.4393956051455,0.03282022261638742,0.0,"{""type"":""MultiPoint"",""coordinates"":[]}"
00000000000000000417,0.01007167545283416,0.8219523028105319,0.030063373679652925,HYD_1048,17.359655003437297,78.44879762291404,0.1373664003243207,5.462477326620376E-4,"{""type"":""MultiPoint"",""coordinates"":[]}"
00000000000000000418,0.0011401943472443274,0.8819582129950113,0.01801656113658749,HYD_1049,17.359775392287172,78.45820187676141,0.0986949991299499,1.900323912073879E-4,"{""type"":""MultiPoint"",""coordinates"":[]}"
00000000000000000419,0.005511066661549337,0.9811863586381592,4.750919535818394E-4,HYD_1050,17.35989576556637,78.46760611149459,0.012827482746709664,0.0,"{""type"":""MultiPoint"",""coordinates"":[]}"
0000000000000000041a,7.601318307067177E-4,0.9976245880290415,0.0,HYD_1051,17.360013918803435,78.47701035503206,0.001615280140251775,0.0,"{""type"":""MultiPoint"",""coordinates"":[]}"
0000000000000000041b,3.8016082293636856E-4,0.9830437091769703,0.0,HYD_1052,17.360132451146992,78.48641346703913,0.01657613000009313,0.0,"{""type"":""MultiPoint"",""coordinates"":[]}"
0000000000000000041c,0.0,0.9715951412418009,0.011782104838376101,HYD_1053,17.360250299364992,78.49581661519981,0.01662275391982278,0.0,"{""type"":""MultiPoint"",""coordinates"":[]}"
0000000000000000041d,0.0024704376549845616,0.9320450789664404,0.0,HYD_1054,17.360368449374075,78.50522087012851,0.06548448337857495,0.0,"{""type"":""MultiPoint"",""coordinates"":[]}"
0000000000000000041e,0.0,0.8930358779032704,0.027991896386424825,HYD_1055,17.36048661388078,78.51462511513496,0.07897222571030528,0.0,"{""type"":""MultiPoint"",""coordinates"":[]}"
0000000000000000041f,0.01850427617948921,0.8673076464468498,0.0,HYD_1056,17.360602549845662,78.52402934218107,0.028975252114242053,0.08521282525941741,"{""type"":""MultiPoint"",""coordinates"":[]}"
00000000000000000420,0.010142359694376605,0.9538900657489024,6.651277436519431E-4,HYD_1057,17.360718464303286,78.533433564378,0.03046657686510578,0.004835869947963539,"{""type"":""MultiPoint"",""coordinates"":[]}"
00000000000000000421,0.0029455075513796346,0.8554309122913188,0.006461113338510167,HYD_1058,17.360834404159448,78.54283782425372,0.13516246681879204,0.0,"{""type"":""MultiPoint"",""coordinates"":[]}"
00000000000000000422,2.850549597140957E-4,0.9610965188641173,0.0011402198388563828,HYD_1059,17.36095034490165,78.55224208512126,0.03747820633731209,0.0,"{""type"":""MultiPoint"",""coordinates"":[]}"
00000000000000000423,0.010275581384519384,0.8567341882968729,0.03666173060266547,HYD_1060,17.361065154193962,78.56164668625134,0.09584644184292139,4.820578730220818E-4,"{""type"":""MultiPoint"",""coordinates"":[]}"
00000000000000000424,0.005343097409549561,0.22891799204141886,0.011969164036033422,HYD_1061,17.36117886412216,78.57105018180668,0.7187674852983797,0.03500226121461875,"{""type"":""MultiPoint"",""coordinates"":[]}"
00000000000000000425,9.81096473120264E-4,0.08352212516003808,0.012542235960967749,HYD_1062,17.36129371313127,78.58045480077767,0.9029545424058735,0.0,"{""type"":""MultiPoint"",""coordinates"":[]}"
00000000000000000426,0.0030405986998459553,0.2282930689999782,0.04185630041115151,HYD_1063,17.361407398907883,78.58985903195848,0.7268100318890238,0.0,"{""type"":""MultiPoint"",""coordinates"":[]}"
00000000000000000427,0.010045146348450527,0.363618651748764,0.10868017617469342,HYD_1064,17.36151999957662,78.59926365773087,0.5176560257280909,0.0,"{""type"":""MultiPoint"",""coordinates"":[]}"
00000000000000000428,0.008213920983376257,0.026349427215512835,0.11672900168866962,HYD_1065,17.361634072575495,78.60866826733445,0.8468178598218069,0.0018897902906344032,"{""type"":""MultiPoint"",""coordinates"":[]}"
00000000000000000429,0.003965833393263636,0.03409953448128741,0.0423121594918606,HYD_1066,17.361746311988277,78.6180740027113,0.9196224726335884,0.0,"{""type"":""MultiPoint"",""coordinates"":[]}"
0000000000000000042a,4.750900062674618E-4,0.004650665386842502,0.031178200858366534,HYD_1067,17.36185777442746,78.62747826055494,0.9636960437485238,0.0,"{""type"":""MultiPoint"",""coordinates"":[]}"
0000000000000000042b,9.501863855804168E-5,9.017455110214151E-5,0.06177441159242285,HYD_1068,17.361969253510637,78.6368825088215,0.9380403952179168,0.0,"{""type"":""MultiPoint"",""coordinates"":[]}"
0000000000000000042c,0.011366942656769494,0.03296979631371591,0.14546534911661402,HYD_1069,17.3620796509123,78.64628711279104,0.8101979119128985,0.0,"{""type"":""MultiPoint"",""coordinates"":[]}"
0000000000000000042d,0.004228055072325616,0.019473628553725884,0.10606367514238722,HYD_1070,17.362190363216815,78.65569209344126,0.8702346412315618,0.0,"{""type"":""MultiPoint"",""coordinates"":[]}"
0000000000000000042e,0.04065799340844298,0.035226124232260944,0.15987822718631717,HYD_1071,17.3623003553073,78.66509708229223,0.7642376551729794,0.0,"{""type"":""MultiPoint"",""coordinates"":[]}"
0000000000000000042f,8.782090197056993E-4,0.22555260501823093,0.160300334076968,HYD_1072,17.362409241561846,78.6745032233311,0.6132688518850948,0.0,"{""type"":""MultiPoint"",""coordinates"":[]}"
00000000000000000430,0.02157553766545341,0.029483774107864617,0.4399077595937842,HYD_1073,17.362518814530358,78.68390778702114,0.505898021450737,0.003134907182159897,"{""type"":""MultiPoint"",""coordinates"":[]}"
00000000000000000431,0.01023690603367433,0.12429671143029199,0.1809580273429125,HYD_1074,17.349404608433566,78.35489747229238,0.6845083551931214,0.0,"{""type"":""MultiPoint"",""coordinates"":[]}"
00000000000000000432,0.017569406423157328,0.2701152745378153,0.08204659358876928,HYD_1075,17.34952726625627,78.36430027547614,0.6302687254502576,0.0,"{""type"":""MultiPoint"",""coordinates"":[]}"
00000000000000000433,0.01673833690752787,0.28485137835700347,0.06101362517246699,HYD_1076,17.349651357174075,78.37370300793434,0.6337635783985964,0.0036330811644047487,"{""type"":""MultiPoint"",""coordinates"":[]}"
00000000000000000434,0.04667732340261691,0.8960394286806829,0.006747733890693775,HYD_1077,17.349775479248805,78.3831050560242,0.050535514026006124,0.0,"{""type"":""MultiPoint"",""coordinates"":[]}"
00000000000000000435,0.02990902067244418,0.6011075841449752,0.11306727908414631,HYD_1078,17.349898840316058,78.39250703531465,0.2559161160984321,0.0,"{""type"":""MultiPoint"",""coordinates"":[]}"
00000000000000000436,0.005103150773723934,0.415997869185895,0.12513615604115594,HYD_1079,17.350019988554273,78.40191056192715,0.45376282399922546,0.0,"{""type"":""MultiPoint"",""coordinates"":[]}"
00000000000000000437,0.005605878254259839,0.5835042980262991,0.026902253902130965,HYD_1080,17.350142231840184,78.41131291889099,0.3839875698173107,0.0,"{""type"":""MultiPoint"",""coordinates"":[]}"
00000000000000000438,0.008327575141606775,0.9153743346400122,0.0011404573904993168,HYD_1081,17.350264497385297,78.42071533144635,0.07515763282787949,0.0,"{""type"":""MultiPoint"",""coordinates"":[]}"
00000000000000000439,0.0036106880838723,0.6990683381407528,0.12800466818372705,HYD_1082,17.350384512525157,78.43011845775092,0.16931630559164806,0.0,"{""type"":""MultiPoint"",""coordinates"":[]}"
0000000000000000043a,0.002661081129431404,0.22109484480753716,0.18069448999671964,HYD_1083,17.35050453489257,78.4395215759466,0.5955495840663094,0.0,"{""type"":""MultiPoint"",""coordinates"":[]}"
0000000000000000043b,0.0,0.20766575144169372,0.008671964709859276,HYD_1084,17.350625667197086,78.44892356803845,0.7836622838484476,0.0,"{""type"":""MultiPoint"",""coordinates"":[]}"
0000000000000000043c,5.700990854567349E-4,0.9616830070230246,0.0013302311993990481,HYD_1085,17.350745708535996,78.45832670734319,0.036416662692119656,0.0,"{""type"":""MultiPoint"",""coordinates"":[]}"
0000000000000000043d,0.0,0.9619271347302296,0.0029448151695420093,HYD_1086,17.35086499395027,78.46773134561381,0.03512805010022807,0.0,"{""type"":""MultiPoint"",""coordinates"":[]}"
0000000000000000043e,4.750767295494362E-4,0.9873085580508365,4.750767295494362E-4,HYD_1087,17.35098348834435,78.47713366775213,0.011741288490064538,0.0,"{""type"":""MultiPoint"",""coordinates"":[]}"
0000000000000000043f,0.0011360180331681483,0.973709083969921,6.969664442337392E-5,HYD_1088,17.351102087352626,78.48653610291755,0.02508520135248761,0.0,"{""type"":""MultiPoint"",""coordinates"":[]}"
00000000000000000440,4.08009658091633E-4,0.9531109339136139,0.0019018094017348812,HYD_1089,17.351220620047407,78.49593922459731,0.04457924702655979,0.0,"{""type"":""MultiPoint"",""coordinates"":[]}"
00000000000000000441,0.004606327562975186,0.9150450146050199,0.00104494531452854,HYD_1090,17.351337674578414,78.50534387601296,0.07930371251747634,0.0,"{""type"":""MultiPoint"",""coordinates"":[]}"
00000000000000000442,0.002992468352402727,0.9421927979597722,0.0037334143940968663,HYD_1091,17.351455045115046,78.51474662352818,0.051081319293728264,0.0,"{""type"":""MultiPoint"",""coordinates"":[]}"
00000000000000000443,0.027714913795319377,0.7998172381049239,0.01258583494730789,HYD_1092,17.35157173671562,78.52414935144756,0.026973211934135714,0.13290880121831344,"{""type"":""MultiPoint"",""coordinates"":[]}"
00000000000000000444,0.0152327635579234,0.8662136335469535,9.028616952262328E-4,HYD_1093,17.351688794178717,78.53355396932861,0.0527598391616911,0.06489090203820172,"{""type"":""MultiPoint"",""coordinates"":[]}"
00000000000000000445,0.016900358828943262,0.8464845569412701,0.054159695647475595,HYD_1094,17.351804754523833,78.5429582262553,0.08245538858230878,0.0,"{""type"":""MultiPoint"",""coordinates"":[]}"
00000000000000000446,0.0011928288707799776,0.9526839580908031,0.0,HYD_1095,17.35191956404131,78.55236284540054,0.04612321303841679,0.0,"{""type"":""MultiPoint"",""coordinates"":[]}"
00000000000000000447,0.00456089804976894,0.910972313411202,0.012637488346234769,HYD_1096,17.352033598123604,78.56176520194727,0.07182930019279486,0.0,"{""type"":""MultiPoint"",""coordinates"":[]}"
00000000000000000448,0.0012352395395891472,0.5894715857643767,0.010998662289608704,HYD_1097,17.35214806695773,78.57116873228665,0.3982945124064253,0.0,"{""type"":""MultiPoint"",""coordinates"":[]}"
00000000000000000449,0.003514852720779135,0.04222703452602393,0.019664176032467052,HYD_1098,17.35226290979244,78.58057336281833,0.9345939367207297,0.0,"{""type"":""MultiPoint"",""coordinates"":[]}"
0000000000000000044a,2.726900877153116E-4,0.018122342482358965,0.025650004507582057,HYD_1099,17.35237660626206,78.58997681144008,0.9559549629223432,0.0,"{""type"":""MultiPoint"",""coordinates"":[]}"
0000000000000000044b,0.006971783095941204,0.12763840628988243,0.15000400570113748,HYD_1100,17.35248922296715,78.59938145584978,0.7153858049130385,0.0,"{""type"":""MultiPoint"",""coordinates"":[]}"
0000000000000000044c,0.00569964226362969,0.09630681807598705,0.35085731187734664,HYD_1101,17.352601821063132,78.608786116008,0.5471362277830369,0.0,"{""type"":""MultiPoint"",""coordinates"":[]}"
0000000000000000044d,0.012189648873009622,0.06677472445821815,0.3739073953168417,HYD_1102,17.352714398371074,78.61818995545111,0.5314711489793414,0.015657082372588574,"{""type"":""MultiPoint"",""coordinates"":[]}"
0000000000000000044e,0.006139683097752246,0.12203313827378254,0.4324906740876696,HYD_1103,17.352825869212463,78.62759419476552,0.4393365045407953,0.0,"{""type"":""MultiPoint"",""coordinates"":[]}"
0000000000000000044f,0.004913608681143182,0.14648535265654417,0.24399960968226342,HYD_1104,17.35293734343788,78.63699846944071,0.6046014289800491,0.0,"{""type"":""MultiPoint"",""coordinates"":[]}"
00000000000000000450,0.03712129735110247,0.21975091287985773,0.2760231295182993,HYD_1105,17.353047711854682,78.64640230475041,0.4671046602507418,0.0,"{""type"":""MultiPoint"",""coordinates"":[]}"
00000000000000000451,0.0014394360004322414,0.06041457843491614,0.3713152413281715,HYD_1106,17.353158099318676,78.65580693120212,0.5668307442364805,0.0,"{""type"":""MultiPoint"",""coordinates"":[]}"
00000000000000000452,0.06411823411758964,0.17911658196022978,0.18029637505126903,HYD_1107,17.353268439532563,78.6652115659268,0.5764688088709116,0.0,"{""type"":""MultiPoint"",""coordinates"":[]}"
00000000000000000453,0.001971026799930725,0.23994755847062937,0.2218909864259125,HYD_1108,17.35337801940009,78.67461612630466,0.5095972095743043,0.026593218729224065,"{""type"":""MultiPoint"",""coordinates"":[]}"
00000000000000000454,0.014777368816804456,0.4190652240172955,0.0844250206612649,HYD_1109,17.340498705881032,78.36442919737814,0.4494251734316632,0.032307213072972865,"{""type"":""MultiPoint"",""coordinates"":[]}"
00000000000000000455,0.01960475852484537,0.41671127659447565,0.16392955558073916,HYD_1110,17.340621324311087,78.3738312075804,0.3997544092999397,0.0,"{""type"":""MultiPoint"",""coordinates"":[]}"
00000000000000000456,0.052047229014067366,0.530523807146204,0.19405546070570717,HYD_1111,17.340746164977453,78.38323323654413,0.2233735031340189,0.0,"{""type"":""MultiPoint"",""coordinates"":[]}"
00000000000000000457,0.03999050135191711,0.3920074915554113,0.23856853733121552,HYD_1112,17.34086878472688,78.39263524057705,0.3294334697614563,0.0,"{""type"":""MultiPoint"",""coordinates"":[]}"
00000000000000000458,0.010121597784605663,0.2754547155005317,0.24268807340133233,HYD_1113,17.34098918505686,78.40203723054412,0.47173561331353026,0.0,"{""type"":""MultiPoint"",""coordinates"":[]}"
00000000000000000459,0.005512212775140102,0.2529132920358399,0.10684188968642246,HYD_1114,17.34111216868482,78.41144038504358,0.6347326055025966,0.0,"{""type"":""MultiPoint"",""coordinates"":[]}"
0000000000000000045a,0.002252973309813461,0.4776251238762623,0.06038676600868917,HYD_1115,17.34123407085458,78.42084241188375,0.4597351368052353,0.0,"{""type"":""MultiPoint"",""coordinates"":[]}"
0000000000000000045b,0.008009717060313466,0.6296578306715032,0.11616158227970774,HYD_1116,17.341355167772,78.43024439678314,0.2461708699884767,0.0,"{""type"":""MultiPoint"",""coordinates"":[]}"
0000000000000000045c,0.0011401939223937812,0.41685228974041594,0.2073248889428763,HYD_1117,17.341475210386502,78.43964752461689,0.374492595073915,1.9003232039896354E-4,"{""type"":""MultiPoint"",""coordinates"":[]}"
0000000000000000045d,0.007795002251641016,0.604538398680628,0.20505776726680608,HYD_1118,17.341595624861714,78.44904954853232,0.18260883180092516,0.0,"{""type"":""MultiPoint"",""coordinates"":[]}"
0000000000000000045e,0.0010451878878932589,0.9522734792795693,9.501708071756898E-5,HYD_1119,17.34171601823684,78.45845156028098,0.04658631575181985,0.0,"{""type"":""MultiPoint"",""coordinates"":[]}"
0000000000000000045f,0.0029462090433150494,0.9615114406459075,0.005892418086630099,HYD_1120,17.34183452996412,78.46785467736227,0.029649932224147434,0.0,"{""type"":""MultiPoint"",""coordinates"":[]}"
00000000000000000460,0.0032421670303032133,0.9478465436389947,0.0,HYD_1121,17.34195198428306,78.47725672899355,0.048911289330702545,0.0,"{""type"":""MultiPoint"",""coordinates"":[]}"
00000000000000000461,2.8497669896402613E-4,0.9447834363347151,0.0010683832321945448,HYD_1122,17.342071654947222,78.48666022570947,0.053863203734126106,0.0,"{""type"":""MultiPoint"",""coordinates"":[]}"
00000000000000000462,0.0011159720377276804,0.9560441157346844,3.7261169874046087E-7,HYD_1123,17.342190165536625,78.49606258123129,0.04283953961588952,0.0,"{""type"":""MultiPoint"",""coordinates"":[]}"
00000000000000000463,0.009976711690731251,0.7358099673963668,0.011877037727061014,HYD_1124,17.34230684610745,78.50546611758737,0.23730041918956676,0.00503586399627387,"{""type"":""MultiPoint"",""coordinates"":[]}"
00000000000000000464,0.001900803406239704,0.6870942157434224,0.012735382821806017,HYD_1125,17.34242242764778,78.5148692529535,0.2982695980285314,0.0,"{""type"":""MultiPoint"",""coordinates"":[]}"
00000000000000000465,0.0027554450313867357,0.9610470616597429,0.0,HYD_1126,17.342540208611904,78.52427161122158,0.036197493308870295,0.0,"{""type"":""MultiPoint"",""coordinates"":[]}"
00000000000000000466,0.002089362130032066,0.9624175521316337,0.0031340431950480988,HYD_1127,17.3426569103027,78.5336743823362,0.03235904254328628,0.0,"{""type"":""MultiPoint"",""coordinates"":[]}"
00000000000000000467,0.012940042063330385,0.9581754034172824,0.0,HYD_1128,17.34277283477731,78.54307863354524,0.024705782013326648,0.004178772506060526,"{""type"":""MultiPoint"",""coordinates"":[]}"
00000000000000000468,0.019548524219258862,0.9694995625494649,1.6022464240095517E-5,HYD_1129,17.34288801687896,78.55248136437004,0.010935890767036355,0.0,"{""type"":""MultiPoint"",""coordinates"":[]}"
00000000000000000469,0.025208668379868706,0.7470352225143821,0.04151638878380672,HYD_1130,17.343002110929508,78.56188378355516,0.18623972032194291,0.0,"{""type"":""MultiPoint"",""coordinates"":[]}"
0000000000000000046a,0.0050346990039752335,0.9620983835691861,0.002778304489208087,HYD_1131,17.343117286142718,78.57128729816814,0.03008861293763046,0.0,"{""type"":""MultiPoint"",""coordinates"":[]}"
0000000000000000046b,0.0030398545042187304,0.6395697413776729,0.0012349408923388592,HYD_1132,17.34323098306583,78.5806907679141,0.35615546322576985,0.0,"{""type"":""MultiPoint"",""coordinates"":[]}"
0000000000000000046c,2.84986465936853E-4,0.022960968402637824,0.19136822561093275,HYD_1133,17.343344718747208,78.59009577641716,0.7853858195204926,0.0,"{""type"":""MultiPoint"",""coordinates"":[]}"
0000000000000000046d,0.009995070281098315,0.2766887640788562,0.08369529940310534,HYD_1134,17.343458774872964,78.59949812450633,0.6296208662369407,0.0,"{""type"":""MultiPoint"",""coordinates"":[]}"
0000000000000000046e,0.016157297500930624,0.17426413516668726,0.3179456261348693,HYD_1135,17.343571027929553,78.60890164351387,0.4916329411975129,0.0,"{""type"":""MultiPoint"",""coordinates"":[]}"
0000000000000000046f,0.001099610310924038,0.0712194234926843,0.22962590892051882,HYD_1136,17.343682470478967,78.61830589392851,0.6663083276011504,0.031746729674722536,"{""type"":""MultiPoint"",""coordinates"":[]}"
00000000000000000470,0.0027011225923622584,0.5158901948392871,0.1752409640574446,HYD_1137,17.34379395782925,78.62771013645352,0.3061677185109061,0.0,"{""type"":""MultiPoint"",""coordinates"":[]}"
00000000000000000471,0.0037668425445656724,0.16672218744410666,0.20448265068860677,HYD_1138,17.343905440505086,78.63711439259795,0.6250283193227213,0.0,"{""type"":""MultiPoint"",""coordinates"":[]}"
00000000000000000472,0.015236569256709555,0.14408637409522398,0.366416574287125,HYD_1139,17.34401692432182,78.64651863982688,0.47183433165342314,0.002426150707518609,"{""type"":""MultiPoint"",""coordinates"":[]}"
00000000000000000473,0.00892958258578658,0.036736086689594744,0.4595464204183085,HYD_1140,17.344127284448582,78.65592323940542,0.46282693373705824,0.03196097656925215,"{""type"":""MultiPoint"",""coordinates"":[]}"
00000000000000000474,0.008347790841793943,0.10002820098923261,0.2873624922372772,HYD_1141,17.344236509875937,78.66532671500737,0.6039765257498874,2.849901818088346E-4,"{""type"":""MultiPoint"",""coordinates"":[]}"
00000000000000000475,0.031200396455745256,0.053248775980147406,0.04679780011774438,HYD_1142,17.331469011564447,78.36455851060046,0.42157442115225524,0.4471786062941075,"{""type"":""MultiPoint"",""coordinates"":[]}"
00000000000000000476,0.049875004939411154,0.3167482197616708,0.17052002865976823,HYD_1143,17.33159164100297,78.37396055405242,0.4628567466391505,0.0,"{""type"":""MultiPoint"",""coordinates"":[]}"
00000000000000000477,0.013429137187625907,0.1378625861450155,0.2765234963313244,HYD_1144,17.33171684552023,78.3833614247133,0.5721847803360344,0.0,"{""type"":""MultiPoint"",""coordinates"":[]}"
00000000000000000478,0.027858570830121922,0.3773101802227555,0.15134000515816654,HYD_1145,17.331838745355775,78.39276342999655,0.4434912437889567,0.0,"{""type"":""MultiPoint"",""coordinates"":[]}"
00000000000000000479,0.003230567399147261,0.4920163839112675,0.22763163779480575,HYD_1146,17.331959865533616,78.40216543230211,0.27712141089477915,0.0,"{""type"":""MultiPoint"",""coordinates"":[]}"
0000000000000000047a,0.0012357962647265726,0.28875246460273163,0.07371981385888662,HYD_1147,17.33208213903919,78.41156632331455,0.6362919252736552,0.0,"{""type"":""MultiPoint"",""coordinates"":[]}"
0000000000000000047b,0.009318081295759931,0.18432787185784438,0.0791613987667059,HYD_1148,17.33220474490098,78.42096834834206,0.7271926480796898,0.0,"{""type"":""MultiPoint"",""coordinates"":[]}"
0000000000000000047c,0.013109579021691232,0.5813967446372102,0.042617501955290384,HYD_1149,17.332325131524804,78.43037035689576,0.3628761743858075,0.0,"{""type"":""MultiPoint"",""coordinates"":[]}"
0000000000000000047d,0.01691172717073329,0.47949201101887273,0.04019585961332594,HYD_1150,17.332445542502708,78.43977238603635,0.4634004021970675,0.0,"{""type"":""MultiPoint"",""coordinates"":[]}"
0000000000000000047e,0.003932578405525666,0.9557973564603289,0.0033636984503799495,HYD_1151,17.332565932693168,78.44917440456369,0.03690636668376538,0.0,"{""type"":""MultiPoint"",""coordinates"":[]}"
0000000000000000047f,0.0015199034712285629,0.9913525688045028,0.0,HYD_1152,17.332685216021837,78.45857679734706,0.007127527724268651,0.0,"{""type"":""MultiPoint"",""coordinates"":[]}"
00000000000000000480,0.007079780584942832,0.7321617183487664,0.0,HYD_1153,17.33280337545171,78.46797804536712,0.26075850106629045,0.0,"{""type"":""MultiPoint"",""coordinates"":[]}"
00000000000000000481,0.0038815264381247367,0.8288405947227341,0.0030405352534412827,HYD_1154,17.332922648013977,78.47738045624247,0.1642373435857003,0.0,"{""type"":""MultiPoint"",""coordinates"":[]}"
00000000000000000482,0.0026610880719522426,0.9653108162049082,0.0,HYD_1155,17.333041175845555,78.48678359323017,0.032028095723139485,0.0,"{""type"":""MultiPoint"",""coordinates"":[]}"
00000000000000000483,0.004086753217130147,0.46228353532292765,0.00514561923535785,HYD_1156,17.333158643397386,78.49618558900873,0.5284840922245837,0.0,"{""type"":""MultiPoint"",""coordinates"":[]}"
00000000000000000484,0.010633159356509372,0.2698142756407102,0.030578253046085222,HYD_1157,17.333277514258825,78.5055875940194,0.6889743119566948,0.0,"{""type"":""MultiPoint"",""coordinates"":[]}"
00000000000000000485,0.006946796622402871,0.6653781389232634,0.01103222698060837,HYD_1158,17.333393081750483,78.514990731224,0.3166428374737256,0.0,"{""type"":""MultiPoint"",""coordinates"":[]}"
00000000000000000486,0.030990730367970645,0.7166005260185317,0.009876175013933336,HYD_1159,17.33350904937448,78.5243927438191,0.22656188546514977,0.01597068313441432,"{""type"":""MultiPoint"",""coordinates"":[]}"
00000000000000000487,0.0028050355007647925,0.9678445604928936,0.005263540314001523,HYD_1160,17.333624990241468,78.53379475782776,0.024086863692340397,0.0,"{""type"":""MultiPoint"",""coordinates"":[]}"
00000000000000000488,0.014546653699542802,0.8816887815747603,0.017823833424624874,HYD_1161,17.333740907395136,78.5431990352526,0.08594073130107206,0.0,"{""type"":""MultiPoint"",""coordinates"":[]}"
00000000000000000489,0.009111172332754627,0.9493062423832799,0.005534179757763601,HYD_1162,17.333856851142684,78.55260103746282,0.036048405526201886,0.0,"{""type"":""MultiPoint"",""coordinates"":[]}"
0000000000000000048a,0.0036239483080728594,0.867056082164683,0.0014986784584063645,HYD_1163,17.333971695372206,78.56200342540954,0.12782129106883752,0.0,"{""type"":""MultiPoint"",""coordinates"":[]}"
0000000000000000048b,0.003134799741616508,0.9751801345710113,0.0,HYD_1164,17.334085376313922,78.57140690144304,0.021685065687372378,0.0,"{""type"":""MultiPoint"",""coordinates"":[]}"
0000000000000000048c,0.01245033191567392,0.7869668263226219,0.020426296681290503,HYD_1165,17.334200554106022,78.58081041665864,0.18015654508041368,0.0,"{""type"":""MultiPoint"",""coordinates"":[]}"
0000000000000000048d,0.0011402304606978218,0.5520265547005071,0.13664469673595997,HYD_1166,17.33431392800642,78.59021354137076,0.3101885181028356,0.0,"{""type"":""MultiPoint"",""coordinates"":[]}"
0000000000000000048e,0.0034343889008539605,0.8329151355311142,0.08211867179285018,HYD_1167,17.33442617429351,78.5996170768922,0.0815318037751823,0.0,"{""type"":""MultiPoint"",""coordinates"":[]}"
0000000000000000048f,0.015730214857166705,0.7964198916103041,0.04691460399912384,HYD_1168,17.334539458278744,78.60901867893736,0.14093528953340587,0.0,"{""type"":""MultiPoint"",""coordinates"":[]}"
00000000000000000490,0.015575343583066451,0.4623448750527466,0.1671198612446197,HYD_1169,17.334650572600555,78.6184218172714,0.35495992011956745,0.0,"{""type"":""MultiPoint"",""coordinates"":[]}"
00000000000000000491,0.0028491726226168457,0.29338545022514056,0.298840964025937,HYD_1170,17.3347620409201,78.62782608579505,0.40492441312630606,0.0,"{""type"":""MultiPoint"",""coordinates"":[]}"
00000000000000000492,9.445096836451215E-4,0.0689652218573544,0.3397557012295382,HYD_1171,17.334873532057202,78.6372303234003,0.5903345672294618,0.0,"{""type"":""MultiPoint"",""coordinates"":[]}"
00000000000000000493,0.0012394873557764466,0.14603231829201024,0.3968609088853888,HYD_1172,17.334985024553323,78.64663455192073,0.4558672854668245,0.0,"{""type"":""MultiPoint"",""coordinates"":[]}"
00000000000000000494,0.00608125858204576,0.09838298887152046,0.2556431433995803,HYD_1173,17.335095710911034,78.65603727139333,0.6398926091468544,0.0,"{""type"":""MultiPoint"",""coordinates"":[]}"
00000000000000000495,0.014559866484242838,0.1654161987738942,0.007199057518293008,HYD_1174,17.322561597390745,78.37408873777478,0.7648022141313369,0.048022663092233,"{""type"":""MultiPoint"",""coordinates"":[]}"
00000000000000000496,0.007317834010579278,0.1409332465206281,0.1752158174041089,HYD_1175,17.322685690811483,78.383490004498,0.6765331020646836,0.0,"{""type"":""MultiPoint"",""coordinates"":[]}"
00000000000000000497,0.001981163114521065,0.13940614290978723,0.24233682604776774,HYD_1176,17.322808659493607,78.39289010415068,0.6162758679279241,0.0,"{""type"":""MultiPoint"",""coordinates"":[]}"
00000000000000000498,0.0029160051102784506,0.3145110211348858,0.2990970524191248,HYD_1177,17.32292983644605,78.40229141903701,0.38347592133571057,0.0,"{""type"":""MultiPoint"",""coordinates"":[]}"
00000000000000000499,0.0021858693330918267,0.19506153790535954,0.20034153975393793,HYD_1178,17.32305210793669,78.41169234333144,0.6024110530076111,0.0,"{""type"":""MultiPoint"",""coordinates"":[]}"
0000000000000000049a,0.020555973602304486,0.4706719396462244,0.09073564922535875,HYD_1179,17.323175438468468,78.42109431281204,0.41491170889932677,0.003124728626785379,"{""type"":""MultiPoint"",""coordinates"":[]}"
0000000000000000049b,0.016892924617630544,0.6991363229007156,0.018536923239803126,HYD_1180,17.323295463168673,78.43049522141595,0.2632366120357104,0.002197217206141772,"{""type"":""MultiPoint"",""coordinates"":[]}"
0000000000000000049c,0.014632192388234341,0.8699680296899106,0.004275749513738294,HYD_1181,17.323415891698858,78.43989723199525,0.11112402840811711,0.0,"{""type"":""MultiPoint"",""coordinates"":[]}"
0000000000000000049d,0.018407874326312742,0.8849185386881119,0.013645044677623617,HYD_1182,17.323536250140897,78.44929925385117,0.08302854230795187,0.0,"{""type"":""MultiPoint"",""coordinates"":[]}"
0000000000000000049e,0.018096056614560766,0.9322182409622208,0.010062516631719861,HYD_1183,17.32365477367103,78.45870015615644,0.0396231857914984,0.0,"{""type"":""MultiPoint"",""coordinates"":[]}"
0000000000000000049f,0.015686473286630725,0.9333585779903367,0.0013305623843677934,HYD_1184,17.32377222931613,78.46810218182053,0.04962438633866505,0.0,"{""type"":""MultiPoint"",""coordinates"":[]}"
000000000000000004a0,3.8015827256080933E-4,0.8702698713760574,0.0,HYD_1185,17.323893351256892,78.47750419100042,0.12934997035138174,0.0,"{""type"":""MultiPoint"",""coordinates"":[]}"
000000000000000004a1,0.01938829590967338,0.6428297221607272,0.009027745165784478,HYD_1186,17.32401078899551,78.48690624205675,0.32875423676381743,0.0,"{""type"":""MultiPoint"",""coordinates"":[]}"
000000000000000004a2,0.003800632246352513,0.6486539054849834,0.007489853802346261,HYD_1187,17.324128562492653,78.49630860697391,0.3400556084663185,0.0,"{""type"":""MultiPoint"",""coordinates"":[]}"
000000000000000004a3,0.002280392093299337,0.12359985974843406,8.786216594770975E-4,HYD_1188,17.32424601201534,78.50570984123718,0.8732411264987896,0.0,"{""type"":""MultiPoint"",""coordinates"":[]}"
000000000000000004a4,4.942098065984832E-4,0.34953901704427487,0.007983389183513961,HYD_1189,17.324363797492524,78.51511223954363,0.6419833839656124,0.0,"{""type"":""MultiPoint"",""coordinates"":[]}"
000000000000000004a5,0.015665681488086905,0.796308115346418,0.021674425817842378,HYD_1190,17.324479361720638,78.52451313808554,0.12195722972952829,0.044394547618124516,"{""type"":""MultiPoint"",""coordinates"":[]}"
000000000000000004a6,0.0028505166701195744,0.9749176890022967,0.0015195303242807351,HYD_1191,17.324595286408908,78.53391514094896,0.02071226400330283,0.0,"{""type"":""MultiPoint"",""coordinates"":[]}"
000000000000000004a7,0.026432965883725824,0.8068491205472507,0.038378898351862374,HYD_1192,17.32471156629303,78.54331828409302,0.1283390152171621,0.0,"{""type"":""MultiPoint"",""coordinates"":[]}"
000000000000000004a8,0.00567719222676277,0.9355726619868463,0.004275779784858413,HYD_1193,17.32482568074478,78.55272071798716,0.05447436600153298,0.0,"{""type"":""MultiPoint"",""coordinates"":[]}"
000000000000000004a9,0.006744631954691582,0.9539044173334619,0.0,HYD_1194,17.324939751677807,78.56212304755257,0.039350950711846515,0.0,"{""type"":""MultiPoint"",""coordinates"":[]}"
000000000000000004aa,0.0020692837341328204,0.9194809347855094,0.009218972111631,HYD_1195,17.325054957134117,78.5715265533956,0.06923080936872683,0.0,"{""type"":""MultiPoint"",""coordinates"":[]}"
000000000000000004ab,0.008668172533261577,0.6766305502126502,0.033217623557695475,HYD_1196,17.32516908471924,78.58092897648775,0.2814836536963901,0.0,"{""type"":""MultiPoint"",""coordinates"":[]}"
000000000000000004ac,0.009278511086071282,0.8215784162925586,0.06540044296590387,HYD_1197,17.32528348949572,78.59033019942953,0.10374262965546392,0.0,"{""type"":""MultiPoint"",""coordinates"":[]}"
000000000000000004ad,0.006897975396525515,0.6893097776714557,0.07943850361033285,HYD_1198,17.325395729007337,78.59973373033759,0.21981371889259735,0.004540024429087452,"{""type"":""MultiPoint"",""coordinates"":[]}"
000000000000000004ae,0.0029463078718413873,0.6400875282657339,0.10424823678102924,HYD_1199,17.325506828267187,78.60913687889501,0.2527179270813963,0.0,"{""type"":""MultiPoint"",""coordinates"":[]}"
000000000000000004af,0.023885885050925284,0.2121023507211385,0.5082721187723374,HYD_1200,17.325619014205227,78.61853886344996,0.25573964545559935,0.0,"{""type"":""MultiPoint"",""coordinates"":[]}"
000000000000000004b0,0.00550325392138048,0.40792157052709166,0.33078099702461305,HYD_1201,17.325730140819577,78.62794201959899,0.255794178526913,0.0,"{""type"":""MultiPoint"",""coordinates"":[]}"
000000000000000004b1,0.026510328576043764,0.3772537691840758,0.2862686968708159,HYD_1202,17.32584161890734,78.63734626164253,0.30996720536906325,0.0,"{""type"":""MultiPoint"",""coordinates"":[]}"
000000000000000004b2,0.016072025573909035,0.2853908261763581,0.26142777223060126,HYD_1203,17.32595345486176,78.64674936535799,0.43710937601912875,0.0,"{""type"":""MultiPoint"",""coordinates"":[]}"
000000000000000004b3,0.004265357634978986,0.1537410469222874,0.2712006569999635,HYD_1204,17.32606310590043,78.65615176990809,0.57079293844277,0.0,"{""type"":""MultiPoint"",""coordinates"":[]}"
000000000000000004b4,0.03884126202049396,0.1080616415330475,0.024506489818219467,HYD_1205,17.313532637007253,78.37421581327045,0.7559894689999639,0.07260113762827379,"{""type"":""MultiPoint"",""coordinates"":[]}"
000000000000000004b5,0.058204923311785686,0.06013480070605615,1.9008062400114432E-4,HYD_1206,17.313654555802792,78.38361782095889,0.8814701953581567,0.0,"{""type"":""MultiPoint"",""coordinates"":[]}"
000000000000000004b6,0.10225999757690972,0.08869181088713052,0.01673050577347833,HYD_1207,17.31377751955699,78.39301871596474,0.7923176857624801,0.0,"{""type"":""MultiPoint"",""coordinates"":[]}"
000000000000000004b7,0.0015515423717945864,0.16826070683528618,0.002851825839555163,HYD_1208,17.313900155456444,78.40241850928403,0.8273359249533643,0.0,"{""type"":""MultiPoint"",""coordinates"":[]}"
000000000000000004b8,0.0019953252380137954,0.08451459940911542,0.01687512319410024,HYD_1209,17.314022045984853,78.41181979957679,0.8966149521587702,0.0,"{""type"":""MultiPoint"",""coordinates"":[]}"
000000000000000004b9,0.0020908346529941255,0.15265590042111127,0.021667159248924504,HYD_1210,17.314144286041902,78.42121992061607,0.8235861056769694,0.0,"{""type"":""MultiPoint"",""coordinates"":[]}"
000000000000000004ba,7.500502332350524E-4,0.78152773899743,0.006882791976251874,HYD_1211,17.314265804746256,78.43062009398224,0.18089519166355664,0.029944227129525637,"{""type"":""MultiPoint"",""coordinates"":[]}"
000000000000000004bb,0.016119686839656755,0.8765225504585586,0.013017296404230338,HYD_1212,17.314386195143083,78.44002211409978,0.09434046629755426,0.0,"{""type"":""MultiPoint"",""coordinates"":[]}"
000000000000000004bc,0.027900313216981394,0.7125369531933671,0.012470910774157283,HYD_1213,17.314505484249747,78.44942448739634,0.24709182281549413,0.0,"{""type"":""MultiPoint"",""coordinates"":[]}"
000000000000000004bd,0.056994362916375566,0.7539775448404378,0.017091264849755438,HYD_1214,17.314623613627013,78.45882351943256,0.1719368273934314,0.0,"{""type"":""MultiPoint"",""coordinates"":[]}"
000000000000000004be,0.006272697998103655,0.8476289723360229,0.02015052984358135,HYD_1215,17.31474328611808,78.46822480555589,0.12594779982229218,0.0,"{""type"":""MultiPoint"",""coordinates"":[]}"
000000000000000004bf,0.014727208503737956,0.7323187798829107,0.02730076071015509,HYD_1216,17.314861868656592,78.47762722217027,0.22565325090319385,0.0,"{""type"":""MultiPoint"",""coordinates"":[]}"
000000000000000004c0,0.0038957293416422255,0.7827766657177295,0.10315093892480079,HYD_1217,17.314980712649866,78.48702843507303,0.11017666601582558,0.0,"{""type"":""MultiPoint"",""coordinates"":[]}"
000000000000000004c1,0.01070916383376656,0.6112163831157031,0.01836293355114259,HYD_1218,17.315097390694785,78.49642973567425,0.3597115194993861,0.0,"{""type"":""MultiPoint"",""coordinates"":[]}"
000000000000000004c2,0.010101536911811601,0.43400808540187097,0.02763952757172702,HYD_1219,17.315214488581294,78.50583216009886,0.5282508501145904,0.0,"{""type"":""MultiPoint"",""coordinates"":[]}"
000000000000000004c3,0.027085751981350274,0.6947257788900723,0.020480816355433664,HYD_1220,17.31533263944097,78.51523338913924,0.25770765277314533,0.0,"{""type"":""MultiPoint"",""coordinates"":[]}"
000000000000000004c4,0.010834652102190843,0.7202293055163168,0.062363541898833266,HYD_1221,17.31544930743695,78.52463466147202,0.20220658666342628,0.004365913819231632,"{""type"":""MultiPoint"",""coordinates"":[]}"
000000000000000004c5,0.0038016238151605698,0.7308360888894163,0.08648582367025144,HYD_1222,17.31556595399572,78.53403666186082,0.15834247710826094,0.020533986516907493,"{""type"":""MultiPoint"",""coordinates"":[]}"
000000000000000004c6,0.01930827722282223,0.8179652774516611,0.0261343417199073,HYD_1223,17.315680443607786,78.54343797611583,0.13659210360560775,0.0,"{""type"":""MultiPoint"",""coordinates"":[]}"
000000000000000004c7,0.021951752858287567,0.7445737145948028,0.003807200675610483,HYD_1224,17.31579411046936,78.55283920712475,0.22966733187129876,0.0,"{""type"":""MultiPoint"",""coordinates"":[]}"
000000000000000004c8,0.0011762710790498144,0.6726735009159331,0.0,HYD_1225,17.315909299166695,78.56224271807736,0.3261502280050165,0.0,"{""type"":""MultiPoint"",""coordinates"":[]}"
000000000000000004c9,0.009715267722268474,0.7859376967888538,0.0036106679027646037,HYD_1226,17.316023454051464,78.5716451317606,0.18382323898895345,0.01691312859716051,"{""type"":""MultiPoint"",""coordinates"":[]}"
000000000000000004ca,0.005546387135213723,0.5124507727866698,0.14761550067089474,HYD_1227,17.31613786444068,78.58104635408156,0.33438733940722,0.0,"{""type"":""MultiPoint"",""coordinates"":[]}"
000000000000000004cb,0.011798942883279324,0.2625599216012127,0.20349031100545306,HYD_1228,17.31625087161086,78.59044915483518,0.5221508245100536,0.0,"{""type"":""MultiPoint"",""coordinates"":[]}"
000000000000000004cc,0.02483156171699385,0.47984291262815804,0.09852419528484556,HYD_1229,17.31636417825845,78.59985077686827,0.33997785696883326,0.05682347340116804,"{""type"":""MultiPoint"",""coordinates"":[]}"
000000000000000004cd,0.013197186666467972,0.5617376208854247,0.11008694809936065,HYD_1230,17.31647637271409,78.60925352080233,0.3149782443487459,0.0,"{""type"":""MultiPoint"",""coordinates"":[]}"
000000000000000004ce,0.01538390419972459,0.4550923161003485,0.2903097732117416,HYD_1231,17.31658896667335,78.61865593778504,0.2392140064881859,0.0,"{""type"":""MultiPoint"",""coordinates"":[]}"
000000000000000004cf,0.013836597507899603,0.2756479908185776,0.3539162642341862,HYD_1232,17.31670045844038,78.62805796096804,0.3565991474393372,0.0,"{""type"":""MultiPoint"",""coordinates"":[]}"
000000000000000004d0,0.003516549212307878,0.5577567584087824,0.19609187828080774,HYD_1233,17.316812301766756,78.63746107025263,0.2426348140981005,0.0,"{""type"":""MultiPoint"",""coordinates"":[]}"
000000000000000004d1,0.021715574342250354,0.33856330970422804,0.1889781853086188,HYD_1234,17.31692196644662,78.64686347541907,0.44855751173009056,0.00218541891481002,"{""type"":""MultiPoint"",""coordinates"":[]}"
000000000000000004d2,0.008889768068063375,0.2764888116999378,0.18019820274914872,HYD_1235,17.317031553728576,78.65626583122597,0.534423217482851,0.0,"{""type"":""MultiPoint"",""coordinates"":[]}"
000000000000000004d3,0.09048367982720835,0.1490069669070979,0.06982004735066286,HYD_1236,17.30450260259573,78.37434402588734,0.5143079000901751,0.17638140582485448,"{""type"":""MultiPoint"",""coordinates"":[]}"
000000000000000004d4,0.18748611680518767,0.027102605195482805,0.030500913122880204,HYD_1237,17.304625596501033,78.38374491305437,0.7320558309418187,0.022854533934627823,"{""type"":""MultiPoint"",""coordinates"":[]}"
000000000000000004d5,0.11378214985627073,0.1613594450204044,0.03517271536717737,HYD_1238,17.304747854375613,78.39314580981004,0.674901592818875,0.014784096937271016,"{""type"":""MultiPoint"",""coordinates"":[]}"
000000000000000004d6,7.60490576067883E-4,0.022992910662115142,0.005606754051010275,HYD_1239,17.304870471237997,78.40254560689378,0.9706398447108066,0.0,"{""type"":""MultiPoint"",""coordinates"":[]}"
000000000000000004d7,0.02927855973642588,0.06966425834917986,0.0451756173045459,HYD_1240,17.304990870429442,78.41194540495168,0.7464672066337898,0.10941435797605906,"{""type"":""MultiPoint"",""coordinates"":[]}"
000000000000000004d8,0.012026544063839366,0.4241741699761006,0.13133466269870128,HYD_1241,17.305113489809404,78.42134515980813,0.43246462326135926,0.0,"{""type"":""MultiPoint"",""coordinates"":[]}"
000000000000000004d9,0.004096669778674729,0.9010277080526462,0.01738848482476784,HYD_1242,17.30523575010244,78.43074606740649,0.07748713734391037,0.0,"{""type"":""MultiPoint"",""coordinates"":[]}"
000000000000000004da,0.002724198641813148,0.9126229401298563,5.701031215940524E-4,HYD_1243,17.305355751743907,78.4401484622017,0.08408275810673589,0.0,"{""type"":""MultiPoint"",""coordinates"":[]}"
000000000000000004db,0.03447502198899806,0.5062530747327779,0.05272999001177718,HYD_1244,17.30547354829383,78.44954858789468,0.4056921689351364,8.497443313108426E-4,"{""type"":""MultiPoint"",""coordinates"":[]}"
000000000000000004dc,0.028591538216927347,0.5642827771910389,0.022207418105252785,HYD_1245,17.305592871301815,78.45894876444073,0.37764465670582387,0.007273609780956643,"{""type"":""MultiPoint"",""coordinates"":[]}"
000000000000000004dd,0.006185277235890864,0.8964163639949166,0.050306449322068736,HYD_1246,17.305713247149715,78.46834854253662,0.04709190944712376,0.0,"{""type"":""MultiPoint"",""coordinates"":[]}"
000000000000000004de,0.013274341230627141,0.6395059989094584,0.009831271703208744,HYD_1247,17.305831783994076,78.47774942639569,0.33738838815670535,0.0,"{""type"":""MultiPoint"",""coordinates"":[]}"
000000000000000004df,0.0037065473018050047,0.8124923129675109,0.012943285540179407,HYD_1248,17.305949209282062,78.48715144703122,0.17085785419050398,0.0,"{""type"":""MultiPoint"",""coordinates"":[]}"
000000000000000004e0,0.005596692907339007,0.45460259305112477,0.22514228453776142,HYD_1249,17.306067723105397,78.4965523603095,0.31465842950377626,0.0,"{""type"":""MultiPoint"",""coordinates"":[]}"
000000000000000004e1,0.008695600319185303,0.4916221314227938,0.058725398152348056,HYD_1250,17.306184040310608,78.50595325682673,0.44095687010567375,0.0,"{""type"":""MultiPoint"",""coordinates"":[]}"
000000000000000004e2,0.011048132033433251,0.6042929053870222,0.06299779581510494,HYD_1251,17.306300728410054,78.51535455028645,0.32166116676444007,0.0,"{""type"":""MultiPoint"",""coordinates"":[]}"
000000000000000004e3,0.003822592100299099,0.9286247122534863,0.012440928401255982,HYD_1252,17.306417749876644,78.52475617183855,0.05511176724495914,0.0,"{""type"":""MultiPoint"",""coordinates"":[]}"
000000000000000004e4,0.010356780757067818,0.7632136984494454,0.043026378398277935,HYD_1253,17.30653368964851,78.53415821123949,0.16211948285774852,0.02128365953746047,"{""type"":""MultiPoint"",""coordinates"":[]}"
000000000000000004e5,0.05868729379948631,0.39348834990391596,0.12991620040938212,HYD_1254,17.306648514653272,78.54355758355511,0.40726362507398256,0.010644530813233216,"{""type"":""MultiPoint"",""coordinates"":[]}"
000000000000000004e6,0.009038315212733539,0.629515897165317,0.043547941152579,HYD_1255,17.30676334940778,78.55295997427801,0.3178978464693711,0.0,"{""type"":""MultiPoint"",""coordinates"":[]}"
000000000000000004e7,0.0010933985271739176,0.12838541608417944,0.05891155214873504,HYD_1256,17.306879281634924,78.5623620164794,0.8116096332399121,0.0,"{""type"":""MultiPoint"",""coordinates"":[]}"
000000000000000004e8,0.0020316438499632327,0.11246421515223913,0.13397891726912184,HYD_1257,17.30699334305822,78.5717629056967,0.7515252237286758,0.0,"{""type"":""MultiPoint"",""coordinates"":[]}"
000000000000000004e9,0.06014975398092584,0.3262639567617518,0.1303739005527744,HYD_1258,17.307105241439857,78.58116529886281,0.48321238870454786,0.0,"{""type"":""MultiPoint"",""coordinates"":[]}"
000000000000000004ea,0.009713871359114777,0.2947894837253814,0.3296027705157979,HYD_1259,17.30721964689625,78.59056651399794,0.3658938743997069,0.0,"{""type"":""MultiPoint"",""coordinates"":[]}"
000000000000000004eb,0.033089200183715,0.11949265140082678,0.32867758021127247,HYD_1260,17.307331895131696,78.5999678292122,0.4802469117392685,0.038493656464918216,"{""type"":""MultiPoint"",""coordinates"":[]}"
000000000000000004ec,0.007501282437663481,0.6399071503955728,0.09500916612308209,HYD_1261,17.307444494813186,78.60937023308367,0.2575824010436829,0.0,"{""type"":""MultiPoint"",""coordinates"":[]}"
000000000000000004ed,0.003895694503027873,0.2664528350818933,0.16047243167350542,HYD_1262,17.30755707828247,78.61877186070514,0.5691790387415729,0.0,"{""type"":""MultiPoint"",""coordinates"":[]}"
000000000000000004ee,0.04327468304599126,0.03357602631795551,0.31134583806174365,HYD_1263,17.30766854280137,78.62817388797069,0.6003643932929885,0.011439059281321384,"{""type"":""MultiPoint"",""coordinates"":[]}"
000000000000000004ef,0.03727503984159496,0.04861960098414423,0.304360721720665,HYD_1264,17.307780031076355,78.63757591479163,0.509451875787377,0.10029276166621892,"{""type"":""MultiPoint"",""coordinates"":[]}"
000000000000000004f0,0.0020325536413854143,0.08636527551979876,0.4502393167997116,HYD_1265,17.307890387267232,78.64697753148988,0.46136285403910465,0.0,"{""type"":""MultiPoint"",""coordinates"":[]}"
000000000000000004f1,0.010021813607308864,0.10396304132512262,0.1958540731527184,HYD_1266,17.308000033416196,78.6563814109364,0.6901610719148505,0.0,"{""type"":""MultiPoint"",""coordinates"":[]}"
000000000000000004f2,0.08964955235987754,0.18067729053961334,0.15624310347912687,HYD_1267,17.295595539711382,78.38387312147636,0.5697227076710185,0.0037073459503629415,"{""type"":""MultiPoint"",""coordinates"":[]}"
000000000000000004f3,0.08131888860432863,0.015888158103202956,0.15393917840105198,HYD_1268,17.295718186722127,78.39327291132865,0.7488537748914169,0.0,"{""type"":""MultiPoint"",""coordinates"":[]}"
000000000000000004f4,6.855560534338573E-4,0.0011761442896051223,0.005210822465958923,HYD_1269,17.295840806136127,78.40267268912696,0.9929274771910022,0.0,"{""type"":""MultiPoint"",""coordinates"":[]}"
000000000000000004f5,0.032187366844350446,0.38266888004052946,0.16295101437810747,HYD_1270,17.29596118604737,78.41207247558192,0.4196260849564265,0.002566653780585958,"{""type"":""MultiPoint"",""coordinates"":[]}"
000000000000000004f6,0.05372064074181744,0.47060384474906286,0.10252912632214498,HYD_1271,17.296082681072175,78.42147264057674,0.3722910470568066,8.553411301683851E-4,"{""type"":""MultiPoint"",""coordinates"":[]}"
000000000000000004f7,0.008702108137849444,0.2554366755860793,0.05834696452512607,HYD_1272,17.2962045544347,78.43087314484029,0.6775142517509458,0.0,"{""type"":""MultiPoint"",""coordinates"":[]}"
000000000000000004f8,0.03261383647798742,0.7262550197996738,0.027171302119729783,HYD_1273,17.29632348038375,78.44027366140769,0.18858457954810148,0.025375262054507332,"{""type"":""MultiPoint"",""coordinates"":[]}"
000000000000000004f9,0.05911393221424497,0.4179645634023132,0.040155363635380845,HYD_1274,17.296442790982596,78.44967382220406,0.444075465958566,0.03869067478949526,"{""type"":""MultiPoint"",""coordinates"":[]}"
000000000000000004fa,0.062044957542418455,0.3279411073939343,0.0013308768651847833,HYD_1275,17.296563176508982,78.45907360792059,0.41796728503356284,0.19071577316489982,"{""type"":""MultiPoint"",""coordinates"":[]}"
000000000000000004fb,0.03035832415580738,0.8691461826150639,0.002077754608795145,HYD_1276,17.29668245626076,78.4684737973198,0.09841773862033369,0.0,"{""type"":""MultiPoint"",""coordinates"":[]}"
000000000000000004fc,0.006677442907602248,0.9220003406554372,0.0010454469388158243,HYD_1277,17.29680061301956,78.47787279634743,0.07027676949814451,0.0,"{""type"":""MultiPoint"",""coordinates"":[]}"
000000000000000004fd,0.00841453949557476,0.7705483292949161,0.015618857838883355,HYD_1278,17.296919140650246,78.48727444668681,0.18530579881489248,0.020112474555733714,"{""type"":""MultiPoint"",""coordinates"":[]}"
000000000000000004fe,0.02896643435824097,0.28677623514249134,0.2284371155291827,HYD_1279,17.297036926475858,78.49667459785476,0.4293039580391271,0.026516256930957084,"{""type"":""MultiPoint"",""coordinates"":[]}"
000000000000000004ff,0.025364211179295285,0.2073264612343758,0.26814531987842427,HYD_1280,17.297154010340744,78.5060747745346,0.499164007707905,0.0,"{""type"":""MultiPoint"",""coordinates"":[]}"
00000000000000000500,0.062161478031324525,0.15264388709801882,0.035653453413375086,HYD_1281,17.2972699319884,78.51547454105305,0.7495411814572812,0.0,"{""type"":""MultiPoint"",""coordinates"":[]}"
00000000000000000501,0.011109003722129213,0.4617325693572146,0.08946785364419518,HYD_1282,17.297385852989596,78.52487656567054,0.43769057327646116,0.0,"{""type"":""MultiPoint"",""coordinates"":[]}"
00000000000000000502,0.043719619736681724,0.46846752809085124,0.10462572186618466,HYD_1283,17.29750179861438,78.53427858613763,0.3831871303062827,0.0,"{""type"":""MultiPoint"",""coordinates"":[]}"
00000000000000000503,0.01518449661069333,0.44673720281821605,0.1569523193161963,HYD_1284,17.29761774458932,78.54367837697514,0.38112598125489583,0.0,"{""type"":""MultiPoint"",""coordinates"":[]}"
00000000000000000504,0.010402301849380931,0.12157722898481586,0.46803314126407886,HYD_1285,17.297734065541423,78.55307927083054,0.3999873279017241,0.0,"{""type"":""MultiPoint"",""coordinates"":[]}"
00000000000000000505,0.02423349047815648,0.4741638857050874,0.15039549521485818,HYD_1286,17.297848159593666,78.56248169207099,0.35120712860189807,0.0,"{""type"":""MultiPoint"",""coordinates"":[]}"
00000000000000000506,0.002851173229831397,0.2841896667518913,0.31874365008314964,HYD_1287,17.297962187290924,78.5718817997504,0.39421550993512744,0.0,"{""type"":""MultiPoint"",""coordinates"":[]}"
00000000000000000507,0.014396069509627936,0.2552627184848141,0.1553933173911228,HYD_1288,17.298075151162486,78.58128307531578,0.5748498708919482,9.802372248626918E-5,"{""type"":""MultiPoint"",""coordinates"":[]}"
00000000000000000508,0.022134214110170143,0.32707039580542674,0.20528190300273633,HYD_1289,17.298187402381426,78.59068437718857,0.4338198626506937,0.011693624430972388,"{""type"":""MultiPoint"",""coordinates"":[]}"
00000000000000000509,0.043509220376118346,0.011995990654797626,0.3858901603365465,HYD_1290,17.29830073207067,78.60008449548923,0.34719886128634414,0.2114057673461937,"{""type"":""MultiPoint"",""coordinates"":[]}"
0000000000000000050a,0.00932034565076005,0.4311301855534083,0.2596066796990744,HYD_1291,17.29841404157441,78.609486912115,0.2999427890967573,0.0,"{""type"":""MultiPoint"",""coordinates"":[]}"
0000000000000000050b,0.027065375183511455,0.12402689537778575,0.29790888288595946,HYD_1292,17.298525173450468,78.61888779077955,0.5509988465527438,0.0,"{""type"":""MultiPoint"",""coordinates"":[]}"
0000000000000000050c,0.0010660762320893792,0.002185437644601262,0.2638093389172229,HYD_1293,17.29863665996602,78.628289799917,0.7329391472060868,0.0,"{""type"":""MultiPoint"",""coordinates"":[]}"
0000000000000000050d,6.676948645653103E-4,0.004943402514872146,0.4887116322436595,HYD_1294,17.298748129017234,78.63769183726396,0.5056653405970777,1.1929779824729162E-5,"{""type"":""MultiPoint"",""coordinates"":[]}"
0000000000000000050e,0.015868331416166122,0.06591179838480987,0.36492690730189137,HYD_1295,17.298858861198507,78.64709311586346,0.5532929628971316,0.0,"{""type"":""MultiPoint"",""coordinates"":[]}"
0000000000000000050f,0.055014930734359646,0.10787800244883426,0.1591324896803922,HYD_1296,17.29896737432882,78.65649436892244,0.6779745771364146,0.0,"{""type"":""MultiPoint"",""coordinates"":[]}"
00000000000000000510,0.014867507625366549,0.14151532118990767,0.19763026496983774,HYD_1297,17.286565856908613,78.38400019905013,0.6459869062148885,0.0,"{""type"":""MultiPoint"",""coordinates"":[]}"
00000000000000000511,0.0,0.019379726478418964,0.12269514861915812,HYD_1298,17.28668848658286,78.39339999060739,0.8579251249024226,0.0,"{""type"":""MultiPoint"",""coordinates"":[]}"
00000000000000000512,0.0125957599096362,0.09822664762962774,0.08815727178852488,HYD_1299,17.286811117092682,78.40279978642799,0.8010203206722114,0.0,"{""type"":""MultiPoint"",""coordinates"":[]}"
00000000000000000513,0.03691764797105966,0.5252143162829673,0.1116081214277513,HYD_1300,17.286931499903034,78.4121995536172,0.32625991431822154,0.0,"{""type"":""MultiPoint"",""coordinates"":[]}"
00000000000000000514,0.0035172859600084406,0.1930663799653006,0.10873875009040192,HYD_1301,17.287051885901942,78.42159933616955,0.694677583984289,0.0,"{""type"":""MultiPoint"",""coordinates"":[]}"
00000000000000000515,0.004299366856440735,0.12245385627074562,0.22072046547831695,HYD_1302,17.28717229712088,78.43099912566426,0.652526311394496,0.0,"{""type"":""MultiPoint"",""coordinates"":[]}"
00000000000000000516,0.010457083125814528,0.2868486270954424,0.11819139545079028,HYD_1303,17.287292703257123,78.4403989065485,0.5845028943279517,0.0,"{""type"":""MultiPoint"",""coordinates"":[]}"
00000000000000000517,0.022660237722799906,0.4205834810837251,0.11526506345686717,HYD_1304,17.287413103723164,78.44979867741796,0.41880152934703063,0.02268968838957791,"{""type"":""MultiPoint"",""coordinates"":[]}"
00000000000000000518,0.03550213118684606,0.034430105610366635,0.11489541318475872,HYD_1305,17.287533864007376,78.459197343491,0.5035030067054735,0.31166934331255547,"{""type"":""MultiPoint"",""coordinates"":[]}"
00000000000000000519,0.004065713501777491,0.5939222317658006,0.07237611242335316,HYD_1306,17.28765166284301,78.46859603305187,0.3296359423090687,0.0,"{""type"":""MultiPoint"",""coordinates"":[]}"
0000000000000000051a,0.0425565386931002,0.7340399000169618,0.06509447502381219,HYD_1307,17.287769816164506,78.4779958276332,0.15830908626612572,0.0,"{""type"":""MultiPoint"",""coordinates"":[]}"
0000000000000000051b,0.008304019182563908,0.18587395934143436,0.09467625695449954,HYD_1308,17.28788796940269,78.48739558667934,0.7076045803143112,0.003541184207190776,"{""type"":""MultiPoint"",""coordinates"":[]}"
0000000000000000051c,0.024670928163568702,0.35549860967638386,0.1035393139678408,HYD_1309,17.28800612856124,78.49679538204623,0.5102072009033466,0.006083947288859627,"{""type"":""MultiPoint"",""coordinates"":[]}"
0000000000000000051d,0.1987036714029511,0.11686785066318424,0.05550300471541302,HYD_1310,17.288123950151387,78.50619629815797,0.6289254732184526,0.0,"{""type"":""MultiPoint"",""coordinates"":[]}"
0000000000000000051e,0.002026504108927206,0.002886165344244744,0.004748640423015958,HYD_1311,17.288240250562094,78.51559717829805,0.990338690123812,0.0,"{""type"":""MultiPoint"",""coordinates"":[]}"
0000000000000000051f,0.0031363349717562134,0.11474848941584781,0.10006604379762273,HYD_1312,17.28835654790858,78.52499805402539,0.7820491318147731,0.0,"{""type"":""MultiPoint"",""coordinates"":[]}"
00000000000000000520,0.03137049354379213,0.4607201532028285,0.09775254552076697,HYD_1313,17.288472148990024,78.53439897630581,0.4101568077326122,0.0,"{""type"":""MultiPoint"",""coordinates"":[]}"
00000000000000000521,0.00620216130614825,0.03070548885870089,0.6055496985593772,HYD_1314,17.2885880869493,78.54379876251772,0.35754265127577256,0.0,"{""type"":""MultiPoint"",""coordinates"":[]}"
00000000000000000522,6.175696899628712E-4,0.011894086611819624,0.5183783820046826,HYD_1315,17.288702904715358,78.55319894325679,0.46910996169353497,0.0,"{""type"":""MultiPoint"",""coordinates"":[]}"
00000000000000000523,0.009976841803246626,0.1966911538669346,0.23261672718600912,HYD_1316,17.288816914432953,78.56259904041619,0.5607152771438102,0.0,"{""type"":""MultiPoint"",""coordinates"":[]}"
00000000000000000524,0.019578501292374883,0.16436176061154387,0.25911231455305433,HYD_1317,17.288930295672117,78.5720007198944,0.428734143482498,0.12821328006052815,"{""type"":""MultiPoint"",""coordinates"":[]}"
00000000000000000525,0.09724926903717901,0.002874281848828132,0.06518678918640908,HYD_1318,17.289044021603747,78.58139976504464,0.4036845371314208,0.43100512279616365,"{""type"":""MultiPoint"",""coordinates"":[]}"
00000000000000000526,0.025416596783511304,0.3802262350682992,0.1436376511805594,HYD_1319,17.289156237729202,78.59080104609485,0.4048467229459011,0.045872794021728995,"{""type"":""MultiPoint"",""coordinates"":[]}"
00000000000000000527,0.0036106652119672835,0.06507432232024545,0.4855949735366927,HYD_1320,17.289269558387304,78.60020344259932,0.44572003893109363,0.0,"{""type"":""MultiPoint"",""coordinates"":[]}"
00000000000000000528,0.013967661798137573,0.3136357691380444,0.3327053443772942,HYD_1321,17.289381805355163,78.60960396021575,0.3396912246865242,0.0,"{""type"":""MultiPoint"",""coordinates"":[]}"
00000000000000000529,0.004180790497309131,0.13580638394039887,0.5234506202810078,HYD_1322,17.289493266618756,78.6190037284794,0.3365622052812851,0.0,"{""type"":""MultiPoint"",""coordinates"":[]}"
0000000000000000052a,0.004273698449327156,0.01933201441474725,0.6300705244042143,HYD_1323,17.289604747608312,78.62840574851921,0.34632376273171056,0.0,"{""type"":""MultiPoint"",""coordinates"":[]}"
0000000000000000052b,0.0022781538681666586,0.016794770902825613,0.6924820177125165,HYD_1324,17.28971622490272,78.63780776734906,0.2403787682319383,0.04806628928455391,"{""type"":""MultiPoint"",""coordinates"":[]}"
0000000000000000052c,0.0013305524662553991,0.13902148860868171,0.5205862928497517,HYD_1325,17.289826584281805,78.64720716280885,0.3390616660753097,0.0,"{""type"":""MultiPoint"",""coordinates"":[]}"
0000000000000000052d,0.00228585698205753,0.04805294034334438,0.010740881543931826,HYD_1326,17.289937313498296,78.6566084275004,0.9389203211306663,0.0,"{""type"":""MultiPoint"",""coordinates"":[]}"
0000000000000000052e,0.009281709462885108,0.19566706927917485,0.2688728340938242,HYD_1327,17.277536174999568,78.3841272822257,0.5261783871641178,0.0,"{""type"":""MultiPoint"",""coordinates"":[]}"
0000000000000000052f,0.013544384111322444,0.07602979891251271,0.2054360200916007,HYD_1328,17.277658799309034,78.39352707804265,0.7049897968845643,0.0,"{""type"":""MultiPoint"",""coordinates"":[]}"
00000000000000000530,0.021032892629594444,0.23747999046925478,0.17379552226506573,HYD_1329,17.277781782702572,78.4029257435383,0.5676915946360844,0.0,"{""type"":""MultiPoint"",""coordinates"":[]}"
00000000000000000531,0.06538359449093652,0.22729397677317756,0.15477726049948998,HYD_1330,17.2779018171356,78.41232442649341,0.5525451682363955,0.0,"{""type"":""MultiPoint"",""coordinates"":[]}"
00000000000000000532,0.0057514070965832284,0.12201273898647291,0.24291344482742425,HYD_1331,17.27802220620425,78.42172418998544,0.6293224090895196,0.0,"{""type"":""MultiPoint"",""coordinates"":[]}"
00000000000000000533,9.506146376014692E-5,0.009515838917417684,0.09803371886038084,HYD_1332,17.278142621058244,78.43112397565571,0.8923553807584417,0.0,"{""type"":""MultiPoint"",""coordinates"":[]}"
00000000000000000534,0.008891438779512003,0.06495399013147596,0.15457183459411264,HYD_1333,17.278263016573543,78.44052375172843,0.7715827364948984,0.0,"{""type"":""MultiPoint"",""coordinates"":[]}"
00000000000000000535,0.05143779117331426,0.15857204542285064,0.2252934758533564,HYD_1334,17.278383749933514,78.44992243142555,0.5614638107972861,0.003232876753192419,"{""type"":""MultiPoint"",""coordinates"":[]}"
00000000000000000536,0.014072412143440155,0.1530775664347241,0.2910274762542026,HYD_1335,17.278503440699676,78.45932000381168,0.5374020776011121,0.004420467566520483,"{""type"":""MultiPoint"",""coordinates"":[]}"
00000000000000000537,6.527629281356857E-4,0.22555848323394645,0.13751079239678451,HYD_1336,17.27862198812038,78.46871866154135,0.6362779614411335,0.0,"{""type"":""MultiPoint"",""coordinates"":[]}"
00000000000000000538,0.17928477405804538,0.286184319665265,0.05884776071107302,HYD_1337,17.27874015422481,78.47811845893985,0.4756831455656159,0.0,"{""type"":""MultiPoint"",""coordinates"":[]}"
00000000000000000539,0.02863886275147221,0.1762970827660563,0.20512942867666498,HYD_1338,17.278858298648355,78.48751821396337,0.5899346258058075,0.0,"{""type"":""MultiPoint"",""coordinates"":[]}"
0000000000000000053a,0.036485806064730515,0.4057111167346772,0.23030293091746884,HYD_1339,17.27897534582477,78.49691836162775,0.3275001462831223,0.0,"{""type"":""MultiPoint"",""coordinates"":[]}"
0000000000000000053b,0.04232047150316779,0.33650964423057916,0.11760496298732911,HYD_1340,17.279092760075248,78.50631888265342,0.5035649212789235,0.0,"{""type"":""MultiPoint"",""coordinates"":[]}"
0000000000000000053c,4.751907564775955E-4,0.044989570028768626,0.07833193509229698,HYD_1341,17.279209447706712,78.5157194077737,0.8762033041224566,0.0,"{""type"":""MultiPoint"",""coordinates"":[]}"
0000000000000000053d,0.018668534626092484,0.09916128224131274,0.255736221065393,HYD_1342,17.279326512125316,78.52511957867677,0.529249992916865,0.09718396915033696,"{""type"":""MultiPoint"",""coordinates"":[]}"
0000000000000000053e,0.015531753757988924,0.35938047411113405,0.13262313069587062,HYD_1343,17.279441329924936,78.53451973608082,0.49246464143500457,0.0,"{""type"":""MultiPoint"",""coordinates"":[]}"
0000000000000000053f,0.00873426715955043,0.29142069985173946,0.24601413594247226,HYD_1344,17.279556154427638,78.54391913372305,0.4538308970462364,0.0,"{""type"":""MultiPoint"",""coordinates"":[]}"
00000000000000000540,0.0024233027656287527,0.24766139356680525,0.3036407310160015,HYD_1345,17.27967095397128,78.55331854677036,0.446274572651563,0.0,"{""type"":""MultiPoint"",""coordinates"":[]}"
00000000000000000541,0.006274215657802856,0.08620839417731904,0.20914201312477917,HYD_1346,17.279785767015593,78.56271872346817,0.6983753770400978,0.0,"{""type"":""MultiPoint"",""coordinates"":[]}"
00000000000000000542,0.0014259458774320327,0.08309145066227282,0.5453297942537191,HYD_1347,17.279899507506247,78.57211851478225,0.3701528092065784,0.0,"{""type"":""MultiPoint"",""coordinates"":[]}"
00000000000000000543,0.04070450010323892,0.16462337883055864,0.2936199775333995,HYD_1348,17.280012107810677,78.58151868789794,0.3452998664974085,0.15575227703539235,"{""type"":""MultiPoint"",""coordinates"":[]}"
00000000000000000544,0.008159590835532722,0.5618704384559761,0.185670747952557,HYD_1349,17.28012614923074,78.59091880571496,0.2376379292420616,0.006661293513874256,"{""type"":""MultiPoint"",""coordinates"":[]}"
00000000000000000545,0.005798861700783203,0.12311742033228888,0.2320935214170169,HYD_1350,17.280238406085594,78.60032009443192,0.6389901965499091,0.0,"{""type"":""MultiPoint"",""coordinates"":[]}"
00000000000000000546,2.851913018516929E-4,0.05309926521299872,0.6308912507782177,HYD_1351,17.280349880930373,78.60971988663596,0.31572429270693103,0.0,"{""type"":""MultiPoint"",""coordinates"":[]}"
00000000000000000547,0.0016160713919575198,0.031935211008223524,0.6299520845084182,HYD_1352,17.28046134991594,78.61911965099353,0.33649663309140104,0.0,"{""type"":""MultiPoint"",""coordinates"":[]}"
00000000000000000548,8.553717344926137E-4,0.023914255599237287,0.6491831665824334,HYD_1353,17.28057317380146,78.62852054603859,0.32604720608383625,0.0,"{""type"":""MultiPoint"",""coordinates"":[]}"
00000000000000000549,3.8016719902498247E-4,0.41168641424061564,0.39014994241585016,HYD_1354,17.280683939492643,78.63792258167656,0.1977834761445079,0.0,"{""type"":""MultiPoint"",""coordinates"":[]}"
0000000000000000054a,0.0030420292124275832,0.2016078764697549,0.4509073895959612,HYD_1355,17.280795793567787,78.64732349663757,0.34444270472185534,0.0,"{""type"":""MultiPoint"",""coordinates"":[]}"
0000000000000000054b,0.04071904459415528,0.3011607811209228,0.1931624333085802,HYD_1356,17.268383871701527,78.37485680658915,0.4649577409763409,0.0,"{""type"":""MultiPoint"",""coordinates"":[]}"
0000000000000000054c,0.008913959373733358,0.3843860662428057,0.19092674825428987,HYD_1357,17.268506845049327,78.38425546883333,0.4157732261291676,0.0,"{""type"":""MultiPoint"",""coordinates"":[]}"
0000000000000000054d,0.013771988097554715,0.5669691486292129,0.19621737247033885,HYD_1358,17.268629133344284,78.39365414972882,0.22304149080289312,0.0,"{""type"":""MultiPoint"",""coordinates"":[]}"
0000000000000000054e,0.012265823266247615,0.14037441430181213,0.5009090766719299,HYD_1359,17.26875139761747,78.4030528477462,0.3464506857600116,0.0,"{""type"":""MultiPoint"",""coordinates"":[]}"
0000000000000000054f,0.004956293116338285,0.042806756398491685,0.2557879040644813,HYD_1360,17.268872507500912,78.41245037960839,0.6964490464206894,0.0,"{""type"":""MultiPoint"",""coordinates"":[]}"
00000000000000000550,0.016017700104754215,0.06755117485004498,0.4430506212557834,HYD_1361,17.268992548124032,78.42184904360532,0.47338050378941854,0.0,"{""type"":""MultiPoint"",""coordinates"":[]}"
00000000000000000551,0.06691971580062189,0.0011407341630869582,0.20095225207391748,HYD_1362,17.26911294423473,78.43124881782548,0.7309872979623708,0.0,"{""type"":""MultiPoint"",""coordinates"":[]}"
00000000000000000552,0.023516588988999578,0.009175895822558571,0.35281856388728633,HYD_1363,17.269233677685577,78.4406474658324,0.6144889513011548,0.0,"{""type"":""MultiPoint"",""coordinates"":[]}"
00000000000000000553,0.028762725875788934,0.06929946204824369,0.37216477200905745,HYD_1364,17.269353355210317,78.45004505241144,0.5297730400669086,0.0,"{""type"":""MultiPoint"",""coordinates"":[]}"
00000000000000000554,0.012259839271066,0.09229447019567669,0.1607855838154469,HYD_1365,17.26947299576426,78.45944410966669,0.7346601067178106,0.0,"{""type"":""MultiPoint"",""coordinates"":[]}"
00000000000000000555,0.004656909332826461,0.6788510348066239,0.00193804950225671,HYD_1366,17.26959116552037,78.46884311632864,0.3145540063582933,0.0,"{""type"":""MultiPoint"",""coordinates"":[]}"
00000000000000000556,0.004277681351322329,0.11632236457550474,0.018695051831704994,HYD_1367,17.269709712367526,78.47824256351902,0.8607049022414656,0.0,"{""type"":""MultiPoint"",""coordinates"":[]}"
00000000000000000557,0.03074194292597631,0.05889804877012456,0.18412404862029616,HYD_1368,17.269827485102308,78.48764045602117,0.7262359596836002,0.0,"{""type"":""MultiPoint"",""coordinates"":[]}"
00000000000000000558,0.009272048048236113,0.11351809581538802,0.10820247450950997,HYD_1369,17.269944545202257,78.49704060642314,0.7690073816268642,0.0,"{""type"":""MultiPoint"",""coordinates"":[]}"
00000000000000000559,0.02730862730288631,0.18675657952863242,0.19532785152672083,HYD_1370,17.27006048319202,78.50644039994899,0.5868160028391974,0.003790938802564379,"{""type"":""MultiPoint"",""coordinates"":[]}"
0000000000000000055a,0.00906229221764707,0.07871540936291505,0.46217429417359596,HYD_1371,17.270177566101232,78.51584056099512,0.4201105737550948,0.029937430490746497,"{""type"":""MultiPoint"",""coordinates"":[]}"
0000000000000000055b,0.009952630827855753,0.06454175458573315,0.4625147132084098,HYD_1372,17.270294588656586,78.5252399566358,0.3769472761328754,0.08604362524512711,"{""type"":""MultiPoint"",""coordinates"":[]}"
0000000000000000055c,0.014163184664805352,0.12971309497320785,0.4315386441641937,HYD_1373,17.270409366154755,78.53463936957462,0.4245850761977914,0.0,"{""type"":""MultiPoint"",""coordinates"":[]}"
0000000000000000055d,0.005013483642134584,0.3749146085716582,0.3707487001112693,HYD_1374,17.27052458671869,78.54403841907656,0.24932320767493632,0.0,"{""type"":""MultiPoint"",""coordinates"":[]}"
0000000000000000055e,7.604996482689134E-4,0.054218405806340304,0.4620892789307679,HYD_1375,17.270640161747743,78.55343710390261,0.48283675315859015,9.506245603361417E-5,"{""type"":""MultiPoint"",""coordinates"":[]}"
0000000000000000055f,0.001900792071237215,0.05607150257985938,0.5187373373704669,HYD_1376,17.27075499776267,78.5628372910654,0.423290367978437,0.0,"{""type"":""MultiPoint"",""coordinates"":[]}"
00000000000000000560,0.006568952948034269,0.2578376460450617,0.38480945004912237,HYD_1377,17.27086869085942,78.57223630067757,0.3507839509577811,0.0,"{""type"":""MultiPoint"",""coordinates"":[]}"
00000000000000000561,0.00684459124444064,0.45565182056434395,0.20177564205322832,HYD_1378,17.270981303622765,78.58163646369347,0.33572794613798795,0.0,"{""type"":""MultiPoint"",""coordinates"":[]}"
00000000000000000562,0.01013348062641299,0.7494310655715067,0.11015785554395145,HYD_1379,17.27109389188628,78.5910366235217,0.13027759825812465,0.0,"{""type"":""MultiPoint"",""coordinates"":[]}"
00000000000000000563,0.008340138402243109,0.07636945877619071,0.707355698684593,HYD_1380,17.271207588196003,78.60043564690582,0.20793470413697226,0.0,"{""type"":""MultiPoint"",""coordinates"":[]}"
00000000000000000564,0.0019963368802641524,0.04090794370590961,0.5063452197704086,HYD_1381,17.271320176486373,78.60983581993352,0.4507504996434185,0.0,"{""type"":""MultiPoint"",""coordinates"":[]}"
00000000000000000565,0.03298726252134749,0.09371685569521909,0.46268955513329657,HYD_1382,17.27143164808468,78.61923560253292,0.4106063266501365,0.0,"{""type"":""MultiPoint"",""coordinates"":[]}"
00000000000000000566,0.0,0.019424884729404908,0.6004509421469865,HYD_1383,17.27154314493606,78.62863537117357,0.3801241731236098,0.0,"{""type"":""MultiPoint"",""coordinates"":[]}"
00000000000000000567,0.0038007625372996428,0.11830171496367671,0.5460175461084668,HYD_1384,17.271653873185812,78.63803666254323,0.3318799763905576,0.0,"{""type"":""MultiPoint"",""coordinates"":[]}"
00000000000000000568,0.019924955152444402,0.43730869175643944,0.20622529935347175,HYD_1385,17.259354544994984,78.37498496771732,0.3365410537376442,0.0,"{""type"":""MultiPoint"",""coordinates"":[]}"
00000000000000000569,0.025198371267488005,0.5452167168809479,0.03646526265549028,HYD_1386,17.25947646864296,78.38438258876376,0.2864022462190137,0.10671740297706059,"{""type"":""MultiPoint"",""coordinates"":[]}"
0000000000000000056a,0.016961735511920796,0.6941950735683428,0.06383778422438148,HYD_1387,17.259599810198385,78.39378011139459,0.2250054066953529,0.0,"{""type"":""MultiPoint"",""coordinates"":[]}"
0000000000000000056b,0.014389851650322128,0.3650888032787985,0.2575086320470197,HYD_1388,17.259722090781167,78.40317879049225,0.3630127130238596,0.0,"{""type"":""MultiPoint"",""coordinates"":[]}"
0000000000000000056c,0.003827213110964196,0.06375531490051443,0.4594389612830261,HYD_1389,17.25984211140797,78.4125774863856,0.4729785107054948,0.0,"{""type"":""MultiPoint"",""coordinates"":[]}"
0000000000000000056d,0.0019016680985108828,0.029913612065673938,0.28278960540759845,HYD_1390,17.259963219823184,78.42197499262053,0.6853951144282162,0.0,"{""type"":""MultiPoint"",""coordinates"":[]}"
0000000000000000056e,0.034664320570220744,0.03724887883182293,0.29064034266925654,HYD_1391,17.26008326171894,78.43137367365581,0.6374464579287001,0.0,"{""type"":""MultiPoint"",""coordinates"":[]}"
0000000000000000056f,0.008991640549210655,0.06063538987086543,0.37221617383838373,HYD_1392,17.2602036613192,78.44077122299332,0.5581567957415394,0.0,"{""type"":""MultiPoint"",""coordinates"":[]}"
00000000000000000570,0.08862212900827934,0.05781853278254932,0.3163528959592978,HYD_1393,17.260324037154056,78.4501687840271,0.5372064422498745,0.0,"{""type"":""MultiPoint"",""coordinates"":[]}"
00000000000000000571,0.08271244293437538,0.09210352671711332,0.08009430227278318,HYD_1394,17.26044219098544,78.4595685680813,0.745089728075728,0.0,"{""type"":""MultiPoint"",""coordinates"":[]}"
00000000000000000572,0.10434734945136578,0.2070655941198604,9.616528347504577E-4,HYD_1395,17.260560719347414,78.46896723215954,0.6876254035940242,0.0,"{""type"":""MultiPoint"",""coordinates"":[]}"
00000000000000000573,0.01094231837690498,0.15604130077299114,0.005562329638040265,HYD_1396,17.260678191547843,78.47836480115416,0.827454051212064,0.0,"{""type"":""MultiPoint"",""coordinates"":[]}"
00000000000000000574,0.0012357994895756705,0.08380025304998315,0.0051568067388537715,HYD_1397,17.260796705148575,78.48776347604654,0.9098071407215879,0.0,"{""type"":""MultiPoint"",""coordinates"":[]}"
00000000000000000575,0.0017137819991736862,0.08390260527677806,7.368218516899922E-4,HYD_1398,17.26091522170397,78.49716212814275,0.9136467908723582,0.0,"{""type"":""MultiPoint"",""coordinates"":[]}"
00000000000000000576,0.0036604692066150146,0.06886334583810354,0.07941529419264452,HYD_1399,17.261030813793127,78.50656080770831,0.8342689853987573,0.013791905363879116,"{""type"":""MultiPoint"",""coordinates"":[]}"
00000000000000000577,0.010465215981151275,0.049113670169735404,0.2566300453696486,HYD_1400,17.261146760471966,78.51596058804986,0.6837910684794644,0.0,"{""type"":""MultiPoint"",""coordinates"":[]}"
00000000000000000578,0.09299622354524474,0.007696064360034445,0.30503129648338617,HYD_1401,17.261262688080592,78.52536034989197,0.5942764156113344,0.0,"{""type"":""MultiPoint"",""coordinates"":[]}"
00000000000000000579,0.004183715056936931,0.010297084785856805,0.5305517469993403,HYD_1402,17.261378962247733,78.53475902944147,0.4534461022280703,0.0015213509297952476,"{""type"":""MultiPoint"",""coordinates"":[]}"
0000000000000000057a,0.004302375964566745,0.016330980910397395,0.6186233440998391,HYD_1403,17.261494175807638,78.5441566142343,0.36074329902519847,0.0,"{""type"":""MultiPoint"",""coordinates"":[]}"
0000000000000000057b,7.603264633116397E-4,0.004181795548214017,0.5120802457494399,HYD_1404,17.26160939190871,78.55355566117069,0.4829776322390349,0.0,"{""type"":""MultiPoint"",""coordinates"":[]}"
0000000000000000057c,5.702367712523144E-4,0.0,0.841222975249488,HYD_1405,17.26172308257131,78.56295468911398,0.15820678797925977,0.0,"{""type"":""MultiPoint"",""coordinates"":[]}"
0000000000000000057d,0.006640507655759546,0.061076122274492245,0.7784156852689341,HYD_1406,17.26183681928779,78.5723552352161,0.15386768480081467,0.0,"{""type"":""MultiPoint"",""coordinates"":[]}"
0000000000000000057e,0.006150325555046201,0.361422751955753,0.35171051503665557,HYD_1407,17.261950471972057,78.58175424639192,0.2807164074525457,0.0,"{""type"":""MultiPoint"",""coordinates"":[]}"
0000000000000000057f,0.00858220779075534,0.5045254081218016,0.2569487885893659,HYD_1408,17.262063089608077,78.59115440969822,0.22994359549807844,0.0,"{""type"":""MultiPoint"",""coordinates"":[]}"
00000000000000000580,0.01799020972920742,0.08074941685967987,0.30679611505711735,HYD_1409,17.262176067860167,78.60055345494605,0.5944642583539956,0.0,"{""type"":""MultiPoint"",""coordinates"":[]}"
00000000000000000581,0.028030226812882177,0.0179777248659505,0.505329935052595,HYD_1410,17.26228828158978,78.6099517603105,0.422342205379866,0.026319907888706317,"{""type"":""MultiPoint"",""coordinates"":[]}"
00000000000000000582,2.850541099772291E-4,0.11305469573547867,0.5490902302454704,HYD_1411,17.26239976969975,78.61935156163833,0.33757001990907315,0.0,"{""type"":""MultiPoint"",""coordinates"":[]}"
00000000000000000583,0.00598611177354351,0.11387995433191044,0.19206084706555696,HYD_1412,17.262511252612594,78.6287513193918,0.6880730868289888,0.0,"{""type"":""MultiPoint"",""coordinates"":[]}"
00000000000000000584,0.008119686968184003,0.48847986078192307,0.0946860451108639,HYD_1413,17.250324491791837,78.3751132245911,0.40871440713902907,0.0,"{""type"":""MultiPoint"",""coordinates"":[]}"
00000000000000000585,0.008025511005014136,0.14016100242260598,0.1888141014526314,HYD_1414,17.250447487588065,78.38450965061064,0.5767942179629315,0.08620516715681842,"{""type"":""MultiPoint"",""coordinates"":[]}"
00000000000000000586,2.85247768448912E-4,0.02406148823269058,0.020065036491206344,HYD_1415,17.250569400800565,78.39390721184996,0.9554931449181714,9.508258948297068E-5,"{""type"":""MultiPoint"",""coordinates"":[]}"
00000000000000000587,4.0382601847681186E-4,0.04020734955896087,0.031786290647344694,HYD_1416,17.250692763262563,78.40330474875014,0.9276025337752181,0.0,"{""type"":""MultiPoint"",""coordinates"":[]}"
00000000000000000588,0.0,6.419401653611024E-4,7.843450104063643E-4,HYD_1417,17.250812772213354,78.41270340930056,0.9985737148242326,0.0,"{""type"":""MultiPoint"",""coordinates"":[]}"
00000000000000000589,0.0,0.0015023107164955432,0.01039048516654651,HYD_1418,17.25093318425963,78.42210097067377,0.988107204116958,0.0,"{""type"":""MultiPoint"",""coordinates"":[]}"
0000000000000000058a,1.6626554172743195E-4,0.0021398300661781594,0.04310191854032277,HYD_1419,17.251053594036694,78.43149853745693,0.9545919858517717,0.0,"{""type"":""MultiPoint"",""coordinates"":[]}"
0000000000000000058b,0.12352771806183184,0.01578726337193778,0.06348882520293066,HYD_1420,17.251173977919724,78.440896103964,0.7971961933633002,0.0,"{""type"":""MultiPoint"",""coordinates"":[]}"
0000000000000000058c,0.01625621748700599,0.20042464886525496,0.49081306430705923,HYD_1421,17.251293262614684,78.45029402414433,0.29250606934067996,0.0,"{""type"":""MultiPoint"",""coordinates"":[]}"
0000000000000000058d,0.04087078473666278,0.07518451388169191,0.1925259482548443,HYD_1422,17.251411744051342,78.45969191774206,0.6914187531268008,0.0,"{""type"":""MultiPoint"",""coordinates"":[]}"
0000000000000000058e,0.1642926764514837,0.07941854889288778,0.0027574331373734916,HYD_1423,17.25153033687526,78.46908987364905,0.7535313415182551,0.0,"{""type"":""MultiPoint"",""coordinates"":[]}"
0000000000000000058f,0.015961703247900475,0.2958183961929961,0.015403867709451211,HYD_1424,17.251649230152882,78.47848741220872,0.672816032849652,0.0,"{""type"":""MultiPoint"",""coordinates"":[]}"
00000000000000000590,0.01663152771157261,0.15927394483438737,0.004276678554404385,HYD_1425,17.25176593378183,78.48788648001555,0.8198178488996356,0.0,"{""type"":""MultiPoint"",""coordinates"":[]}"
00000000000000000591,0.01368907021687783,0.04947898026865177,0.0013308818266409002,HYD_1426,17.251883736586155,78.49728440178342,0.9355010676878294,0.0,"{""type"":""MultiPoint"",""coordinates"":[]}"
00000000000000000592,0.0015213441224473205,0.027192907553361702,2.412523645155432E-4,HYD_1427,17.25200151869099,78.50668232566284,0.9710444959596751,0.0,"{""type"":""MultiPoint"",""coordinates"":[]}"
00000000000000000593,0.028796353147881606,0.0024835754838069914,0.57677480397387,HYD_1428,17.252117097552432,78.51608098458291,0.3919452673944417,0.0,"{""type"":""MultiPoint"",""coordinates"":[]}"
00000000000000000594,0.013244761537999838,0.0013100115977406957,0.5566770142919506,HYD_1429,17.252233025289733,78.52548076439594,0.4287682125723086,0.0,"{""type"":""MultiPoint"",""coordinates"":[]}"
00000000000000000595,0.0038994039562446226,0.07227715866788455,0.6134842172044463,HYD_1430,17.2523489546369,78.53487833054375,0.31033922017142446,0.0,"{""type"":""MultiPoint"",""coordinates"":[]}"
00000000000000000596,0.005037097111430723,0.019107425646446092,0.48763907922684696,HYD_1431,17.252463787030894,78.54427628482856,0.48821639801527517,0.0,"{""type"":""MultiPoint"",""coordinates"":[]}"
00000000000000000597,0.04371841316695736,0.08095621449975399,0.47143283092565247,HYD_1432,17.252577458422714,78.55367530114896,0.4038925414076357,0.0,"{""type"":""MultiPoint"",""coordinates"":[]}"
00000000000000000598,2.852565966986304E-4,0.005610046401739732,0.6736463176170002,HYD_1433,17.252692656337263,78.56307434353654,0.32045837938456156,0.0,"{""type"":""MultiPoint"",""coordinates"":[]}"
00000000000000000599,0.0017111522765222084,0.035414887323045804,0.6546641201937219,HYD_1434,17.252806003176076,78.5724730208851,0.30820984020671033,0.0,"{""type"":""MultiPoint"",""coordinates"":[]}"
0000000000000000059a,0.034983386413571155,0.47250008851882846,0.2373527093283936,HYD_1435,17.25291860266514,78.58187319096677,0.2551638157392068,0.0,"{""type"":""MultiPoint"",""coordinates"":[]}"
0000000000000000059b,0.02119398167698011,0.2557809645879932,0.5111478517356782,HYD_1436,17.25303228848131,78.59127220333903,0.21187720199934945,0.0,"{""type"":""MultiPoint"",""coordinates"":[]}"
0000000000000000059c,0.003327994869108189,0.04942100346969099,0.4949144136669654,HYD_1437,17.253144538902344,78.6006712500769,0.4523365879942347,0.0,"{""type"":""MultiPoint"",""coordinates"":[]}"
0000000000000000059d,0.0034230906481387212,0.07637109136557074,0.30230141319948217,HYD_1438,17.253256765468905,78.61006880302432,0.6179044047868079,0.0,"{""type"":""MultiPoint"",""coordinates"":[]}"
0000000000000000059e,0.01026685624686384,0.09694499514989836,0.4664522829775228,HYD_1439,17.25336786139452,78.61946748329161,0.42633586562571535,0.0,"{""type"":""MultiPoint"",""coordinates"":[]}"
0000000000000000059f,0.02539352788588669,0.0938409925425043,0.17756522744522488,HYD_1440,17.24141742133119,78.38463783618572,0.6750486257060746,0.02815162642030884,"{""type"":""MultiPoint"",""coordinates"":[]}"
000000000000000005a0,0.00760484055557088,0.06912501835972536,0.3346905239958813,HYD_1441,17.24153932461158,78.39403466170883,0.5494146882276323,0.03916492886119003,"{""type"":""MultiPoint"",""coordinates"":[]}"
000000000000000005a1,0.012594798354989462,0.058322796040761446,0.23800388885740967,HYD_1442,17.241661210110767,78.40343146624028,0.6845194249024054,0.006559091844433777,"{""type"":""MultiPoint"",""coordinates"":[]}"
000000000000000005a2,0.0,0.014851660511101462,0.019301938397116927,HYD_1443,17.2417834572264,78.4128293777468,0.9658464010917817,0.0,"{""type"":""MultiPoint"",""coordinates"":[]}"
000000000000000005a3,0.06943422404645709,0.07074521153892778,0.023346766448417405,HYD_1444,17.241903506661938,78.42222582388086,0.836473797966198,0.0,"{""type"":""MultiPoint"",""coordinates"":[]}"
000000000000000005a4,0.07076852074835277,0.2903404985986834,0.022196267779269755,HYD_1445,17.242023897668123,78.43162337917104,0.6166947128736933,0.0,"{""type"":""MultiPoint"",""coordinates"":[]}"
000000000000000005a5,0.11522986297956954,0.09022022179571425,0.023583417312955414,HYD_1446,17.242144293095663,78.44102094849481,0.7709664979117608,0.0,"{""type"":""MultiPoint"",""coordinates"":[]}"
000000000000000005a6,0.18084294558621733,0.16607050257099268,0.05134902086804228,HYD_1447,17.242262442398907,78.45041850089584,0.6017375309747486,0.0,"{""type"":""MultiPoint"",""coordinates"":[]}"
000000000000000005a7,0.1149505410608777,0.1764745372805006,0.08395786386316054,HYD_1448,17.242380610059552,78.45981606586989,0.6246170577954616,0.0,"{""type"":""MultiPoint"",""coordinates"":[]}"
000000000000000005a8,0.002622949841862519,0.0667200750351541,0.14800505204892794,HYD_1449,17.242500271848495,78.46921286500411,0.7826519230740557,0.0,"{""type"":""MultiPoint"",""coordinates"":[]}"
000000000000000005a9,0.032888333182353166,0.37814388300935997,0.017956950885955534,HYD_1450,17.24261771210599,78.478609664887,0.571010832922332,0.0,"{""type"":""MultiPoint"",""coordinates"":[]}"
000000000000000005aa,5.705085132548135E-4,0.05522037662511018,0.07806495444508153,HYD_1451,17.24273547717273,78.48800758481222,0.8661441604165525,0.0,"{""type"":""MultiPoint"",""coordinates"":[]}"
000000000000000005ab,0.019335453723491096,0.10039416298878118,0.10306937283510381,HYD_1452,17.2428521842721,78.49740667838631,0.7772010104526242,0.0,"{""type"":""MultiPoint"",""coordinates"":[]}"
000000000000000005ac,0.02407820410373172,0.038956254430321705,0.03133414348481228,HYD_1453,17.242970352727312,78.50680345665224,0.9056313979811341,0.0,"{""type"":""MultiPoint"",""coordinates"":[]}"
000000000000000005ad,0.022352964421130873,0.0017700150943368088,0.2726289234930733,HYD_1454,17.243087414139033,78.51620139633094,0.7032480969914588,0.0,"{""type"":""MultiPoint"",""coordinates"":[]}"
000000000000000005ae,0.013400424281546443,0.004346798731627762,0.7223616948005387,HYD_1455,17.24320223291114,78.52560157198151,0.2598910821862874,0.0,"{""type"":""MultiPoint"",""coordinates"":[]}"
000000000000000005af,0.09069381902989178,0.07996777564332215,0.27009371680963945,HYD_1456,17.243317042634406,78.53499875577916,0.5592446885171461,0.0,"{""type"":""MultiPoint"",""coordinates"":[]}"
000000000000000005b0,0.0315843378298701,0.153306881363437,0.2578686907914797,HYD_1457,17.24343185397251,78.54439589906133,0.5572400900152151,0.0,"{""type"":""MultiPoint"",""coordinates"":[]}"
000000000000000005b1,0.0038984326846386126,0.01710164673823676,0.4210247639033849,HYD_1458,17.243547018896486,78.5537949445746,0.5579751566737406,0.0,"{""type"":""MultiPoint"",""coordinates"":[]}"
000000000000000005b2,9.5062526911083E-5,0.0031370633880657387,0.43432241853980225,HYD_1459,17.24366115188407,78.56319290966601,0.5624454555452207,0.0,"{""type"":""MultiPoint"",""coordinates"":[]}"
000000000000000005b3,5.702452725548776E-4,0.045101928547149214,0.5462580728840545,HYD_1460,17.24377520855798,78.57259079337565,0.40806975329624123,0.0,"{""type"":""MultiPoint"",""coordinates"":[]}"
000000000000000005b4,0.011589282970913434,0.08401335228586303,0.30696982759263597,HYD_1461,17.243888166386096,78.58198985117482,0.5974275371505875,0.0,"{""type"":""MultiPoint"",""coordinates"":[]}"
000000000000000005b5,0.0012355346473359229,0.12306260526736558,0.5436963693171466,HYD_1462,17.24400041259841,78.5913889057105,0.3320054907681522,0.0,"{""type"":""MultiPoint"",""coordinates"":[]}"
000000000000000005b6,0.0019003338253086475,0.1191289465927947,0.22475024583240027,HYD_1463,17.24411301636234,78.60078830346914,0.6542204737494971,0.0,"{""type"":""MultiPoint"",""coordinates"":[]}"
000000000000000005b7,0.0016160563304673033,0.0251903479497893,0.039574181272684444,HYD_1464,17.2442244795028,78.61018584957101,0.9336194144470588,0.0,"{""type"":""MultiPoint"",""coordinates"":[]}"
000000000000000005b8,0.009891078784008984,0.11367169376145948,0.5573652732130796,HYD_1465,17.232387780481083,78.38476493429293,0.3190719542414531,0.0,"{""type"":""MultiPoint"",""coordinates"":[]}"
000000000000000005b9,0.036723875888751485,0.11782454811078306,0.47415517336527074,HYD_1466,17.232507829527197,78.39416139113017,0.3624536327880882,0.008842769847105652,"{""type"":""MultiPoint"",""coordinates"":[]}"
000000000000000005ba,0.007463560330073117,0.04394163686736294,0.18100103287680414,HYD_1467,17.23263116899301,78.4035589184899,0.7645510714698537,0.0030426984559051083,"{""type"":""MultiPoint"",""coordinates"":[]}"
000000000000000005bb,0.037787832121876426,0.14996007395176858,0.0,HYD_1468,17.232753430711497,78.41295536646184,0.8122520939263542,0.0,"{""type"":""MultiPoint"",""coordinates"":[]}"
000000000000000005bc,0.03265687012779213,0.7403346547807265,0.0021874933563980543,HYD_1469,17.23287383116931,78.4223506692126,0.22482098173508314,0.0,"{""type"":""MultiPoint"",""coordinates"":[]}"
000000000000000005bd,0.03102492909567532,0.8236651944016141,0.0,HYD_1470,17.232994203734872,78.43174822846139,0.1452148154996405,9.506100306879273E-5,"{""type"":""MultiPoint"",""coordinates"":[]}"
000000000000000005be,0.04297237093597557,0.6944586757229776,0.006412651395324024,HYD_1471,17.233113496755603,78.44114618485057,0.2561563019457199,0.0,"{""type"":""MultiPoint"",""coordinates"":[]}"
000000000000000005bf,0.05047769727100416,0.4722164646375768,0.0063263014585162956,HYD_1472,17.233232031537135,78.4505418622025,0.47097953663289976,0.0,"{""type"":""MultiPoint"",""coordinates"":[]}"
000000000000000005c0,0.04900863706753603,0.23266089022612688,0.01271788898032786,HYD_1473,17.23335060054442,78.45993981339282,0.7056125837260093,0.0,"{""type"":""MultiPoint"",""coordinates"":[]}"
000000000000000005c1,8.746178442180692E-4,0.04535742032119557,0.05265385907873847,HYD_1474,17.23346911944126,78.46933625332152,0.9011141027558477,0.0,"{""type"":""MultiPoint"",""coordinates"":[]}"
000000000000000005c2,0.03912777436592712,0.16379008505016532,0.022124080245235614,HYD_1475,17.23358763400969,78.4787326803834,0.7749580603386719,0.0,"{""type"":""MultiPoint"",""coordinates"":[]}"
000000000000000005c3,9.508624135647401E-5,0.007771715460202476,0.0777197648125718,HYD_1476,17.23370508023158,78.48813023236733,0.9144134334858688,0.0,"{""type"":""MultiPoint"",""coordinates"":[]}"
000000000000000005c4,0.01085153730733315,0.01397477545200439,0.2497945434315043,HYD_1477,17.233821734862065,78.49752777173897,0.6829917011952993,0.04238744261385483,"{""type"":""MultiPoint"",""coordinates"":[]}"
000000000000000005c5,0.006400439594523261,0.06078385906730807,0.29654289028925557,HYD_1478,17.23393807793068,78.50692575086467,0.6362728110489134,0.0,"{""type"":""MultiPoint"",""coordinates"":[]}"
000000000000000005c6,0.0296518811017709,0.019316955725298967,0.39762777497218754,HYD_1479,17.23405584114577,78.51632288736646,0.5534033882007433,0.0,"{""type"":""MultiPoint"",""coordinates"":[]}"
000000000000000005c7,8.55349099833589E-4,0.024086183409954477,0.6977982680578354,HYD_1480,17.23417029551629,78.52572117936735,0.27726019943237606,0.0,"{""type"":""MultiPoint"",""coordinates"":[]}"
000000000000000005c8,0.015941672767906583,0.03476942161737371,0.5252889712582175,HYD_1481,17.23428513062188,78.5351191451245,0.4239999343565015,0.0,"{""type"":""MultiPoint"",""coordinates"":[]}"
000000000000000005c9,0.0027575246489889163,0.22047668073830706,0.45756339230346466,HYD_1482,17.234401424615626,78.5445155391553,0.31920240230923463,0.0,"{""type"":""MultiPoint"",""coordinates"":[]}"
000000000000000005ca,0.017636640251533393,0.11353747930512154,0.4413361481971359,HYD_1483,17.23451553800584,78.55391350779382,0.42748973224620795,0.0,"{""type"":""MultiPoint"",""coordinates"":[]}"
000000000000000005cb,0.0238034097088334,0.2706113034050501,0.305760904445338,HYD_1484,17.234629569427227,78.56331140172529,0.3998243824407784,0.0,"{""type"":""MultiPoint"",""coordinates"":[]}"
000000000000000005cc,0.021843826852369283,0.1298618414111927,0.3674043251492922,HYD_1485,17.234743655796684,78.57271082094832,0.4808900065871464,0.0,"{""type"":""MultiPoint"",""coordinates"":[]}"
000000000000000005cd,0.009701911789211466,0.21756663004606572,0.43209873321550596,HYD_1486,17.234856645671194,78.58210764704674,0.34063272494921587,0.0,"{""type"":""MultiPoint"",""coordinates"":[]}"
000000000000000005ce,0.008714695248550196,0.18470783714769748,0.21750344545736505,HYD_1487,17.234969972099968,78.59150558457958,0.5890740221463836,0.0,"{""type"":""MultiPoint"",""coordinates"":[]}"
000000000000000005cf,0.0,0.16850021501317836,0.5830568123373168,HYD_1488,17.223358114356483,78.38489203842042,0.24844297264950288,0.0,"{""type"":""MultiPoint"",""coordinates"":[]}"
000000000000000005d0,0.015381534849797818,0.020731569079874643,0.658084413308416,HYD_1489,17.223478858346958,78.39428845614141,0.304281146014023,0.0015213367478891446,"{""type"":""MultiPoint"",""coordinates"":[]}"
000000000000000005d1,0.006941031620379448,5.798175755944153E-4,0.3303509704766583,HYD_1490,17.22360001782234,78.40368525237797,0.6621281803273662,0.0,"{""type"":""MultiPoint"",""coordinates"":[]}"
000000000000000005d2,2.8524830025571676E-4,0.009719696003615387,0.31297294354619215,HYD_1491,17.223722641042094,78.41307981691234,0.6770221121499371,0.0,"{""type"":""MultiPoint"",""coordinates"":[]}"
000000000000000005d3,0.009178038201793767,0.014325765902588532,0.3985852513610597,HYD_1492,17.223844153160535,78.42247554351698,0.5779109445345585,0.0,"{""type"":""MultiPoint"",""coordinates"":[]}"
000000000000000005d4,0.004323263855501609,0.011465593900918232,0.5096971553669208,HYD_1493,17.223963442690962,78.43187346903082,0.47451398687665697,0.0,"{""type"":""MultiPoint"",""coordinates"":[]}"
000000000000000005d5,0.009793751388986253,0.01422508363748093,0.5057151657163144,HYD_1494,17.224081578321915,78.44127027505898,0.47026599925721896,0.0,"{""type"":""MultiPoint"",""coordinates"":[]}"
000000000000000005d6,0.18374313042083665,0.012300439541176433,0.35731061220607835,HYD_1495,17.224200890497425,78.45066599167959,0.44664581783190693,0.0,"{""type"":""MultiPoint"",""coordinates"":[]}"
000000000000000005d7,0.3654530525920147,0.006846015365501157,0.13451077837255757,HYD_1496,17.2243216288097,78.460062416589,0.4931901536699268,0.0,"{""type"":""MultiPoint"",""coordinates"":[]}"
000000000000000005d8,0.048763931459568644,0.0155365472134843,0.3594579514404573,HYD_1497,17.224439443448055,78.46945887352562,0.5671716218564934,0.00906994802999595,"{""type"":""MultiPoint"",""coordinates"":[]}"
000000000000000005d9,0.03789643596726184,0.1626198744079673,0.43973353165616363,HYD_1498,17.224556134880686,78.47885572422527,0.3597501579686078,0.0,"{""type"":""MultiPoint"",""coordinates"":[]}"
000000000000000005da,5.703700583305891E-4,0.09799367672096107,0.5194747823739979,HYD_1499,17.224674990852627,78.4882524822617,0.38196117084670833,0.0,"{""type"":""MultiPoint"",""coordinates"":[]}"
000000000000000005db,0.012245168937529905,9.510883247754031E-5,0.2739186591967071,HYD_1500,17.224791702430142,78.49764927645606,0.5000423327548479,0.21369873027843747,"{""type"":""MultiPoint"",""coordinates"":[]}"
000000000000000005dc,0.0185053741634557,0.025778165149653472,0.15119382776432425,HYD_1501,17.224907631005046,78.50704685403784,0.29443228315459247,0.5100903497679748,"{""type"":""MultiPoint"",""coordinates"":[]}"
000000000000000005dd,0.0018070664690890924,0.0026059800659495335,0.719358661107342,HYD_1502,17.225023563345747,78.51644440699299,0.2762282923576192,0.0,"{""type"":""MultiPoint"",""coordinates"":[]}"
000000000000000005de,0.017144962355212727,8.140118928517232E-4,0.5386320050981087,HYD_1503,17.22513988532668,78.52584083545784,0.4433139345188401,9.508613498726039E-5,"{""type"":""MultiPoint"",""coordinates"":[]}"
000000000000000005df,0.0067215397270367246,7.606757485384954E-4,0.6307650086172623,HYD_1504,17.22525510505481,78.53523840238988,0.36118226909575785,5.705068114038716E-4,"{""type"":""MultiPoint"",""coordinates"":[]}"
000000000000000005e0,0.0016164245137209642,0.01802341298620912,0.6359043867188445,HYD_1505,17.22537028513895,78.54463522913122,0.3444557757812251,0.0,"{""type"":""MultiPoint"",""coordinates"":[]}"
000000000000000005e1,0.011842763875600862,0.0807342923580537,0.545550568322219,HYD_1506,17.225483981831914,78.55403200962965,0.36187237544412726,0.0,"{""type"":""MultiPoint"",""coordinates"":[]}"
000000000000000005e2,0.019421193760368653,0.1463098314875934,0.4561133523830053,HYD_1507,17.22559915001485,78.56343106331465,0.3781556223690328,0.0,"{""type"":""MultiPoint"",""coordinates"":[]}"
000000000000000005e3,0.007429683749841957,0.11230011745017142,0.3607861142492905,HYD_1508,17.22571248787947,78.57282751276645,0.517201470868516,0.00228261368218036,"{""type"":""MultiPoint"",""coordinates"":[]}"
000000000000000005e4,0.011477619499794504,0.21829220898860155,0.3523719443924371,HYD_1509,17.214328405436788,78.38501910664472,0.41317677264586494,0.004681454473302808,"{""type"":""MultiPoint"",""coordinates"":[]}"
000000000000000005e5,0.005614673191632526,0.012571288335137898,0.6815133136828471,HYD_1510,17.214448785690966,78.39441440874349,0.3003007247903824,0.0,"{""type"":""MultiPoint"",""coordinates"":[]}"
000000000000000005e6,0.018831260862754457,0.0017268516101119652,0.6274494811985767,HYD_1511,17.214569207213014,78.40380972176779,0.3519924063285567,0.0,"{""type"":""MultiPoint"",""coordinates"":[]}"
000000000000000005e7,9.508326310843964E-5,2.6996189211964827E-4,0.716762992848247,HYD_1512,17.214690747880283,78.41320545814251,0.28287196199652476,0.0,"{""type"":""MultiPoint"",""coordinates"":[]}"
000000000000000005e8,0.003327022242401809,0.002317545913838885,0.6532329523193909,HYD_1513,17.214812251194935,78.42260041821469,0.34112247952436825,0.0,"{""type"":""MultiPoint"",""coordinates"":[]}"
000000000000000005e9,0.005798859538984144,0.007709444890144139,0.6346114559070448,HYD_1514,17.2149318676739,78.43199645317644,0.35188023966382653,0.0,"{""type"":""MultiPoint"",""coordinates"":[]}"
000000000000000005ea,0.001331170647127918,0.029657512537986895,0.7874336745157259,HYD_1515,17.21505044263472,78.44139437863566,0.18157764229915938,0.0,"{""type"":""MultiPoint"",""coordinates"":[]}"
000000000000000005eb,0.005611280893747067,0.013944844223084688,0.6420625643833408,HYD_1516,17.21517120494772,78.45079083912876,0.3302021552987721,0.008179155201055048,"{""type"":""MultiPoint"",""coordinates"":[]}"
000000000000000005ec,0.09094712475324615,0.018256245194498377,0.6300142216746677,HYD_1517,17.21529049537541,78.46018654932959,0.26078240837758815,0.0,"{""type"":""MultiPoint"",""coordinates"":[]}"
000000000000000005ed,0.017113792157120104,0.008441864488685518,0.6531534689202171,HYD_1518,17.215408624084223,78.46958111576832,0.2787470841263117,0.04254379030766569,"{""type"":""MultiPoint"",""coordinates"":[]}"
000000000000000005ee,0.013958576951530919,0.18595700188530645,0.4406613189986397,HYD_1519,17.215526056074435,78.47897794245903,0.33830140443405,0.021121697730472757,"{""type"":""MultiPoint"",""coordinates"":[]}"
000000000000000005ef,0.007701709850432841,0.021108017086572388,0.3794241485052236,HYD_1520,17.215642740186656,78.48837475395362,0.5917661245577724,0.0,"{""type"":""MultiPoint"",""coordinates"":[]}"
000000000000000005f0,0.013126148211772009,0.013103780449979726,0.21268162622575315,HYD_1521,17.215760532659523,78.49777042714402,0.4785981527211125,0.2824902923913823,"{""type"":""MultiPoint"",""coordinates"":[]}"
000000000000000005f1,0.010754813154557516,0.1333797437533303,0.29798398057474124,HYD_1522,17.21587830141144,78.50716835596073,0.346389775190362,0.21149168732700976,"{""type"":""MultiPoint"",""coordinates"":[]}"
000000000000000005f2,6.657623239692712E-4,0.2846393153352477,0.5267041557369132,HYD_1523,17.215993888635115,78.51656481068305,0.1879907666038699,0.0,"{""type"":""MultiPoint"",""coordinates"":[]}"
000000000000000005f3,0.018688580597324443,0.17430056289152893,0.47342750664265726,HYD_1524,17.216109829625857,78.52596013288104,0.3335833498684896,0.0,"{""type"":""MultiPoint"",""coordinates"":[]}"
000000000000000005f4,0.012461033646356224,0.09301572369705917,0.48902755187687036,HYD_1525,17.21622466774643,78.53535805372864,0.4054956907797152,0.0,"{""type"":""MultiPoint"",""coordinates"":[]}"
000000000000000005f5,0.007066025765079069,0.1346680105166328,0.5060710025590572,HYD_1526,17.216338352760687,78.54475484386288,0.3521949611592312,0.0,"{""type"":""MultiPoint"",""coordinates"":[]}"
000000000000000005f6,0.016189415075020117,0.07862961413431353,0.5765444583405112,HYD_1527,17.216453546048637,78.5541516970691,0.32863651245015496,0.0,"{""type"":""MultiPoint"",""coordinates"":[]}"
000000000000000005f7,0.0024727660069640274,0.10470541636456415,0.6512456325656202,HYD_1528,17.20529872311838,78.38514617477746,0.24157618506285244,0.0,"{""type"":""MultiPoint"",""coordinates"":[]}"
000000000000000005f8,0.008745088883103666,0.212364638914023,0.5093769044914108,HYD_1529,17.205419136185185,78.39454148731367,0.26827696349567826,0.0012364042157840516,"{""type"":""MultiPoint"",""coordinates"":[]}"
000000000000000005f9,0.005069777522941772,0.20131418780410745,0.5932770049589812,HYD_1530,17.20553988957982,78.40393570828498,0.20033902971396975,0.0,"{""type"":""MultiPoint"",""coordinates"":[]}"
000000000000000005fa,0.001521695915178879,0.08538056757019846,0.5828624964987938,HYD_1531,17.20565993858092,78.41332992214195,0.33023524001582844,0.0,"{""type"":""MultiPoint"",""coordinates"":[]}"
000000000000000005fb,0.0,0.07704862332318743,0.46655437876207084,HYD_1532,17.205780345776095,78.42272527839107,0.45639699791474214,0.0,"{""type"":""MultiPoint"",""coordinates"":[]}"
000000000000000005fc,0.0031385610359675738,0.08251375801190901,0.49349480542972907,HYD_1533,17.205900710737986,78.4321205758748,0.4208528755223941,0.0,"{""type"":""MultiPoint"",""coordinates"":[]}"
000000000000000005fd,9.508368856102211E-5,0.07412649784775276,0.43163333641578494,HYD_1534,17.20602145502743,78.4415169903525,0.49414508204790125,0.0,"{""type"":""MultiPoint"",""coordinates"":[]}"
000000000000000005fe,0.0064672221117829855,0.08267675861634265,0.41942956415622307,HYD_1535,17.206141520562305,78.45091345965996,0.491426455115651,0.0,"{""type"":""MultiPoint"",""coordinates"":[]}"
000000000000000005ff,9.51089034241816E-5,0.10141630211361823,0.5783068899500472,HYD_1536,17.206259681751682,78.46030878114108,0.32018169903291016,0.0,"{""type"":""MultiPoint"",""coordinates"":[]}"
00000000000000000600,0.02235096405358535,0.2549256055421381,0.4729923675906176,HYD_1537,17.20637749146326,78.46970523015942,0.24973106281365925,0.0,"{""type"":""MultiPoint"",""coordinates"":[]}"
00000000000000000601,0.002679804234426365,0.47274581282919453,0.21315315799170956,HYD_1538,17.20649600796746,78.47910165873225,0.3114212249446696,0.0,"{""type"":""MultiPoint"",""coordinates"":[]}"
00000000000000000602,0.034226667238559494,0.08607372568911532,0.37024454013289043,HYD_1539,17.20661194853065,78.48849698157515,0.5092648504096181,1.9021652981644101E-4,"{""type"":""MultiPoint"",""coordinates"":[]}"
00000000000000000603,0.04425480454693378,0.08888686756550102,0.5293085471038134,HYD_1540,17.20672935850874,78.49789378294568,0.33754978078375003,0.0,"{""type"":""MultiPoint"",""coordinates"":[]}"
00000000000000000604,0.06692248948841903,0.12821444072721205,0.38938266927784454,HYD_1541,17.206847149184505,78.5072895018258,0.4154804005065249,0.0,"{""type"":""MultiPoint"",""coordinates"":[]}"
00000000000000000605,0.0060354270842308,0.1093280580224522,0.509113748517904,HYD_1542,17.20696421847615,78.5166852219396,0.3744896349316289,0.0010331314437844097,"{""type"":""MultiPoint"",""coordinates"":[]}"
00000000000000000606,0.005322106186328532,0.05874004831769915,0.5377874013780876,HYD_1543,17.207079050165262,78.52608092423675,0.39815044411788514,0.0,"{""type"":""MultiPoint"",""coordinates"":[]}"
