system:index,distance_to_road_m,grid_id,latitude,longitude,.geo
00000000000000000000,333.2254971677553,HYD_0001,17.60310185050841,78.4171491484952,"{""type"":""MultiPoint"",""coordinates"":[]}"
00000000000000000001,158.43831124030217,HYD_0002,17.603224481347986,78.42656454231273,"{""type"":""MultiPoint"",""coordinates"":[]}"
00000000000000000002,258.50392871266405,HYD_0003,17.60334745656284,78.435981029435,"{""type"":""MultiPoint"",""coordinates"":[]}"
00000000000000000003,380.91247827826345,HYD_0004,17.60346936131066,78.44539642811792,"{""type"":""MultiPoint"",""coordinates"":[]}"
00000000000000000004,33.317588822607576,HYD_0005,17.60359047340871,78.45481181634253,"{""type"":""MultiPoint"",""coordinates"":[]}"
00000000000000000005,518.4899637268694,HYD_0006,17.6037105182521,78.46422834984592,"{""type"":""MultiPoint"",""coordinates"":[]}"
00000000000000000006,266.9372599873629,HYD_0007,17.6038305571507,78.47364484484892,"{""type"":""MultiPoint"",""coordinates"":[]}"
00000000000000000007,276.60007851565285,HYD_0008,17.603951674243344,78.4830602312184,"{""type"":""MultiPoint"",""coordinates"":[]}"
00000000000000000008,259.4998649163907,HYD_0009,17.604071687934944,78.49247675129256,"{""type"":""MultiPoint"",""coordinates"":[]}"
00000000000000000009,237.58102392090439,HYD_0010,17.593822417779542,78.39844768082557,"{""type"":""MultiPoint"",""coordinates"":[]}"
0000000000000000000a,203.5919798515367,HYD_0011,17.593947660531015,78.4078619228333,"{""type"":""MultiPoint"",""coordinates"":[]}"
0000000000000000000b,9.524067663700762,HYD_0012,17.594071816822737,78.41727733715226,"{""type"":""MultiPoint"",""coordinates"":[]}"
0000000000000000000c,961.3516533590865,HYD_0013,17.5941951447282,78.42669272012233,"{""type"":""MultiPoint"",""coordinates"":[]}"
0000000000000000000d,1091.5945027624716,HYD_0014,17.59431594378316,78.43610852026363,"{""type"":""MultiPoint"",""coordinates"":[]}"
0000000000000000000e,186.05930963520208,HYD_0015,17.594439269077416,78.44552312307432,"{""type"":""MultiPoint"",""coordinates"":[]}"
0000000000000000000f,645.0735862540191,HYD_0016,17.59456008822091,78.45493895685699,"{""type"":""MultiPoint"",""coordinates"":[]}"
00000000000000000010,161.93034662300974,HYD_0017,17.594681168929238,78.46435430402002,"{""type"":""MultiPoint"",""coordinates"":[]}"
00000000000000000011,408.87124460416175,HYD_0018,17.59480122703116,78.47377079564716,"{""type"":""MultiPoint"",""coordinates"":[]}"
00000000000000000012,84.16395305799213,HYD_0019,17.594921637501177,78.4831862204628,"{""type"":""MultiPoint"",""coordinates"":[]}"
00000000000000000013,18.66429363191378,HYD_0020,17.595042019862355,78.49260162725574,"{""type"":""MultiPoint"",""coordinates"":[]}"
00000000000000000014,1014.5010206570704,HYD_0021,17.59516167446683,78.50201850581078,"{""type"":""MultiPoint"",""coordinates"":[]}"
00000000000000000015,1101.347912489774,HYD_0022,17.595279102188247,78.51143310122376,"{""type"":""MultiPoint"",""coordinates"":[]}"
00000000000000000016,101.77899507057533,HYD_0023,17.595398718031092,78.52084999854905,"{""type"":""MultiPoint"",""coordinates"":[]}"
00000000000000000017,897.7458608511691,HYD_0024,17.59551723656233,78.53026650965616,"{""type"":""MultiPoint"",""coordinates"":[]}"
00000000000000000018,1644.552299385058,HYD_0025,17.584670129910307,78.38916159718804,"{""type"":""MultiPoint"",""coordinates"":[]}"
00000000000000000019,1005.3667418403826,HYD_0026,17.58479275643347,78.39857701841981,"{""type"":""MultiPoint"",""coordinates"":[]}"
0000000000000000001a,356.5438428524954,HYD_0027,17.584917608544835,78.40799017373814,"{""type"":""MultiPoint"",""coordinates"":[]}"
0000000000000000001b,243.2000579503206,HYD_0028,17.585042466844783,78.41740554019343,"{""type"":""MultiPoint"",""coordinates"":[]}"
0000000000000000001c,681.0607134157443,HYD_0029,17.585165091913517,78.42682094005409,"{""type"":""MultiPoint"",""coordinates"":[]}"
0000000000000000001d,277.92693344577464,HYD_0030,17.585285871873864,78.43623520546771,"{""type"":""MultiPoint"",""coordinates"":[]}"
0000000000000000001e,49.969626326182585,HYD_0031,17.585407794098337,78.44565061800485,"{""type"":""MultiPoint"",""coordinates"":[]}"
0000000000000000001f,162.19692216360042,HYD_0032,17.58553111036,78.4550659965373,"{""type"":""MultiPoint"",""coordinates"":[]}"
00000000000000000020,94.65082496558934,HYD_0033,17.585651132006713,78.46448028676369,"{""type"":""MultiPoint"",""coordinates"":[]}"
00000000000000000021,34.091132202436654,HYD_0034,17.58577155869844,78.47389568024911,"{""type"":""MultiPoint"",""coordinates"":[]}"
00000000000000000022,616.0635844685493,HYD_0035,17.585891951881486,78.48331107805902,"{""type"":""MultiPoint"",""coordinates"":[]}"
00000000000000000023,76.0151346195557,HYD_0036,17.586012340004,78.49272648101093,"{""type"":""MultiPoint"",""coordinates"":[]}"
00000000000000000024,515.0611117490962,HYD_0037,17.58613049173897,78.50214186643697,"{""type"":""MultiPoint"",""coordinates"":[]}"
00000000000000000025,1160.6139492178704,HYD_0038,17.58624867383253,78.51155723214349,"{""type"":""MultiPoint"",""coordinates"":[]}"
00000000000000000026,165.10655476243292,HYD_0039,17.58636832573611,78.52097412445673,"{""type"":""MultiPoint"",""coordinates"":[]}"
00000000000000000027,830.142392813427,HYD_0040,17.586485737933316,78.53038877709804,"{""type"":""MultiPoint"",""coordinates"":[]}"
00000000000000000028,1825.5152667768782,HYD_0041,17.586603525097715,78.53980452567879,"{""type"":""MultiPoint"",""coordinates"":[]}"
00000000000000000029,2049.528308451203,HYD_0042,17.58671874469317,78.5492199268524,"{""type"":""MultiPoint"",""coordinates"":[]}"
0000000000000000002a,1083.8514364590415,HYD_0043,17.586836514912747,78.55863569362371,"{""type"":""MultiPoint"",""coordinates"":[]}"
0000000000000000002b,1817.401703389803,HYD_0044,17.5755174485385,78.37987663380144,"{""type"":""MultiPoint"",""coordinates"":[]}"
0000000000000000002c,1941.9062367262707,HYD_0045,17.575640820638455,78.38929202888433,"{""type"":""MultiPoint"",""coordinates"":[]}"
0000000000000000002d,1764.1589323847084,HYD_0046,17.575763083636765,78.39870631848574,"{""type"":""MultiPoint"",""coordinates"":[]}"
0000000000000000002e,1074.6296551360801,HYD_0047,17.57588792526824,78.40811948385753,"{""type"":""MultiPoint"",""coordinates"":[]}"
0000000000000000002f,287.44537116541585,HYD_0048,17.576012035403892,78.41753413684448,"{""type"":""MultiPoint"",""coordinates"":[]}"
00000000000000000030,69.76155298061244,HYD_0049,17.576134292384424,78.42694766496187,"{""type"":""MultiPoint"",""coordinates"":[]}"
00000000000000000031,713.574098489395,HYD_0050,17.576255476864265,78.43636231729874,"{""type"":""MultiPoint"",""coordinates"":[]}"
00000000000000000032,907.0951781410384,HYD_0051,17.57637880885358,78.44577767661619,"{""type"":""MultiPoint"",""coordinates"":[]}"
00000000000000000033,1159.339153155687,HYD_0052,17.576501070969723,78.45519196144232,"{""type"":""MultiPoint"",""coordinates"":[]}"
00000000000000000034,1093.935173958101,HYD_0053,17.57662112838026,78.46460627763643,"{""type"":""MultiPoint"",""coordinates"":[]}"
00000000000000000035,378.54224707506944,HYD_0054,17.576742238610038,78.47402164446211,"{""type"":""MultiPoint"",""coordinates"":[]}"
00000000000000000036,565.3354484646454,HYD_0055,17.576862263815176,78.48343595102892,"{""type"":""MultiPoint"",""coordinates"":[]}"
00000000000000000037,190.2408926417658,HYD_0056,17.57698155561611,78.49285172084367,"{""type"":""MultiPoint"",""coordinates"":[]}"
00000000000000000038,47.60617336477351,HYD_0057,17.57709970152834,78.5022663367129,"{""type"":""MultiPoint"",""coordinates"":[]}"
00000000000000000039,788.3353450601795,HYD_0058,17.577219338640802,78.51168099803705,"{""type"":""MultiPoint"",""coordinates"":[]}"
0000000000000000003a,169.07684137749098,HYD_0059,17.57733680967052,78.5210963889751,"{""type"":""MultiPoint"",""coordinates"":[]}"
0000000000000000003b,823.4862235387601,HYD_0060,17.577455666362706,78.53051174740453,"{""type"":""MultiPoint"",""coordinates"":[]}"
0000000000000000003c,1394.0540002930431,HYD_0061,17.57757348250577,78.53992600922149,"{""type"":""MultiPoint"",""coordinates"":[]}"
0000000000000000003d,1358.191311468829,HYD_0062,17.577689423716023,78.5493414079902,"{""type"":""MultiPoint"",""coordinates"":[]}"
0000000000000000003e,956.2655218719971,HYD_0063,17.57780535424635,78.55875682661879,"{""type"":""MultiPoint"",""coordinates"":[]}"
0000000000000000003f,514.337238006031,HYD_0064,17.57792129283025,78.56817221188997,"{""type"":""MultiPoint"",""coordinates"":[]}"
00000000000000000040,456.5664760383575,HYD_0065,17.578037249137036,78.57758761692354,"{""type"":""MultiPoint"",""coordinates"":[]}"
00000000000000000041,318.7989558050309,HYD_0066,17.578153180094557,78.58700300696319,"{""type"":""MultiPoint"",""coordinates"":[]}"
00000000000000000042,426.2137780706709,HYD_0067,17.578268353832513,78.59641990186236,"{""type"":""MultiPoint"",""coordinates"":[]}"
00000000000000000043,948.5462991105093,HYD_0068,17.578381339703657,78.60583451242371,"{""type"":""MultiPoint"",""coordinates"":[]}"
00000000000000000044,1345.9317837167328,HYD_0069,17.565857175802567,78.33294123194425,"{""type"":""MultiPoint"",""coordinates"":[]}"
00000000000000000045,1830.6885290896264,HYD_0070,17.565984256590287,78.34235441277227,"{""type"":""MultiPoint"",""coordinates"":[]}"
00000000000000000046,2580.1940267870323,HYD_0071,17.56610912455833,78.35176756863382,"{""type"":""MultiPoint"",""coordinates"":[]}"
00000000000000000047,1899.3358080817418,HYD_0072,17.566236224578997,78.361180744498,"{""type"":""MultiPoint"",""coordinates"":[]}"
00000000000000000048,820.0971773787683,HYD_0073,17.566488503043363,78.38000817905987,"{""type"":""MultiPoint"",""coordinates"":[]}"
00000000000000000049,981.8263727595566,HYD_0074,17.566610782355408,78.38942248684701,"{""type"":""MultiPoint"",""coordinates"":[]}"
0000000000000000004a,996.2741381486709,HYD_0075,17.566733386881264,78.39883562599661,"{""type"":""MultiPoint"",""coordinates"":[]}"
0000000000000000004b,901.3531801467755,HYD_0076,17.566858254068503,78.40824877955703,"{""type"":""MultiPoint"",""coordinates"":[]}"
0000000000000000004c,378.52431449360165,HYD_0077,17.566980894543462,78.41766194666175,"{""type"":""MultiPoint"",""coordinates"":[]}"
0000000000000000004d,203.9254327664064,HYD_0078,17.567103507961328,78.42707510291777,"{""type"":""MultiPoint"",""coordinates"":[]}"
0000000000000000004e,989.4415991741976,HYD_0079,17.567226491349537,78.4364893740968,"{""type"":""MultiPoint"",""coordinates"":[]}"
0000000000000000004f,1372.0521214173748,HYD_0080,17.56734876266658,78.44590364553699,"{""type"":""MultiPoint"",""coordinates"":[]}"
00000000000000000050,993.3862515620615,HYD_0081,17.56747102475775,78.4553179786137,"{""type"":""MultiPoint"",""coordinates"":[]}"
00000000000000000051,807.0458129005777,HYD_0082,17.5675921527289,78.46473334083542,"{""type"":""MultiPoint"",""coordinates"":[]}"
00000000000000000052,571.3621614919937,HYD_0083,17.567712215961233,78.47414762352567,"{""type"":""MultiPoint"",""coordinates"":[]}"
00000000000000000053,289.63788938572634,HYD_0084,17.567832570838934,78.48356076494143,"{""type"":""MultiPoint"",""coordinates"":[]}"
00000000000000000054,7.518236483296895,HYD_0085,17.56795108015855,78.4929750369072,"{""type"":""MultiPoint"",""coordinates"":[]}"
00000000000000000055,591.796084311773,HYD_0086,17.56806853915573,78.50239044768749,"{""type"":""MultiPoint"",""coordinates"":[]}"
00000000000000000056,122.6031430835248,HYD_0087,17.568189292262396,78.51180472591675,"{""type"":""MultiPoint"",""coordinates"":[]}"
00000000000000000057,23.395446968583734,HYD_0088,17.56830783131908,78.52121897686234,"{""type"":""MultiPoint"",""coordinates"":[]}"
00000000000000000058,336.25204605012055,HYD_0089,17.568424535007587,78.53063362827326,"{""type"":""MultiPoint"",""coordinates"":[]}"
00000000000000000059,461.432908817291,HYD_0090,17.568542311148146,78.54004714337353,"{""type"":""MultiPoint"",""coordinates"":[]}"
0000000000000000005a,560.6613174891385,HYD_0091,17.56866009500062,78.54946291052075,"{""type"":""MultiPoint"",""coordinates"":[]}"
0000000000000000005b,18.62946944006661,HYD_0092,17.568775695776676,78.5588772161333,"{""type"":""MultiPoint"",""coordinates"":[]}"
0000000000000000005c,278.7451495504749,HYD_0093,17.568891628486714,78.56829261289414,"{""type"":""MultiPoint"",""coordinates"":[]}"
0000000000000000005d,783.6422599177424,HYD_0094,17.56900755604992,78.57770799068616,"{""type"":""MultiPoint"",""coordinates"":[]}"
0000000000000000005e,112.14197952611755,HYD_0095,17.569122392308543,78.58712377817756,"{""type"":""MultiPoint"",""coordinates"":[]}"
0000000000000000005f,1069.135059606703,HYD_0096,17.569236077964913,78.59653842281168,"{""type"":""MultiPoint"",""coordinates"":[]}"
00000000000000000060,1794.6011560335785,HYD_0097,17.569351251688452,78.60595306123679,"{""type"":""MultiPoint"",""coordinates"":[]}"
00000000000000000061,1237.4515303035973,HYD_0098,17.569464262273204,78.6153684611338,"{""type"":""MultiPoint"",""coordinates"":[]}"
00000000000000000062,262.8033958934147,HYD_0099,17.569577579180667,78.62478424105198,"{""type"":""MultiPoint"",""coordinates"":[]}"
00000000000000000063,1246.0663941427938,HYD_0100,17.556189880329654,78.28600920863883,"{""type"":""MultiPoint"",""coordinates"":[]}"
00000000000000000064,1105.1795638832782,HYD_0101,17.556318035856094,78.29542197860081,"{""type"":""MultiPoint"",""coordinates"":[]}"
00000000000000000065,674.1136043415338,HYD_0102,17.556445143590437,78.30483590891266,"{""type"":""MultiPoint"",""coordinates"":[]}"
00000000000000000066,297.36561873843635,HYD_0103,17.556573335463327,78.31424871290127,"{""type"":""MultiPoint"",""coordinates"":[]}"
00000000000000000067,306.1000129989013,HYD_0104,17.556700788481166,78.32366073429992,"{""type"":""MultiPoint"",""coordinates"":[]}"
00000000000000000068,418.2793354417994,HYD_0105,17.556827522043626,78.33307279269816,"{""type"":""MultiPoint"",""coordinates"":[]}"
00000000000000000069,1309.483712943126,HYD_0106,17.556954604521994,78.34248595391533,"{""type"":""MultiPoint"",""coordinates"":[]}"
0000000000000000006a,1710.4258756878753,HYD_0107,17.55708056161127,78.3518987492598,"{""type"":""MultiPoint"",""coordinates"":[]}"
0000000000000000006b,1367.9516950375319,HYD_0108,17.557207662160287,78.36131268513476,"{""type"":""MultiPoint"",""coordinates"":[]}"
0000000000000000006c,747.4437058101623,HYD_0109,17.557333594297184,78.37072544338761,"{""type"":""MultiPoint"",""coordinates"":[]}"
0000000000000000006d,177.33229482664552,HYD_0110,17.557458471951886,78.38013861373143,"{""type"":""MultiPoint"",""coordinates"":[]}"
0000000000000000006e,45.67071236139275,HYD_0111,17.557581094632745,78.38955176871904,"{""type"":""MultiPoint"",""coordinates"":[]}"
0000000000000000006f,23.516468280556367,HYD_0112,17.557703733315257,78.39896493336282,"{""type"":""MultiPoint"",""coordinates"":[]}"
00000000000000000070,94.06306510821136,HYD_0113,17.557828604068828,78.40837808285534,"{""type"":""MultiPoint"",""coordinates"":[]}"
00000000000000000071,257.4787856353782,HYD_0114,17.557951219857,78.41779124409129,"{""type"":""MultiPoint"",""coordinates"":[]}"
00000000000000000072,152.66248238720397,HYD_0115,17.55807382354184,78.42720442586398,"{""type"":""MultiPoint"",""coordinates"":[]}"
00000000000000000073,235.7715225819532,HYD_0116,17.558196436413176,78.43661757418121,"{""type"":""MultiPoint"",""coordinates"":[]}"
00000000000000000074,415.23063194714297,HYD_0117,17.55831796647466,78.44603112649952,"{""type"":""MultiPoint"",""coordinates"":[]}"
00000000000000000075,48.04616628962358,HYD_0118,17.55844093271277,78.45544461673168,"{""type"":""MultiPoint"",""coordinates"":[]}"
00000000000000000076,181.18395225823554,HYD_0119,17.558562115484758,78.46485931712593,"{""type"":""MultiPoint"",""coordinates"":[]}"
00000000000000000077,291.1143310947954,HYD_0120,17.55868252458045,78.47427244828356,"{""type"":""MultiPoint"",""coordinates"":[]}"
00000000000000000078,388.4495998634542,HYD_0121,17.558801797171796,78.48368597251938,"{""type"":""MultiPoint"",""coordinates"":[]}"
00000000000000000079,58.00886655179164,HYD_0122,17.55891991338633,78.49309838708598,"{""type"":""MultiPoint"",""coordinates"":[]}"
0000000000000000007a,52.3281652302999,HYD_0123,17.559039561090113,78.5025130584123,"{""type"":""MultiPoint"",""coordinates"":[]}"
0000000000000000007b,529.8968542598459,HYD_0124,17.559158142823172,78.51192885506146,"{""type"":""MultiPoint"",""coordinates"":[]}"
0000000000000000007c,16.877959177492,HYD_0125,17.559276662903933,78.52134233614284,"{""type"":""MultiPoint"",""coordinates"":[]}"
0000000000000000007d,197.95605902582108,HYD_0126,17.559393736897274,78.53075589030496,"{""type"":""MultiPoint"",""coordinates"":[]}"
0000000000000000007e,476.93972034351816,HYD_0127,17.55951112895936,78.54017053791435,"{""type"":""MultiPoint"",""coordinates"":[]}"
0000000000000000007f,94.63254827850591,HYD_0128,17.559628945646132,78.54958406934435,"{""type"":""MultiPoint"",""coordinates"":[]}"
00000000000000000080,160.84063116152208,HYD_0129,17.559745653020222,78.55899873503074,"{""type"":""MultiPoint"",""coordinates"":[]}"
00000000000000000081,92.04936318991017,HYD_0130,17.559861188359175,78.56841447122146,"{""type"":""MultiPoint"",""coordinates"":[]}"
00000000000000000082,215.88517722391805,HYD_0131,17.559975637697605,78.57782837901836,"{""type"":""MultiPoint"",""coordinates"":[]}"
00000000000000000083,505.92394843716,HYD_0132,17.56009081888807,78.58724227582816,"{""type"":""MultiPoint"",""coordinates"":[]}"
00000000000000000084,1349.5674936922485,HYD_0133,17.56020493298845,78.59665809557518,"{""type"":""MultiPoint"",""coordinates"":[]}"
00000000000000000085,1642.133047479334,HYD_0134,17.56032010074319,78.6060727294006,"{""type"":""MultiPoint"",""coordinates"":[]}"
00000000000000000086,1273.442322932451,HYD_0135,17.560434140673667,78.6154862264686,"{""type"":""MultiPoint"",""coordinates"":[]}"
00000000000000000087,286.1007774517313,HYD_0136,17.56054605488679,78.62490202818702,"{""type"":""MultiPoint"",""coordinates"":[]}"
00000000000000000088,1183.19796343224,HYD_0137,17.54650948466101,78.2390871875539,"{""type"":""MultiPoint"",""coordinates"":[]}"
00000000000000000089,1480.355842402581,HYD_0138,17.54663921610072,78.24849777121493,"{""type"":""MultiPoint"",""coordinates"":[]}"
0000000000000000008a,512.3553501012884,HYD_0139,17.546771501345898,78.25790945580336,"{""type"":""MultiPoint"",""coordinates"":[]}"
0000000000000000008b,464.69883926389224,HYD_0140,17.546901554903428,78.26732111513186,"{""type"":""MultiPoint"",""coordinates"":[]}"
0000000000000000008c,301.0397312153739,HYD_0141,17.5470305243455,78.27673315214798,"{""type"":""MultiPoint"",""coordinates"":[]}"
0000000000000000008d,274.6896241554771,HYD_0142,17.54716054509241,78.28614405447837,"{""type"":""MultiPoint"",""coordinates"":[]}"
0000000000000000008e,300.4364786968483,HYD_0143,17.547289477055713,78.29555611555024,"{""type"":""MultiPoint"",""coordinates"":[]}"
0000000000000000008f,250.6380643995808,HYD_0144,17.5474165593197,78.30496929101274,"{""type"":""MultiPoint"",""coordinates"":[]}"
00000000000000000090,629.5340438475706,HYD_0145,17.547544020522675,78.31438134351957,"{""type"":""MultiPoint"",""coordinates"":[]}"
00000000000000000091,693.1596239394177,HYD_0146,17.547671495348414,78.32379193572872,"{""type"":""MultiPoint"",""coordinates"":[]}"
00000000000000000092,732.1590445498795,HYD_0147,17.547798967245043,78.33320474725173,"{""type"":""MultiPoint"",""coordinates"":[]}"
00000000000000000093,1440.7854460473804,HYD_0148,17.547924929721106,78.34261750272947,"{""type"":""MultiPoint"",""coordinates"":[]}"
00000000000000000094,1091.4061298723425,HYD_0149,17.54805236505125,78.3520295467148,"{""type"":""MultiPoint"",""coordinates"":[]}"
00000000000000000095,369.4000233357115,HYD_0150,17.548179058282784,78.36144160190456,"{""type"":""MultiPoint"",""coordinates"":[]}"
00000000000000000096,1038.944403447585,HYD_0151,17.548303914588484,78.3708547646274,"{""type"":""MultiPoint"",""coordinates"":[]}"
00000000000000000097,1062.132403764342,HYD_0152,17.548428780853985,78.38026791494704,"{""type"":""MultiPoint"",""coordinates"":[]}"
00000000000000000098,923.4640997640929,HYD_0153,17.548551421024722,78.38968108174048,"{""type"":""MultiPoint"",""coordinates"":[]}"
00000000000000000099,656.4358685079302,HYD_0154,17.548674412134314,78.39909313125935,"{""type"":""MultiPoint"",""coordinates"":[]}"
0000000000000000009a,231.36239602116456,HYD_0155,17.54879891143233,78.40850515773825,"{""type"":""MultiPoint"",""coordinates"":[]}"
0000000000000000009b,86.09155075196941,HYD_0156,17.548921539383326,78.41791833690208,"{""type"":""MultiPoint"",""coordinates"":[]}"
0000000000000000009c,152.6276052420676,HYD_0157,17.54904414108751,78.42733152081398,"{""type"":""MultiPoint"",""coordinates"":[]}"
0000000000000000009d,68.83576913094316,HYD_0158,17.549166758388733,78.43674466520194,"{""type"":""MultiPoint"",""coordinates"":[]}"
0000000000000000009e,561.7336494883173,HYD_0159,17.549287171189132,78.44615781210382,"{""type"":""MultiPoint"",""coordinates"":[]}"
0000000000000000009f,23.45101321649495,HYD_0160,17.549408695665967,78.45557137600602,"{""type"":""MultiPoint"",""coordinates"":[]}"
000000000000000000a0,616.5036871896945,HYD_0161,17.54953131118665,78.46498377555439,"{""type"":""MultiPoint"",""coordinates"":[]}"
000000000000000000a1,869.2414228052104,HYD_0162,17.549651730997795,78.47439768911289,"{""type"":""MultiPoint"",""coordinates"":[]}"
000000000000000000a2,976.4555777473439,HYD_0163,17.549769884738293,78.48381006532676,"{""type"":""MultiPoint"",""coordinates"":[]}"
000000000000000000a3,15.267728186987654,HYD_0164,17.54988915525159,78.49322364045914,"{""type"":""MultiPoint"",""coordinates"":[]}"
000000000000000000a4,946.0709684836189,HYD_0165,17.550009545492557,78.50263682654308,"{""type"":""MultiPoint"",""coordinates"":[]}"
000000000000000000a5,1255.9565973055444,HYD_0166,17.550128057274417,78.51205106785035,"{""type"":""MultiPoint"",""coordinates"":[]}"
000000000000000000a6,992.1437512085967,HYD_0167,17.55024586059235,78.52146536000654,"{""type"":""MultiPoint"",""coordinates"":[]}"
000000000000000000a7,540.7696478335032,HYD_0168,17.550364036664266,78.53087851496088,"{""type"":""MultiPoint"",""coordinates"":[]}"
000000000000000000a8,83.78626905585556,HYD_0169,17.5504799639144,78.54029169366748,"{""type"":""MultiPoint"",""coordinates"":[]}"
000000000000000000a9,679.7221429124756,HYD_0170,17.550596668600456,78.54970637170624,"{""type"":""MultiPoint"",""coordinates"":[]}"
000000000000000000aa,441.2839139916094,HYD_0171,17.550714420316023,78.55912133446253,"{""type"":""MultiPoint"",""coordinates"":[]}"
000000000000000000ab,92.01040491706432,HYD_0172,17.550828881728634,78.56853524243876,"{""type"":""MultiPoint"",""coordinates"":[]}"
000000000000000000ac,117.1300222949266,HYD_0173,17.550943735328175,78.57794879628719,"{""type"":""MultiPoint"",""coordinates"":[]}"
000000000000000000ad,175.5745438405668,HYD_0174,17.551059687133836,78.58736195970273,"{""type"":""MultiPoint"",""coordinates"":[]}"
000000000000000000ae,439.17574429344023,HYD_0175,17.551174867810353,78.59677659695143,"{""type"":""MultiPoint"",""coordinates"":[]}"
000000000000000000af,643.116614296409,HYD_0176,17.55128782319929,78.60619122458712,"{""type"":""MultiPoint"",""coordinates"":[]}"
000000000000000000b0,928.85004136749,HYD_0177,17.55140189516244,78.61560627718418,"{""type"":""MultiPoint"",""coordinates"":[]}"
000000000000000000b1,455.56335345321384,HYD_0178,17.551515941062622,78.62501977451866,"{""type"":""MultiPoint"",""coordinates"":[]}"
000000000000000000b2,529.6834770256942,HYD_0179,17.55162821540411,78.63443444931252,"{""type"":""MultiPoint"",""coordinates"":[]}"
000000000000000000b3,265.20296564864674,HYD_0180,17.537479115158007,78.239223212965,"{""type"":""MultiPoint"",""coordinates"":[]}"
000000000000000000b4,661.3512370864653,HYD_0181,17.537611400982993,78.24863414819143,"{""type"":""MultiPoint"",""coordinates"":[]}"
000000000000000000b5,607.3081711696801,HYD_0182,17.537742211492905,78.25804509206911,"{""type"":""MultiPoint"",""coordinates"":[]}"
000000000000000000b6,302.0078538269064,HYD_0183,17.53787222760345,78.26745599159287,"{""type"":""MultiPoint"",""coordinates"":[]}"
000000000000000000b7,621.4388344908086,HYD_0184,17.538001192026638,78.2768680609508,"{""type"":""MultiPoint"",""coordinates"":[]}"
000000000000000000b8,695.4282028029849,HYD_0185,17.538130504669976,78.2862789650833,"{""type"":""MultiPoint"",""coordinates"":[]}"
000000000000000000b9,591.5883512830055,HYD_0186,17.53825981419916,78.29568989558886,"{""type"":""MultiPoint"",""coordinates"":[]}"
000000000000000000ba,1097.0436631878938,HYD_0187,17.538387997710743,78.30510268065385,"{""type"":""MultiPoint"",""coordinates"":[]}"
000000000000000000bb,1554.3229261462843,HYD_0188,17.538515113546882,78.3145143880432,"{""type"":""MultiPoint"",""coordinates"":[]}"
000000000000000000bc,1692.2933535084398,HYD_0189,17.538643325273124,78.32392494013307,"{""type"":""MultiPoint"",""coordinates"":[]}"
000000000000000000bd,1701.2872798622454,HYD_0190,17.53877074173941,78.33333696730057,"{""type"":""MultiPoint"",""coordinates"":[]}"
000000000000000000be,1749.627413335113,HYD_0191,17.53889522504115,78.34274903706097,"{""type"":""MultiPoint"",""coordinates"":[]}"
000000000000000000bf,896.3956299627339,HYD_0192,17.539021962628652,78.35216110488933,"{""type"":""MultiPoint"",""coordinates"":[]}"
000000000000000000c0,157.39794846068258,HYD_0193,17.539149756944205,78.36157200967443,"{""type"":""MultiPoint"",""coordinates"":[]}"
000000000000000000c1,257.8720695271839,HYD_0194,17.53927424920601,78.3709840714251,"{""type"":""MultiPoint"",""coordinates"":[]}"
000000000000000000c2,71.87709407038481,HYD_0195,17.53939911237893,78.38039722372181,"{""type"":""MultiPoint"",""coordinates"":[]}"
000000000000000000c3,241.8802384823221,HYD_0196,17.539521763555612,78.38981039294062,"{""type"":""MultiPoint"",""coordinates"":[]}"
000000000000000000c4,158.7926862593585,HYD_0197,17.539644383250582,78.3992213347634,"{""type"":""MultiPoint"",""coordinates"":[]}"
000000000000000000c5,157.717177259651,HYD_0198,17.539769213705075,78.40863226941781,"{""type"":""MultiPoint"",""coordinates"":[]}"
000000000000000000c6,787.3159530155602,HYD_0199,17.539891859088705,78.41804542975784,"{""type"":""MultiPoint"",""coordinates"":[]}"
000000000000000000c7,564.1076082210885,HYD_0200,17.54001447303215,78.42745860150029,"{""type"":""MultiPoint"",""coordinates"":[]}"
000000000000000000c8,43.712668057332806,HYD_0201,17.540137102745128,78.43687176390289,"{""type"":""MultiPoint"",""coordinates"":[]}"
000000000000000000c9,947.700187975304,HYD_0202,17.54025785298955,78.44628378263488,"{""type"":""MultiPoint"",""coordinates"":[]}"
000000000000000000ca,736.0438033694546,HYD_0203,17.54037790025738,78.45569583859881,"{""type"":""MultiPoint"",""coordinates"":[]}"
000000000000000000cb,345.0832091960465,HYD_0204,17.540499397310953,78.46510940540371,"{""type"":""MultiPoint"",""coordinates"":[]}"
000000000000000000cc,103.02726126024237,HYD_0205,17.540619791184344,78.47452179332612,"{""type"":""MultiPoint"",""coordinates"":[]}"
000000000000000000cd,198.22752295022124,HYD_0206,17.540739091181774,78.48393532350714,"{""type"":""MultiPoint"",""coordinates"":[]}"
000000000000000000ce,202.79822710542393,HYD_0207,17.54085946867407,78.49334849355083,"{""type"":""MultiPoint"",""coordinates"":[]}"
000000000000000000cf,1164.834490066045,HYD_0208,17.5409787630896,78.50276206183847,"{""type"":""MultiPoint"",""coordinates"":[]}"
000000000000000000d0,660.9547510923015,HYD_0209,17.54109690384284,78.51217442277883,"{""type"":""MultiPoint"",""coordinates"":[]}"
000000000000000000d1,723.5206268687867,HYD_0210,17.541215080291742,78.52158837612377,"{""type"":""MultiPoint"",""coordinates"":[]}"
000000000000000000d2,1.3181522372157632,HYD_0211,17.541333229751757,78.53100075471554,"{""type"":""MultiPoint"",""coordinates"":[]}"
000000000000000000d3,413.0252536076444,HYD_0212,17.54145031498705,78.54041431465838,"{""type"":""MultiPoint"",""coordinates"":[]}"
000000000000000000d4,112.93889389181722,HYD_0213,17.541566581222575,78.54982858250587,"{""type"":""MultiPoint"",""coordinates"":[]}"
000000000000000000d5,241.06592018646882,HYD_0214,17.541682144899067,78.55924284586703,"{""type"":""MultiPoint"",""coordinates"":[]}"
000000000000000000d6,404.71698180594234,HYD_0215,17.541798090697203,78.56865602124267,"{""type"":""MultiPoint"",""coordinates"":[]}"
000000000000000000d7,410.61092091989815,HYD_0216,17.541914048450028,78.57806919155806,"{""type"":""MultiPoint"",""coordinates"":[]}"
000000000000000000d8,804.6450467636171,HYD_0217,17.542028891592206,78.5874827517296,"{""type"":""MultiPoint"",""coordinates"":[]}"
000000000000000000d9,477.12861512401685,HYD_0218,17.54214255985908,78.59689510333509,"{""type"":""MultiPoint"",""coordinates"":[]}"
000000000000000000da,350.4551848854066,HYD_0219,17.542257761024548,78.60630974381193,"{""type"":""MultiPoint"",""coordinates"":[]}"
000000000000000000db,25.488194713854796,HYD_0220,17.542371111085238,78.61572404714565,"{""type"":""MultiPoint"",""coordinates"":[]}"
000000000000000000dc,616.3383506221352,HYD_0221,17.54248371015262,78.62513761364123,"{""type"":""MultiPoint"",""coordinates"":[]}"
000000000000000000dd,382.49325595844317,HYD_0222,17.542597049263104,78.63455112469487,"{""type"":""MultiPoint"",""coordinates"":[]}"
000000000000000000de,480.784261173894,HYD_0223,17.528450887060252,78.23935993586458,"{""type"":""MultiPoint"",""coordinates"":[]}"
000000000000000000df,256.05292149086245,HYD_0224,17.528582471185103,78.24877164394442,"{""type"":""MultiPoint"",""coordinates"":[]}"
000000000000000000e0,140.0989693717512,HYD_0225,17.52871323922994,78.25818108544884,"{""type"":""MultiPoint"",""coordinates"":[]}"
000000000000000000e1,396.23710136752527,HYD_0226,17.52884183891538,78.26759203895217,"{""type"":""MultiPoint"",""coordinates"":[]}"
000000000000000000e2,833.8628489514596,HYD_0227,17.528971851898635,78.27700293238105,"{""type"":""MultiPoint"",""coordinates"":[]}"
000000000000000000e3,1499.274360742834,HYD_0228,17.52910046495863,78.28641387557657,"{""type"":""MultiPoint"",""coordinates"":[]}"
000000000000000000e4,1567.9800716800496,HYD_0229,17.529230505472533,78.29582477218746,"{""type"":""MultiPoint"",""coordinates"":[]}"
000000000000000000e5,1905.5022806123254,HYD_0230,17.529359812479886,78.305235708408,"{""type"":""MultiPoint"",""coordinates"":[]}"
000000000000000000e6,2479.082668529527,HYD_0231,17.529486186745295,78.31464669063735,"{""type"":""MultiPoint"",""coordinates"":[]}"
000000000000000000e7,2691.5548875140967,HYD_0232,17.529613993234232,78.32405758708947,"{""type"":""MultiPoint"",""coordinates"":[]}"
000000000000000000e8,2382.8921998843157,HYD_0233,17.529740372465607,78.33346852687389,"{""type"":""MultiPoint"",""coordinates"":[]}"
000000000000000000e9,1412.361069197874,HYD_0234,17.529866687944573,78.3428801924047,"{""type"":""MultiPoint"",""coordinates"":[]}"
000000000000000000ea,449.0924698362989,HYD_0235,17.52999412017489,78.35229301341502,"{""type"":""MultiPoint"",""coordinates"":[]}"
000000000000000000eb,292.2785498065359,HYD_0236,17.530119365766794,78.36170355501906,"{""type"":""MultiPoint"",""coordinates"":[]}"
000000000000000000ec,662.5047640997755,HYD_0237,17.53024493708985,78.37111445885147,"{""type"":""MultiPoint"",""coordinates"":[]}"
000000000000000000ed,654.451959929767,HYD_0238,17.53036943667869,78.38052654054654,"{""type"":""MultiPoint"",""coordinates"":[]}"
000000000000000000ee,735.8125126750599,HYD_0239,17.530492085029874,78.3899397116661,"{""type"":""MultiPoint"",""coordinates"":[]}"
000000000000000000ef,675.7522870243399,HYD_0240,17.53061470817966,78.39935064943121,"{""type"":""MultiPoint"",""coordinates"":[]}"
000000000000000000f0,556.9052477236033,HYD_0241,17.530739549439925,78.40876157094604,"{""type"":""MultiPoint"",""coordinates"":[]}"
000000000000000000f1,51.86534400050192,HYD_0242,17.53086217932918,78.41817476367905,"{""type"":""MultiPoint"",""coordinates"":[]}"
000000000000000000f2,627.901172032356,HYD_0243,17.530985179903716,78.4275867998835,"{""type"":""MultiPoint"",""coordinates"":[]}"
000000000000000000f3,290.15842173884937,HYD_0244,17.531107425611193,78.43699885456213,"{""type"":""MultiPoint"",""coordinates"":[]}"
000000000000000000f4,610.3945401829731,HYD_0245,17.53122744480468,78.44641088866166,"{""type"":""MultiPoint"",""coordinates"":[]}"
000000000000000000f5,1447.5539005693222,HYD_0246,17.53134855972743,78.45582181874141,"{""type"":""MultiPoint"",""coordinates"":[]}"
000000000000000000f6,1307.8111232656183,HYD_0247,17.531468608012943,78.4652338641309,"{""type"":""MultiPoint"",""coordinates"":[]}"
000000000000000000f7,1075.1432892654711,HYD_0248,17.531589007243408,78.4746470409474,"{""type"":""MultiPoint"",""coordinates"":[]}"
000000000000000000f8,433.77629455883215,HYD_0249,17.531709399656297,78.48406018023213,"{""type"":""MultiPoint"",""coordinates"":[]}"
000000000000000000f9,499.87834452295664,HYD_0250,17.53182978277403,78.49347334644426,"{""type"":""MultiPoint"",""coordinates"":[]}"
000000000000000000fa,1155.217958259692,HYD_0251,17.531948316963167,78.50288539387321,"{""type"":""MultiPoint"",""coordinates"":[]}"
000000000000000000fb,361.46013589334086,HYD_0252,17.532066140909542,78.51229746528965,"{""type"":""MultiPoint"",""coordinates"":[]}"
000000000000000000fc,351.89642947494866,HYD_0253,17.53218428953526,78.52171061161586,"{""type"":""MultiPoint"",""coordinates"":[]}"
000000000000000000fd,371.27251971074503,HYD_0254,17.532301355028313,78.53112415285484,"{""type"":""MultiPoint"",""coordinates"":[]}"
000000000000000000fe,704.6298021104715,HYD_0255,17.532419523677536,78.54053655699042,"{""type"":""MultiPoint"",""coordinates"":[]}"
000000000000000000ff,76.74493591464193,HYD_0256,17.53253655307694,78.54995009689648,"{""type"":""MultiPoint"",""coordinates"":[]}"
00000000000000000100,341.4687301461781,HYD_0257,17.532652493572186,78.55936324194181,"{""type"":""MultiPoint"",""coordinates"":[]}"
00000000000000000101,158.9134931067242,HYD_0258,17.532768424545853,78.56877640617921,"{""type"":""MultiPoint"",""coordinates"":[]}"
00000000000000000102,185.5881975321185,HYD_0259,17.532883257208354,78.57818995960722,"{""type"":""MultiPoint"",""coordinates"":[]}"
00000000000000000103,597.7828567997785,HYD_0260,17.532996948335807,78.58760234799777,"{""type"":""MultiPoint"",""coordinates"":[]}"
00000000000000000104,683.0838725933835,HYD_0261,17.53311176766266,78.59701591301355,"{""type"":""MultiPoint"",""coordinates"":[]}"
00000000000000000105,109.8605120024909,HYD_0262,17.53322661861507,78.60642944896207,"{""type"":""MultiPoint"",""coordinates"":[]}"
00000000000000000106,550.0101051739094,HYD_0263,17.533340305795104,78.61584182482201,"{""type"":""MultiPoint"",""coordinates"":[]}"
00000000000000000107,230.40713278770946,HYD_0264,17.53345290794798,78.62525539387849,"{""type"":""MultiPoint"",""coordinates"":[]}"
00000000000000000108,162.83872514169335,HYD_0265,17.533565877946305,78.6346700697182,"{""type"":""MultiPoint"",""coordinates"":[]}"
00000000000000000109,1145.6490792179484,HYD_0266,17.519423805790844,78.23949782918456,"{""type"":""MultiPoint"",""coordinates"":[]}"
0000000000000000010a,1173.4972106854466,HYD_0267,17.519553876074724,78.2489072791803,"{""type"":""MultiPoint"",""coordinates"":[]}"
0000000000000000010b,812.8538227135174,HYD_0268,17.51968284342951,78.25831709973302,"{""type"":""MultiPoint"",""coordinates"":[]}"
0000000000000000010c,550.2152790723297,HYD_0269,17.51981396789332,78.26772761155136,"{""type"":""MultiPoint"",""coordinates"":[]}"
0000000000000000010d,124.31244108112928,HYD_0270,17.51994406297343,78.2771378333428,"{""type"":""MultiPoint"",""coordinates"":[]}"
0000000000000000010e,886.7372610170004,HYD_0271,17.520072279005095,78.28654915768148,"{""type"":""MultiPoint"",""coordinates"":[]}"
0000000000000000010f,1333.4752567756784,HYD_0272,17.520200468309593,78.29595967801367,"{""type"":""MultiPoint"",""coordinates"":[]}"
00000000000000000110,1917.9351166427782,HYD_0273,17.520329777388913,78.30536837935404,"{""type"":""MultiPoint"",""coordinates"":[]}"
00000000000000000111,2434.4982890819283,HYD_0274,17.520456860571475,78.31477932038385,"{""type"":""MultiPoint"",""coordinates"":[]}"
00000000000000000112,2803.811527051269,HYD_0275,17.52058393292063,78.32419026308537,"{""type"":""MultiPoint"",""coordinates"":[]}"
00000000000000000113,2342.26776322813,HYD_0276,17.520711037792065,78.33360120570315,"{""type"":""MultiPoint"",""coordinates"":[]}"
00000000000000000114,1367.1015694359173,HYD_0277,17.52083848456488,78.34301324434973,"{""type"":""MultiPoint"",""coordinates"":[]}"
00000000000000000115,380.7487708847795,HYD_0278,17.520965197723022,78.35242305995985,"{""type"":""MultiPoint"",""coordinates"":[]}"
00000000000000000116,564.5515275265917,HYD_0279,17.52109003917496,78.36183399138362,"{""type"":""MultiPoint"",""coordinates"":[]}"
00000000000000000117,177.64013007528953,HYD_0280,17.52121489925825,78.37124491849431,"{""type"":""MultiPoint"",""coordinates"":[]}"
00000000000000000118,84.3736060781037,HYD_0281,17.521339756448704,78.38065586319775,"{""type"":""MultiPoint"",""coordinates"":[]}"
00000000000000000119,890.1362001499914,HYD_0282,17.521462741094265,78.39006792094247,"{""type"":""MultiPoint"",""coordinates"":[]}"
0000000000000000011a,1648.557538688065,HYD_0283,17.521584659406024,78.39947884483485,"{""type"":""MultiPoint"",""coordinates"":[]}"
0000000000000000011b,1336.4884558433507,HYD_0284,17.52170987931402,78.40889088135401,"{""type"":""MultiPoint"",""coordinates"":[]}"
0000000000000000011c,664.4897524411876,HYD_0285,17.52183287565628,78.41830294421256,"{""type"":""MultiPoint"",""coordinates"":[]}"
0000000000000000011d,210.20819695650079,HYD_0286,17.52195478493245,78.42771390925166,"{""type"":""MultiPoint"",""coordinates"":[]}"
0000000000000000011e,187.75152687101914,HYD_0287,17.52207809673726,78.43712479116336,"{""type"":""MultiPoint"",""coordinates"":[]}"
0000000000000000011f,163.04562019434718,HYD_0288,17.522198143463786,78.44653687464292,"{""type"":""MultiPoint"",""coordinates"":[]}"
00000000000000000120,1083.2695811235276,HYD_0289,17.522318179919104,78.45594891303773,"{""type"":""MultiPoint"",""coordinates"":[]}"
00000000000000000121,1894.9231797625228,HYD_0290,17.52243929590004,78.46535983253382,"{""type"":""MultiPoint"",""coordinates"":[]}"
00000000000000000122,968.8200576009637,HYD_0291,17.52255933980322,78.47477188755538,"{""type"":""MultiPoint"",""coordinates"":[]}"
00000000000000000123,3.1521436041788875,HYD_0292,17.522679731991794,78.48418504457635,"{""type"":""MultiPoint"",""coordinates"":[]}"
00000000000000000124,892.6439783029068,HYD_0293,17.52280048191344,78.49359706959116,"{""type"":""MultiPoint"",""coordinates"":[]}"
00000000000000000125,1508.1330802810098,HYD_0294,17.522917927849573,78.50300803058651,"{""type"":""MultiPoint"",""coordinates"":[]}"
00000000000000000126,1019.2570011689415,HYD_0295,17.52303645018012,78.5124200768402,"{""type"":""MultiPoint"",""coordinates"":[]}"
00000000000000000127,28.505361924286493,HYD_0296,17.52315459953779,78.52183324075695,"{""type"":""MultiPoint"",""coordinates"":[]}"
00000000000000000128,335.24162486250543,HYD_0297,17.523270897622226,78.53124526987068,"{""type"":""MultiPoint"",""coordinates"":[]}"
00000000000000000129,291.50934426793896,HYD_0298,17.523387608861917,78.54065770410686,"{""type"":""MultiPoint"",""coordinates"":[]}"
0000000000000000012a,451.6782867546582,HYD_0299,17.523505758506012,78.55007009660959,"{""type"":""MultiPoint"",""coordinates"":[]}"
0000000000000000012b,617.793450545153,HYD_0300,17.523621719536962,78.5594840317602,"{""type"":""MultiPoint"",""coordinates"":[]}"
0000000000000000012c,837.8766844898538,HYD_0301,17.523736530700482,78.5688967969378,"{""type"":""MultiPoint"",""coordinates"":[]}"
0000000000000000012d,423.5418396603267,HYD_0302,17.523851330402284,78.57830958244998,"{""type"":""MultiPoint"",""coordinates"":[]}"
0000000000000000012e,16.598544465015785,HYD_0303,17.52396652258972,78.58772199757672,"{""type"":""MultiPoint"",""coordinates"":[]}"
0000000000000000012f,241.24731215109486,HYD_0304,17.524080993121657,78.5971344556078,"{""type"":""MultiPoint"",""coordinates"":[]}"
00000000000000000130,701.4436093409489,HYD_0305,17.52419467100172,78.60654684314446,"{""type"":""MultiPoint"",""coordinates"":[]}"
00000000000000000131,1291.7785302836626,HYD_0306,17.52430841806437,78.61596076048055,"{""type"":""MultiPoint"",""coordinates"":[]}"
00000000000000000132,333.0973121077675,HYD_0307,17.524422126979605,78.6253731684568,"{""type"":""MultiPoint"",""coordinates"":[]}"
00000000000000000133,638.0174192530396,HYD_0308,17.524534705643593,78.63478672310032,"{""type"":""MultiPoint"",""coordinates"":[]}"
00000000000000000134,874.6132684426169,HYD_0309,17.524646173433155,78.64419988160182,"{""type"":""MultiPoint"",""coordinates"":[]}"
00000000000000000135,1375.2748677859481,HYD_0310,17.510394894853842,78.23963455048592,"{""type"":""MultiPoint"",""coordinates"":[]}"
00000000000000000136,2091.0356277976075,HYD_0311,17.510524199943326,78.24904328355849,"{""type"":""MultiPoint"",""coordinates"":[]}"
00000000000000000137,1766.9380474849133,HYD_0312,17.510654989600393,78.25845270792203,"{""type"":""MultiPoint"",""coordinates"":[]}"
00000000000000000138,1259.6702379161918,HYD_0313,17.510786202843352,78.26786330381614,"{""type"":""MultiPoint"",""coordinates"":[]}"
00000000000000000139,521.0682403900653,HYD_0314,17.51091663108444,78.27727161552629,"{""type"":""MultiPoint"",""coordinates"":[]}"
0000000000000000013a,33.91400767595586,HYD_0315,17.511044812381172,78.28668214779742,"{""type"":""MultiPoint"",""coordinates"":[]}"
0000000000000000013b,516.7055661100668,HYD_0316,17.5111719090501,78.29609383551914,"{""type"":""MultiPoint"",""coordinates"":[]}"
0000000000000000013c,1084.4346039285194,HYD_0317,17.511300097931223,78.30550214671587,"{""type"":""MultiPoint"",""coordinates"":[]}"
0000000000000000013d,1571.0700903275988,HYD_0318,17.511428637641245,78.31491157950893,"{""type"":""MultiPoint"",""coordinates"":[]}"
0000000000000000013e,1804.842271419358,HYD_0319,17.511555009556005,78.32432330967174,"{""type"":""MultiPoint"",""coordinates"":[]}"
0000000000000000013f,1779.337111747054,HYD_0320,17.511681697105473,78.33373386234265,"{""type"":""MultiPoint"",""coordinates"":[]}"
00000000000000000140,1554.3895095156754,HYD_0321,17.511808440001065,78.34314370386979,"{""type"":""MultiPoint"",""coordinates"":[]}"
00000000000000000141,700.548488244174,HYD_0322,17.511935149407307,78.35255352127851,"{""type"":""MultiPoint"",""coordinates"":[]}"
00000000000000000142,88.55360348870066,HYD_0323,17.512060708855238,78.36196443371045,"{""type"":""MultiPoint"",""coordinates"":[]}"
00000000000000000143,1063.5643936507718,HYD_0324,17.512185219013052,78.37137426056398,"{""type"":""MultiPoint"",""coordinates"":[]}"
00000000000000000144,424.3682798423732,HYD_0325,17.51231007904042,78.38078520111999,"{""type"":""MultiPoint"",""coordinates"":[]}"
00000000000000000145,496.50840276414556,HYD_0326,17.512432691552885,78.39019613550386,"{""type"":""MultiPoint"",""coordinates"":[]}"
00000000000000000146,1428.5647305393647,HYD_0327,17.51255531551321,78.39960707122708,"{""type"":""MultiPoint"",""coordinates"":[]}"
00000000000000000147,2019.0660151531135,HYD_0328,17.512680552002205,78.4090190733573,"{""type"":""MultiPoint"",""coordinates"":[]}"
00000000000000000148,1578.8770057259267,HYD_0329,17.51280248444641,78.41843003542078,"{""type"":""MultiPoint"",""coordinates"":[]}"
00000000000000000149,1153.0369818274137,HYD_0330,17.51292581206096,78.4278409389879,"{""type"":""MultiPoint"",""coordinates"":[]}"
0000000000000000014a,1010.8350397546392,HYD_0331,17.513047722149295,78.43725189652712,"{""type"":""MultiPoint"",""coordinates"":[]}"
0000000000000000014b,83.87402538689598,HYD_0332,17.51316881514251,78.44666281330639,"{""type"":""MultiPoint"",""coordinates"":[]}"
0000000000000000014c,909.3436149307149,HYD_0333,17.513288862893692,78.45607488730161,"{""type"":""MultiPoint"",""coordinates"":[]}"
0000000000000000014d,1624.8492182260113,HYD_0334,17.513409234107638,78.46548580636838,"{""type"":""MultiPoint"",""coordinates"":[]}"
0000000000000000014e,640.4614544044925,HYD_0335,17.51352965266475,78.47489674178206,"{""type"":""MultiPoint"",""coordinates"":[]}"
0000000000000000014f,335.6075241407812,HYD_0336,17.51365005833817,78.48430988670778,"{""type"":""MultiPoint"",""coordinates"":[]}"
00000000000000000150,785.8394431293887,HYD_0337,17.51376933289355,78.49372121251211,"{""type"":""MultiPoint"",""coordinates"":[]}"
00000000000000000151,531.3813211361874,HYD_0338,17.513887476897093,78.50313135506292,"{""type"":""MultiPoint"",""coordinates"":[]}"
00000000000000000152,279.86428622894994,HYD_0339,17.514006011305984,78.51254418429265,"{""type"":""MultiPoint"",""coordinates"":[]}"
00000000000000000153,169.1522894112059,HYD_0340,17.514123804468092,78.52195548423016,"{""type"":""MultiPoint"",""coordinates"":[]}"
00000000000000000154,51.22145813003571,HYD_0341,17.514240503775564,78.53136792187678,"{""type"":""MultiPoint"",""coordinates"":[]}"
00000000000000000155,151.33766761529242,HYD_0342,17.51435715483486,78.5407788387479,"{""type"":""MultiPoint"",""coordinates"":[]}"
00000000000000000156,46.077845813706745,HYD_0343,17.514473855479913,78.55019128348225,"{""type"":""MultiPoint"",""coordinates"":[]}"
00000000000000000157,147.54839306169762,HYD_0344,17.514589763186475,78.55960364784248,"{""type"":""MultiPoint"",""coordinates"":[]}"
00000000000000000158,144.48571972596397,HYD_0345,17.514704609246024,78.56901721889072,"{""type"":""MultiPoint"",""coordinates"":[]}"
00000000000000000159,213.95207503736302,HYD_0346,17.514820909018866,78.57842925495632,"{""type"":""MultiPoint"",""coordinates"":[]}"
0000000000000000015a,957.3668257448743,HYD_0347,17.514936124656913,78.58784019286963,"{""type"":""MultiPoint"",""coordinates"":[]}"
0000000000000000015b,1207.155409957107,HYD_0348,17.515050172082564,78.59725221186379,"{""type"":""MultiPoint"",""coordinates"":[]}"
0000000000000000015c,1541.936263893935,HYD_0349,17.51516388529184,78.60666539016214,"{""type"":""MultiPoint"",""coordinates"":[]}"
0000000000000000015d,1043.2424068596792,HYD_0350,17.515277610836776,78.61607855932253,"{""type"":""MultiPoint"",""coordinates"":[]}"
0000000000000000015e,53.23441185276315,HYD_0351,17.51539058390415,78.62549097867506,"{""type"":""MultiPoint"",""coordinates"":[]}"
0000000000000000015f,799.2206048251817,HYD_0352,17.515502786592503,78.63490263510114,"{""type"":""MultiPoint"",""coordinates"":[]}"
00000000000000000160,383.5295924708477,HYD_0353,17.515614266392802,78.64431583378574,"{""type"":""MultiPoint"",""coordinates"":[]}"
00000000000000000161,225.40876135660477,HYD_0354,17.515725741741374,78.65372899035134,"{""type"":""MultiPoint"",""coordinates"":[]}"
00000000000000000162,1772.8229383191788,HYD_0355,17.501365211935425,78.23977053931951,"{""type"":""MultiPoint"",""coordinates"":[]}"
00000000000000000163,2663.76624994354,HYD_0356,17.501495646867216,78.24917889643031,"{""type"":""MultiPoint"",""coordinates"":[]}"
00000000000000000164,2665.2691430222735,HYD_0357,17.50162719682406,78.25858837468945,"{""type"":""MultiPoint"",""coordinates"":[]}"
00000000000000000165,1930.1426125787193,HYD_0358,17.50175759967152,78.26799668249195,"{""type"":""MultiPoint"",""coordinates"":[]}"
00000000000000000166,1317.3713020634386,HYD_0359,17.50188655957445,78.2774064937512,"{""type"":""MultiPoint"",""coordinates"":[]}"
00000000000000000167,884.4353514197938,HYD_0360,17.502016614900352,78.28681740049099,"{""type"":""MultiPoint"",""coordinates"":[]}"
00000000000000000168,276.0226808622145,HYD_0361,17.502143332379624,78.29622723687483,"{""type"":""MultiPoint"",""coordinates"":[]}"
00000000000000000169,201.21119971104667,HYD_0362,17.502270421589856,78.30563591390224,"{""type"":""MultiPoint"",""coordinates"":[]}"
0000000000000000016a,773.9125678693052,HYD_0363,17.50239973007497,78.31504461606491,"{""type"":""MultiPoint"",""coordinates"":[]}"
0000000000000000016b,806.2129839548493,HYD_0364,17.502527145609328,78.32445443099739,"{""type"":""MultiPoint"",""coordinates"":[]}"
0000000000000000016c,780.0185408598304,HYD_0365,17.502651318678648,78.33386540785419,"{""type"":""MultiPoint"",""coordinates"":[]}"
0000000000000000016d,833.7083476147951,HYD_0366,17.502778742829932,78.34327522224164,"{""type"":""MultiPoint"",""coordinates"":[]}"
0000000000000000016e,894.4472350434634,HYD_0367,17.50290618418939,78.35268503632301,"{""type"":""MultiPoint"",""coordinates"":[]}"
0000000000000000016f,38.353721698541904,HYD_0368,17.50303069363867,78.36209486159322,"{""type"":""MultiPoint"",""coordinates"":[]}"
00000000000000000170,713.9268554591246,HYD_0369,17.503155200799057,78.37150470563768,"{""type"":""MultiPoint"",""coordinates"":[]}"
00000000000000000171,420.79519866009906,HYD_0370,17.503280756669838,78.38091561958157,"{""type"":""MultiPoint"",""coordinates"":[]}"
00000000000000000172,64.01052086776237,HYD_0371,17.503403019843837,78.39032545374714,"{""type"":""MultiPoint"",""coordinates"":[]}"
00000000000000000173,884.497549786517,HYD_0372,17.503525654908945,78.39973639182543,"{""type"":""MultiPoint"",""coordinates"":[]}"
00000000000000000174,1311.605405411298,HYD_0373,17.50365050680778,78.40914730141981,"{""type"":""MultiPoint"",""coordinates"":[]}"
00000000000000000175,1837.7467140983917,HYD_0374,17.50377348893361,78.41855709246552,"{""type"":""MultiPoint"",""coordinates"":[]}"
00000000000000000176,2056.1622757021028,HYD_0375,17.503894298703337,78.42796842590008,"{""type"":""MultiPoint"",""coordinates"":[]}"
00000000000000000177,1271.2977386269238,HYD_0376,17.504017615607466,78.43737857220813,"{""type"":""MultiPoint"",""coordinates"":[]}"
00000000000000000178,319.92283912370135,HYD_0377,17.504138789369044,78.44678881242095,"{""type"":""MultiPoint"",""coordinates"":[]}"
00000000000000000179,625.9561081318909,HYD_0378,17.504259168334755,78.45619971872956,"{""type"":""MultiPoint"",""coordinates"":[]}"
0000000000000000017a,1276.8538382459121,HYD_0379,17.504379550789867,78.4656106582064,"{""type"":""MultiPoint"",""coordinates"":[]}"
0000000000000000017b,466.5279861296367,HYD_0380,17.50449994619522,78.4750215734311,"{""type"":""MultiPoint"",""coordinates"":[]}"
0000000000000000017c,226.8399414311573,HYD_0381,17.504620734911725,78.484433620978,"{""type"":""MultiPoint"",""coordinates"":[]}"
0000000000000000017d,55.514623398886286,HYD_0382,17.50473816704478,78.49384459808651,"{""type"":""MultiPoint"",""coordinates"":[]}"
0000000000000000017e,331.1526725624724,HYD_0383,17.5048570298685,78.50325550296536,"{""type"":""MultiPoint"",""coordinates"":[]}"
0000000000000000017f,464.56841959572256,HYD_0384,17.504974497916518,78.51266643020723,"{""type"":""MultiPoint"",""coordinates"":[]}"
00000000000000000180,180.4746004869303,HYD_0385,17.50509337899008,78.522077362008,"{""type"":""MultiPoint"",""coordinates"":[]}"
00000000000000000181,307.9837445362767,HYD_0386,17.50521119484423,78.5314894321048,"{""type"":""MultiPoint"",""coordinates"":[]}"
00000000000000000182,178.63892150175974,HYD_0387,17.50532676224364,78.5409014798119,"{""type"":""MultiPoint"",""coordinates"":[]}"
00000000000000000183,694.0850829594248,HYD_0388,17.505443388664048,78.55031239117871,"{""type"":""MultiPoint"",""coordinates"":[]}"
00000000000000000184,823.8577638462502,HYD_0389,17.50555896623543,78.55972445102002,"{""type"":""MultiPoint"",""coordinates"":[]}"
00000000000000000185,832.0677657978123,HYD_0390,17.5056749353754,78.56913761754225,"{""type"":""MultiPoint"",""coordinates"":[]}"
00000000000000000186,1113.2032740523055,HYD_0391,17.50579088461733,78.57854854949161,"{""type"":""MultiPoint"",""coordinates"":[]}"
00000000000000000187,752.4655402150731,HYD_0392,17.50590570593532,78.58795983991625,"{""type"":""MultiPoint"",""coordinates"":[]}"
00000000000000000188,671.7111569822586,HYD_0393,17.506019373269574,78.59737222763682,"{""type"":""MultiPoint"",""coordinates"":[]}"
00000000000000000189,982.6785735137746,HYD_0394,17.506133446599435,78.60678503673687,"{""type"":""MultiPoint"",""coordinates"":[]}"
0000000000000000018a,688.8589683856277,HYD_0395,17.50624680380618,78.61619634475791,"{""type"":""MultiPoint"",""coordinates"":[]}"
0000000000000000018b,61.6039098481776,HYD_0396,17.506359045701434,78.62560877080266,"{""type"":""MultiPoint"",""coordinates"":[]}"
0000000000000000018c,158.42972567495178,HYD_0397,17.506471245176705,78.63501969174045,"{""type"":""MultiPoint"",""coordinates"":[]}"
0000000000000000018d,479.4316567632095,HYD_0398,17.506582353523676,78.64443174849575,"{""type"":""MultiPoint"",""coordinates"":[]}"
0000000000000000018e,753.1177390545914,HYD_0399,17.50669383888477,78.65384491734811,"{""type"":""MultiPoint"",""coordinates"":[]}"
0000000000000000018f,3151.18695524039,HYD_0400,17.492468195191645,78.24931565072444,"{""type"":""MultiPoint"",""coordinates"":[]}"
00000000000000000190,3342.240005337002,HYD_0401,17.492598588314074,78.25872396715476,"{""type"":""MultiPoint"",""coordinates"":[]}"
00000000000000000191,2699.7386483944665,HYD_0402,17.49272792159272,78.26813267030246,"{""type"":""MultiPoint"",""coordinates"":[]}"
00000000000000000192,2052.72793890094,HYD_0403,17.492857598190177,78.27754247708148,"{""type"":""MultiPoint"",""coordinates"":[]}"
00000000000000000193,1068.5057048972485,HYD_0404,17.49298658613288,78.28695231027474,"{""type"":""MultiPoint"",""coordinates"":[]}"
00000000000000000194,259.98385553534007,HYD_0405,17.493114758959837,78.2963606226848,"{""type"":""MultiPoint"",""coordinates"":[]}"
00000000000000000195,85.2740582697966,HYD_0406,17.49324184237217,78.30577009587334,"{""type"":""MultiPoint"",""coordinates"":[]}"
00000000000000000196,89.15715391983477,HYD_0407,17.49337003868949,78.31517841438648,"{""type"":""MultiPoint"",""coordinates"":[]}"
00000000000000000197,54.00098694715364,HYD_0408,17.493497124585982,78.32458712061519,"{""type"":""MultiPoint"",""coordinates"":[]}"
00000000000000000198,216.10271547690394,HYD_0409,17.493623467906115,78.33399653117058,"{""type"":""MultiPoint"",""coordinates"":[]}"
00000000000000000199,159.75286089311686,HYD_0410,17.49375020678789,78.34340713424368,"{""type"":""MultiPoint"",""coordinates"":[]}"
0000000000000000019a,55.69152315508897,HYD_0411,17.493876156931766,78.35281548304744,"{""type"":""MultiPoint"",""coordinates"":[]}"
0000000000000000019b,302.10249223863303,HYD_0412,17.4940010154407,78.36222417936642,"{""type"":""MultiPoint"",""coordinates"":[]}"
0000000000000000019c,37.08675533606162,HYD_0413,17.494125868745975,78.37163509270576,"{""type"":""MultiPoint"",""coordinates"":[]}"
0000000000000000019d,492.91592156713006,HYD_0414,17.494250700137986,78.38104604496009,"{""type"":""MultiPoint"",""coordinates"":[]}"
0000000000000000019e,421.8012335099716,HYD_0415,17.494373351937526,78.39045477184723,"{""type"":""MultiPoint"",""coordinates"":[]}"
0000000000000000019f,24.363121960238658,HYD_0416,17.494496351231227,78.39986456725843,"{""type"":""MultiPoint"",""coordinates"":[]}"
000000000000000001a0,430.2617329819064,HYD_0417,17.494620456750926,78.4092754918604,"{""type"":""MultiPoint"",""coordinates"":[]}"
000000000000000001a1,1215.2983792308692,HYD_0418,17.494743442375416,78.41868529353299,"{""type"":""MultiPoint"",""coordinates"":[]}"
000000000000000001a2,1941.3887970770356,HYD_0419,17.494864197801178,78.42809509941667,"{""type"":""MultiPoint"",""coordinates"":[]}"
000000000000000001a3,1508.7362829567562,HYD_0420,17.49498647386091,78.43750496026603,"{""type"":""MultiPoint"",""coordinates"":[]}"
000000000000000001a4,549.0391526283915,HYD_0421,17.49510871662681,78.44691478721326,"{""type"":""MultiPoint"",""coordinates"":[]}"
000000000000000001a5,428.4369825422192,HYD_0422,17.495229857671365,78.45632567731823,"{""type"":""MultiPoint"",""coordinates"":[]}"
000000000000000001a6,915.8591600914535,HYD_0423,17.495349887255973,78.4657354934775,"{""type"":""MultiPoint"",""coordinates"":[]}"
000000000000000001a7,29.91047961343071,HYD_0424,17.495470288094957,78.47514643507365,"{""type"":""MultiPoint"",""coordinates"":[]}"
000000000000000001a8,600.2422806202811,HYD_0425,17.495589600749753,78.48455776775609,"{""type"":""MultiPoint"",""coordinates"":[]}"
000000000000000001a9,85.26484086910844,HYD_0426,17.495707725922358,78.49396794868827,"{""type"":""MultiPoint"",""coordinates"":[]}"
000000000000000001aa,711.7120077847495,HYD_0427,17.495827008487208,78.50337924119714,"{""type"":""MultiPoint"",""coordinates"":[]}"
000000000000000001ab,17.78139912461355,HYD_0428,17.49594552288552,78.51278903598973,"{""type"":""MultiPoint"",""coordinates"":[]}"
000000000000000001ac,787.170391030488,HYD_0429,17.49606187289698,78.52220038387078,"{""type"":""MultiPoint"",""coordinates"":[]}"
000000000000000001ad,337.53539936042375,HYD_0430,17.496180737680245,78.53161051126544,"{""type"":""MultiPoint"",""coordinates"":[]}"
000000000000000001ae,368.4581761217677,HYD_0431,17.49629742741412,78.54102297809767,"{""type"":""MultiPoint"",""coordinates"":[]}"
000000000000000001af,1034.6957858205662,HYD_0432,17.496413362385653,78.55043391318809,"{""type"":""MultiPoint"",""coordinates"":[]}"
000000000000000001b0,1172.8680792636828,HYD_0433,17.496529316942397,78.55984485477187,"{""type"":""MultiPoint"",""coordinates"":[]}"
000000000000000001b1,989.6956696399848,HYD_0434,17.496645604934624,78.56925687290611,"{""type"":""MultiPoint"",""coordinates"":[]}"
000000000000000001b2,556.2927978216561,HYD_0435,17.49675973061357,78.5786681844492,"{""type"":""MultiPoint"",""coordinates"":[]}"
000000000000000001b3,102.36806672099262,HYD_0436,17.49687378718508,78.5880794516242,"{""type"":""MultiPoint"",""coordinates"":[]}"
000000000000000001b4,611.209638465378,HYD_0437,17.496987849938623,78.59749227132792,"{""type"":""MultiPoint"",""coordinates"":[]}"
000000000000000001b5,207.59730524390113,HYD_0438,17.497100815832752,78.60690246726791,"{""type"":""MultiPoint"",""coordinates"":[]}"
000000000000000001b6,286.84380352314827,HYD_0439,17.497215250275207,78.61631413596595,"{""type"":""MultiPoint"",""coordinates"":[]}"
000000000000000001b7,556.8372005825995,HYD_0440,17.49732750483983,78.62572582458395,"{""type"":""MultiPoint"",""coordinates"":[]}"
000000000000000001b8,179.99458652938944,HYD_0441,17.497439727870532,78.63513750237848,"{""type"":""MultiPoint"",""coordinates"":[]}"
000000000000000001b9,659.2589435042863,HYD_0442,17.49755304813757,78.64454878626618,"{""type"":""MultiPoint"",""coordinates"":[]}"
000000000000000001ba,416.54338154079875,HYD_0443,17.497664157212725,78.6539608501503,"{""type"":""MultiPoint"",""coordinates"":[]}"
000000000000000001bb,501.9137970895617,HYD_0444,17.49777451751634,78.66337440234273,"{""type"":""MultiPoint"",""coordinates"":[]}"
000000000000000001bc,3803.1820077356188,HYD_0445,17.48343960813621,78.24945127663457,"{""type"":""MultiPoint"",""coordinates"":[]}"
000000000000000001bd,4102.981364777015,HYD_0446,17.48356892925008,78.25885997506612,"{""type"":""MultiPoint"",""coordinates"":[]}"
000000000000000001be,3278.1781530650983,HYD_0447,17.483698242503845,78.26826867916118,"{""type"":""MultiPoint"",""coordinates"":[]}"
000000000000000001bf,2303.5399258304114,HYD_0448,17.483827573583923,78.27767739118305,"{""type"":""MultiPoint"",""coordinates"":[]}"
000000000000000001c0,1353.332731546057,HYD_0449,17.483956894768323,78.28708610910229,"{""type"":""MultiPoint"",""coordinates"":[]}"
000000000000000001c1,595.1846179230072,HYD_0450,17.48408621097114,78.29649477955601,"{""type"":""MultiPoint"",""coordinates"":[]}"
000000000000000001c2,551.2567640431129,HYD_0451,17.48421328274646,78.30590349907108,"{""type"":""MultiPoint"",""coordinates"":[]}"
000000000000000001c3,527.9090529527358,HYD_0452,17.484340707125373,78.315311094355,"{""type"":""MultiPoint"",""coordinates"":[]}"
000000000000000001c4,405.64852983328916,HYD_0453,17.48446744122017,78.3247186998288,"{""type"":""MultiPoint"",""coordinates"":[]}"
000000000000000001c5,726.3642217806465,HYD_0454,17.48459454014711,78.33412737958008,"{""type"":""MultiPoint"",""coordinates"":[]}"
000000000000000001c6,503.9156354858261,HYD_0455,17.484721296129248,78.34353719964591,"{""type"":""MultiPoint"",""coordinates"":[]}"
000000000000000001c7,195.5619828880765,HYD_0456,17.484846492113725,78.35294701933528,"{""type"":""MultiPoint"",""coordinates"":[]}"
000000000000000001c8,121.19833133962156,HYD_0457,17.48497131047948,78.36235570911903,"{""type"":""MultiPoint"",""coordinates"":[]}"
000000000000000001c9,271.06175076699026,HYD_0458,17.485096521874368,78.3717655161716,"{""type"":""MultiPoint"",""coordinates"":[]}"
000000000000000001ca,667.74173550229,HYD_0459,17.485221022836935,78.3811753317162,"{""type"":""MultiPoint"",""coordinates"":[]}"
000000000000000001cb,1317.6667795378658,HYD_0460,17.48534365815369,78.39058407559256,"{""type"":""MultiPoint"",""coordinates"":[]}"
000000000000000001cc,922.3171084645984,HYD_0461,17.48546628003109,78.39999276936771,"{""type"":""MultiPoint"",""coordinates"":[]}"
000000000000000001cd,159.47949770538227,HYD_0462,17.485591487720825,78.40940257453649,"{""type"":""MultiPoint"",""coordinates"":[]}"
000000000000000001ce,537.501085144958,HYD_0463,17.485713763999627,78.41881238473196,"{""type"":""MultiPoint"",""coordinates"":[]}"
000000000000000001cf,1176.925075615483,HYD_0464,17.485833816279538,78.42822220786849,"{""type"":""MultiPoint"",""coordinates"":[]}"
000000000000000001d0,1194.2816478712011,HYD_0465,17.485956789238823,78.43763204260864,"{""type"":""MultiPoint"",""coordinates"":[]}"
000000000000000001d1,308.22022378196226,HYD_0466,17.486079757354116,78.44704184488688,"{""type"":""MultiPoint"",""coordinates"":[]}"
000000000000000001d2,475.07642719963604,HYD_0467,17.486199816482372,78.45645165576212,"{""type"":""MultiPoint"",""coordinates"":[]}"
000000000000000001d3,778.6369693112218,HYD_0468,17.486320228276696,78.46586035871088,"{""type"":""MultiPoint"",""coordinates"":[]}"
000000000000000001d4,152.1640208471645,HYD_0469,17.486439504679733,78.47527169614565,"{""type"":""MultiPoint"",""coordinates"":[]}"
000000000000000001d5,301.4834952881285,HYD_0470,17.486557659933816,78.48468185999211,"{""type"":""MultiPoint"",""coordinates"":[]}"
000000000000000001d6,145.49647010319265,HYD_0471,17.48667731443321,78.4940920494184,"{""type"":""MultiPoint"",""coordinates"":[]}"
000000000000000001d7,113.56373256655868,HYD_0472,17.486795876160055,78.50350337980676,"{""type"":""MultiPoint"",""coordinates"":[]}"
000000000000000001d8,106.0093618738921,HYD_0473,17.486914371094198,78.51291241999668,"{""type"":""MultiPoint"",""coordinates"":[]}"
000000000000000001d9,1078.9393661230538,HYD_0474,17.48703177319236,78.52232259864682,"{""type"":""MultiPoint"",""coordinates"":[]}"
000000000000000001da,743.6206962317673,HYD_0475,17.487148135198648,78.53173393649259,"{""type"":""MultiPoint"",""coordinates"":[]}"
000000000000000001db,322.96627407878606,HYD_0476,17.487265896311193,78.54114448338582,"{""type"":""MultiPoint"",""coordinates"":[]}"
000000000000000001dc,189.8785053519383,HYD_0477,17.487381473471213,78.55055431975627,"{""type"":""MultiPoint"",""coordinates"":[]}"
000000000000000001dd,173.22410717318462,HYD_0478,17.48749742091034,78.55996524204764,"{""type"":""MultiPoint"",""coordinates"":[]}"
000000000000000001de,71.81076343385718,HYD_0479,17.48761335737825,78.56937615510412,"{""type"":""MultiPoint"",""coordinates"":[]}"
000000000000000001df,286.1061143113511,HYD_0480,17.487728164672248,78.5787867003991,"{""type"":""MultiPoint"",""coordinates"":[]}"
000000000000000001e0,821.0055560019528,HYD_0481,17.48784334055365,78.58819913564176,"{""type"":""MultiPoint"",""coordinates"":[]}"
000000000000000001e1,281.3727348813718,HYD_0482,17.48795633598633,78.59761009099824,"{""type"":""MultiPoint"",""coordinates"":[]}"
000000000000000001e2,157.1038432072012,HYD_0483,17.48807074101666,78.60702099891719,"{""type"":""MultiPoint"",""coordinates"":[]}"
000000000000000001e3,510.81338166050267,HYD_0484,17.488183747572457,78.61643195490649,"{""type"":""MultiPoint"",""coordinates"":[]}"
000000000000000001e4,1344.9616445926183,HYD_0485,17.48829596225997,78.62584288426645,"{""type"":""MultiPoint"",""coordinates"":[]}"
000000000000000001e5,749.0558620230707,HYD_0486,17.48840819069953,78.63525532284118,"{""type"":""MultiPoint"",""coordinates"":[]}"
000000000000000001e6,62.55667405833041,HYD_0487,17.488520776199522,78.64466587307285,"{""type"":""MultiPoint"",""coordinates"":[]}"
000000000000000001e7,58.42393387557926,HYD_0488,17.488632255861482,78.65407679732812,"{""type"":""MultiPoint"",""coordinates"":[]}"
000000000000000001e8,139.57177163470288,HYD_0489,17.488742942140032,78.66348843837991,"{""type"":""MultiPoint"",""coordinates"":[]}"
000000000000000001e9,4566.368183125952,HYD_0490,17.474410301442905,78.24958614814803,"{""type"":""MultiPoint"",""coordinates"":[]}"
000000000000000001ea,4509.793488022941,HYD_0491,17.474539248536885,78.25899375043099,"{""type"":""MultiPoint"",""coordinates"":[]}"
000000000000000001eb,3587.1789373141055,HYD_0492,17.474668567558094,78.26840245898015,"{""type"":""MultiPoint"",""coordinates"":[]}"
000000000000000001ec,2719.391584077048,HYD_0493,17.474797878921592,78.27781117221676,"{""type"":""MultiPoint"",""coordinates"":[]}"
000000000000000001ed,1979.8855575032517,HYD_0494,17.47492720837051,78.28721989228258,"{""type"":""MultiPoint"",""coordinates"":[]}"
000000000000000001ee,1394.737140425724,HYD_0495,17.47505688075409,78.2966274554017,"{""type"":""MultiPoint"",""coordinates"":[]}"
000000000000000001ef,427.21750105234656,HYD_0496,17.47518472157731,78.30603464957827,"{""type"":""MultiPoint"",""coordinates"":[]}"
000000000000000001f0,574.8826041137638,HYD_0497,17.475311459934638,78.31544304907726,"{""type"":""MultiPoint"",""coordinates"":[]}"
000000000000000001f1,58.75513269209155,HYD_0498,17.475437759999227,78.32485022004803,"{""type"":""MultiPoint"",""coordinates"":[]}"
000000000000000001f2,684.3074584371932,HYD_0499,17.475564846853015,78.33425892532934,"{""type"":""MultiPoint"",""coordinates"":[]}"
000000000000000001f3,1488.6885849960952,HYD_0500,17.47569230630894,78.34366872574314,"{""type"":""MultiPoint"",""coordinates"":[]}"
000000000000000001f4,964.3095437141585,HYD_0501,17.475816782135784,78.35307854652784,"{""type"":""MultiPoint"",""coordinates"":[]}"
000000000000000001f5,68.34539036016793,HYD_0502,17.475941631131764,78.3624872485101,"{""type"":""MultiPoint"",""coordinates"":[]}"
000000000000000001f6,713.6563038588491,HYD_0503,17.476066494149443,78.37189593768461,"{""type"":""MultiPoint"",""coordinates"":[]}"
000000000000000001f7,52.51373015849581,HYD_0504,17.476191353477454,78.38130464705715,"{""type"":""MultiPoint"",""coordinates"":[]}"
000000000000000001f8,673.5758647553876,HYD_0505,17.476313983001724,78.39071336415012,"{""type"":""MultiPoint"",""coordinates"":[]}"
000000000000000001f9,856.6066878939289,HYD_0506,17.47643661073734,78.40012209728232,"{""type"":""MultiPoint"",""coordinates"":[]}"
000000000000000001fa,708.8276899843056,HYD_0507,17.47656145578494,78.40953080213289,"{""type"":""MultiPoint"",""coordinates"":[]}"
000000000000000001fb,219.22762402913676,HYD_0508,17.476684090726895,78.41893947599891,"{""type"":""MultiPoint"",""coordinates"":[]}"
000000000000000001fc,351.4371716132413,HYD_0509,17.476804854009185,78.42834928878491,"{""type"":""MultiPoint"",""coordinates"":[]}"
000000000000000001fd,449.4829645033885,HYD_0510,17.476925986489476,78.43775951796405,"{""type"":""MultiPoint"",""coordinates"":[]}"
000000000000000001fe,121.00138598953731,HYD_0511,17.47704859562655,78.44716744139103,"{""type"":""MultiPoint"",""coordinates"":[]}"
000000000000000001ff,393.19152123621063,HYD_0512,17.477170135649935,78.45657653241844,"{""type"":""MultiPoint"",""coordinates"":[]}"
00000000000000000200,797.6787427205035,HYD_0513,17.477290529865165,78.46598522383339,"{""type"":""MultiPoint"",""coordinates"":[]}"
00000000000000000201,194.76253018292874,HYD_0514,17.477408676309057,78.47539615567057,"{""type"":""MultiPoint"",""coordinates"":[]}"
00000000000000000202,153.04735531832011,HYD_0515,17.477526864698063,78.4848071091847,"{""type"":""MultiPoint"",""coordinates"":[]}"
00000000000000000203,683.2314302063224,HYD_0516,17.477647261079667,78.49421581372006,"{""type"":""MultiPoint"",""coordinates"":[]}"
00000000000000000204,351.6517902116099,HYD_0517,17.477765789237985,78.50362559621416,"{""type"":""MultiPoint"",""coordinates"":[]}"
00000000000000000205,221.45307145396066,HYD_0518,17.477883574982478,78.51303542402655,"{""type"":""MultiPoint"",""coordinates"":[]}"
00000000000000000206,278.8508576290896,HYD_0519,17.478001380663066,78.52244524725477,"{""type"":""MultiPoint"",""coordinates"":[]}"
00000000000000000207,98.03459047914932,HYD_0520,17.478118055104666,78.5318561693379,"{""type"":""MultiPoint"",""coordinates"":[]}"
00000000000000000208,99.70545463184264,HYD_0521,17.478233619299107,78.54126599441183,"{""type"":""MultiPoint"",""coordinates"":[]}"
00000000000000000209,490.230282763966,HYD_0522,17.478349565125658,78.55067469066847,"{""type"":""MultiPoint"",""coordinates"":[]}"
0000000000000000020a,17.19714149618913,HYD_0523,17.478465527798694,78.56008561587869,"{""type"":""MultiPoint"",""coordinates"":[]}"
0000000000000000020b,324.7694839744031,HYD_0524,17.47858146022833,78.56949656827878,"{""type"":""MultiPoint"",""coordinates"":[]}"
0000000000000000020c,189.42789280621997,HYD_0525,17.478697742898436,78.57890635861476,"{""type"":""MultiPoint"",""coordinates"":[]}"
0000000000000000020d,59.24924280980934,HYD_0526,17.478811833763714,78.5883177085402,"{""type"":""MultiPoint"",""coordinates"":[]}"
0000000000000000020e,485.4417347678458,HYD_0527,17.47892623959273,78.59772786959358,"{""type"":""MultiPoint"",""coordinates"":[]}"
0000000000000000020f,889.636814540608,HYD_0528,17.479039259263196,78.60713958723997,"{""type"":""MultiPoint"",""coordinates"":[]}"
00000000000000000210,4.9745519442842285,HYD_0529,17.479153659431038,78.61654971951447,"{""type"":""MultiPoint"",""coordinates"":[]}"
00000000000000000211,511.45586453571013,HYD_0530,17.47926589746118,78.6259599341108,"{""type"":""MultiPoint"",""coordinates"":[]}"
00000000000000000212,1050.921680393733,HYD_0531,17.479377384141326,78.63537086967172,"{""type"":""MultiPoint"",""coordinates"":[]}"
00000000000000000213,447.93700766115256,HYD_0532,17.479488884623674,78.64478180924384,"{""type"":""MultiPoint"",""coordinates"":[]}"
00000000000000000214,221.8539697248641,HYD_0533,17.47960035992707,78.65419272986198,"{""type"":""MultiPoint"",""coordinates"":[]}"
00000000000000000215,674.5349115472608,HYD_0534,17.479711827050597,78.66360366015411,"{""type"":""MultiPoint"",""coordinates"":[]}"
00000000000000000216,1550.7282067257959,HYD_0535,17.47982220485549,78.67301499159662,"{""type"":""MultiPoint"",""coordinates"":[]}"
00000000000000000217,5407.154832885112,HYD_0536,17.465381030845872,78.2497217960892,"{""type"":""MultiPoint"",""coordinates"":[]}"
00000000000000000218,4941.996796471172,HYD_0537,17.46551217634095,78.25912863921336,"{""type"":""MultiPoint"",""coordinates"":[]}"
00000000000000000219,4117.47973121186,HYD_0538,17.465641091236016,78.26853622224475,"{""type"":""MultiPoint"",""coordinates"":[]}"
0000000000000000021a,3343.7052542486217,HYD_0539,17.46577043064545,78.2779449320267,"{""type"":""MultiPoint"",""coordinates"":[]}"
0000000000000000021b,2367.4375970279707,HYD_0540,17.465898646685538,78.28735403290527,"{""type"":""MultiPoint"",""coordinates"":[]}"
0000000000000000021c,1375.1317231615942,HYD_0541,17.466026816971564,78.29676010762039,"{""type"":""MultiPoint"",""coordinates"":[]}"
0000000000000000021d,378.6739944262619,HYD_0542,17.46615614344337,78.30616660236811,"{""type"":""MultiPoint"",""coordinates"":[]}"
0000000000000000021e,620.7351942941391,HYD_0543,17.466283236591686,78.31557528437992,"{""type"":""MultiPoint"",""coordinates"":[]}"
0000000000000000021f,670.201254116284,HYD_0544,17.466409199521973,78.32498359813376,"{""type"":""MultiPoint"",""coordinates"":[]}"
00000000000000000220,156.6061746952183,HYD_0545,17.4665366553298,78.33439194511121,"{""type"":""MultiPoint"",""coordinates"":[]}"
00000000000000000221,992.1798965715243,HYD_0546,17.466662237366155,78.34379914095504,"{""type"":""MultiPoint"",""coordinates"":[]}"
00000000000000000222,1332.2216369049115,HYD_0547,17.466787100432196,78.3532078386937,"{""type"":""MultiPoint"",""coordinates"":[]}"
00000000000000000223,441.8629236154356,HYD_0548,17.466911954169056,78.36261654986964,"{""type"":""MultiPoint"",""coordinates"":[]}"
00000000000000000224,495.48210207476905,HYD_0549,17.46703684231712,78.3720252728903,"{""type"":""MultiPoint"",""coordinates"":[]}"
00000000000000000225,733.7340054949385,HYD_0550,17.467161697910438,78.38143396877238,"{""type"":""MultiPoint"",""coordinates"":[]}"
00000000000000000226,42.608095770935776,HYD_0551,17.46728430835413,78.39084268945207,"{""type"":""MultiPoint"",""coordinates"":[]}"
00000000000000000227,48.76225014300637,HYD_0552,17.46740729442795,78.4002502859397,"{""type"":""MultiPoint"",""coordinates"":[]}"
00000000000000000228,284.40844621309327,HYD_0553,17.467531790379756,78.4096578755348,"{""type"":""MultiPoint"",""coordinates"":[]}"
00000000000000000229,192.31461765838515,HYD_0554,17.467654415325423,78.41906657517306,"{""type"":""MultiPoint"",""coordinates"":[]}"
0000000000000000022a,23.70463216459632,HYD_0555,17.467774793997226,78.42847526473618,"{""type"":""MultiPoint"",""coordinates"":[]}"
0000000000000000022b,225.85085191960582,HYD_0556,17.467895171011694,78.43788396648915,"{""type"":""MultiPoint"",""coordinates"":[]}"
0000000000000000022c,109.39606559218734,HYD_0557,17.468016711648485,78.44729306487102,"{""type"":""MultiPoint"",""coordinates"":[]}"
0000000000000000022d,486.3852988273668,HYD_0558,17.46813820787835,78.4567013792718,"{""type"":""MultiPoint"",""coordinates"":[]}"
0000000000000000022e,675.9038716335849,HYD_0559,17.46825859325126,78.46611006643477,"{""type"":""MultiPoint"",""coordinates"":[]}"
0000000000000000022f,217.7597378263502,HYD_0560,17.468378251727465,78.47551948583526,"{""type"":""MultiPoint"",""coordinates"":[]}"
00000000000000000230,82.52731468342773,HYD_0561,17.468496839537202,78.48493086325365,"{""type"":""MultiPoint"",""coordinates"":[]}"
00000000000000000231,38.55127064903182,HYD_0562,17.468616484890735,78.49434106534522,"{""type"":""MultiPoint"",""coordinates"":[]}"
00000000000000000232,73.91631926179802,HYD_0563,17.46873462044655,78.50374897680621,"{""type"":""MultiPoint"",""coordinates"":[]}"
00000000000000000233,415.445541441189,HYD_0564,17.468852807078992,78.51315843575739,"{""type"":""MultiPoint"",""coordinates"":[]}"
00000000000000000234,89.69030622246581,HYD_0565,17.468971305987708,78.52256747762816,"{""type"":""MultiPoint"",""coordinates"":[]}"
00000000000000000235,331.8060669419551,HYD_0566,17.46908802186575,78.5319776761487,"{""type"":""MultiPoint"",""coordinates"":[]}"
00000000000000000236,67.13641292857804,HYD_0567,17.469203949032117,78.5413863976895,"{""type"":""MultiPoint"",""coordinates"":[]}"
00000000000000000237,1065.2170677865918,HYD_0568,17.46931953155383,78.55079620461687,"{""type"":""MultiPoint"",""coordinates"":[]}"
00000000000000000238,251.19469624787305,HYD_0569,17.469436185712496,78.56020711309615,"{""type"":""MultiPoint"",""coordinates"":[]}"
00000000000000000239,261.683840233307,HYD_0570,17.46955176054597,78.56961696645088,"{""type"":""MultiPoint"",""coordinates"":[]}"
0000000000000000023a,936.8903462700242,HYD_0571,17.46966658483477,78.57902604431736,"{""type"":""MultiPoint"",""coordinates"":[]}"
0000000000000000023b,1016.0632878787073,HYD_0572,17.46978064810933,78.58843506940865,"{""type"":""MultiPoint"",""coordinates"":[]}"
0000000000000000023c,1378.7354229685889,HYD_0573,17.46989366703788,78.59784683254404,"{""type"":""MultiPoint"",""coordinates"":[]}"
0000000000000000023d,1383.1141745339767,HYD_0574,17.470008055873162,78.6072569610008,"{""type"":""MultiPoint"",""coordinates"":[]}"
0000000000000000023e,792.6093041297252,HYD_0575,17.470121392900236,78.61666753832395,"{""type"":""MultiPoint"",""coordinates"":[]}"
0000000000000000023f,356.04236527964895,HYD_0576,17.470233612663527,78.62607697053069,"{""type"":""MultiPoint"",""coordinates"":[]}"
00000000000000000240,311.2452673464925,HYD_0577,17.470345808968755,78.63548790394559,"{""type"":""MultiPoint"",""coordinates"":[]}"
00000000000000000241,864.2096853351876,HYD_0578,17.47045696844511,78.64489773110103,"{""type"":""MultiPoint"",""coordinates"":[]}"
00000000000000000242,131.0601850892691,HYD_0579,17.470568447819314,78.65430866997103,"{""type"":""MultiPoint"",""coordinates"":[]}"
00000000000000000243,275.8536259799237,HYD_0580,17.470679923980736,78.66371959629541,"{""type"":""MultiPoint"",""coordinates"":[]}"
00000000000000000244,769.8651921238528,HYD_0581,17.47079061376735,78.67312903069052,"{""type"":""MultiPoint"",""coordinates"":[]}"
00000000000000000245,5918.500714271276,HYD_0582,17.45635430494826,78.24985856430075,"{""type"":""MultiPoint"",""coordinates"":[]}"
00000000000000000246,5046.633580418036,HYD_0583,17.45648399661927,78.2592646444137,"{""type"":""MultiPoint"",""coordinates"":[]}"
00000000000000000247,4078.4504649155047,HYD_0584,17.456614025416155,78.26867109097921,"{""type"":""MultiPoint"",""coordinates"":[]}"
00000000000000000248,3092.2070324617766,HYD_0585,17.45674298366466,78.27807869852684,"{""type"":""MultiPoint"",""coordinates"":[]}"
00000000000000000249,2117.151908702504,HYD_0586,17.45687152542197,78.28748588268644,"{""type"":""MultiPoint"",""coordinates"":[]}"
0000000000000000024a,1147.5592458692092,HYD_0587,17.456997917023305,78.29689315323469,"{""type"":""MultiPoint"",""coordinates"":[]}"
0000000000000000024b,190.58995354622897,HYD_0588,17.457126470665937,78.30630036103888,"{""type"":""MultiPoint"",""coordinates"":[]}"
0000000000000000024c,776.6251387937391,HYD_0589,17.45725392053698,78.31570793608235,"{""type"":""MultiPoint"",""coordinates"":[]}"
0000000000000000024d,502.81398565564973,HYD_0590,17.457380660603537,78.32511554091279,"{""type"":""MultiPoint"",""coordinates"":[]}"
0000000000000000024e,79.02973997155445,HYD_0591,17.45750736861292,78.33452312418459,"{""type"":""MultiPoint"",""coordinates"":[]}"
0000000000000000024f,370.87918485244,HYD_0592,17.457632929732142,78.34392956262909,"{""type"":""MultiPoint"",""coordinates"":[]}"
00000000000000000250,1059.6461974636147,HYD_0593,17.457757442473877,78.35333717525572,"{""type"":""MultiPoint"",""coordinates"":[]}"
00000000000000000251,252.91587012720166,HYD_0594,17.45788230634909,78.36274588898083,"{""type"":""MultiPoint"",""coordinates"":[]}"
00000000000000000252,34.175186995230405,HYD_0595,17.458007174186193,78.37215458474016,"{""type"":""MultiPoint"",""coordinates"":[]}"
00000000000000000253,500.4131861636693,HYD_0596,17.45813201861724,78.38156327611713,"{""type"":""MultiPoint"",""coordinates"":[]}"
00000000000000000254,926.1792829725671,HYD_0597,17.458255001173132,78.39097086076049,"{""type"":""MultiPoint"",""coordinates"":[]}"
00000000000000000255,920.3759637466928,HYD_0598,17.458376894526406,78.40037738565296,"{""type"":""MultiPoint"",""coordinates"":[]}"
00000000000000000256,1257.2461586910385,HYD_0599,17.458501008842553,78.40978534222823,"{""type"":""MultiPoint"",""coordinates"":[]}"
00000000000000000257,1180.5753459960288,HYD_0600,17.458623616832664,78.41919325132193,"{""type"":""MultiPoint"",""coordinates"":[]}"
00000000000000000258,420.7527438589461,HYD_0601,17.458745114863873,78.42860234405467,"{""type"":""MultiPoint"",""coordinates"":[]}"
00000000000000000259,163.68518745193288,HYD_0602,17.45886550429829,78.43801106365912,"{""type"":""MultiPoint"",""coordinates"":[]}"
0000000000000000025a,343.6502009821861,HYD_0603,17.458985905592822,78.44741974950057,"{""type"":""MultiPoint"",""coordinates"":[]}"
0000000000000000025b,57.621434433445046,HYD_0604,17.459106661063355,78.45682732893283,"{""type"":""MultiPoint"",""coordinates"":[]}"
0000000000000000025c,253.75005789216706,HYD_0605,17.459226707705362,78.4662349389608,"{""type"":""MultiPoint"",""coordinates"":[]}"
0000000000000000025d,71.46893060184932,HYD_0606,17.459347126092375,78.47564362919299,"{""type"":""MultiPoint"",""coordinates"":[]}"
0000000000000000025e,8.59576173320613,HYD_0607,17.459467880556335,78.48505345148881,"{""type"":""MultiPoint"",""coordinates"":[]}"
0000000000000000025f,19.7281968856327,HYD_0608,17.459585667549337,78.49446327703401,"{""type"":""MultiPoint"",""coordinates"":[]}"
00000000000000000260,347.07763614295783,HYD_0609,17.459703836638933,78.50387197813589,"{""type"":""MultiPoint"",""coordinates"":[]}"
00000000000000000261,159.14054455661372,HYD_0610,17.45982199767387,78.51328067404289,"{""type"":""MultiPoint"",""coordinates"":[]}"
00000000000000000262,100.62881250112366,HYD_0611,17.459939047753203,78.5226897825344,"{""type"":""MultiPoint"",""coordinates"":[]}"
00000000000000000263,285.5348747953013,HYD_0612,17.460057191980713,78.5320976910785,"{""type"":""MultiPoint"",""coordinates"":[]}"
00000000000000000264,183.89854314982276,HYD_0613,17.460174276276458,78.54150677835591,"{""type"":""MultiPoint"",""coordinates"":[]}"
00000000000000000265,392.4686860273454,HYD_0614,17.46029020541403,78.55091773423095,"{""type"":""MultiPoint"",""coordinates"":[]}"
00000000000000000266,156.84327768888028,HYD_0615,17.460406151453267,78.56032863744008,"{""type"":""MultiPoint"",""coordinates"":[]}"
00000000000000000267,907.2076986683902,HYD_0616,17.46052097953687,78.56973773596465,"{""type"":""MultiPoint"",""coordinates"":[]}"
00000000000000000268,1654.7415553977562,HYD_0617,17.460634666304898,78.5791456744259,"{""type"":""MultiPoint"",""coordinates"":[]}"
00000000000000000269,2011.2280957752507,HYD_0618,17.460749504197167,78.58855475171711,"{""type"":""MultiPoint"",""coordinates"":[]}"
0000000000000000026a,2288.213256989482,HYD_0619,17.460863571666515,78.59796456039368,"{""type"":""MultiPoint"",""coordinates"":[]}"
0000000000000000026b,2143.3135232289164,HYD_0620,17.46097580943453,78.60737479052989,"{""type"":""MultiPoint"",""coordinates"":[]}"
0000000000000000026c,1722.7399741658612,HYD_0621,17.461089120272845,78.61678384908352,"{""type"":""MultiPoint"",""coordinates"":[]}"
0000000000000000026d,1102.028354527581,HYD_0622,17.46120243739199,78.6261951234799,"{""type"":""MultiPoint"",""coordinates"":[]}"
0000000000000000026e,476.83284903670034,HYD_0623,17.461313556206118,78.63560495074276,"{""type"":""MultiPoint"",""coordinates"":[]}"
0000000000000000026f,33.11588788815628,HYD_0624,17.461425036911486,78.6450136605254,"{""type"":""MultiPoint"",""coordinates"":[]}"
00000000000000000270,528.4899602746078,HYD_0625,17.461536533090435,78.65442458727344,"{""type"":""MultiPoint"",""coordinates"":[]}"
00000000000000000271,594.6631709147407,HYD_0626,17.461647999793165,78.6638355466511,"{""type"":""MultiPoint"",""coordinates"":[]}"
00000000000000000272,122.84192031582863,HYD_0627,17.46175838740566,78.67324462016379,"{""type"":""MultiPoint"",""coordinates"":[]}"
00000000000000000273,5498.5662724685235,HYD_0628,17.447325378326482,78.24999304188597,"{""type"":""MultiPoint"",""coordinates"":[]}"
00000000000000000274,4581.685563445332,HYD_0629,17.447454687637258,78.25939951845055,"{""type"":""MultiPoint"",""coordinates"":[]}"
00000000000000000275,3684.61751324047,HYD_0630,17.447583987611036,78.2688059880976,"{""type"":""MultiPoint"",""coordinates"":[]}"
00000000000000000276,2828.11063357568,HYD_0631,17.44771330050847,78.27821247173098,"{""type"":""MultiPoint"",""coordinates"":[]}"
00000000000000000277,1963.4192951211692,HYD_0632,17.447842604518794,78.28761896173886,"{""type"":""MultiPoint"",""coordinates"":[]}"
00000000000000000278,1094.580772235254,HYD_0633,17.447969706494252,78.29702542771872,"{""type"":""MultiPoint"",""coordinates"":[]}"
00000000000000000279,216.90982713974452,HYD_0634,17.448097160915694,78.30643301663594,"{""type"":""MultiPoint"",""coordinates"":[]}"
0000000000000000027a,63.583882660500635,HYD_0635,17.448223521880514,78.31583951043716,"{""type"":""MultiPoint"",""coordinates"":[]}"
0000000000000000027b,427.8739848685415,HYD_0636,17.44835096318499,78.32524708266864,"{""type"":""MultiPoint"",""coordinates"":[]}"
0000000000000000027c,889.8015197395258,HYD_0637,17.448478403366526,78.33465464788286,"{""type"":""MultiPoint"",""coordinates"":[]}"
0000000000000000027d,322.13608807802234,HYD_0638,17.448602560565295,78.34406116021658,"{""type"":""MultiPoint"",""coordinates"":[]}"
0000000000000000027e,367.0837916388007,HYD_0639,17.44872813005051,78.3534676069163,"{""type"":""MultiPoint"",""coordinates"":[]}"
0000000000000000027f,91.11660718487262,HYD_0640,17.44885261285356,78.36287519047669,"{""type"":""MultiPoint"",""coordinates"":[]}"
00000000000000000280,900.0261336967058,HYD_0641,17.448977447310238,78.37228388947521,"{""type"":""MultiPoint"",""coordinates"":[]}"
00000000000000000281,117.87443550072582,HYD_0642,17.449102671709614,78.38169146636452,"{""type"":""MultiPoint"",""coordinates"":[]}"
00000000000000000282,692.3845479485655,HYD_0643,17.44922460516776,78.39109796390827,"{""type"":""MultiPoint"",""coordinates"":[]}"
00000000000000000283,1156.623451255185,HYD_0644,17.449347575461793,78.4005055448124,"{""type"":""MultiPoint"",""coordinates"":[]}"
00000000000000000284,1629.9134200064875,HYD_0645,17.44947018889396,78.4099142580205,"{""type"":""MultiPoint"",""coordinates"":[]}"
00000000000000000285,1430.5606554911926,HYD_0646,17.449593176029058,78.41932180167834,"{""type"":""MultiPoint"",""coordinates"":[]}"
00000000000000000286,814.4940294998505,HYD_0647,17.449715456781014,78.42872942353539,"{""type"":""MultiPoint"",""coordinates"":[]}"
00000000000000000287,67.01910942143253,HYD_0648,17.44983584420869,78.43813814515838,"{""type"":""MultiPoint"",""coordinates"":[]}"
00000000000000000288,83.04826636446796,HYD_0649,17.449956227820746,78.4475468348374,"{""type"":""MultiPoint"",""coordinates"":[]}"
00000000000000000289,702.9659294133247,HYD_0650,17.450076635836187,78.45695329959865,"{""type"":""MultiPoint"",""coordinates"":[]}"
0000000000000000028a,413.0475611529969,HYD_0651,17.450197037141194,78.46635979539454,"{""type"":""MultiPoint"",""coordinates"":[]}"
0000000000000000028b,683.720392289058,HYD_0652,17.4503174469008,78.47576851155348,"{""type"":""MultiPoint"",""coordinates"":[]}"
0000000000000000028c,159.97068276332573,HYD_0653,17.45043782429379,78.48517718981705,"{""type"":""MultiPoint"",""coordinates"":[]}"
0000000000000000028d,55.964887129688705,HYD_0654,17.45055597825362,78.49458587443539,"{""type"":""MultiPoint"",""coordinates"":[]}"
0000000000000000028e,109.6927459228945,HYD_0655,17.450674147235393,78.50399457780766,"{""type"":""MultiPoint"",""coordinates"":[]}"
0000000000000000028f,282.8585071485146,HYD_0656,17.450792336788435,78.51340330790481,"{""type"":""MultiPoint"",""coordinates"":[]}"
00000000000000000290,1004.4143489281264,HYD_0657,17.45090825215371,78.52281201723586,"{""type"":""MultiPoint"",""coordinates"":[]}"
00000000000000000291,40.3313357056709,HYD_0658,17.45102530643353,78.53222109336853,"{""type"":""MultiPoint"",""coordinates"":[]}"
00000000000000000292,82.53902186423845,HYD_0659,17.451142378379533,78.54162942098466,"{""type"":""MultiPoint"",""coordinates"":[]}"
00000000000000000293,34.09669937790274,HYD_0660,17.451258683627934,78.55103922757418,"{""type"":""MultiPoint"",""coordinates"":[]}"
00000000000000000294,681.8140025119103,HYD_0661,17.451374236181298,78.56044903957219,"{""type"":""MultiPoint"",""coordinates"":[]}"
00000000000000000295,770.9396664604187,HYD_0662,17.45148906628463,78.56985734803804,"{""type"":""MultiPoint"",""coordinates"":[]}"
00000000000000000296,994.2147599168899,HYD_0663,17.451603885953595,78.5792664545039,"{""type"":""MultiPoint"",""coordinates"":[]}"
00000000000000000297,1494.730283458129,HYD_0664,17.451718681247623,78.58867553426632,"{""type"":""MultiPoint"",""coordinates"":[]}"
00000000000000000298,2340.1653147819143,HYD_0665,17.45183237980061,78.59808345199484,"{""type"":""MultiPoint"",""coordinates"":[]}"
00000000000000000299,3027.7720265247453,HYD_0666,17.451944995999895,78.60749256459103,"{""type"":""MultiPoint"",""coordinates"":[]}"
0000000000000000029a,2515.392468234474,HYD_0667,17.452057940125272,78.61690278460394,"{""type"":""MultiPoint"",""coordinates"":[]}"
0000000000000000029b,1857.6326300236722,HYD_0668,17.452171279705855,78.62631182439125,"{""type"":""MultiPoint"",""coordinates"":[]}"
0000000000000000029c,1368.2857982398657,HYD_0669,17.452283889377572,78.63572086775417,"{""type"":""MultiPoint"",""coordinates"":[]}"
0000000000000000029d,864.6749793116319,HYD_0670,17.45239535178159,78.64512960353636,"{""type"":""MultiPoint"",""coordinates"":[]}"
0000000000000000029e,306.15639830734335,HYD_0671,17.45250720567352,78.65453942149652,"{""type"":""MultiPoint"",""coordinates"":[]}"
0000000000000000029f,422.95749582883684,HYD_0672,17.4526168730498,78.66395075294197,"{""type"":""MultiPoint"",""coordinates"":[]}"
000000000000000002a0,1012.7947662887349,HYD_0673,17.452726440006487,78.67335978783744,"{""type"":""MultiPoint"",""coordinates"":[]}"
000000000000000002a1,4187.423912356356,HYD_0674,17.438425358263785,78.25953439090635,"{""type"":""MultiPoint"",""coordinates"":[]}"
000000000000000002a2,3267.1206669238586,HYD_0675,17.438553957310056,78.26894088429677,"{""type"":""MultiPoint"",""coordinates"":[]}"
000000000000000002a3,2350.3076259341146,HYD_0676,17.438683979326687,78.27834735716151,"{""type"":""MultiPoint"",""coordinates"":[]}"
000000000000000002a4,1450.680919680608,HYD_0677,17.438812915907366,78.28775273002894,"{""type"":""MultiPoint"",""coordinates"":[]}"
000000000000000002a5,608.4239272809405,HYD_0678,17.438940026744206,78.29715921350787,"{""type"":""MultiPoint"",""coordinates"":[]}"
000000000000000002a6,271.1659910528686,HYD_0679,17.439067106082618,78.30656567833101,"{""type"":""MultiPoint"",""coordinates"":[]}"
000000000000000002a7,336.4314674905971,HYD_0680,17.439194184805984,78.31597216832202,"{""type"":""MultiPoint"",""coordinates"":[]}"
000000000000000002a8,1019.1047712905726,HYD_0681,17.43932163535496,78.32537972778998,"{""type"":""MultiPoint"",""coordinates"":[]}"
000000000000000002a9,1704.4876184667592,HYD_0682,17.439448015820997,78.33478621376489,"{""type"":""MultiPoint"",""coordinates"":[]}"
000000000000000002aa,1032.417047793726,HYD_0683,17.439573590639526,78.34419267826479,"{""type"":""MultiPoint"",""coordinates"":[]}"
000000000000000002ab,436.50735820445897,HYD_0684,17.439697717928368,78.35359916277001,"{""type"":""MultiPoint"",""coordinates"":[]}"
000000000000000002ac,50.82298934724064,HYD_0685,17.439823280490387,78.36300560346088,"{""type"":""MultiPoint"",""coordinates"":[]}"
000000000000000002ad,709.8154128619522,HYD_0686,17.439947772224695,78.3724131933213,"{""type"":""MultiPoint"",""coordinates"":[]}"
000000000000000002ae,686.1266441820247,HYD_0687,17.440072641609692,78.38181970706941,"{""type"":""MultiPoint"",""coordinates"":[]}"
000000000000000002af,97.88075809299444,HYD_0688,17.440195263637644,78.39122617164037,"{""type"":""MultiPoint"",""coordinates"":[]}"
000000000000000002b0,219.32062569324674,HYD_0689,17.440318236745583,78.4006337330526,"{""type"":""MultiPoint"",""coordinates"":[]}"
000000000000000002b1,902.0525712404451,HYD_0690,17.440440501127927,78.41004133092848,"{""type"":""MultiPoint"",""coordinates"":[]}"
000000000000000002b2,483.657076432131,HYD_0691,17.44056277843345,78.41944891365517,"{""type"":""MultiPoint"",""coordinates"":[]}"
000000000000000002b3,442.27302848332783,HYD_0692,17.44068614035778,78.4288553939591,"{""type"":""MultiPoint"",""coordinates"":[]}"
000000000000000002b4,360.5447966011221,HYD_0693,17.440806171655538,78.43826297884486,"{""type"":""MultiPoint"",""coordinates"":[]}"
000000000000000002b5,76.72583751184044,HYD_0694,17.44092655365491,78.44767167068552,"{""type"":""MultiPoint"",""coordinates"":[]}"
000000000000000002b6,85.14558012539617,HYD_0695,17.441046596795243,78.45707927792628,"{""type"":""MultiPoint"",""coordinates"":[]}"
000000000000000002b7,383.8051037683048,HYD_0696,17.441167723696882,78.46648573357773,"{""type"":""MultiPoint"",""coordinates"":[]}"
000000000000000002b8,245.58127334090972,HYD_0697,17.44128776698387,78.47589335634133,"{""type"":""MultiPoint"",""coordinates"":[]}"
000000000000000002b9,223.86030135881637,HYD_0698,17.44140703462042,78.48530244608482,"{""type"":""MultiPoint"",""coordinates"":[]}"
000000000000000002ba,99.40874373733395,HYD_0699,17.441525168525153,78.49471036158863,"{""type"":""MultiPoint"",""coordinates"":[]}"
000000000000000002bb,57.649123354603255,HYD_0700,17.44164374061899,78.50411873905641,"{""type"":""MultiPoint"",""coordinates"":[]}"
000000000000000002bc,487.7180092270356,HYD_0701,17.44176152070357,78.51352555362541,"{""type"":""MultiPoint"",""coordinates"":[]}"
000000000000000002bd,270.68603053558456,HYD_0702,17.441878576863708,78.52293464539903,"{""type"":""MultiPoint"",""coordinates"":[]}"
000000000000000002be,74.13718032442165,HYD_0703,17.4419945110522,78.53234335371256,"{""type"":""MultiPoint"",""coordinates"":[]}"
000000000000000002bf,413.2986679424168,HYD_0704,17.44211046550517,78.54175204021733,"{""type"":""MultiPoint"",""coordinates"":[]}"
000000000000000002c0,407.0697965837821,HYD_0705,17.442226412848672,78.55116074821812,"{""type"":""MultiPoint"",""coordinates"":[]}"
000000000000000002c1,455.3877793527161,HYD_0706,17.442342712169143,78.56056831205312,"{""type"":""MultiPoint"",""coordinates"":[]}"
000000000000000002c2,3.8426151279391054,HYD_0707,17.442458284026078,78.56997591568904,"{""type"":""MultiPoint"",""coordinates"":[]}"
000000000000000002c3,123.19702028070161,HYD_0708,17.44257308840437,78.57938499572329,"{""type"":""MultiPoint"",""coordinates"":[]}"
000000000000000002c4,1122.1613207471707,HYD_0709,17.442686746746876,78.58879293615645,"{""type"":""MultiPoint"",""coordinates"":[]}"
000000000000000002c5,2031.7715776486316,HYD_0710,17.44280049899462,78.59820241562593,"{""type"":""MultiPoint"",""coordinates"":[]}"
000000000000000002c6,2887.771766641438,HYD_0711,17.44291418431758,78.60761034439662,"{""type"":""MultiPoint"",""coordinates"":[]}"
000000000000000002c7,3263.9823234658907,HYD_0712,17.44302679261847,78.61701944589544,"{""type"":""MultiPoint"",""coordinates"":[]}"
000000000000000002c8,2707.427213317185,HYD_0713,17.443139377424878,78.62642851729747,"{""type"":""MultiPoint"",""coordinates"":[]}"
000000000000000002c9,2258.2577752328993,HYD_0714,17.443251963875973,78.63583681560918,"{""type"":""MultiPoint"",""coordinates"":[]}"
000000000000000002ca,1681.1668412057186,HYD_0715,17.44336346499629,78.6452455315005,"{""type"":""MultiPoint"",""coordinates"":[]}"
000000000000000002cb,761.2006691517339,HYD_0716,17.443474942922162,78.65465425992457,"{""type"":""MultiPoint"",""coordinates"":[]}"
000000000000000002cc,31.33392997774728,HYD_0717,17.44358564763764,78.664063653415,"{""type"":""MultiPoint"",""coordinates"":[]}"
000000000000000002cd,222.00837988509008,HYD_0718,17.443695665139952,78.67347386945414,"{""type"":""MultiPoint"",""coordinates"":[]}"
000000000000000002ce,3899.457424014859,HYD_0719,17.42939530719182,78.25966929253538,"{""type"":""MultiPoint"",""coordinates"":[]}"
000000000000000002cf,2936.700205494819,HYD_0720,17.429524631449855,78.2690757887434,"{""type"":""MultiPoint"",""coordinates"":[]}"
000000000000000002d0,1973.9602856498627,HYD_0721,17.42965394403884,78.27848224834447,"{""type"":""MultiPoint"",""coordinates"":[]}"
000000000000000002d1,1035.8234471246406,HYD_0722,17.42978325022436,78.28788649852306,"{""type"":""MultiPoint"",""coordinates"":[]}"
000000000000000002d2,119.08973034297563,HYD_0723,17.42991181070161,78.29729148000489,"{""type"":""MultiPoint"",""coordinates"":[]}"
000000000000000002d3,773.178505272919,HYD_0724,17.430038203228552,78.30669873288468,"{""type"":""MultiPoint"",""coordinates"":[]}"
000000000000000002d4,384.51644615300603,HYD_0725,17.43016597046173,78.31610442606035,"{""type"":""MultiPoint"",""coordinates"":[]}"
000000000000000002d5,408.9373871973397,HYD_0726,17.430292375951908,78.3255116835219,"{""type"":""MultiPoint"",""coordinates"":[]}"
000000000000000002d6,716.0687363241277,HYD_0727,17.43041905334305,78.3349177513944,"{""type"":""MultiPoint"",""coordinates"":[]}"
000000000000000002d7,1009.6371522898299,HYD_0728,17.430543524235137,78.34432310662905,"{""type"":""MultiPoint"",""coordinates"":[]}"
000000000000000002d8,1318.8792680958602,HYD_0729,17.430668392103527,78.35372957956649,"{""type"":""MultiPoint"",""coordinates"":[]}"
000000000000000002d9,702.1458273656058,HYD_0730,17.430793250886175,78.36313606576435,"{""type"":""MultiPoint"",""coordinates"":[]}"
000000000000000002da,1.0811257900333848,HYD_0731,17.43091810102657,78.37254254930087,"{""type"":""MultiPoint"",""coordinates"":[]}"
000000000000000002db,709.753326325899,HYD_0732,17.431042977952472,78.38194900670226,"{""type"":""MultiPoint"",""coordinates"":[]}"
000000000000000002dc,1048.1072920490478,HYD_0733,17.43116556659811,78.39135545887875,"{""type"":""MultiPoint"",""coordinates"":[]}"
000000000000000002dd,447.9398464560905,HYD_0734,17.431288198963482,78.40076194245755,"{""type"":""MultiPoint"",""coordinates"":[]}"
000000000000000002de,171.33806161083106,HYD_0735,17.43141083869212,78.41016843310665,"{""type"":""MultiPoint"",""coordinates"":[]}"
000000000000000002df,73.76257635414477,HYD_0736,17.43153384950684,78.41957601277838,"{""type"":""MultiPoint"",""coordinates"":[]}"
000000000000000002e0,206.00668359672562,HYD_0737,17.431655749331384,78.42898250743431,"{""type"":""MultiPoint"",""coordinates"":[]}"
000000000000000002e1,175.2354093255493,HYD_0738,17.431776839877642,78.43838895907139,"{""type"":""MultiPoint"",""coordinates"":[]}"
000000000000000002e2,26.69123616845883,HYD_0739,17.431896888002953,78.44779653652544,"{""type"":""MultiPoint"",""coordinates"":[]}"
000000000000000002e3,100.72790252045733,HYD_0740,17.43201726744688,78.45720524072273,"{""type"":""MultiPoint"",""coordinates"":[]}"
000000000000000002e4,1099.2010727112186,HYD_0741,17.43213766994342,78.4666117215427,"{""type"":""MultiPoint"",""coordinates"":[]}"
000000000000000002e5,1207.9977176013692,HYD_0742,17.43225808751125,78.4760182091626,"{""type"":""MultiPoint"",""coordinates"":[]}"
000000000000000002e6,326.9901806114199,HYD_0743,17.432376589448836,78.48542579969666,"{""type"":""MultiPoint"",""coordinates"":[]}"
000000000000000002e7,173.13542273289696,HYD_0744,17.43249438901551,78.49483339561453,"{""type"":""MultiPoint"",""coordinates"":[]}"
000000000000000002e8,184.22379771421956,HYD_0745,17.43261218979249,78.50424099501913,"{""type"":""MultiPoint"",""coordinates"":[]}"
000000000000000002e9,241.79862538957818,HYD_0746,17.432730716338973,78.51364855705229,"{""type"":""MultiPoint"",""coordinates"":[]}"
000000000000000002ea,19.32041889468925,HYD_0747,17.432849258096983,78.52305613624105,"{""type"":""MultiPoint"",""coordinates"":[]}"
000000000000000002eb,378.47187694679116,HYD_0748,17.432964825378853,78.53246373850133,"{""type"":""MultiPoint"",""coordinates"":[]}"
000000000000000002ec,198.49575236740358,HYD_0749,17.43308076425719,78.54187241380903,"{""type"":""MultiPoint"",""coordinates"":[]}"
000000000000000002ed,482.8776066403223,HYD_0750,17.433196726920148,78.55128114031204,"{""type"":""MultiPoint"",""coordinates"":[]}"
000000000000000002ee,403.1590039450914,HYD_0751,17.433312662932813,78.56068761172772,"{""type"":""MultiPoint"",""coordinates"":[]}"
000000000000000002ef,858.5390387312765,HYD_0752,17.4334274880502,78.570094475604,"{""type"":""MultiPoint"",""coordinates"":[]}"
000000000000000002f0,182.16124352914602,HYD_0753,17.433541160612563,78.5795023796664,"{""type"":""MultiPoint"",""coordinates"":[]}"
000000000000000002f1,654.0081039637095,HYD_0754,17.433655996636144,78.58891150366188,"{""type"":""MultiPoint"",""coordinates"":[]}"
000000000000000002f2,1609.6426458696621,HYD_0755,17.433769709940798,78.5983202064226,"{""type"":""MultiPoint"",""coordinates"":[]}"
000000000000000002f3,2582.835478740694,HYD_0756,17.43388229809668,78.60772929709061,"{""type"":""MultiPoint"",""coordinates"":[]}"
000000000000000002f4,2727.260536137044,HYD_0757,17.433996346185566,78.61713608611929,"{""type"":""MultiPoint"",""coordinates"":[]}"
000000000000000002f5,2218.8228965403405,HYD_0758,17.434108603251957,78.62654404551327,"{""type"":""MultiPoint"",""coordinates"":[]}"
000000000000000002f6,1730.4048176621282,HYD_0759,17.434220040879232,78.63595276919997,"{""type"":""MultiPoint"",""coordinates"":[]}"
000000000000000002f7,1125.8571195569893,HYD_0760,17.43433154332325,78.64536149010466,"{""type"":""MultiPoint"",""coordinates"":[]}"
000000000000000002f8,516.7623134108181,HYD_0761,17.434443016165215,78.6547701840013,"{""type"":""MultiPoint"",""coordinates"":[]}"
000000000000000002f9,68.59104730695762,HYD_0762,17.43455340720541,78.66417927456224,"{""type"":""MultiPoint"",""coordinates"":[]}"
000000000000000002fa,558.6698660079916,HYD_0763,17.43466377308708,78.67358760212353,"{""type"":""MultiPoint"",""coordinates"":[]}"
000000000000000002fb,2677.994308716905,HYD_0764,17.420497532177873,78.26921064915031,"{""type"":""MultiPoint"",""coordinates"":[]}"
000000000000000002fc,1705.631536580108,HYD_0765,17.420625372220304,78.2786164136511,"{""type"":""MultiPoint"",""coordinates"":[]}"
000000000000000002fd,743.0937978896633,HYD_0766,17.420753571908897,78.28802027459926,"{""type"":""MultiPoint"",""coordinates"":[]}"
000000000000000002fe,219.43861628722286,HYD_0767,17.420882886228853,78.29742452452125,"{""type"":""MultiPoint"",""coordinates"":[]}"
000000000000000002ff,1182.122536702186,HYD_0768,17.42101035278972,78.30682987677453,"{""type"":""MultiPoint"",""coordinates"":[]}"
00000000000000000300,1004.2925133227142,HYD_0769,17.42113672488991,78.31623636427472,"{""type"":""MultiPoint"",""coordinates"":[]}"
00000000000000000301,428.6771502573368,HYD_0770,17.421264513481933,78.32564283309658,"{""type"":""MultiPoint"",""coordinates"":[]}"
00000000000000000302,274.22634332682645,HYD_0771,17.421388994633823,78.3350481836836,"{""type"":""MultiPoint"",""coordinates"":[]}"
00000000000000000303,122.78958236831592,HYD_0772,17.421513467508426,78.34445353477027,"{""type"":""MultiPoint"",""coordinates"":[]}"
00000000000000000304,507.9082588084831,HYD_0773,17.42163906753497,78.3538600046224,"{""type"":""MultiPoint"",""coordinates"":[]}"
00000000000000000305,679.439191815092,HYD_0774,17.421763561693997,78.36326537456272,"{""type"":""MultiPoint"",""coordinates"":[]}"
00000000000000000306,695.0893235936878,HYD_0775,17.421888408178116,78.37267186002646,"{""type"":""MultiPoint"",""coordinates"":[]}"
00000000000000000307,69.78168572072133,HYD_0776,17.422013287848362,78.38207831332795,"{""type"":""MultiPoint"",""coordinates"":[]}"
00000000000000000308,531.1175083734822,HYD_0777,17.422136249016244,78.39148364487441,"{""type"":""MultiPoint"",""coordinates"":[]}"
00000000000000000309,1059.975537857902,HYD_0778,17.42225817048752,78.40089015161672,"{""type"":""MultiPoint"",""coordinates"":[]}"
0000000000000000030a,83.37994844645719,HYD_0779,17.422381529618875,78.41029663893599,"{""type"":""MultiPoint"",""coordinates"":[]}"
0000000000000000030b,307.8189392064399,HYD_0780,17.422503447644132,78.41970311678324,"{""type"":""MultiPoint"",""coordinates"":[]}"
0000000000000000030c,1.7346855625957134,HYD_0781,17.42262678059607,78.42910956542802,"{""type"":""MultiPoint"",""coordinates"":[]}"
0000000000000000030d,185.52788665327873,HYD_0782,17.422746448370873,78.43851608275982,"{""type"":""MultiPoint"",""coordinates"":[]}"
0000000000000000030e,102.634149794728,HYD_0783,17.422867542118592,78.4479225264058,"{""type"":""MultiPoint"",""coordinates"":[]}"
0000000000000000030f,139.82203932635653,HYD_0784,17.422987593605107,78.45733009491565,"{""type"":""MultiPoint"",""coordinates"":[]}"
00000000000000000310,439.31704481570193,HYD_0785,17.423107980775974,78.46673657756301,"{""type"":""MultiPoint"",""coordinates"":[]}"
00000000000000000311,823.5811651582667,HYD_0786,17.423227294238284,78.47614345518137,"{""type"":""MultiPoint"",""coordinates"":[]}"
00000000000000000312,32.175907208148104,HYD_0787,17.4233454163845,78.48554915980658,"{""type"":""MultiPoint"",""coordinates"":[]}"
00000000000000000313,20.860409831875245,HYD_0788,17.423464697712006,78.49495600621648,"{""type"":""MultiPoint"",""coordinates"":[]}"
00000000000000000314,105.66040015627648,HYD_0789,17.423583225219808,78.50436358164616,"{""type"":""MultiPoint"",""coordinates"":[]}"
00000000000000000315,220.23701259013734,HYD_0790,17.42369994352676,78.51377156782279,"{""type"":""MultiPoint"",""coordinates"":[]}"
00000000000000000316,347.08641438130815,HYD_0791,17.4238177428597,78.52317838544822,"{""type"":""MultiPoint"",""coordinates"":[]}"
00000000000000000317,177.8845824478418,HYD_0792,17.423935494046724,78.53258522384425,"{""type"":""MultiPoint"",""coordinates"":[]}"
00000000000000000318,365.55269836481375,HYD_0793,17.424051097351732,78.54199283827207,"{""type"":""MultiPoint"",""coordinates"":[]}"
00000000000000000319,289.0898688586644,HYD_0794,17.42416740591453,78.55140040175148,"{""type"":""MultiPoint"",""coordinates"":[]}"
0000000000000000031a,923.8315396196933,HYD_0795,17.424281518480335,78.56080728346144,"{""type"":""MultiPoint"",""coordinates"":[]}"
0000000000000000031b,1496.8528630413114,HYD_0796,17.424395550307054,78.57021409335863,"{""type"":""MultiPoint"",""coordinates"":[]}"
0000000000000000031c,497.19765321349456,HYD_0797,17.424510378743356,78.57962320379441,"{""type"":""MultiPoint"",""coordinates"":[]}"
0000000000000000031d,502.3325719870778,HYD_0798,17.42462556123233,78.5890311495908,"{""type"":""MultiPoint"",""coordinates"":[]}"
0000000000000000031e,1501.7433660463,HYD_0799,17.42473889991719,78.59843798292519,"{""type"":""MultiPoint"",""coordinates"":[]}"
0000000000000000031f,2501.3930805920827,HYD_0800,17.42485150406279,78.60784707661972,"{""type"":""MultiPoint"",""coordinates"":[]}"
00000000000000000320,1981.5353998141159,HYD_0801,17.424963743294008,78.61725506934796,"{""type"":""MultiPoint"",""coordinates"":[]}"
00000000000000000321,1343.2975886158317,HYD_0802,17.425077067073758,78.62666110419481,"{""type"":""MultiPoint"",""coordinates"":[]}"
00000000000000000322,861.5366135307797,HYD_0803,17.425188163287885,78.63606871543219,"{""type"":""MultiPoint"",""coordinates"":[]}"
00000000000000000323,363.2400936454875,HYD_0804,17.42529961651333,78.64547743265763,"{""type"":""MultiPoint"",""coordinates"":[]}"
00000000000000000324,285.4796679627527,HYD_0805,17.425411090385268,78.6548861162738,"{""type"":""MultiPoint"",""coordinates"":[]}"
00000000000000000325,817.9373179652971,HYD_0806,17.425521467360703,78.66429445330459,"{""type"":""MultiPoint"",""coordinates"":[]}"
00000000000000000326,1305.144249374252,HYD_0807,17.425631838519255,78.67370352616044,"{""type"":""MultiPoint"",""coordinates"":[]}"
00000000000000000327,1597.0259178208514,HYD_0808,17.411597903443937,78.27874942322673,"{""type"":""MultiPoint"",""coordinates"":[]}"
00000000000000000328,602.4162842392668,HYD_0809,17.411725010269453,78.2881544200269,"{""type"":""MultiPoint"",""coordinates"":[]}"
00000000000000000329,289.3154934073039,HYD_0810,17.411853218391986,78.29755828060958,"{""type"":""MultiPoint"",""coordinates"":[]}"
0000000000000000032a,1192.031769055094,HYD_0811,17.411980326881036,78.3069625532739,"{""type"":""MultiPoint"",""coordinates"":[]}"
0000000000000000032b,1776.9345776487432,HYD_0812,17.412107763402794,78.31636788118048,"{""type"":""MultiPoint"",""coordinates"":[]}"
0000000000000000032c,1394.2783241556062,HYD_0813,17.412234491624982,78.32577325561168,"{""type"":""MultiPoint"",""coordinates"":[]}"
0000000000000000032d,1224.8925532328724,HYD_0814,17.41235896870186,78.33517862350558,"{""type"":""MultiPoint"",""coordinates"":[]}"
0000000000000000032e,763.7346592362082,HYD_0815,17.412484526372914,78.34458506770363,"{""type"":""MultiPoint"",""coordinates"":[]}"
0000000000000000032f,456.09601387625776,HYD_0816,17.412609016986934,78.35399043458143,"{""type"":""MultiPoint"",""coordinates"":[]}"
00000000000000000330,309.16970856412746,HYD_0817,17.412733882812827,78.36339468317298,"{""type"":""MultiPoint"",""coordinates"":[]}"
00000000000000000331,269.9554203655293,HYD_0818,17.412859101249165,78.37280004759113,"{""type"":""MultiPoint"",""coordinates"":[]}"
00000000000000000332,575.2093097941657,HYD_0819,17.412983255570996,78.38220652375183,"{""type"":""MultiPoint"",""coordinates"":[]}"
00000000000000000333,257.2863214928798,HYD_0820,17.413106227442967,78.39161185784042,"{""type"":""MultiPoint"",""coordinates"":[]}"
00000000000000000334,436.1479522017823,HYD_0821,17.413229193739443,78.40101722981179,"{""type"":""MultiPoint"",""coordinates"":[]}"
00000000000000000335,135.87881903776008,HYD_0822,17.41335111794636,78.41042373258453,"{""type"":""MultiPoint"",""coordinates"":[]}"
00000000000000000336,234.24729920441416,HYD_0823,17.413474454886494,78.41983016389537,"{""type"":""MultiPoint"",""coordinates"":[]}"
00000000000000000337,61.54110260517208,HYD_0824,17.41359673210633,78.42923553451365,"{""type"":""MultiPoint"",""coordinates"":[]}"
00000000000000000338,334.86936645731,HYD_0825,17.41371711947909,78.4386420333025,"{""type"":""MultiPoint"",""coordinates"":[]}"
00000000000000000339,214.8862851787513,HYD_0826,17.41383750396866,78.44804850032732,"{""type"":""MultiPoint"",""coordinates"":[]}"
0000000000000000033a,147.83160347700777,HYD_0827,17.413958257875265,78.4574538316998,"{""type"":""MultiPoint"",""coordinates"":[]}"
0000000000000000033b,669.7974202278872,HYD_0828,17.414077970361856,78.46686033258817,"{""type"":""MultiPoint"",""coordinates"":[]}"
0000000000000000033c,234.42519765511273,HYD_0829,17.414196825022604,78.47626677599212,"{""type"":""MultiPoint"",""coordinates"":[]}"
0000000000000000033d,337.91096752945174,HYD_0830,17.41431428691313,78.48567329105609,"{""type"":""MultiPoint"",""coordinates"":[]}"
0000000000000000033e,295.65926810721527,HYD_0831,17.41443427516177,78.49508013449258,"{""type"":""MultiPoint"",""coordinates"":[]}"
0000000000000000033f,21.55969345420793,HYD_0832,17.414551730224186,78.50448584565272,"{""type"":""MultiPoint"",""coordinates"":[]}"
00000000000000000340,103.394864957095,HYD_0833,17.414669495435955,78.51389268393524,"{""type"":""MultiPoint"",""coordinates"":[]}"
00000000000000000341,129.7521028764628,HYD_0834,17.41478617397162,78.52330063914846,"{""type"":""MultiPoint"",""coordinates"":[]}"
00000000000000000342,1013.0713661741224,HYD_0835,17.41490323593015,78.53270675355382,"{""type"":""MultiPoint"",""coordinates"":[]}"
00000000000000000343,282.2132781326435,HYD_0836,17.415019195981287,78.54211325495386,"{""type"":""MultiPoint"",""coordinates"":[]}"
00000000000000000344,411.5186123281731,HYD_0837,17.41513512447778,78.55151971229672,"{""type"":""MultiPoint"",""coordinates"":[]}"
00000000000000000345,1113.7263365501865,HYD_0838,17.415249945931247,78.56092578380127,"{""type"":""MultiPoint"",""coordinates"":[]}"
00000000000000000346,1481.625477541032,HYD_0839,17.41536478232454,78.57033487794422,"{""type"":""MultiPoint"",""coordinates"":[]}"
00000000000000000347,482.0691208035718,HYD_0840,17.41547993752186,78.57974283109807,"{""type"":""MultiPoint"",""coordinates"":[]}"
00000000000000000348,517.2434300124881,HYD_0841,17.41559289576579,78.58914855020414,"{""type"":""MultiPoint"",""coordinates"":[]}"
00000000000000000349,1516.8416009282198,HYD_0842,17.415707008513298,78.5985569248359,"{""type"":""MultiPoint"",""coordinates"":[]}"
0000000000000000034a,2409.436488392809,HYD_0843,17.415821060338,78.60796372801525,"{""type"":""MultiPoint"",""coordinates"":[]}"
0000000000000000034b,1465.645586944313,HYD_0844,17.415933307627558,78.61737170193712,"{""type"":""MultiPoint"",""coordinates"":[]}"
0000000000000000034c,578.7255347568387,HYD_0845,17.41604442802792,78.62677930422895,"{""type"":""MultiPoint"",""coordinates"":[]}"
0000000000000000034d,14.910408008825522,HYD_0846,17.41615662341973,78.63618576293264,"{""type"":""MultiPoint"",""coordinates"":[]}"
0000000000000000034e,500.3077367658745,HYD_0847,17.416267721977118,78.64559336740352,"{""type"":""MultiPoint"",""coordinates"":[]}"
0000000000000000034f,1032.3991484904886,HYD_0848,17.416379196913812,78.65500205602419,"{""type"":""MultiPoint"",""coordinates"":[]}"
00000000000000000350,1618.0827368505063,HYD_0849,17.416490667405878,78.66441075206885,"{""type"":""MultiPoint"",""coordinates"":[]}"
00000000000000000351,1778.9049386968168,HYD_0850,17.41660141873403,78.6738187085159,"{""type"":""MultiPoint"",""coordinates"":[]}"
00000000000000000352,2263.109039785895,HYD_0851,17.416710305396865,78.68322553544138,"{""type"":""MultiPoint"",""coordinates"":[]}"
00000000000000000353,1491.706404391311,HYD_0852,17.403204811502185,78.3259047822381,"{""type"":""MultiPoint"",""coordinates"":[]}"
00000000000000000354,1002.1988612289709,HYD_0853,17.403330028671157,78.33531013858048,"{""type"":""MultiPoint"",""coordinates"":[]}"
00000000000000000355,618.7662579780368,HYD_0854,17.403454507132853,78.34471550935818,"{""type"":""MultiPoint"",""coordinates"":[]}"
00000000000000000356,715.1692553545358,HYD_0855,17.403579361008138,78.3541197629378,"{""type"":""MultiPoint"",""coordinates"":[]}"
00000000000000000357,472.6123415700524,HYD_0856,17.40370420909608,78.36352401313474,"{""type"":""MultiPoint"",""coordinates"":[]}"
00000000000000000358,571.3808438320647,HYD_0857,17.403829077129327,78.37292826192558,"{""type"":""MultiPoint"",""coordinates"":[]}"
00000000000000000359,543.8664566262129,HYD_0858,17.40395393395163,78.38233472102813,"{""type"":""MultiPoint"",""coordinates"":[]}"
0000000000000000035a,412.9386645731325,HYD_0859,17.40407654713406,78.3917411743078,"{""type"":""MultiPoint"",""coordinates"":[]}"
0000000000000000035b,137.59914265624542,HYD_0860,17.4041991639299,78.40114543099487,"{""type"":""MultiPoint"",""coordinates"":[]}"
0000000000000000035c,146.44891624333818,HYD_0861,17.404322154999555,78.41055079163154,"{""type"":""MultiPoint"",""coordinates"":[]}"
0000000000000000035d,275.36249432980617,HYD_0862,17.404443335354635,78.41995652988363,"{""type"":""MultiPoint"",""coordinates"":[]}"
0000000000000000035e,884.9457472730071,HYD_0863,17.40456556790989,78.42936112413561,"{""type"":""MultiPoint"",""coordinates"":[]}"
0000000000000000035f,528.7594183061661,HYD_0864,17.404687801447036,78.43876798379692,"{""type"":""MultiPoint"",""coordinates"":[]}"
00000000000000000360,370.201917801696,HYD_0865,17.40480782476528,78.44817335105972,"{""type"":""MultiPoint"",""coordinates"":[]}"
00000000000000000361,195.79487505929652,HYD_0866,17.40492823132016,78.45757759805322,"{""type"":""MultiPoint"",""coordinates"":[]}"
00000000000000000362,225.66591601466894,HYD_0867,17.40504752647199,78.46698442794752,"{""type"":""MultiPoint"",""coordinates"":[]}"
00000000000000000363,49.55024323605932,HYD_0868,17.405165681951516,78.47639015545435,"{""type"":""MultiPoint"",""coordinates"":[]}"
00000000000000000364,387.5336217954718,HYD_0869,17.40528533240519,78.4857958997984,"{""type"":""MultiPoint"",""coordinates"":[]}"
00000000000000000365,90.19328897334849,HYD_0870,17.405402776938608,78.49520238003826,"{""type"":""MultiPoint"",""coordinates"":[]}"
00000000000000000366,151.48305031457983,HYD_0871,17.405521657725174,78.50460884635407,"{""type"":""MultiPoint"",""coordinates"":[]}"
00000000000000000367,144.3492276841601,HYD_0872,17.405639087347016,78.51401533563164,"{""type"":""MultiPoint"",""coordinates"":[]}"
00000000000000000368,729.6917090115345,HYD_0873,17.405755728665277,78.523421765745,"{""type"":""MultiPoint"",""coordinates"":[]}"
00000000000000000369,839.7651504585718,HYD_0874,17.405871336660955,78.53282714559921,"{""type"":""MultiPoint"",""coordinates"":[]}"
0000000000000000036a,565.8539943746232,HYD_0875,17.40598728060822,78.54223362043776,"{""type"":""MultiPoint"",""coordinates"":[]}"
0000000000000000036b,297.37850922153336,HYD_0876,17.406103202217523,78.55164010390055,"{""type"":""MultiPoint"",""coordinates"":[]}"
0000000000000000036c,457.72123807708095,HYD_0877,17.406219145134653,78.5610465635799,"{""type"":""MultiPoint"",""coordinates"":[]}"
0000000000000000036d,530.7720284977487,HYD_0878,17.40633543242645,78.57045413778341,"{""type"":""MultiPoint"",""coordinates"":[]}"
0000000000000000036e,552.3815978145144,HYD_0879,17.406448431543918,78.5798606285793,"{""type"":""MultiPoint"",""coordinates"":[]}"
0000000000000000036f,340.26690227015274,HYD_0880,17.406562837898978,78.58926709635061,"{""type"":""MultiPoint"",""coordinates"":[]}"
00000000000000000370,1310.4319226549408,HYD_0881,17.40667621067867,78.59867469379094,"{""type"":""MultiPoint"",""coordinates"":[]}"
00000000000000000371,1678.6347147579372,HYD_0882,17.406788453186742,78.6080826704093,"{""type"":""MultiPoint"",""coordinates"":[]}"
00000000000000000372,1190.3445651314607,HYD_0883,17.40690288315366,78.61748835000374,"{""type"":""MultiPoint"",""coordinates"":[]}"
00000000000000000373,218.14021378300214,HYD_0884,17.407015118198135,78.62689633337034,"{""type"":""MultiPoint"",""coordinates"":[]}"
00000000000000000374,379.93838256485583,HYD_0885,17.407126574776576,78.6363028380905,"{""type"":""MultiPoint"",""coordinates"":[]}"
00000000000000000375,66.403278036986,HYD_0886,17.407238052474106,78.64570931023238,"{""type"":""MultiPoint"",""coordinates"":[]}"
00000000000000000376,397.7932886303991,HYD_0887,17.407348414841067,78.6551183868863,"{""type"":""MultiPoint"",""coordinates"":[]}"
00000000000000000377,671.9368645108851,HYD_0888,17.40745913701468,78.66452558891272,"{""type"":""MultiPoint"",""coordinates"":[]}"
00000000000000000378,859.3933282515358,HYD_0889,17.407568774563256,78.67393168905343,"{""type"":""MultiPoint"",""coordinates"":[]}"
00000000000000000379,1642.0511069060076,HYD_0890,17.40767840439667,78.6833400131793,"{""type"":""MultiPoint"",""coordinates"":[]}"
0000000000000000037a,312.1328446868174,HYD_0891,17.39442485258672,78.34484481974596,"{""type"":""MultiPoint"",""coordinates"":[]}"
0000000000000000037b,280.4126126458897,HYD_0892,17.394549688529313,78.35424907481567,"{""type"":""MultiPoint"",""coordinates"":[]}"
0000000000000000037c,2.2300366598205157,HYD_0893,17.394674544653437,78.36365332957926,"{""type"":""MultiPoint"",""coordinates"":[]}"
0000000000000000037d,368.89707947789384,HYD_0894,17.394799400878163,78.37305755842993,"{""type"":""MultiPoint"",""coordinates"":[]}"
0000000000000000037e,445.23554062920897,HYD_0895,17.39492460987381,78.38246290217194,"{""type"":""MultiPoint"",""coordinates"":[]}"
0000000000000000037f,579.3226029961241,HYD_0896,17.395046881866907,78.39186827741672,"{""type"":""MultiPoint"",""coordinates"":[]}"
00000000000000000380,94.64391343336322,HYD_0897,17.395169501886976,78.40127253023455,"{""type"":""MultiPoint"",""coordinates"":[]}"
00000000000000000381,393.18452814820034,HYD_0898,17.395291766137202,78.4106779002752,"{""type"":""MultiPoint"",""coordinates"":[]}"
00000000000000000382,228.7602876475854,HYD_0899,17.39541250875454,78.42008322673264,"{""type"":""MultiPoint"",""coordinates"":[]}"
00000000000000000383,48.90541412424762,HYD_0900,17.395535494811803,78.42948858864693,"{""type"":""MultiPoint"",""coordinates"":[]}"
00000000000000000384,87.35515191140381,HYD_0901,17.39565777355297,78.43889395477999,"{""type"":""MultiPoint"",""coordinates"":[]}"
00000000000000000385,259.8930028813097,HYD_0902,17.395778170529645,78.4482981866692,"{""type"":""MultiPoint"",""coordinates"":[]}"
00000000000000000386,74.49498804753236,HYD_0903,17.395897416868703,78.4577028362788,"{""type"":""MultiPoint"",""coordinates"":[]}"
00000000000000000387,375.619145977614,HYD_0904,17.39601559890044,78.46710852824998,"{""type"":""MultiPoint"",""coordinates"":[]}"
00000000000000000388,133.36301503466044,HYD_0905,17.39613492090625,78.4765153854048,"{""type"":""MultiPoint"",""coordinates"":[]}"
00000000000000000389,83.66706156486556,HYD_0906,17.396255282201864,78.48591963086115,"{""type"":""MultiPoint"",""coordinates"":[]}"
0000000000000000038a,62.46133367218477,HYD_0907,17.396373817124665,78.4953249775548,"{""type"":""MultiPoint"",""coordinates"":[]}"
0000000000000000038b,90.43805921839322,HYD_0908,17.396490182045074,78.50473187363961,"{""type"":""MultiPoint"",""coordinates"":[]}"
0000000000000000038c,520.9606698086641,HYD_0909,17.39660902076301,78.51413756813784,"{""type"":""MultiPoint"",""coordinates"":[]}"
0000000000000000038d,285.1870374076723,HYD_0910,17.396725716853805,78.52354330583431,"{""type"":""MultiPoint"",""coordinates"":[]}"
0000000000000000038e,93.24767230981115,HYD_0911,17.39684130859683,78.53294865904543,"{""type"":""MultiPoint"",""coordinates"":[]}"
0000000000000000038f,413.7250736586183,HYD_0912,17.396957952181165,78.54235513909295,"{""type"":""MultiPoint"",""coordinates"":[]}"
00000000000000000390,478.15384649724393,HYD_0913,17.397073507303702,78.55176050136434,"{""type"":""MultiPoint"",""coordinates"":[]}"
00000000000000000391,162.20526807361736,HYD_0914,17.39718945728441,78.56116695756859,"{""type"":""MultiPoint"",""coordinates"":[]}"
00000000000000000392,468.81098742586494,HYD_0915,17.397304313786062,78.57057382013389,"{""type"":""MultiPoint"",""coordinates"":[]}"
00000000000000000393,415.70572769442396,HYD_0916,17.397418345001984,78.57997840637952,"{""type"":""MultiPoint"",""coordinates"":[]}"
00000000000000000394,65.11621629645396,HYD_0917,17.39753137800344,78.58938566833052,"{""type"":""MultiPoint"",""coordinates"":[]}"
00000000000000000395,588.0838601900335,HYD_0918,17.397645759086274,78.59879134126251,"{""type"":""MultiPoint"",""coordinates"":[]}"
00000000000000000396,691.1367651605334,HYD_0919,17.397758023512743,78.60819932970595,"{""type"":""MultiPoint"",""coordinates"":[]}"
00000000000000000397,779.5562820142601,HYD_0920,17.397870615835146,78.61760618082519,"{""type"":""MultiPoint"",""coordinates"":[]}"
00000000000000000398,31.685938989302898,HYD_0921,17.39798321150402,78.62701227593055,"{""type"":""MultiPoint"",""coordinates"":[]}"
00000000000000000399,952.4647192820655,HYD_0922,17.39809467676735,78.63641876214544,"{""type"":""MultiPoint"",""coordinates"":[]}"
0000000000000000039a,665.1778332790516,HYD_0923,17.398206141681065,78.6458252387535,"{""type"":""MultiPoint"",""coordinates"":[]}"
0000000000000000039b,233.18865653104456,HYD_0924,17.39831685979081,78.65523243341394,"{""type"":""MultiPoint"",""coordinates"":[]}"
0000000000000000039c,306.767613135556,HYD_0925,17.39842653965014,78.66463931471439,"{""type"":""MultiPoint"",""coordinates"":[]}"
0000000000000000039d,558.2585271279992,HYD_0926,17.39853758685407,78.67404614315613,"{""type"":""MultiPoint"",""coordinates"":[]}"
0000000000000000039e,1506.3742079020783,HYD_0927,17.398646456834236,78.68345295525822,"{""type"":""MultiPoint"",""coordinates"":[]}"
0000000000000000039f,314.5744806666659,HYD_0928,17.38552002605427,78.35437837331048,"{""type"":""MultiPoint"",""coordinates"":[]}"
000000000000000003a0,564.3912285722199,HYD_0929,17.385644864361833,78.36378262946823,"{""type"":""MultiPoint"",""coordinates"":[]}"
000000000000000003a1,840.1730708594765,HYD_0930,17.38576971474956,78.3731868625101,"{""type"":""MultiPoint"",""coordinates"":[]}"
000000000000000003a2,1001.3697113648534,HYD_0931,17.38589458188155,78.38259111272734,"{""type"":""MultiPoint"",""coordinates"":[]}"
000000000000000003a3,650.0192355303924,HYD_0932,17.38601720693489,78.39199538823287,"{""type"":""MultiPoint"",""coordinates"":[]}"
000000000000000003a4,32.98823302407798,HYD_0933,17.386139807341465,78.40139961399562,"{""type"":""MultiPoint"",""coordinates"":[]}"
000000000000000003a5,586.4861255742766,HYD_0934,17.386262782245065,78.41080494360017,"{""type"":""MultiPoint"",""coordinates"":[]}"
000000000000000003a6,892.0923260819472,HYD_0935,17.386382829408873,78.42021032443618,"{""type"":""MultiPoint"",""coordinates"":[]}"
000000000000000003a7,94.22801080180332,HYD_0936,17.38650435260082,78.42961495651005,"{""type"":""MultiPoint"",""coordinates"":[]}"
000000000000000003a8,101.37492375387255,HYD_0937,17.386626971272573,78.43901843130902,"{""type"":""MultiPoint"",""coordinates"":[]}"
000000000000000003a9,118.35291652867315,HYD_0938,17.386747400055967,78.44842343667419,"{""type"":""MultiPoint"",""coordinates"":[]}"
000000000000000003aa,84.13407789891575,HYD_0939,17.386865524517734,78.45782691151567,"{""type"":""MultiPoint"",""coordinates"":[]}"
000000000000000003ab,56.163924551372276,HYD_0940,17.38698517126497,78.46723264691907,"{""type"":""MultiPoint"",""coordinates"":[]}"
000000000000000003ac,36.912690342710654,HYD_0941,17.387104877590318,78.4766391199068,"{""type"":""MultiPoint"",""coordinates"":[]}"
000000000000000003ad,17.904596604523107,HYD_0942,17.387224516190066,78.486044849022,"{""type"":""MultiPoint"",""coordinates"":[]}"
000000000000000003ae,410.55146090998306,HYD_0943,17.387342658170827,78.49544835540414,"{""type"":""MultiPoint"",""coordinates"":[]}"
000000000000000003af,173.25854924809443,HYD_0944,17.387460069627583,78.50485410319003,"{""type"":""MultiPoint"",""coordinates"":[]}"
000000000000000003b0,464.79436846299416,HYD_0945,17.38757677373835,78.51425986118451,"{""type"":""MultiPoint"",""coordinates"":[]}"
000000000000000003b1,638.8373117703235,HYD_0946,17.38769491397306,78.523663307975,"{""type"":""MultiPoint"",""coordinates"":[]}"
000000000000000003b2,1015.9432086721749,HYD_0947,17.387811991489063,78.53307015955279,"{""type"":""MultiPoint"",""coordinates"":[]}"
000000000000000003b3,1371.1978601961973,HYD_0948,17.387927928817458,78.54247666305677,"{""type"":""MultiPoint"",""coordinates"":[]}"
000000000000000003b4,724.2989413005824,HYD_0949,17.388042723424043,78.55188129953439,"{""type"":""MultiPoint"",""coordinates"":[]}"
000000000000000003b5,272.2066946275496,HYD_0950,17.388157894255986,78.5612862441383,"{""type"":""MultiPoint"",""coordinates"":[]}"
000000000000000003b6,1268.8355067181312,HYD_0951,17.388272017687786,78.57069232131944,"{""type"":""MultiPoint"",""coordinates"":[]}"
000000000000000003b7,1303.4619695934214,HYD_0952,17.388387223662452,78.58009807745441,"{""type"":""MultiPoint"",""coordinates"":[]}"
000000000000000003b8,806.3556963884159,HYD_0953,17.388501258629073,78.58950342074986,"{""type"":""MultiPoint"",""coordinates"":[]}"
000000000000000003b9,334.9986926205037,HYD_0954,17.388613150799628,78.59891028766727,"{""type"":""MultiPoint"",""coordinates"":[]}"
000000000000000003ba,292.6459846925351,HYD_0955,17.388727533391766,78.60831597253919,"{""type"":""MultiPoint"",""coordinates"":[]}"
000000000000000003bb,159.36342731366528,HYD_0956,17.38883979820101,78.61772172720912,"{""type"":""MultiPoint"",""coordinates"":[]}"
000000000000000003bc,261.220392013321,HYD_0957,17.388951295003345,78.62712822604506,"{""type"":""MultiPoint"",""coordinates"":[]}"
000000000000000003bd,1179.526901931594,HYD_0958,17.389062768968365,78.63653469364273,"{""type"":""MultiPoint"",""coordinates"":[]}"
000000000000000003be,1041.3267966002009,HYD_0959,17.389174242728696,78.64594115168961,"{""type"":""MultiPoint"",""coordinates"":[]}"
000000000000000003bf,44.51779733512451,HYD_0960,17.389285718794454,78.6553476430273,"{""type"":""MultiPoint"",""coordinates"":[]}"
000000000000000003c0,687.9268148916938,HYD_0961,17.389396086419115,78.66475451465567,"{""type"":""MultiPoint"",""coordinates"":[]}"
000000000000000003c1,1372.3492955268985,HYD_0962,17.389505306533238,78.67416019446574,"{""type"":""MultiPoint"",""coordinates"":[]}"
000000000000000003c2,1959.751661455231,HYD_0963,17.389614942051605,78.6835663130599,"{""type"":""MultiPoint"",""coordinates"":[]}"
000000000000000003c3,854.7200854134485,HYD_0964,17.376366569912,78.34510528976168,"{""type"":""MultiPoint"",""coordinates"":[]}"
000000000000000003c4,142.70128623580106,HYD_0965,17.37649182192997,78.35450918225796,"{""type"":""MultiPoint"",""coordinates"":[]}"
000000000000000003c5,398.74303873576224,HYD_0966,17.376615202935735,78.36391193796258,"{""type"":""MultiPoint"",""coordinates"":[]}"
000000000000000003c6,91.346032745266,HYD_0967,17.376740035694976,78.37331617252593,"{""type"":""MultiPoint"",""coordinates"":[]}"
000000000000000003c7,3.9019304780144752,HYD_0968,17.37686489164574,78.38272044819958,"{""type"":""MultiPoint"",""coordinates"":[]}"
000000000000000003c8,64.48359728691584,HYD_0969,17.37698749662439,78.39212469647968,"{""type"":""MultiPoint"",""coordinates"":[]}"
000000000000000003c9,315.94459413100384,HYD_0970,17.37711009999186,78.40152891819925,"{""type"":""MultiPoint"",""coordinates"":[]}"
000000000000000003ca,289.7479878132492,HYD_0971,17.377233104587326,78.4109320387354,"{""type"":""MultiPoint"",""coordinates"":[]}"
000000000000000003cb,16.564951973765723,HYD_0972,17.377353158406976,78.42033517211688,"{""type"":""MultiPoint"",""coordinates"":[]}"
000000000000000003cc,73.59713003181066,HYD_0973,17.37747356503864,78.42973941531099,"{""type"":""MultiPoint"",""coordinates"":[]}"
000000000000000003cd,258.0720612067228,HYD_0974,17.37759509286691,78.43914405647737,"{""type"":""MultiPoint"",""coordinates"":[]}"
000000000000000003ce,67.32967779219322,HYD_0975,17.377715458402854,78.4485475305445,"{""type"":""MultiPoint"",""coordinates"":[]}"
000000000000000003cf,288.070816288522,HYD_0976,17.37783473546229,78.45795214924982,"{""type"":""MultiPoint"",""coordinates"":[]}"
000000000000000003d0,373.06036711385025,HYD_0977,17.37795512795867,78.46735639326994,"{""type"":""MultiPoint"",""coordinates"":[]}"
000000000000000003d1,173.2672918946042,HYD_0978,17.378075888329107,78.47676173939627,"{""type"":""MultiPoint"",""coordinates"":[]}"
000000000000000003d2,276.667591947864,HYD_0979,17.378193720604,78.48616711437282,"{""type"":""MultiPoint"",""coordinates"":[]}"
000000000000000003d3,128.02573918864633,HYD_0980,17.378311887197523,78.49557137243663,"{""type"":""MultiPoint"",""coordinates"":[]}"
000000000000000003d4,566.4765352824891,HYD_0981,17.37843003209719,78.50497562859229,"{""type"":""MultiPoint"",""coordinates"":[]}"
000000000000000003d5,839.0466584167485,HYD_0982,17.37854559987199,78.51438100550337,"{""type"":""MultiPoint"",""coordinates"":[]}"
000000000000000003d6,1054.6893705042576,HYD_0983,17.378663008988013,78.5237867056635,"{""type"":""MultiPoint"",""coordinates"":[]}"
000000000000000003d7,501.0458838939041,HYD_0984,17.378780443752945,78.53319166768969,"{""type"":""MultiPoint"",""coordinates"":[]}"
000000000000000003d8,546.9344515312791,HYD_0985,17.378896028256115,78.54259703588089,"{""type"":""MultiPoint"",""coordinates"":[]}"
000000000000000003d9,475.8446548022367,HYD_0986,17.379010810550884,78.55200088249373,"{""type"":""MultiPoint"",""coordinates"":[]}"
000000000000000003da,357.31271408065675,HYD_0987,17.37912562843514,78.56140551395747,"{""type"":""MultiPoint"",""coordinates"":[]}"
000000000000000003db,1309.4664854349749,HYD_0988,17.379241943210083,78.57081088308594,"{""type"":""MultiPoint"",""coordinates"":[]}"
000000000000000003dc,1651.2037161154378,HYD_0989,17.37935604260841,78.58021773182382,"{""type"":""MultiPoint"",""coordinates"":[]}"
000000000000000003dd,1637.6930899903907,HYD_0990,17.379470088547926,78.5896223076475,"{""type"":""MultiPoint"",""coordinates"":[]}"
000000000000000003de,1293.6441124497433,HYD_0991,17.379583046306657,78.59902807266037,"{""type"":""MultiPoint"",""coordinates"":[]}"
000000000000000003df,1283.3248746206064,HYD_0992,17.37969529703415,78.60843382224331,"{""type"":""MultiPoint"",""coordinates"":[]}"
000000000000000003e0,1144.9918358598165,HYD_0993,17.379807551756752,78.61783880251451,"{""type"":""MultiPoint"",""coordinates"":[]}"
000000000000000003e1,1151.6140582467708,HYD_0994,17.37991974121055,78.627245254379,"{""type"":""MultiPoint"",""coordinates"":[]}"
000000000000000003e2,1674.4687510170877,HYD_0995,17.38003085210217,78.63665063272371,"{""type"":""MultiPoint"",""coordinates"":[]}"
000000000000000003e3,1419.6257909860578,HYD_0996,17.380142334640496,78.64605707229545,"{""type"":""MultiPoint"",""coordinates"":[]}"
000000000000000003e4,724.9088226884816,HYD_0997,17.380253819711434,78.65546354498204,"{""type"":""MultiPoint"",""coordinates"":[]}"
000000000000000003e5,410.52545515036724,HYD_0998,17.38036452139539,78.66486854242002,"{""type"":""MultiPoint"",""coordinates"":[]}"
000000000000000003e6,1306.1711833282377,HYD_0999,17.380473075998914,78.67427581874253,"{""type"":""MultiPoint"",""coordinates"":[]}"
000000000000000003e7,1280.1347512903258,HYD_1000,17.380582648966037,78.68368036833851,"{""type"":""MultiPoint"",""coordinates"":[]}"
000000000000000003e8,577.4219650054434,HYD_1001,17.36733912060555,78.34523761364912,"{""type"":""MultiPoint"",""coordinates"":[]}"
000000000000000003e9,419.91509427406396,HYD_1002,17.36746288831814,78.35463924078263,"{""type"":""MultiPoint"",""coordinates"":[]}"
000000000000000003ea,1169.2794294169664,HYD_1003,17.36758550544186,78.36404125293784,"{""type"":""MultiPoint"",""coordinates"":[]}"
000000000000000003eb,1030.1158059887641,HYD_1004,17.367710362354437,78.37344549046043,"{""type"":""MultiPoint"",""coordinates"":[]}"
000000000000000003ec,993.3076343672121,HYD_1005,17.367835220271694,78.38284974668842,"{""type"":""MultiPoint"",""coordinates"":[]}"
000000000000000003ed,495.02044923116347,HYD_1006,17.367958170195223,78.3922528732997,"{""type"":""MultiPoint"",""coordinates"":[]}"
000000000000000003ee,9.07803538507507,HYD_1007,17.3680804326639,78.40165601690593,"{""type"":""MultiPoint"",""coordinates"":[]}"
000000000000000003ef,540.3596249511892,HYD_1008,17.368202709747127,78.41105913167993,"{""type"":""MultiPoint"",""coordinates"":[]}"
000000000000000003f0,625.732020008449,HYD_1009,17.36832346947559,78.42046226146651,"{""type"":""MultiPoint"",""coordinates"":[]}"
000000000000000003f1,513.0832025489703,HYD_1010,17.368443888057044,78.42986652266487,"{""type"":""MultiPoint"",""coordinates"":[]}"
000000000000000003f2,728.5701986749116,HYD_1011,17.36856463840095,78.43926961328923,"{""type"":""MultiPoint"",""coordinates"":[]}"
000000000000000003f3,439.54545146709785,HYD_1012,17.368684662334445,78.44867275823196,"{""type"":""MultiPoint"",""coordinates"":[]}"
000000000000000003f4,13.889360747695166,HYD_1013,17.36880506103186,78.45807703176895,"{""type"":""MultiPoint"",""coordinates"":[]}"
000000000000000003f5,105.8546380551888,HYD_1014,17.368925429645277,78.46748127030123,"{""type"":""MultiPoint"",""coordinates"":[]}"
000000000000000003f6,31.48785067588844,HYD_1015,17.369044720799085,78.47688591060925,"{""type"":""MultiPoint"",""coordinates"":[]}"
000000000000000003f7,153.66809885255194,HYD_1016,17.369162894499944,78.48628937973663,"{""type"":""MultiPoint"",""coordinates"":[]}"
000000000000000003f8,318.663926064752,HYD_1017,17.369281108120255,78.49569439710505,"{""type"":""MultiPoint"",""coordinates"":[]}"
000000000000000003f9,346.2194661423148,HYD_1018,17.36939926105459,78.50509787127169,"{""type"":""MultiPoint"",""coordinates"":[]}"
000000000000000003fa,60.49561829523764,HYD_1019,17.369516661857393,78.51450359350295,"{""type"":""MultiPoint"",""coordinates"":[]}"
000000000000000003fb,100.89767620460515,HYD_1020,17.369632235797724,78.52390895505904,"{""type"":""MultiPoint"",""coordinates"":[]}"
000000000000000003fc,134.48189266122418,HYD_1021,17.369748166120605,78.53331318840353,"{""type"":""MultiPoint"",""coordinates"":[]}"
000000000000000003fd,186.94408192565874,HYD_1022,17.36986409119656,78.54271742989569,"{""type"":""MultiPoint"",""coordinates"":[]}"
000000000000000003fe,470.0734301016079,HYD_1023,17.369980030845944,78.55212167272633,"{""type"":""MultiPoint"",""coordinates"":[]}"
000000000000000003ff,6.306173252648831,HYD_1024,17.370095971210684,78.5615259156655,"{""type"":""MultiPoint"",""coordinates"":[]}"
00000000000000000400,338.48143442795856,HYD_1025,17.3702107904258,78.57093053316648,"{""type"":""MultiPoint"",""coordinates"":[]}"
00000000000000000401,771.4681892390481,HYD_1026,17.370324821955464,78.58033513178574,"{""type"":""MultiPoint"",""coordinates"":[]}"
00000000000000000402,1042.6505186169572,HYD_1027,17.37043820614237,78.58974126692286,"{""type"":""MultiPoint"",""coordinates"":[]}"
00000000000000000403,1220.0347774106733,HYD_1028,17.370551896189223,78.59914472542307,"{""type"":""MultiPoint"",""coordinates"":[]}"
00000000000000000404,1700.5182430020698,HYD_1029,17.370664149490576,78.6085504932525,"{""type"":""MultiPoint"",""coordinates"":[]}"
00000000000000000405,1797.8752717910972,HYD_1030,17.370776353022492,78.61795694314438,"{""type"":""MultiPoint"",""coordinates"":[]}"
00000000000000000406,1941.9752648114334,HYD_1031,17.370887472199765,78.62736231077685,"{""type"":""MultiPoint"",""coordinates"":[]}"
00000000000000000407,1936.286342064484,HYD_1032,17.370998948436643,78.63676655632908,"{""type"":""MultiPoint"",""coordinates"":[]}"
00000000000000000408,1441.5781901799544,HYD_1033,17.37111077462584,78.64617188631257,"{""type"":""MultiPoint"",""coordinates"":[]}"
00000000000000000409,1064.614765904564,HYD_1034,17.3712215570537,78.65557838235115,"{""type"":""MultiPoint"",""coordinates"":[]}"
0000000000000000040a,867.1698244464219,HYD_1035,17.371332300234204,78.66498414845208,"{""type"":""MultiPoint"",""coordinates"":[]}"
0000000000000000040b,715.3673459282479,HYD_1036,17.371441854959777,78.67438872149594,"{""type"":""MultiPoint"",""coordinates"":[]}"
0000000000000000040c,294.77237623612535,HYD_1037,17.371550767440024,78.68379484545328,"{""type"":""MultiPoint"",""coordinates"":[]}"
0000000000000000040d,281.11126983482575,HYD_1038,17.35843318157982,78.35476858280683,"{""type"":""MultiPoint"",""coordinates"":[]}"
0000000000000000040e,1215.5681984685386,HYD_1039,17.35855582177955,78.36417056717336,"{""type"":""MultiPoint"",""coordinates"":[]}"
0000000000000000040f,995.7539782703927,HYD_1040,17.35868067557373,78.37357483737897,"{""type"":""MultiPoint"",""coordinates"":[]}"
00000000000000000410,449.5876173533666,HYD_1041,17.35880588343626,78.38297793485121,"{""type"":""MultiPoint"",""coordinates"":[]}"
00000000000000000411,265.58242918007903,HYD_1042,17.358927811585044,78.39237997547416,"{""type"":""MultiPoint"",""coordinates"":[]}"
00000000000000000412,872.2058291563079,HYD_1043,17.3590507792853,78.40178310020707,"{""type"":""MultiPoint"",""coordinates"":[]}"
00000000000000000413,979.4329269169963,HYD_1044,17.359173745714333,78.41118619756269,"{""type"":""MultiPoint"",""coordinates"":[]}"
00000000000000000414,121.80235233120735,HYD_1045,17.35929380875265,78.42058935103914,"{""type"":""MultiPoint"",""coordinates"":[]}"
00000000000000000415,417.3937400198537,HYD_1046,17.35941420304463,78.4299936219668,"{""type"":""MultiPoint"",""coordinates"":[]}"
00000000000000000416,166.48001641603983,HYD_1047,17.359534569293206,78.4393956051455,"{""type"":""MultiPoint"",""coordinates"":[]}"
00000000000000000417,144.9390098159406,HYD_1048,17.359655003437297,78.44879762291404,"{""type"":""MultiPoint"",""coordinates"":[]}"
00000000000000000418,276.3489610004234,HYD_1049,17.359775392287172,78.45820187676141,"{""type"":""MultiPoint"",""coordinates"":[]}"
00000000000000000419,274.26115752085735,HYD_1050,17.35989576556637,78.46760611149459,"{""type"":""MultiPoint"",""coordinates"":[]}"
0000000000000000041a,80.07446785069084,HYD_1051,17.360013918803435,78.47701035503206,"{""type"":""MultiPoint"",""coordinates"":[]}"
0000000000000000041b,204.32212535735562,HYD_1052,17.360132451146992,78.48641346703913,"{""type"":""MultiPoint"",""coordinates"":[]}"
0000000000000000041c,140.62168440320153,HYD_1053,17.360250299364992,78.49581661519981,"{""type"":""MultiPoint"",""coordinates"":[]}"
0000000000000000041d,70.73139529513081,HYD_1054,17.360368449374075,78.50522087012851,"{""type"":""MultiPoint"",""coordinates"":[]}"
0000000000000000041e,72.07049024153484,HYD_1055,17.36048661388078,78.51462511513496,"{""type"":""MultiPoint"",""coordinates"":[]}"
0000000000000000041f,24.12054608255897,HYD_1056,17.360602549845662,78.52402934218107,"{""type"":""MultiPoint"",""coordinates"":[]}"
00000000000000000420,864.6401966407138,HYD_1057,17.360718464303286,78.533433564378,"{""type"":""MultiPoint"",""coordinates"":[]}"
00000000000000000421,129.76990421972488,HYD_1058,17.360834404159448,78.54283782425372,"{""type"":""MultiPoint"",""coordinates"":[]}"
00000000000000000422,560.4347296071267,HYD_1059,17.36095034490165,78.55224208512126,"{""type"":""MultiPoint"",""coordinates"":[]}"
00000000000000000423,431.5576192220122,HYD_1060,17.361065154193962,78.56164668625134,"{""type"":""MultiPoint"",""coordinates"":[]}"
00000000000000000424,583.735547681438,HYD_1061,17.36117886412216,78.57105018180668,"{""type"":""MultiPoint"",""coordinates"":[]}"
00000000000000000425,170.5277539098886,HYD_1062,17.36129371313127,78.58045480077767,"{""type"":""MultiPoint"",""coordinates"":[]}"
00000000000000000426,72.38514933844512,HYD_1063,17.361407398907883,78.58985903195848,"{""type"":""MultiPoint"",""coordinates"":[]}"
00000000000000000427,318.97046086199276,HYD_1064,17.36151999957662,78.59926365773087,"{""type"":""MultiPoint"",""coordinates"":[]}"
00000000000000000428,903.9788045855381,HYD_1065,17.361634072575495,78.60866826733445,"{""type"":""MultiPoint"",""coordinates"":[]}"
00000000000000000429,801.3230722024035,HYD_1066,17.361746311988277,78.6180740027113,"{""type"":""MultiPoint"",""coordinates"":[]}"
0000000000000000042a,942.8173297106059,HYD_1067,17.36185777442746,78.62747826055494,"{""type"":""MultiPoint"",""coordinates"":[]}"
0000000000000000042b,1078.2670527018256,HYD_1068,17.361969253510637,78.6368825088215,"{""type"":""MultiPoint"",""coordinates"":[]}"
0000000000000000042c,565.9206554743554,HYD_1069,17.3620796509123,78.64628711279104,"{""type"":""MultiPoint"",""coordinates"":[]}"
0000000000000000042d,136.92566970556308,HYD_1070,17.362190363216815,78.65569209344126,"{""type"":""MultiPoint"",""coordinates"":[]}"
0000000000000000042e,131.3579477415441,HYD_1071,17.3623003553073,78.66509708229223,"{""type"":""MultiPoint"",""coordinates"":[]}"
0000000000000000042f,91.85905080714312,HYD_1072,17.362409241561846,78.6745032233311,"{""type"":""MultiPoint"",""coordinates"":[]}"
00000000000000000430,649.5970954034958,HYD_1073,17.362518814530358,78.68390778702114,"{""type"":""MultiPoint"",""coordinates"":[]}"
00000000000000000431,36.67520862477319,HYD_1074,17.349404608433566,78.35489747229238,"{""type"":""MultiPoint"",""coordinates"":[]}"
00000000000000000432,217.94090159815562,HYD_1075,17.34952726625627,78.36430027547614,"{""type"":""MultiPoint"",""coordinates"":[]}"
00000000000000000433,174.69110186511983,HYD_1076,17.349651357174075,78.37370300793434,"{""type"":""MultiPoint"",""coordinates"":[]}"
00000000000000000434,393.3134825330906,HYD_1077,17.349775479248805,78.3831050560242,"{""type"":""MultiPoint"",""coordinates"":[]}"
00000000000000000435,963.0017950303635,HYD_1078,17.349898840316058,78.39250703531465,"{""type"":""MultiPoint"",""coordinates"":[]}"
00000000000000000436,1576.5528933227881,HYD_1079,17.350019988554273,78.40191056192715,"{""type"":""MultiPoint"",""coordinates"":[]}"
00000000000000000437,730.788905766154,HYD_1080,17.350142231840184,78.41131291889099,"{""type"":""MultiPoint"",""coordinates"":[]}"
00000000000000000438,33.727264457000864,HYD_1081,17.350264497385297,78.42071533144635,"{""type"":""MultiPoint"",""coordinates"":[]}"
00000000000000000439,338.097446468151,HYD_1082,17.350384512525157,78.43011845775092,"{""type"":""MultiPoint"",""coordinates"":[]}"
0000000000000000043a,111.11555884634713,HYD_1083,17.35050453489257,78.4395215759466,"{""type"":""MultiPoint"",""coordinates"":[]}"
0000000000000000043b,83.74997195507137,HYD_1084,17.350625667197086,78.44892356803845,"{""type"":""MultiPoint"",""coordinates"":[]}"
0000000000000000043c,572.2901538401037,HYD_1085,17.350745708535996,78.45832670734319,"{""type"":""MultiPoint"",""coordinates"":[]}"
0000000000000000043d,243.18018508989985,HYD_1086,17.35086499395027,78.46773134561381,"{""type"":""MultiPoint"",""coordinates"":[]}"
0000000000000000043e,10.52495682591329,HYD_1087,17.35098348834435,78.47713366775213,"{""type"":""MultiPoint"",""coordinates"":[]}"
0000000000000000043f,431.3956108464971,HYD_1088,17.351102087352626,78.48653610291755,"{""type"":""MultiPoint"",""coordinates"":[]}"
00000000000000000440,76.823429114083,HYD_1089,17.351220620047407,78.49593922459731,"{""type"":""MultiPoint"",""coordinates"":[]}"
00000000000000000441,82.28137261133803,HYD_1090,17.351337674578414,78.50534387601296,"{""type"":""MultiPoint"",""coordinates"":[]}"
00000000000000000442,162.68077040101855,HYD_1091,17.351455045115046,78.51474662352818,"{""type"":""MultiPoint"",""coordinates"":[]}"
00000000000000000443,647.2344592484063,HYD_1092,17.35157173671562,78.52414935144756,"{""type"":""MultiPoint"",""coordinates"":[]}"
00000000000000000444,810.6541369502868,HYD_1093,17.351688794178717,78.53355396932861,"{""type"":""MultiPoint"",""coordinates"":[]}"
00000000000000000445,363.3252851895621,HYD_1094,17.351804754523833,78.5429582262553,"{""type"":""MultiPoint"",""coordinates"":[]}"
00000000000000000446,232.56044308745885,HYD_1095,17.35191956404131,78.55236284540054,"{""type"":""MultiPoint"",""coordinates"":[]}"
00000000000000000447,391.75417606121744,HYD_1096,17.352033598123604,78.56176520194727,"{""type"":""MultiPoint"",""coordinates"":[]}"
00000000000000000448,667.2750972294424,HYD_1097,17.35214806695773,78.57116873228665,"{""type"":""MultiPoint"",""coordinates"":[]}"
00000000000000000449,773.6106628724697,HYD_1098,17.35226290979244,78.58057336281833,"{""type"":""MultiPoint"",""coordinates"":[]}"
0000000000000000044a,583.6194755319381,HYD_1099,17.35237660626206,78.58997681144008,"{""type"":""MultiPoint"",""coordinates"":[]}"
0000000000000000044b,433.9290561346218,HYD_1100,17.35248922296715,78.59938145584978,"{""type"":""MultiPoint"",""coordinates"":[]}"
0000000000000000044c,202.67236797234614,HYD_1101,17.352601821063132,78.608786116008,"{""type"":""MultiPoint"",""coordinates"":[]}"
0000000000000000044d,177.22514167795325,HYD_1102,17.352714398371074,78.61818995545111,"{""type"":""MultiPoint"",""coordinates"":[]}"
0000000000000000044e,56.58382807313405,HYD_1103,17.352825869212463,78.62759419476552,"{""type"":""MultiPoint"",""coordinates"":[]}"
0000000000000000044f,129.51623318459477,HYD_1104,17.35293734343788,78.63699846944071,"{""type"":""MultiPoint"",""coordinates"":[]}"
00000000000000000450,292.6097109009379,HYD_1105,17.353047711854682,78.64640230475041,"{""type"":""MultiPoint"",""coordinates"":[]}"
00000000000000000451,584.4431790974257,HYD_1106,17.353158099318676,78.65580693120212,"{""type"":""MultiPoint"",""coordinates"":[]}"
00000000000000000452,450.96726588856023,HYD_1107,17.353268439532563,78.6652115659268,"{""type"":""MultiPoint"",""coordinates"":[]}"
00000000000000000453,290.86002128676256,HYD_1108,17.35337801940009,78.67461612630466,"{""type"":""MultiPoint"",""coordinates"":[]}"
00000000000000000454,320.3227408263056,HYD_1109,17.340498705881032,78.36442919737814,"{""type"":""MultiPoint"",""coordinates"":[]}"
00000000000000000455,105.68618759110005,HYD_1110,17.340621324311087,78.3738312075804,"{""type"":""MultiPoint"",""coordinates"":[]}"
00000000000000000456,811.5795884043179,HYD_1111,17.340746164977453,78.38323323654413,"{""type"":""MultiPoint"",""coordinates"":[]}"
00000000000000000457,1757.2211108073366,HYD_1112,17.34086878472688,78.39263524057705,"{""type"":""MultiPoint"",""coordinates"":[]}"
00000000000000000458,1240.429004744917,HYD_1113,17.34098918505686,78.40203723054412,"{""type"":""MultiPoint"",""coordinates"":[]}"
00000000000000000459,286.52818343717547,HYD_1114,17.34111216868482,78.41144038504358,"{""type"":""MultiPoint"",""coordinates"":[]}"
0000000000000000045a,633.5212421497646,HYD_1115,17.34123407085458,78.42084241188375,"{""type"":""MultiPoint"",""coordinates"":[]}"
0000000000000000045b,1301.596791417211,HYD_1116,17.341355167772,78.43024439678314,"{""type"":""MultiPoint"",""coordinates"":[]}"
0000000000000000045c,742.4193134112492,HYD_1117,17.341475210386502,78.43964752461689,"{""type"":""MultiPoint"",""coordinates"":[]}"
0000000000000000045d,144.8377689286836,HYD_1118,17.341595624861714,78.44904954853232,"{""type"":""MultiPoint"",""coordinates"":[]}"
0000000000000000045e,668.9242777034121,HYD_1119,17.34171601823684,78.45845156028098,"{""type"":""MultiPoint"",""coordinates"":[]}"
0000000000000000045f,105.26221221261066,HYD_1120,17.34183452996412,78.46785467736227,"{""type"":""MultiPoint"",""coordinates"":[]}"
00000000000000000460,34.14103475463044,HYD_1121,17.34195198428306,78.47725672899355,"{""type"":""MultiPoint"",""coordinates"":[]}"
00000000000000000461,770.4118334108797,HYD_1122,17.342071654947222,78.48666022570947,"{""type"":""MultiPoint"",""coordinates"":[]}"
00000000000000000462,514.5175421148306,HYD_1123,17.342190165536625,78.49606258123129,"{""type"":""MultiPoint"",""coordinates"":[]}"
00000000000000000463,58.86306001288927,HYD_1124,17.34230684610745,78.50546611758737,"{""type"":""MultiPoint"",""coordinates"":[]}"
00000000000000000464,463.5766928079997,HYD_1125,17.34242242764778,78.5148692529535,"{""type"":""MultiPoint"",""coordinates"":[]}"
00000000000000000465,324.7336486393987,HYD_1126,17.342540208611904,78.52427161122158,"{""type"":""MultiPoint"",""coordinates"":[]}"
00000000000000000466,168.32272887198775,HYD_1127,17.3426569103027,78.5336743823362,"{""type"":""MultiPoint"",""coordinates"":[]}"
00000000000000000467,40.6012503052169,HYD_1128,17.34277283477731,78.54307863354524,"{""type"":""MultiPoint"",""coordinates"":[]}"
00000000000000000468,126.08514641713415,HYD_1129,17.34288801687896,78.55248136437004,"{""type"":""MultiPoint"",""coordinates"":[]}"
00000000000000000469,223.05173184693658,HYD_1130,17.343002110929508,78.56188378355516,"{""type"":""MultiPoint"",""coordinates"":[]}"
0000000000000000046a,309.40476049122833,HYD_1131,17.343117286142718,78.57128729816814,"{""type"":""MultiPoint"",""coordinates"":[]}"
0000000000000000046b,222.53965687364683,HYD_1132,17.34323098306583,78.5806907679141,"{""type"":""MultiPoint"",""coordinates"":[]}"
0000000000000000046c,414.5545364071155,HYD_1133,17.343344718747208,78.59009577641716,"{""type"":""MultiPoint"",""coordinates"":[]}"
0000000000000000046d,549.9230758211964,HYD_1134,17.343458774872964,78.59949812450633,"{""type"":""MultiPoint"",""coordinates"":[]}"
0000000000000000046e,340.1545457228983,HYD_1135,17.343571027929553,78.60890164351387,"{""type"":""MultiPoint"",""coordinates"":[]}"
0000000000000000046f,295.67605648589716,HYD_1136,17.343682470478967,78.61830589392851,"{""type"":""MultiPoint"",""coordinates"":[]}"
00000000000000000470,148.897183776013,HYD_1137,17.34379395782925,78.62771013645352,"{""type"":""MultiPoint"",""coordinates"":[]}"
00000000000000000471,59.92029680392312,HYD_1138,17.343905440505086,78.63711439259795,"{""type"":""MultiPoint"",""coordinates"":[]}"
00000000000000000472,243.13585547848496,HYD_1139,17.34401692432182,78.64651863982688,"{""type"":""MultiPoint"",""coordinates"":[]}"
00000000000000000473,408.5016879992764,HYD_1140,17.344127284448582,78.65592323940542,"{""type"":""MultiPoint"",""coordinates"":[]}"
00000000000000000474,538.5044096040778,HYD_1141,17.344236509875937,78.66532671500737,"{""type"":""MultiPoint"",""coordinates"":[]}"
00000000000000000475,432.2716057790265,HYD_1142,17.331469011564447,78.36455851060046,"{""type"":""MultiPoint"",""coordinates"":[]}"
00000000000000000476,132.2979882211511,HYD_1143,17.33159164100297,78.37396055405242,"{""type"":""MultiPoint"",""coordinates"":[]}"
00000000000000000477,1123.564232281849,HYD_1144,17.33171684552023,78.3833614247133,"{""type"":""MultiPoint"",""coordinates"":[]}"
00000000000000000478,1693.1538934110745,HYD_1145,17.331838745355775,78.39276342999655,"{""type"":""MultiPoint"",""coordinates"":[]}"
00000000000000000479,914.4902629902798,HYD_1146,17.331959865533616,78.40216543230211,"{""type"":""MultiPoint"",""coordinates"":[]}"
0000000000000000047a,18.604068981410784,HYD_1147,17.33208213903919,78.41156632331455,"{""type"":""MultiPoint"",""coordinates"":[]}"
0000000000000000047b,823.8076713680687,HYD_1148,17.33220474490098,78.42096834834206,"{""type"":""MultiPoint"",""coordinates"":[]}"
0000000000000000047c,684.3538829204003,HYD_1149,17.332325131524804,78.43037035689576,"{""type"":""MultiPoint"",""coordinates"":[]}"
0000000000000000047d,62.82294915020713,HYD_1150,17.332445542502708,78.43977238603635,"{""type"":""MultiPoint"",""coordinates"":[]}"
0000000000000000047e,408.9191054266172,HYD_1151,17.332565932693168,78.44917440456369,"{""type"":""MultiPoint"",""coordinates"":[]}"
0000000000000000047f,258.19665807915675,HYD_1152,17.332685216021837,78.45857679734706,"{""type"":""MultiPoint"",""coordinates"":[]}"
00000000000000000480,186.91100449348943,HYD_1153,17.33280337545171,78.46797804536712,"{""type"":""MultiPoint"",""coordinates"":[]}"
00000000000000000481,336.8429500375636,HYD_1154,17.332922648013977,78.47738045624247,"{""type"":""MultiPoint"",""coordinates"":[]}"
00000000000000000482,271.2439651270036,HYD_1155,17.333041175845555,78.48678359323017,"{""type"":""MultiPoint"",""coordinates"":[]}"
00000000000000000483,51.351544538496206,HYD_1156,17.333158643397386,78.49618558900873,"{""type"":""MultiPoint"",""coordinates"":[]}"
00000000000000000484,191.80373644871304,HYD_1157,17.333277514258825,78.5055875940194,"{""type"":""MultiPoint"",""coordinates"":[]}"
00000000000000000485,283.90754608190144,HYD_1158,17.333393081750483,78.514990731224,"{""type"":""MultiPoint"",""coordinates"":[]}"
00000000000000000486,10.62267633491984,HYD_1159,17.33350904937448,78.5243927438191,"{""type"":""MultiPoint"",""coordinates"":[]}"
00000000000000000487,221.01588314144033,HYD_1160,17.333624990241468,78.53379475782776,"{""type"":""MultiPoint"",""coordinates"":[]}"
00000000000000000488,806.3037863474875,HYD_1161,17.333740907395136,78.5431990352526,"{""type"":""MultiPoint"",""coordinates"":[]}"
00000000000000000489,16.873956094839247,HYD_1162,17.333856851142684,78.55260103746282,"{""type"":""MultiPoint"",""coordinates"":[]}"
0000000000000000048a,742.5227876524739,HYD_1163,17.333971695372206,78.56200342540954,"{""type"":""MultiPoint"",""coordinates"":[]}"
0000000000000000048b,358.69941364238457,HYD_1164,17.334085376313922,78.57140690144304,"{""type"":""MultiPoint"",""coordinates"":[]}"
0000000000000000048c,186.8114407026375,HYD_1165,17.334200554106022,78.58081041665864,"{""type"":""MultiPoint"",""coordinates"":[]}"
0000000000000000048d,192.5114608838236,HYD_1166,17.33431392800642,78.59021354137076,"{""type"":""MultiPoint"",""coordinates"":[]}"
0000000000000000048e,667.0925913679174,HYD_1167,17.33442617429351,78.5996170768922,"{""type"":""MultiPoint"",""coordinates"":[]}"
0000000000000000048f,271.42879448614485,HYD_1168,17.334539458278744,78.60901867893736,"{""type"":""MultiPoint"",""coordinates"":[]}"
00000000000000000490,284.3353294468808,HYD_1169,17.334650572600555,78.6184218172714,"{""type"":""MultiPoint"",""coordinates"":[]}"
00000000000000000491,110.69536593388122,HYD_1170,17.3347620409201,78.62782608579505,"{""type"":""MultiPoint"",""coordinates"":[]}"
00000000000000000492,882.0625858242831,HYD_1171,17.334873532057202,78.6372303234003,"{""type"":""MultiPoint"",""coordinates"":[]}"
00000000000000000493,75.59793665908647,HYD_1172,17.334985024553323,78.64663455192073,"{""type"":""MultiPoint"",""coordinates"":[]}"
00000000000000000494,1034.3503424077778,HYD_1173,17.335095710911034,78.65603727139333,"{""type"":""MultiPoint"",""coordinates"":[]}"
00000000000000000495,382.4630370421393,HYD_1174,17.322561597390745,78.37408873777478,"{""type"":""MultiPoint"",""coordinates"":[]}"
00000000000000000496,397.75128214526814,HYD_1175,17.322685690811483,78.383490004498,"{""type"":""MultiPoint"",""coordinates"":[]}"
00000000000000000497,695.7578886623958,HYD_1176,17.322808659493607,78.39289010415068,"{""type"":""MultiPoint"",""coordinates"":[]}"
00000000000000000498,426.3857523967874,HYD_1177,17.32292983644605,78.40229141903701,"{""type"":""MultiPoint"",""coordinates"":[]}"
00000000000000000499,365.3260561263312,HYD_1178,17.32305210793669,78.41169234333144,"{""type"":""MultiPoint"",""coordinates"":[]}"
0000000000000000049a,135.33973082997332,HYD_1179,17.323175438468468,78.42109431281204,"{""type"":""MultiPoint"",""coordinates"":[]}"
0000000000000000049b,106.05276312839057,HYD_1180,17.323295463168673,78.43049522141595,"{""type"":""MultiPoint"",""coordinates"":[]}"
0000000000000000049c,652.8663781971244,HYD_1181,17.323415891698858,78.43989723199525,"{""type"":""MultiPoint"",""coordinates"":[]}"
0000000000000000049d,728.081259003137,HYD_1182,17.323536250140897,78.44929925385117,"{""type"":""MultiPoint"",""coordinates"":[]}"
0000000000000000049e,96.3315796437107,HYD_1183,17.32365477367103,78.45870015615644,"{""type"":""MultiPoint"",""coordinates"":[]}"
0000000000000000049f,186.96185617656988,HYD_1184,17.32377222931613,78.46810218182053,"{""type"":""MultiPoint"",""coordinates"":[]}"
000000000000000004a0,178.07728394751334,HYD_1185,17.323893351256892,78.47750419100042,"{""type"":""MultiPoint"",""coordinates"":[]}"
000000000000000004a1,27.65781922815598,HYD_1186,17.32401078899551,78.48690624205675,"{""type"":""MultiPoint"",""coordinates"":[]}"
000000000000000004a2,254.44280314529456,HYD_1187,17.324128562492653,78.49630860697391,"{""type"":""MultiPoint"",""coordinates"":[]}"
000000000000000004a3,625.1542973221543,HYD_1188,17.32424601201534,78.50570984123718,"{""type"":""MultiPoint"",""coordinates"":[]}"
000000000000000004a4,192.77636466391664,HYD_1189,17.324363797492524,78.51511223954363,"{""type"":""MultiPoint"",""coordinates"":[]}"
000000000000000004a5,882.487213830497,HYD_1190,17.324479361720638,78.52451313808554,"{""type"":""MultiPoint"",""coordinates"":[]}"
000000000000000004a6,701.7739105897007,HYD_1191,17.324595286408908,78.53391514094896,"{""type"":""MultiPoint"",""coordinates"":[]}"
000000000000000004a7,1210.3866714527394,HYD_1192,17.32471156629303,78.54331828409302,"{""type"":""MultiPoint"",""coordinates"":[]}"
000000000000000004a8,443.40588541128886,HYD_1193,17.32482568074478,78.55272071798716,"{""type"":""MultiPoint"",""coordinates"":[]}"
000000000000000004a9,397.4110692721349,HYD_1194,17.324939751677807,78.56212304755257,"{""type"":""MultiPoint"",""coordinates"":[]}"
000000000000000004aa,1267.3144813903975,HYD_1195,17.325054957134117,78.5715265533956,"{""type"":""MultiPoint"",""coordinates"":[]}"
000000000000000004ab,1166.5142911037938,HYD_1196,17.32516908471924,78.58092897648775,"{""type"":""MultiPoint"",""coordinates"":[]}"
000000000000000004ac,653.292346539014,HYD_1197,17.32528348949572,78.59033019942953,"{""type"":""MultiPoint"",""coordinates"":[]}"
000000000000000004ad,283.0830214594826,HYD_1198,17.325395729007337,78.59973373033759,"{""type"":""MultiPoint"",""coordinates"":[]}"
000000000000000004ae,84.68667077078423,HYD_1199,17.325506828267187,78.60913687889501,"{""type"":""MultiPoint"",""coordinates"":[]}"
000000000000000004af,630.4006921288524,HYD_1200,17.325619014205227,78.61853886344996,"{""type"":""MultiPoint"",""coordinates"":[]}"
000000000000000004b0,454.78494676209823,HYD_1201,17.325730140819577,78.62794201959899,"{""type"":""MultiPoint"",""coordinates"":[]}"
000000000000000004b1,482.5730863406986,HYD_1202,17.32584161890734,78.63734626164253,"{""type"":""MultiPoint"",""coordinates"":[]}"
000000000000000004b2,373.8097609893418,HYD_1203,17.32595345486176,78.64674936535799,"{""type"":""MultiPoint"",""coordinates"":[]}"
000000000000000004b3,1156.2833004580475,HYD_1204,17.32606310590043,78.65615176990809,"{""type"":""MultiPoint"",""coordinates"":[]}"
000000000000000004b4,168.73189816791498,HYD_1205,17.313532637007253,78.37421581327045,"{""type"":""MultiPoint"",""coordinates"":[]}"
000000000000000004b5,541.0721776134045,HYD_1206,17.313654555802792,78.38361782095889,"{""type"":""MultiPoint"",""coordinates"":[]}"
000000000000000004b6,302.8866467078809,HYD_1207,17.31377751955699,78.39301871596474,"{""type"":""MultiPoint"",""coordinates"":[]}"
000000000000000004b7,152.91402434669826,HYD_1208,17.313900155456444,78.40241850928403,"{""type"":""MultiPoint"",""coordinates"":[]}"
000000000000000004b8,351.3552970062935,HYD_1209,17.314022045984853,78.41181979957679,"{""type"":""MultiPoint"",""coordinates"":[]}"
000000000000000004b9,28.619055315122235,HYD_1210,17.314144286041902,78.42121992061607,"{""type"":""MultiPoint"",""coordinates"":[]}"
000000000000000004ba,521.5530289348932,HYD_1211,17.314265804746256,78.43062009398224,"{""type"":""MultiPoint"",""coordinates"":[]}"
000000000000000004bb,549.9676030981361,HYD_1212,17.314386195143083,78.44002211409978,"{""type"":""MultiPoint"",""coordinates"":[]}"
000000000000000004bc,185.9704586487043,HYD_1213,17.314505484249747,78.44942448739634,"{""type"":""MultiPoint"",""coordinates"":[]}"
000000000000000004bd,325.4419473067229,HYD_1214,17.314623613627013,78.45882351943256,"{""type"":""MultiPoint"",""coordinates"":[]}"
000000000000000004be,255.04183166502398,HYD_1215,17.31474328611808,78.46822480555589,"{""type"":""MultiPoint"",""coordinates"":[]}"
000000000000000004bf,108.77536100134192,HYD_1216,17.314861868656592,78.47762722217027,"{""type"":""MultiPoint"",""coordinates"":[]}"
000000000000000004c0,280.18885713004005,HYD_1217,17.314980712649866,78.48702843507303,"{""type"":""MultiPoint"",""coordinates"":[]}"
000000000000000004c1,896.5146555718561,HYD_1218,17.315097390694785,78.49642973567425,"{""type"":""MultiPoint"",""coordinates"":[]}"
000000000000000004c2,1064.260664819787,HYD_1219,17.315214488581294,78.50583216009886,"{""type"":""MultiPoint"",""coordinates"":[]}"
000000000000000004c3,326.61554191384687,HYD_1220,17.31533263944097,78.51523338913924,"{""type"":""MultiPoint"",""coordinates"":[]}"
000000000000000004c4,501.63905255285346,HYD_1221,17.31544930743695,78.52463466147202,"{""type"":""MultiPoint"",""coordinates"":[]}"
000000000000000004c5,1388.5479573988778,HYD_1222,17.31556595399572,78.53403666186082,"{""type"":""MultiPoint"",""coordinates"":[]}"
000000000000000004c6,1791.953542427668,HYD_1223,17.315680443607786,78.54343797611583,"{""type"":""MultiPoint"",""coordinates"":[]}"
000000000000000004c7,886.1535182218713,HYD_1224,17.31579411046936,78.55283920712475,"{""type"":""MultiPoint"",""coordinates"":[]}"
000000000000000004c8,64.71449100703954,HYD_1225,17.315909299166695,78.56224271807736,"{""type"":""MultiPoint"",""coordinates"":[]}"
000000000000000004c9,1051.894233702519,HYD_1226,17.316023454051464,78.5716451317606,"{""type"":""MultiPoint"",""coordinates"":[]}"
000000000000000004ca,2030.3431780516878,HYD_1227,17.31613786444068,78.58104635408156,"{""type"":""MultiPoint"",""coordinates"":[]}"
000000000000000004cb,1225.939860191478,HYD_1228,17.31625087161086,78.59044915483518,"{""type"":""MultiPoint"",""coordinates"":[]}"
000000000000000004cc,229.89264477280474,HYD_1229,17.31636417825845,78.59985077686827,"{""type"":""MultiPoint"",""coordinates"":[]}"
000000000000000004cd,689.4317936039081,HYD_1230,17.31647637271409,78.60925352080233,"{""type"":""MultiPoint"",""coordinates"":[]}"
000000000000000004ce,363.5341789018735,HYD_1231,17.31658896667335,78.61865593778504,"{""type"":""MultiPoint"",""coordinates"":[]}"
000000000000000004cf,357.11136729861107,HYD_1232,17.31670045844038,78.62805796096804,"{""type"":""MultiPoint"",""coordinates"":[]}"
000000000000000004d0,175.4119787255017,HYD_1233,17.316812301766756,78.63746107025263,"{""type"":""MultiPoint"",""coordinates"":[]}"
000000000000000004d1,39.856192488254806,HYD_1234,17.31692196644662,78.64686347541907,"{""type"":""MultiPoint"",""coordinates"":[]}"
000000000000000004d2,181.48351718505782,HYD_1235,17.317031553728576,78.65626583122597,"{""type"":""MultiPoint"",""coordinates"":[]}"
000000000000000004d3,297.27862656994375,HYD_1236,17.30450260259573,78.37434402588734,"{""type"":""MultiPoint"",""coordinates"":[]}"
000000000000000004d4,427.8069418849468,HYD_1237,17.304625596501033,78.38374491305437,"{""type"":""MultiPoint"",""coordinates"":[]}"
000000000000000004d5,1109.9728751062,HYD_1238,17.304747854375613,78.39314580981004,"{""type"":""MultiPoint"",""coordinates"":[]}"
000000000000000004d6,444.0121672503269,HYD_1239,17.304870471237997,78.40254560689378,"{""type"":""MultiPoint"",""coordinates"":[]}"
000000000000000004d7,745.4562656799922,HYD_1240,17.304990870429442,78.41194540495168,"{""type"":""MultiPoint"",""coordinates"":[]}"
000000000000000004d8,34.789995446123946,HYD_1241,17.305113489809404,78.42134515980813,"{""type"":""MultiPoint"",""coordinates"":[]}"
000000000000000004d9,105.19260252691974,HYD_1242,17.30523575010244,78.43074606740649,"{""type"":""MultiPoint"",""coordinates"":[]}"
000000000000000004da,379.67810773896184,HYD_1243,17.305355751743907,78.4401484622017,"{""type"":""MultiPoint"",""coordinates"":[]}"
000000000000000004db,719.1251176568858,HYD_1244,17.30547354829383,78.44954858789468,"{""type"":""MultiPoint"",""coordinates"":[]}"
000000000000000004dc,647.392554953762,HYD_1245,17.305592871301815,78.45894876444073,"{""type"":""MultiPoint"",""coordinates"":[]}"
000000000000000004dd,742.8606948780973,HYD_1246,17.305713247149715,78.46834854253662,"{""type"":""MultiPoint"",""coordinates"":[]}"
000000000000000004de,235.7167124970691,HYD_1247,17.305831783994076,78.47774942639569,"{""type"":""MultiPoint"",""coordinates"":[]}"
000000000000000004df,288.0773826224415,HYD_1248,17.305949209282062,78.48715144703122,"{""type"":""MultiPoint"",""coordinates"":[]}"
000000000000000004e0,617.7614515914015,HYD_1249,17.306067723105397,78.4965523603095,"{""type"":""MultiPoint"",""coordinates"":[]}"
000000000000000004e1,1569.9676789060138,HYD_1250,17.306184040310608,78.50595325682673,"{""type"":""MultiPoint"",""coordinates"":[]}"
000000000000000004e2,819.4292588424375,HYD_1251,17.306300728410054,78.51535455028645,"{""type"":""MultiPoint"",""coordinates"":[]}"
000000000000000004e3,164.31239811150675,HYD_1252,17.306417749876644,78.52475617183855,"{""type"":""MultiPoint"",""coordinates"":[]}"
000000000000000004e4,1133.807053234523,HYD_1253,17.30653368964851,78.53415821123949,"{""type"":""MultiPoint"",""coordinates"":[]}"
000000000000000004e5,1959.7799293432467,HYD_1254,17.306648514653272,78.54355758355511,"{""type"":""MultiPoint"",""coordinates"":[]}"
000000000000000004e6,1076.4608097842433,HYD_1255,17.30676334940778,78.55295997427801,"{""type"":""MultiPoint"",""coordinates"":[]}"
000000000000000004e7,114.05254273890066,HYD_1256,17.306879281634924,78.5623620164794,"{""type"":""MultiPoint"",""coordinates"":[]}"
000000000000000004e8,697.0743463937289,HYD_1257,17.30699334305822,78.5717629056967,"{""type"":""MultiPoint"",""coordinates"":[]}"
000000000000000004e9,1149.8357602433205,HYD_1258,17.307105241439857,78.58116529886281,"{""type"":""MultiPoint"",""coordinates"":[]}"
000000000000000004ea,1336.340831824107,HYD_1259,17.30721964689625,78.59056651399794,"{""type"":""MultiPoint"",""coordinates"":[]}"
000000000000000004eb,400.5006019004187,HYD_1260,17.307331895131696,78.5999678292122,"{""type"":""MultiPoint"",""coordinates"":[]}"
000000000000000004ec,470.1845678571562,HYD_1261,17.307444494813186,78.60937023308367,"{""type"":""MultiPoint"",""coordinates"":[]}"
000000000000000004ed,1361.8551462850432,HYD_1262,17.30755707828247,78.61877186070514,"{""type"":""MultiPoint"",""coordinates"":[]}"
000000000000000004ee,1339.8478466370857,HYD_1263,17.30766854280137,78.62817388797069,"{""type"":""MultiPoint"",""coordinates"":[]}"
000000000000000004ef,692.6979260886999,HYD_1264,17.307780031076355,78.63757591479163,"{""type"":""MultiPoint"",""coordinates"":[]}"
000000000000000004f0,196.80703612301704,HYD_1265,17.307890387267232,78.64697753148988,"{""type"":""MultiPoint"",""coordinates"":[]}"
000000000000000004f1,800.2810963388646,HYD_1266,17.308000033416196,78.6563814109364,"{""type"":""MultiPoint"",""coordinates"":[]}"
000000000000000004f2,393.5196430626872,HYD_1267,17.295595539711382,78.38387312147636,"{""type"":""MultiPoint"",""coordinates"":[]}"
000000000000000004f3,1388.881387522989,HYD_1268,17.295718186722127,78.39327291132865,"{""type"":""MultiPoint"",""coordinates"":[]}"
000000000000000004f4,1438.3524738682822,HYD_1269,17.295840806136127,78.40267268912696,"{""type"":""MultiPoint"",""coordinates"":[]}"
000000000000000004f5,617.9989479175229,HYD_1270,17.29596118604737,78.41207247558192,"{""type"":""MultiPoint"",""coordinates"":[]}"
000000000000000004f6,340.0321250110873,HYD_1271,17.296082681072175,78.42147264057674,"{""type"":""MultiPoint"",""coordinates"":[]}"
000000000000000004f7,816.9310306231396,HYD_1272,17.2962045544347,78.43087314484029,"{""type"":""MultiPoint"",""coordinates"":[]}"
000000000000000004f8,1250.7462346449638,HYD_1273,17.29632348038375,78.44027366140769,"{""type"":""MultiPoint"",""coordinates"":[]}"
000000000000000004f9,1674.6906537974626,HYD_1274,17.296442790982596,78.44967382220406,"{""type"":""MultiPoint"",""coordinates"":[]}"
000000000000000004fa,1624.5232541310527,HYD_1275,17.296563176508982,78.45907360792059,"{""type"":""MultiPoint"",""coordinates"":[]}"
000000000000000004fb,790.2001494069877,HYD_1276,17.29668245626076,78.4684737973198,"{""type"":""MultiPoint"",""coordinates"":[]}"
000000000000000004fc,188.84576736279308,HYD_1277,17.29680061301956,78.47787279634743,"{""type"":""MultiPoint"",""coordinates"":[]}"
000000000000000004fd,609.9600182529377,HYD_1278,17.296919140650246,78.48727444668681,"{""type"":""MultiPoint"",""coordinates"":[]}"
000000000000000004fe,253.68705808266247,HYD_1279,17.297036926475858,78.49667459785476,"{""type"":""MultiPoint"",""coordinates"":[]}"
000000000000000004ff,1134.1929287089924,HYD_1280,17.297154010340744,78.5060747745346,"{""type"":""MultiPoint"",""coordinates"":[]}"
00000000000000000500,1045.973129095889,HYD_1281,17.2972699319884,78.51547454105305,"{""type"":""MultiPoint"",""coordinates"":[]}"
00000000000000000501,113.89025948132124,HYD_1282,17.297385852989596,78.52487656567054,"{""type"":""MultiPoint"",""coordinates"":[]}"
00000000000000000502,548.4354272786533,HYD_1283,17.29750179861438,78.53427858613763,"{""type"":""MultiPoint"",""coordinates"":[]}"
00000000000000000503,1301.2324474779145,HYD_1284,17.29761774458932,78.54367837697514,"{""type"":""MultiPoint"",""coordinates"":[]}"
00000000000000000504,1481.156165886659,HYD_1285,17.297734065541423,78.55307927083054,"{""type"":""MultiPoint"",""coordinates"":[]}"
00000000000000000505,714.2763526252593,HYD_1286,17.297848159593666,78.56248169207099,"{""type"":""MultiPoint"",""coordinates"":[]}"
00000000000000000506,156.82673377606648,HYD_1287,17.297962187290924,78.5718817997504,"{""type"":""MultiPoint"",""coordinates"":[]}"
00000000000000000507,246.30532363426047,HYD_1288,17.298075151162486,78.58128307531578,"{""type"":""MultiPoint"",""coordinates"":[]}"
00000000000000000508,910.178906175735,HYD_1289,17.298187402381426,78.59068437718857,"{""type"":""MultiPoint"",""coordinates"":[]}"
00000000000000000509,806.5492450328995,HYD_1290,17.29830073207067,78.60008449548923,"{""type"":""MultiPoint"",""coordinates"":[]}"
0000000000000000050a,184.3290123155577,HYD_1291,17.29841404157441,78.609486912115,"{""type"":""MultiPoint"",""coordinates"":[]}"
0000000000000000050b,1174.9623041944744,HYD_1292,17.298525173450468,78.61888779077955,"{""type"":""MultiPoint"",""coordinates"":[]}"
0000000000000000050c,2030.9871340761874,HYD_1293,17.29863665996602,78.628289799917,"{""type"":""MultiPoint"",""coordinates"":[]}"
0000000000000000050d,1052.688916397908,HYD_1294,17.298748129017234,78.63769183726396,"{""type"":""MultiPoint"",""coordinates"":[]}"
0000000000000000050e,62.69260123661764,HYD_1295,17.298858861198507,78.64709311586346,"{""type"":""MultiPoint"",""coordinates"":[]}"
0000000000000000050f,916.9681159762256,HYD_1296,17.29896737432882,78.65649436892244,"{""type"":""MultiPoint"",""coordinates"":[]}"
00000000000000000510,164.0305363286778,HYD_1297,17.286565856908613,78.38400019905013,"{""type"":""MultiPoint"",""coordinates"":[]}"
00000000000000000511,1128.1994115830207,HYD_1298,17.28668848658286,78.39339999060739,"{""type"":""MultiPoint"",""coordinates"":[]}"
00000000000000000512,981.2908516730217,HYD_1299,17.286811117092682,78.40279978642799,"{""type"":""MultiPoint"",""coordinates"":[]}"
00000000000000000513,186.1085361572593,HYD_1300,17.286931499903034,78.4121995536172,"{""type"":""MultiPoint"",""coordinates"":[]}"
00000000000000000514,642.1536144859056,HYD_1301,17.287051885901942,78.42159933616955,"{""type"":""MultiPoint"",""coordinates"":[]}"
00000000000000000515,1547.478729984457,HYD_1302,17.28717229712088,78.43099912566426,"{""type"":""MultiPoint"",""coordinates"":[]}"
00000000000000000516,2125.0838269325686,HYD_1303,17.287292703257123,78.4403989065485,"{""type"":""MultiPoint"",""coordinates"":[]}"
00000000000000000517,2539.1252924089667,HYD_1304,17.287413103723164,78.44979867741796,"{""type"":""MultiPoint"",""coordinates"":[]}"
00000000000000000518,1552.30296140813,HYD_1305,17.287533864007376,78.459197343491,"{""type"":""MultiPoint"",""coordinates"":[]}"
00000000000000000519,595.9384046920959,HYD_1306,17.28765166284301,78.46859603305187,"{""type"":""MultiPoint"",""coordinates"":[]}"
0000000000000000051a,320.2570385946657,HYD_1307,17.287769816164506,78.4779958276332,"{""type"":""MultiPoint"",""coordinates"":[]}"
0000000000000000051b,1039.1473198890278,HYD_1308,17.28788796940269,78.48739558667934,"{""type"":""MultiPoint"",""coordinates"":[]}"
0000000000000000051c,55.21592198326722,HYD_1309,17.28800612856124,78.49679538204623,"{""type"":""MultiPoint"",""coordinates"":[]}"
0000000000000000051d,935.3277650951524,HYD_1310,17.288123950151387,78.50619629815797,"{""type"":""MultiPoint"",""coordinates"":[]}"
0000000000000000051e,1506.2573792634228,HYD_1311,17.288240250562094,78.51559717829805,"{""type"":""MultiPoint"",""coordinates"":[]}"
0000000000000000051f,862.9217594025629,HYD_1312,17.28835654790858,78.52499805402539,"{""type"":""MultiPoint"",""coordinates"":[]}"
00000000000000000520,48.662190327840015,HYD_1313,17.288472148990024,78.53439897630581,"{""type"":""MultiPoint"",""coordinates"":[]}"
00000000000000000521,885.1211514111284,HYD_1314,17.2885880869493,78.54379876251772,"{""type"":""MultiPoint"",""coordinates"":[]}"
00000000000000000522,1869.3234346675627,HYD_1315,17.288702904715358,78.55319894325679,"{""type"":""MultiPoint"",""coordinates"":[]}"
00000000000000000523,1521.2297572544128,HYD_1316,17.288816914432953,78.56259904041619,"{""type"":""MultiPoint"",""coordinates"":[]}"
00000000000000000524,1078.0832363556226,HYD_1317,17.288930295672117,78.5720007198944,"{""type"":""MultiPoint"",""coordinates"":[]}"
00000000000000000525,503.27444456220815,HYD_1318,17.289044021603747,78.58139976504464,"{""type"":""MultiPoint"",""coordinates"":[]}"
00000000000000000526,419.13970623295177,HYD_1319,17.289156237729202,78.59080104609485,"{""type"":""MultiPoint"",""coordinates"":[]}"
00000000000000000527,972.458115405186,HYD_1320,17.289269558387304,78.60020344259932,"{""type"":""MultiPoint"",""coordinates"":[]}"
00000000000000000528,0.6519382549306748,HYD_1321,17.289381805355163,78.60960396021575,"{""type"":""MultiPoint"",""coordinates"":[]}"
00000000000000000529,821.9243936269515,HYD_1322,17.289493266618756,78.6190037284794,"{""type"":""MultiPoint"",""coordinates"":[]}"
0000000000000000052a,1031.331543159792,HYD_1323,17.289604747608312,78.62840574851921,"{""type"":""MultiPoint"",""coordinates"":[]}"
0000000000000000052b,1072.052838636608,HYD_1324,17.28971622490272,78.63780776734906,"{""type"":""MultiPoint"",""coordinates"":[]}"
0000000000000000052c,140.69574297328478,HYD_1325,17.289826584281805,78.64720716280885,"{""type"":""MultiPoint"",""coordinates"":[]}"
0000000000000000052d,842.771328240283,HYD_1326,17.289937313498296,78.6566084275004,"{""type"":""MultiPoint"",""coordinates"":[]}"
0000000000000000052e,82.14463525924542,HYD_1327,17.277536174999568,78.3841272822257,"{""type"":""MultiPoint"",""coordinates"":[]}"
0000000000000000052f,734.9521215233403,HYD_1328,17.277658799309034,78.39352707804265,"{""type"":""MultiPoint"",""coordinates"":[]}"
00000000000000000530,117.47055921764758,HYD_1329,17.277781782702572,78.4029257435383,"{""type"":""MultiPoint"",""coordinates"":[]}"
00000000000000000531,395.75628720358935,HYD_1330,17.2779018171356,78.41232442649341,"{""type"":""MultiPoint"",""coordinates"":[]}"
00000000000000000532,1215.9461431498746,HYD_1331,17.27802220620425,78.42172418998544,"{""type"":""MultiPoint"",""coordinates"":[]}"
00000000000000000533,2008.8837332555522,HYD_1332,17.278142621058244,78.43112397565571,"{""type"":""MultiPoint"",""coordinates"":[]}"
00000000000000000534,2752.8894411627803,HYD_1333,17.278263016573543,78.44052375172843,"{""type"":""MultiPoint"",""coordinates"":[]}"
00000000000000000535,2099.9306141670577,HYD_1334,17.278383749933514,78.44992243142555,"{""type"":""MultiPoint"",""coordinates"":[]}"
00000000000000000536,1473.8937220919686,HYD_1335,17.278503440699676,78.45932000381168,"{""type"":""MultiPoint"",""coordinates"":[]}"
00000000000000000537,476.0823403503688,HYD_1336,17.27862198812038,78.46871866154135,"{""type"":""MultiPoint"",""coordinates"":[]}"
00000000000000000538,521.6282594612136,HYD_1337,17.27874015422481,78.47811845893985,"{""type"":""MultiPoint"",""coordinates"":[]}"
00000000000000000539,1059.8707425268715,HYD_1338,17.278858298648355,78.48751821396337,"{""type"":""MultiPoint"",""coordinates"":[]}"
0000000000000000053a,101.40319163357876,HYD_1339,17.27897534582477,78.49691836162775,"{""type"":""MultiPoint"",""coordinates"":[]}"
0000000000000000053b,838.0749469564078,HYD_1340,17.279092760075248,78.50631888265342,"{""type"":""MultiPoint"",""coordinates"":[]}"
0000000000000000053c,1829.3015254878403,HYD_1341,17.279209447706712,78.5157194077737,"{""type"":""MultiPoint"",""coordinates"":[]}"
0000000000000000053d,1238.8067447589024,HYD_1342,17.279326512125316,78.52511957867677,"{""type"":""MultiPoint"",""coordinates"":[]}"
0000000000000000053e,244.65977865121138,HYD_1343,17.279441329924936,78.53451973608082,"{""type"":""MultiPoint"",""coordinates"":[]}"
0000000000000000053f,749.4114925978762,HYD_1344,17.279556154427638,78.54391913372305,"{""type"":""MultiPoint"",""coordinates"":[]}"
00000000000000000540,1743.4885159860949,HYD_1345,17.27967095397128,78.55331854677036,"{""type"":""MultiPoint"",""coordinates"":[]}"
00000000000000000541,2388.7141489917185,HYD_1346,17.279785767015593,78.56271872346817,"{""type"":""MultiPoint"",""coordinates"":[]}"
00000000000000000542,1617.4433386444737,HYD_1347,17.279899507506247,78.57211851478225,"{""type"":""MultiPoint"",""coordinates"":[]}"
00000000000000000543,618.0034021512187,HYD_1348,17.280012107810677,78.58151868789794,"{""type"":""MultiPoint"",""coordinates"":[]}"
00000000000000000544,381.4353221885712,HYD_1349,17.28012614923074,78.59091880571496,"{""type"":""MultiPoint"",""coordinates"":[]}"
00000000000000000545,1287.9620385426542,HYD_1350,17.280238406085594,78.60032009443192,"{""type"":""MultiPoint"",""coordinates"":[]}"
00000000000000000546,528.5762282771589,HYD_1351,17.280349880930373,78.60971988663596,"{""type"":""MultiPoint"",""coordinates"":[]}"
00000000000000000547,114.78532532904507,HYD_1352,17.28046134991594,78.61911965099353,"{""type"":""MultiPoint"",""coordinates"":[]}"
00000000000000000548,31.71584831710443,HYD_1353,17.28057317380146,78.62852054603859,"{""type"":""MultiPoint"",""coordinates"":[]}"
00000000000000000549,74.40992013077759,HYD_1354,17.280683939492643,78.63792258167656,"{""type"":""MultiPoint"",""coordinates"":[]}"
0000000000000000054a,236.75053665911489,HYD_1355,17.280795793567787,78.64732349663757,"{""type"":""MultiPoint"",""coordinates"":[]}"
0000000000000000054b,132.4189550797727,HYD_1356,17.268383871701527,78.37485680658915,"{""type"":""MultiPoint"",""coordinates"":[]}"
0000000000000000054c,10.923412192387891,HYD_1357,17.268506845049327,78.38425546883333,"{""type"":""MultiPoint"",""coordinates"":[]}"
0000000000000000054d,155.4402791235547,HYD_1358,17.268629133344284,78.39365414972882,"{""type"":""MultiPoint"",""coordinates"":[]}"
0000000000000000054e,669.9186849982325,HYD_1359,17.26875139761747,78.4030528477462,"{""type"":""MultiPoint"",""coordinates"":[]}"
0000000000000000054f,1211.769836914282,HYD_1360,17.268872507500912,78.41245037960839,"{""type"":""MultiPoint"",""coordinates"":[]}"
00000000000000000550,1806.3983207279296,HYD_1361,17.268992548124032,78.42184904360532,"{""type"":""MultiPoint"",""coordinates"":[]}"
00000000000000000551,2612.045555837912,HYD_1362,17.26911294423473,78.43124881782548,"{""type"":""MultiPoint"",""coordinates"":[]}"
00000000000000000552,2142.5587357485965,HYD_1363,17.269233677685577,78.4406474658324,"{""type"":""MultiPoint"",""coordinates"":[]}"
00000000000000000553,1344.275604093037,HYD_1364,17.269353355210317,78.45004505241144,"{""type"":""MultiPoint"",""coordinates"":[]}"
00000000000000000554,704.5488926339895,HYD_1365,17.26947299576426,78.45944410966669,"{""type"":""MultiPoint"",""coordinates"":[]}"
00000000000000000555,190.59765186605537,HYD_1366,17.26959116552037,78.46884311632864,"{""type"":""MultiPoint"",""coordinates"":[]}"
00000000000000000556,326.31093763046954,HYD_1367,17.269709712367526,78.47824256351902,"{""type"":""MultiPoint"",""coordinates"":[]}"
00000000000000000557,945.9866091493508,HYD_1368,17.269827485102308,78.48764045602117,"{""type"":""MultiPoint"",""coordinates"":[]}"
00000000000000000558,55.51726883863188,HYD_1369,17.269944545202257,78.49704060642314,"{""type"":""MultiPoint"",""coordinates"":[]}"
00000000000000000559,886.2968890407717,HYD_1370,17.27006048319202,78.50644039994899,"{""type"":""MultiPoint"",""coordinates"":[]}"
0000000000000000055a,1863.1463207962129,HYD_1371,17.270177566101232,78.51584056099512,"{""type"":""MultiPoint"",""coordinates"":[]}"
0000000000000000055b,1331.8614033174867,HYD_1372,17.270294588656586,78.5252399566358,"{""type"":""MultiPoint"",""coordinates"":[]}"
0000000000000000055c,364.30739117135465,HYD_1373,17.270409366154755,78.53463936957462,"{""type"":""MultiPoint"",""coordinates"":[]}"
0000000000000000055d,451.952578985039,HYD_1374,17.27052458671869,78.54403841907656,"{""type"":""MultiPoint"",""coordinates"":[]}"
0000000000000000055e,1430.5363017033449,HYD_1375,17.270640161747743,78.55343710390261,"{""type"":""MultiPoint"",""coordinates"":[]}"
0000000000000000055f,2426.3570423239403,HYD_1376,17.27075499776267,78.5628372910654,"{""type"":""MultiPoint"",""coordinates"":[]}"
00000000000000000560,1643.4769319793506,HYD_1377,17.27086869085942,78.57223630067757,"{""type"":""MultiPoint"",""coordinates"":[]}"
00000000000000000561,644.9648016316283,HYD_1378,17.270981303622765,78.58163646369347,"{""type"":""MultiPoint"",""coordinates"":[]}"
00000000000000000562,353.54850686820424,HYD_1379,17.27109389188628,78.5910366235217,"{""type"":""MultiPoint"",""coordinates"":[]}"
00000000000000000563,1348.0812822666999,HYD_1380,17.271207588196003,78.60043564690582,"{""type"":""MultiPoint"",""coordinates"":[]}"
00000000000000000564,1400.358692517802,HYD_1381,17.271320176486373,78.60983581993352,"{""type"":""MultiPoint"",""coordinates"":[]}"
00000000000000000565,1089.1681672921318,HYD_1382,17.27143164808468,78.61923560253292,"{""type"":""MultiPoint"",""coordinates"":[]}"
00000000000000000566,258.17861694098076,HYD_1383,17.27154314493606,78.62863537117357,"{""type"":""MultiPoint"",""coordinates"":[]}"
00000000000000000567,437.2535905216875,HYD_1384,17.271653873185812,78.63803666254323,"{""type"":""MultiPoint"",""coordinates"":[]}"
00000000000000000568,236.56353104360483,HYD_1385,17.259354544994984,78.37498496771732,"{""type"":""MultiPoint"",""coordinates"":[]}"
00000000000000000569,65.16261938015231,HYD_1386,17.25947646864296,78.38438258876376,"{""type"":""MultiPoint"",""coordinates"":[]}"
0000000000000000056a,246.8508334298874,HYD_1387,17.259599810198385,78.39378011139459,"{""type"":""MultiPoint"",""coordinates"":[]}"
0000000000000000056b,886.761952848875,HYD_1388,17.259722090781167,78.40317879049225,"{""type"":""MultiPoint"",""coordinates"":[]}"
0000000000000000056c,1712.4032688145833,HYD_1389,17.25984211140797,78.4125774863856,"{""type"":""MultiPoint"",""coordinates"":[]}"
0000000000000000056d,2264.923934362972,HYD_1390,17.259963219823184,78.42197499262053,"{""type"":""MultiPoint"",""coordinates"":[]}"
0000000000000000056e,2700.5018015053734,HYD_1391,17.26008326171894,78.43137367365581,"{""type"":""MultiPoint"",""coordinates"":[]}"
0000000000000000056f,1777.4301671177332,HYD_1392,17.2602036613192,78.44077122299332,"{""type"":""MultiPoint"",""coordinates"":[]}"
00000000000000000570,823.3527136811747,HYD_1393,17.260324037154056,78.4501687840271,"{""type"":""MultiPoint"",""coordinates"":[]}"
00000000000000000571,63.74802294870186,HYD_1394,17.26044219098544,78.4595685680813,"{""type"":""MultiPoint"",""coordinates"":[]}"
00000000000000000572,678.9432123526486,HYD_1395,17.260560719347414,78.46896723215954,"{""type"":""MultiPoint"",""coordinates"":[]}"
00000000000000000573,203.2086905849537,HYD_1396,17.260678191547843,78.47836480115416,"{""type"":""MultiPoint"",""coordinates"":[]}"
00000000000000000574,675.0990170121468,HYD_1397,17.260796705148575,78.48776347604654,"{""type"":""MultiPoint"",""coordinates"":[]}"
00000000000000000575,181.72783001382993,HYD_1398,17.26091522170397,78.49716212814275,"{""type"":""MultiPoint"",""coordinates"":[]}"
00000000000000000576,1052.321081495721,HYD_1399,17.261030813793127,78.50656080770831,"{""type"":""MultiPoint"",""coordinates"":[]}"
00000000000000000577,2018.7601897125865,HYD_1400,17.261146760471966,78.51596058804986,"{""type"":""MultiPoint"",""coordinates"":[]}"
00000000000000000578,1720.3591335754788,HYD_1401,17.261262688080592,78.52536034989197,"{""type"":""MultiPoint"",""coordinates"":[]}"
00000000000000000579,1012.2048872570333,HYD_1402,17.261378962247733,78.53475902944147,"{""type"":""MultiPoint"",""coordinates"":[]}"
0000000000000000057a,937.4587438707307,HYD_1403,17.261494175807638,78.5441566142343,"{""type"":""MultiPoint"",""coordinates"":[]}"
0000000000000000057b,1649.487319983377,HYD_1404,17.26160939190871,78.55355566117069,"{""type"":""MultiPoint"",""coordinates"":[]}"
0000000000000000057c,2471.093672443094,HYD_1405,17.26172308257131,78.56295468911398,"{""type"":""MultiPoint"",""coordinates"":[]}"
0000000000000000057d,1504.9920314595952,HYD_1406,17.26183681928779,78.5723552352161,"{""type"":""MultiPoint"",""coordinates"":[]}"
0000000000000000057e,585.9099043467613,HYD_1407,17.261950471972057,78.58175424639192,"{""type"":""MultiPoint"",""coordinates"":[]}"
0000000000000000057f,303.82564170798304,HYD_1408,17.262063089608077,78.59115440969822,"{""type"":""MultiPoint"",""coordinates"":[]}"
00000000000000000580,1285.2106618133578,HYD_1409,17.262176067860167,78.60055345494605,"{""type"":""MultiPoint"",""coordinates"":[]}"
00000000000000000581,1550.7441924066206,HYD_1410,17.26228828158978,78.6099517603105,"{""type"":""MultiPoint"",""coordinates"":[]}"
00000000000000000582,808.679638334653,HYD_1411,17.26239976969975,78.61935156163833,"{""type"":""MultiPoint"",""coordinates"":[]}"
00000000000000000583,36.52604259240117,HYD_1412,17.262511252612594,78.6287513193918,"{""type"":""MultiPoint"",""coordinates"":[]}"
00000000000000000584,106.9733882543303,HYD_1413,17.250324491791837,78.3751132245911,"{""type"":""MultiPoint"",""coordinates"":[]}"
00000000000000000585,614.347415174937,HYD_1414,17.250447487588065,78.38450965061064,"{""type"":""MultiPoint"",""coordinates"":[]}"
00000000000000000586,500.80373704209137,HYD_1415,17.250569400800565,78.39390721184996,"{""type"":""MultiPoint"",""coordinates"":[]}"
00000000000000000587,338.7449726508764,HYD_1416,17.250692763262563,78.40330474875014,"{""type"":""MultiPoint"",""coordinates"":[]}"
00000000000000000588,879.6053358780636,HYD_1417,17.250812772213354,78.41270340930056,"{""type"":""MultiPoint"",""coordinates"":[]}"
00000000000000000589,1439.8772040672732,HYD_1418,17.25093318425963,78.42210097067377,"{""type"":""MultiPoint"",""coordinates"":[]}"
0000000000000000058a,2124.83109126077,HYD_1419,17.251053594036694,78.43149853745693,"{""type"":""MultiPoint"",""coordinates"":[]}"
0000000000000000058b,1400.6254793332748,HYD_1420,17.251173977919724,78.440896103964,"{""type"":""MultiPoint"",""coordinates"":[]}"
0000000000000000058c,474.9900419928601,HYD_1421,17.251293262614684,78.45029402414433,"{""type"":""MultiPoint"",""coordinates"":[]}"
0000000000000000058d,396.55615374733577,HYD_1422,17.251411744051342,78.45969191774206,"{""type"":""MultiPoint"",""coordinates"":[]}"
0000000000000000058e,711.3557929959384,HYD_1423,17.25153033687526,78.46908987364905,"{""type"":""MultiPoint"",""coordinates"":[]}"
0000000000000000058f,216.8459935172881,HYD_1424,17.251649230152882,78.47848741220872,"{""type"":""MultiPoint"",""coordinates"":[]}"
00000000000000000590,344.4641372148419,HYD_1425,17.25176593378183,78.48788648001555,"{""type"":""MultiPoint"",""coordinates"":[]}"
00000000000000000591,513.0813580193615,HYD_1426,17.251883736586155,78.49728440178342,"{""type"":""MultiPoint"",""coordinates"":[]}"
00000000000000000592,1168.1799040113522,HYD_1427,17.25200151869099,78.50668232566284,"{""type"":""MultiPoint"",""coordinates"":[]}"
00000000000000000593,2081.4807055914475,HYD_1428,17.252117097552432,78.51608098458291,"{""type"":""MultiPoint"",""coordinates"":[]}"
00000000000000000594,2408.9494952278683,HYD_1429,17.252233025289733,78.52548076439594,"{""type"":""MultiPoint"",""coordinates"":[]}"
00000000000000000595,1925.4543355167823,HYD_1430,17.2523489546369,78.53487833054375,"{""type"":""MultiPoint"",""coordinates"":[]}"
00000000000000000596,1884.5389962324427,HYD_1431,17.252463787030894,78.54427628482856,"{""type"":""MultiPoint"",""coordinates"":[]}"
00000000000000000597,2322.51860276165,HYD_1432,17.252577458422714,78.55367530114896,"{""type"":""MultiPoint"",""coordinates"":[]}"
00000000000000000598,2375.539567889574,HYD_1433,17.252692656337263,78.56307434353654,"{""type"":""MultiPoint"",""coordinates"":[]}"
00000000000000000599,1377.0058896584594,HYD_1434,17.252806003176076,78.5724730208851,"{""type"":""MultiPoint"",""coordinates"":[]}"
0000000000000000059a,378.3136589030275,HYD_1435,17.25291860266514,78.58187319096677,"{""type"":""MultiPoint"",""coordinates"":[]}"
0000000000000000059b,620.2487846456963,HYD_1436,17.25303228848131,78.59127220333903,"{""type"":""MultiPoint"",""coordinates"":[]}"
0000000000000000059c,1618.8172748672444,HYD_1437,17.253144538902344,78.6006712500769,"{""type"":""MultiPoint"",""coordinates"":[]}"
0000000000000000059d,1086.0042364295894,HYD_1438,17.253256765468905,78.61006880302432,"{""type"":""MultiPoint"",""coordinates"":[]}"
0000000000000000059e,187.42035024476496,HYD_1439,17.25336786139452,78.61946748329161,"{""type"":""MultiPoint"",""coordinates"":[]}"
0000000000000000059f,1214.9152275881281,HYD_1440,17.24141742133119,78.38463783618572,"{""type"":""MultiPoint"",""coordinates"":[]}"
000000000000000005a0,825.6390604841664,HYD_1441,17.24153932461158,78.39403466170883,"{""type"":""MultiPoint"",""coordinates"":[]}"
000000000000000005a1,163.55837572467857,HYD_1442,17.241661210110767,78.40343146624028,"{""type"":""MultiPoint"",""coordinates"":[]}"
000000000000000005a2,46.813663365814,HYD_1443,17.2417834572264,78.4128293777468,"{""type"":""MultiPoint"",""coordinates"":[]}"
000000000000000005a3,720.5611404635677,HYD_1444,17.241903506661938,78.42222582388086,"{""type"":""MultiPoint"",""coordinates"":[]}"
000000000000000005a4,1339.561780288359,HYD_1445,17.242023897668123,78.43162337917104,"{""type"":""MultiPoint"",""coordinates"":[]}"
000000000000000005a5,1536.8857414148565,HYD_1446,17.242144293095663,78.44102094849481,"{""type"":""MultiPoint"",""coordinates"":[]}"
000000000000000005a6,791.3065016479691,HYD_1447,17.242262442398907,78.45041850089584,"{""type"":""MultiPoint"",""coordinates"":[]}"
000000000000000005a7,942.4542572513769,HYD_1448,17.242380610059552,78.45981606586989,"{""type"":""MultiPoint"",""coordinates"":[]}"
000000000000000005a8,598.750642981728,HYD_1449,17.242500271848495,78.46921286500411,"{""type"":""MultiPoint"",""coordinates"":[]}"
000000000000000005a9,395.5464388606897,HYD_1450,17.24261771210599,78.478609664887,"{""type"":""MultiPoint"",""coordinates"":[]}"
000000000000000005aa,102.73008701824855,HYD_1451,17.24273547717273,78.48800758481222,"{""type"":""MultiPoint"",""coordinates"":[]}"
000000000000000005ab,444.63838547401474,HYD_1452,17.2428521842721,78.49740667838631,"{""type"":""MultiPoint"",""coordinates"":[]}"
000000000000000005ac,1144.7564876069098,HYD_1453,17.242970352727312,78.50680345665224,"{""type"":""MultiPoint"",""coordinates"":[]}"
000000000000000005ad,1864.5126232984871,HYD_1454,17.243087414139033,78.51620139633094,"{""type"":""MultiPoint"",""coordinates"":[]}"
000000000000000005ae,2472.824806762842,HYD_1455,17.24320223291114,78.52560157198151,"{""type"":""MultiPoint"",""coordinates"":[]}"
000000000000000005af,2894.620397274911,HYD_1456,17.243317042634406,78.53499875577916,"{""type"":""MultiPoint"",""coordinates"":[]}"
000000000000000005b0,2867.5875031386004,HYD_1457,17.24343185397251,78.54439589906133,"{""type"":""MultiPoint"",""coordinates"":[]}"
000000000000000005b1,3172.553497594712,HYD_1458,17.243547018896486,78.5537949445746,"{""type"":""MultiPoint"",""coordinates"":[]}"
000000000000000005b2,2324.12306416654,HYD_1459,17.24366115188407,78.56319290966601,"{""type"":""MultiPoint"",""coordinates"":[]}"
000000000000000005b3,1326.7437309287855,HYD_1460,17.24377520855798,78.57259079337565,"{""type"":""MultiPoint"",""coordinates"":[]}"
000000000000000005b4,329.2370742854628,HYD_1461,17.243888166386096,78.58198985117482,"{""type"":""MultiPoint"",""coordinates"":[]}"
000000000000000005b5,668.2696194252948,HYD_1462,17.24400041259841,78.5913889057105,"{""type"":""MultiPoint"",""coordinates"":[]}"
000000000000000005b6,1351.6426048642047,HYD_1463,17.24411301636234,78.60078830346914,"{""type"":""MultiPoint"",""coordinates"":[]}"
000000000000000005b7,505.7473377633458,HYD_1464,17.2442244795028,78.61018584957101,"{""type"":""MultiPoint"",""coordinates"":[]}"
000000000000000005b8,1031.0959973923743,HYD_1465,17.232387780481083,78.38476493429293,"{""type"":""MultiPoint"",""coordinates"":[]}"
000000000000000005b9,818.5930493328481,HYD_1466,17.232507829527197,78.39416139113017,"{""type"":""MultiPoint"",""coordinates"":[]}"
000000000000000005ba,180.74847842122216,HYD_1467,17.23263116899301,78.4035589184899,"{""type"":""MultiPoint"",""coordinates"":[]}"
000000000000000005bb,691.1018321742628,HYD_1468,17.232753430711497,78.41295536646184,"{""type"":""MultiPoint"",""coordinates"":[]}"
000000000000000005bc,63.608708218395414,HYD_1469,17.23287383116931,78.4223506692126,"{""type"":""MultiPoint"",""coordinates"":[]}"
000000000000000005bd,508.4296443453563,HYD_1470,17.232994203734872,78.43174822846139,"{""type"":""MultiPoint"",""coordinates"":[]}"
000000000000000005be,1043.9839733956726,HYD_1471,17.233113496755603,78.44114618485057,"{""type"":""MultiPoint"",""coordinates"":[]}"
000000000000000005bf,1708.4122329981278,HYD_1472,17.233232031537135,78.4505418622025,"{""type"":""MultiPoint"",""coordinates"":[]}"
000000000000000005c0,1620.0345146475865,HYD_1473,17.23335060054442,78.45993981339282,"{""type"":""MultiPoint"",""coordinates"":[]}"
000000000000000005c1,625.0602785809378,HYD_1474,17.23346911944126,78.46933625332152,"{""type"":""MultiPoint"",""coordinates"":[]}"
000000000000000005c2,369.91648965743053,HYD_1475,17.23358763400969,78.4787326803834,"{""type"":""MultiPoint"",""coordinates"":[]}"
000000000000000005c3,956.0161579855899,HYD_1476,17.23370508023158,78.48813023236733,"{""type"":""MultiPoint"",""coordinates"":[]}"
000000000000000005c4,266.4642346124197,HYD_1477,17.233821734862065,78.49752777173897,"{""type"":""MultiPoint"",""coordinates"":[]}"
000000000000000005c5,463.4645117869883,HYD_1478,17.23393807793068,78.50692575086467,"{""type"":""MultiPoint"",""coordinates"":[]}"
000000000000000005c6,1059.6459357205788,HYD_1479,17.23405584114577,78.51632288736646,"{""type"":""MultiPoint"",""coordinates"":[]}"
000000000000000005c7,1882.843793040868,HYD_1480,17.23417029551629,78.52572117936735,"{""type"":""MultiPoint"",""coordinates"":[]}"
000000000000000005c8,2810.2385876324256,HYD_1481,17.23428513062188,78.5351191451245,"{""type"":""MultiPoint"",""coordinates"":[]}"
000000000000000005c9,3391.5877905596117,HYD_1482,17.234401424615626,78.5445155391553,"{""type"":""MultiPoint"",""coordinates"":[]}"
000000000000000005ca,3305.160637548239,HYD_1483,17.23451553800584,78.55391350779382,"{""type"":""MultiPoint"",""coordinates"":[]}"
000000000000000005cb,2307.353321567729,HYD_1484,17.234629569427227,78.56331140172529,"{""type"":""MultiPoint"",""coordinates"":[]}"
000000000000000005cc,1309.3814992300086,HYD_1485,17.234743655796684,78.57271082094832,"{""type"":""MultiPoint"",""coordinates"":[]}"
000000000000000005cd,312.41500251981364,HYD_1486,17.234856645671194,78.58210764704674,"{""type"":""MultiPoint"",""coordinates"":[]}"
000000000000000005ce,676.7210139424599,HYD_1487,17.234969972099968,78.59150558457958,"{""type"":""MultiPoint"",""coordinates"":[]}"
000000000000000005cf,419.62693359031357,HYD_1488,17.223358114356483,78.38489203842042,"{""type"":""MultiPoint"",""coordinates"":[]}"
000000000000000005d0,714.0766154188469,HYD_1489,17.223478858346958,78.39428845614141,"{""type"":""MultiPoint"",""coordinates"":[]}"
000000000000000005d1,272.17592625374925,HYD_1490,17.22360001782234,78.40368525237797,"{""type"":""MultiPoint"",""coordinates"":[]}"
000000000000000005d2,1258.5789067192297,HYD_1491,17.223722641042094,78.41307981691234,"{""type"":""MultiPoint"",""coordinates"":[]}"
000000000000000005d3,852.7278407453066,HYD_1492,17.223844153160535,78.42247554351698,"{""type"":""MultiPoint"",""coordinates"":[]}"
000000000000000005d4,357.465961640575,HYD_1493,17.223963442690962,78.43187346903082,"{""type"":""MultiPoint"",""coordinates"":[]}"
000000000000000005d5,324.833036918573,HYD_1494,17.224081578321915,78.44127027505898,"{""type"":""MultiPoint"",""coordinates"":[]}"
000000000000000005d6,949.3054774304509,HYD_1495,17.224200890497425,78.45066599167959,"{""type"":""MultiPoint"",""coordinates"":[]}"
000000000000000005d7,1593.3232132527944,HYD_1496,17.2243216288097,78.460062416589,"{""type"":""MultiPoint"",""coordinates"":[]}"
000000000000000005d8,664.8657210284478,HYD_1497,17.224439443448055,78.46945887352562,"{""type"":""MultiPoint"",""coordinates"":[]}"
000000000000000005d9,333.24322030513434,HYD_1498,17.224556134880686,78.47885572422527,"{""type"":""MultiPoint"",""coordinates"":[]}"
000000000000000005da,1331.360056675131,HYD_1499,17.224674990852627,78.4882524822617,"{""type"":""MultiPoint"",""coordinates"":[]}"
000000000000000005db,950.032603791835,HYD_1500,17.224791702430142,78.49764927645606,"{""type"":""MultiPoint"",""coordinates"":[]}"
000000000000000005dc,342.79795594553246,HYD_1501,17.224907631005046,78.50704685403784,"{""type"":""MultiPoint"",""coordinates"":[]}"
000000000000000005dd,648.8968917229295,HYD_1502,17.225023563345747,78.51644440699299,"{""type"":""MultiPoint"",""coordinates"":[]}"
000000000000000005de,1648.2105590214237,HYD_1503,17.22513988532668,78.52584083545784,"{""type"":""MultiPoint"",""coordinates"":[]}"
000000000000000005df,2032.1848358176399,HYD_1504,17.22525510505481,78.53523840238988,"{""type"":""MultiPoint"",""coordinates"":[]}"
000000000000000005e0,2542.3693037385974,HYD_1505,17.22537028513895,78.54463522913122,"{""type"":""MultiPoint"",""coordinates"":[]}"
000000000000000005e1,3136.419902001451,HYD_1506,17.225483981831914,78.55403200962965,"{""type"":""MultiPoint"",""coordinates"":[]}"
000000000000000005e2,2441.2432849575744,HYD_1507,17.22559915001485,78.56343106331465,"{""type"":""MultiPoint"",""coordinates"":[]}"
000000000000000005e3,1458.4498399003044,HYD_1508,17.22571248787947,78.57282751276645,"{""type"":""MultiPoint"",""coordinates"":[]}"
000000000000000005e4,152.98642984394832,HYD_1509,17.214328405436788,78.38501910664472,"{""type"":""MultiPoint"",""coordinates"":[]}"
000000000000000005e5,464.03788713675266,HYD_1510,17.214448785690966,78.39441440874349,"{""type"":""MultiPoint"",""coordinates"":[]}"
000000000000000005e6,528.5701719162001,HYD_1511,17.214569207213014,78.40380972176779,"{""type"":""MultiPoint"",""coordinates"":[]}"
000000000000000005e7,1491.9906953039213,HYD_1512,17.214690747880283,78.41320545814251,"{""type"":""MultiPoint"",""coordinates"":[]}"
000000000000000005e8,1391.5234140857865,HYD_1513,17.214812251194935,78.42260041821469,"{""type"":""MultiPoint"",""coordinates"":[]}"
000000000000000005e9,1064.8129734532713,HYD_1514,17.2149318676739,78.43199645317644,"{""type"":""MultiPoint"",""coordinates"":[]}"
000000000000000005ea,427.7133187023409,HYD_1515,17.21505044263472,78.44139437863566,"{""type"":""MultiPoint"",""coordinates"":[]}"
000000000000000005eb,262.6659971049438,HYD_1516,17.21517120494772,78.45079083912876,"{""type"":""MultiPoint"",""coordinates"":[]}"
000000000000000005ec,763.0382964028967,HYD_1517,17.21529049537541,78.46018654932959,"{""type"":""MultiPoint"",""coordinates"":[]}"
000000000000000005ed,790.5031259141756,HYD_1518,17.215408624084223,78.46958111576832,"{""type"":""MultiPoint"",""coordinates"":[]}"
000000000000000005ee,195.14243590104923,HYD_1519,17.215526056074435,78.47897794245903,"{""type"":""MultiPoint"",""coordinates"":[]}"
000000000000000005ef,1180.7817348111205,HYD_1520,17.215642740186656,78.48837475395362,"{""type"":""MultiPoint"",""coordinates"":[]}"
000000000000000005f0,1207.2927075296136,HYD_1521,17.215760532659523,78.49777042714402,"{""type"":""MultiPoint"",""coordinates"":[]}"
000000000000000005f1,216.925813018995,HYD_1522,17.21587830141144,78.50716835596073,"{""type"":""MultiPoint"",""coordinates"":[]}"
000000000000000005f2,471.86328622867296,HYD_1523,17.215993888635115,78.51656481068305,"{""type"":""MultiPoint"",""coordinates"":[]}"
000000000000000005f3,727.282811355349,HYD_1524,17.216109829625857,78.52596013288104,"{""type"":""MultiPoint"",""coordinates"":[]}"
000000000000000005f4,1163.1707080118965,HYD_1525,17.21622466774643,78.53535805372864,"{""type"":""MultiPoint"",""coordinates"":[]}"
000000000000000005f5,1730.643597937415,HYD_1526,17.216338352760687,78.54475484386288,"{""type"":""MultiPoint"",""coordinates"":[]}"
000000000000000005f6,2464.163037704421,HYD_1527,17.216453546048637,78.5541516970691,"{""type"":""MultiPoint"",""coordinates"":[]}"
000000000000000005f7,606.2170578299141,HYD_1528,17.20529872311838,78.38514617477746,"{""type"":""MultiPoint"",""coordinates"":[]}"
000000000000000005f8,336.641638567216,HYD_1529,17.205419136185185,78.39454148731367,"{""type"":""MultiPoint"",""coordinates"":[]}"
000000000000000005f9,476.37792397434924,HYD_1530,17.20553988957982,78.40393570828498,"{""type"":""MultiPoint"",""coordinates"":[]}"
000000000000000005fa,574.2337468843414,HYD_1531,17.20565993858092,78.41332992214195,"{""type"":""MultiPoint"",""coordinates"":[]}"
000000000000000005fb,417.527016890339,HYD_1532,17.205780345776095,78.42272527839107,"{""type"":""MultiPoint"",""coordinates"":[]}"
000000000000000005fc,234.72825652589637,HYD_1533,17.205900710737986,78.4321205758748,"{""type"":""MultiPoint"",""coordinates"":[]}"
000000000000000005fd,201.57750622415867,HYD_1534,17.20602145502743,78.4415169903525,"{""type"":""MultiPoint"",""coordinates"":[]}"
000000000000000005fe,379.06270564192573,HYD_1535,17.206141520562305,78.45091345965996,"{""type"":""MultiPoint"",""coordinates"":[]}"
000000000000000005ff,15.749057325139113,HYD_1536,17.206259681751682,78.46030878114108,"{""type"":""MultiPoint"",""coordinates"":[]}"
00000000000000000600,657.9774663370001,HYD_1537,17.20637749146326,78.46970523015942,"{""type"":""MultiPoint"",""coordinates"":[]}"
00000000000000000601,187.68726998823036,HYD_1538,17.20649600796746,78.47910165873225,"{""type"":""MultiPoint"",""coordinates"":[]}"
00000000000000000602,1186.2910338254035,HYD_1539,17.20661194853065,78.48849698157515,"{""type"":""MultiPoint"",""coordinates"":[]}"
00000000000000000603,1326.1630226724078,HYD_1540,17.20672935850874,78.49789378294568,"{""type"":""MultiPoint"",""coordinates"":[]}"
00000000000000000604,341.21189128589754,HYD_1541,17.206847149184505,78.5072895018258,"{""type"":""MultiPoint"",""coordinates"":[]}"
00000000000000000605,474.8846849587086,HYD_1542,17.20696421847615,78.5166852219396,"{""type"":""MultiPoint"",""coordinates"":[]}"
00000000000000000606,198.8673911255712,HYD_1543,17.207079050165262,78.52608092423675,"{""type"":""MultiPoint"",""coordinates"":[]}"
