system:index,grid_id,latitude,longitude,nighttime_lights,.geo
00000000000000000000,HYD_0001,17.60310185050841,78.4171491484952,18.04409912909462,"{""type"":""MultiPoint"",""coordinates"":[]}"
00000000000000000001,HYD_0002,17.603224481347986,78.42656454231273,14.382476388237208,"{""type"":""MultiPoint"",""coordinates"":[]}"
00000000000000000002,HYD_0003,17.60334745656284,78.435981029435,15.757730690798187,"{""type"":""MultiPoint"",""coordinates"":[]}"
00000000000000000003,HYD_0004,17.60346936131066,78.44539642811792,12.394248043585852,"{""type"":""MultiPoint"",""coordinates"":[]}"
00000000000000000004,HYD_0005,17.60359047340871,78.45481181634253,25.6292059218202,"{""type"":""MultiPoint"",""coordinates"":[]}"
00000000000000000005,HYD_0006,17.6037105182521,78.46422834984592,16.077226291435046,"{""type"":""MultiPoint"",""coordinates"":[]}"
00000000000000000006,HYD_0007,17.6038305571507,78.47364484484892,17.209365705207535,"{""type"":""MultiPoint"",""coordinates"":[]}"
00000000000000000007,HYD_0008,17.603951674243344,78.4830602312184,20.617961901189222,"{""type"":""MultiPoint"",""coordinates"":[]}"
00000000000000000008,HYD_0009,17.604071687934944,78.49247675129256,23.140669809286017,"{""type"":""MultiPoint"",""coordinates"":[]}"
00000000000000000009,HYD_0010,17.593822417779542,78.39844768082557,24.9039527041478,"{""type"":""MultiPoint"",""coordinates"":[]}"
0000000000000000000a,HYD_0011,17.593947660531015,78.4078619228333,31.083331202746333,"{""type"":""MultiPoint"",""coordinates"":[]}"
0000000000000000000b,HYD_0012,17.594071816822737,78.41727733715226,21.632359013575293,"{""type"":""MultiPoint"",""coordinates"":[]}"
0000000000000000000c,HYD_0013,17.5941951447282,78.42669272012233,13.392214538674136,"{""type"":""MultiPoint"",""coordinates"":[]}"
0000000000000000000d,HYD_0014,17.59431594378316,78.43610852026363,13.183044939145553,"{""type"":""MultiPoint"",""coordinates"":[]}"
0000000000000000000e,HYD_0015,17.594439269077416,78.44552312307432,13.632942292574194,"{""type"":""MultiPoint"",""coordinates"":[]}"
0000000000000000000f,HYD_0016,17.59456008822091,78.45493895685699,17.00828753259546,"{""type"":""MultiPoint"",""coordinates"":[]}"
00000000000000000010,HYD_0017,17.594681168929238,78.46435430402002,13.317022615604186,"{""type"":""MultiPoint"",""coordinates"":[]}"
00000000000000000011,HYD_0018,17.59480122703116,78.47377079564716,14.709529539172566,"{""type"":""MultiPoint"",""coordinates"":[]}"
00000000000000000012,HYD_0019,17.594921637501177,78.4831862204628,18.451897916339693,"{""type"":""MultiPoint"",""coordinates"":[]}"
00000000000000000013,HYD_0020,17.595042019862355,78.49260162725574,25.175079833712662,"{""type"":""MultiPoint"",""coordinates"":[]}"
00000000000000000014,HYD_0021,17.59516167446683,78.50201850581078,19.280239214267034,"{""type"":""MultiPoint"",""coordinates"":[]}"
00000000000000000015,HYD_0022,17.595279102188247,78.51143310122376,13.87675264424661,"{""type"":""MultiPoint"",""coordinates"":[]}"
00000000000000000016,HYD_0023,17.595398718031092,78.52084999854905,13.689899694330759,"{""type"":""MultiPoint"",""coordinates"":[]}"
00000000000000000017,HYD_0024,17.59551723656233,78.53026650965616,9.811462805922577,"{""type"":""MultiPoint"",""coordinates"":[]}"
00000000000000000018,HYD_0025,17.584670129910307,78.38916159718804,26.230109670655093,"{""type"":""MultiPoint"",""coordinates"":[]}"
00000000000000000019,HYD_0026,17.58479275643347,78.39857701841981,19.09209291751569,"{""type"":""MultiPoint"",""coordinates"":[]}"
0000000000000000001a,HYD_0027,17.584917608544835,78.40799017373814,20.342649837912194,"{""type"":""MultiPoint"",""coordinates"":[]}"
0000000000000000001b,HYD_0028,17.585042466844783,78.41740554019343,26.45994313319599,"{""type"":""MultiPoint"",""coordinates"":[]}"
0000000000000000001c,HYD_0029,17.585165091913517,78.42682094005409,20.527214000287575,"{""type"":""MultiPoint"",""coordinates"":[]}"
0000000000000000001d,HYD_0030,17.585285871873864,78.43623520546771,17.37943327571609,"{""type"":""MultiPoint"",""coordinates"":[]}"
0000000000000000001e,HYD_0031,17.585407794098337,78.44565061800485,14.763678646087644,"{""type"":""MultiPoint"",""coordinates"":[]}"
0000000000000000001f,HYD_0032,17.58553111036,78.4550659965373,9.958604800120723,"{""type"":""MultiPoint"",""coordinates"":[]}"
00000000000000000020,HYD_0033,17.585651132006713,78.46448028676369,8.681194849738253,"{""type"":""MultiPoint"",""coordinates"":[]}"
00000000000000000021,HYD_0034,17.58577155869844,78.47389568024911,14.111497329347248,"{""type"":""MultiPoint"",""coordinates"":[]}"
00000000000000000022,HYD_0035,17.585891951881486,78.48331107805902,16.603424260731916,"{""type"":""MultiPoint"",""coordinates"":[]}"
00000000000000000023,HYD_0036,17.586012340004,78.49272648101093,19.802226011122368,"{""type"":""MultiPoint"",""coordinates"":[]}"
00000000000000000024,HYD_0037,17.58613049173897,78.50214186643697,19.769664805557223,"{""type"":""MultiPoint"",""coordinates"":[]}"
00000000000000000025,HYD_0038,17.58624867383253,78.51155723214349,13.796452616125817,"{""type"":""MultiPoint"",""coordinates"":[]}"
00000000000000000026,HYD_0039,17.58636832573611,78.52097412445673,12.237157969130683,"{""type"":""MultiPoint"",""coordinates"":[]}"
00000000000000000027,HYD_0040,17.586485737933316,78.53038877709804,10.616954358418784,"{""type"":""MultiPoint"",""coordinates"":[]}"
00000000000000000028,HYD_0041,17.586603525097715,78.53980452567879,9.55267854027905,"{""type"":""MultiPoint"",""coordinates"":[]}"
00000000000000000029,HYD_0042,17.58671874469317,78.5492199268524,8.655670266567041,"{""type"":""MultiPoint"",""coordinates"":[]}"
0000000000000000002a,HYD_0043,17.586836514912747,78.55863569362371,7.539873529843561,"{""type"":""MultiPoint"",""coordinates"":[]}"
0000000000000000002b,HYD_0044,17.5755174485385,78.37987663380144,11.526174934169326,"{""type"":""MultiPoint"",""coordinates"":[]}"
0000000000000000002c,HYD_0045,17.575640820638455,78.38929202888433,16.435465491520567,"{""type"":""MultiPoint"",""coordinates"":[]}"
0000000000000000002d,HYD_0046,17.575763083636765,78.39870631848574,15.518964472731982,"{""type"":""MultiPoint"",""coordinates"":[]}"
0000000000000000002e,HYD_0047,17.57588792526824,78.40811948385753,15.66198651232241,"{""type"":""MultiPoint"",""coordinates"":[]}"
0000000000000000002f,HYD_0048,17.576012035403892,78.41753413684448,47.20856740858671,"{""type"":""MultiPoint"",""coordinates"":[]}"
00000000000000000030,HYD_0049,17.576134292384424,78.42694766496187,37.01096748702417,"{""type"":""MultiPoint"",""coordinates"":[]}"
00000000000000000031,HYD_0050,17.576255476864265,78.43636231729874,19.49271089575264,"{""type"":""MultiPoint"",""coordinates"":[]}"
00000000000000000032,HYD_0051,17.57637880885358,78.44577767661619,9.75035463902019,"{""type"":""MultiPoint"",""coordinates"":[]}"
00000000000000000033,HYD_0052,17.576501070969723,78.45519196144232,6.647279975566077,"{""type"":""MultiPoint"",""coordinates"":[]}"
00000000000000000034,HYD_0053,17.57662112838026,78.46460627763643,8.489337538958488,"{""type"":""MultiPoint"",""coordinates"":[]}"
00000000000000000035,HYD_0054,17.576742238610038,78.47402164446211,15.562347733572631,"{""type"":""MultiPoint"",""coordinates"":[]}"
00000000000000000036,HYD_0055,17.576862263815176,78.48343595102892,21.097434728138907,"{""type"":""MultiPoint"",""coordinates"":[]}"
00000000000000000037,HYD_0056,17.57698155561611,78.49285172084367,28.03318377579447,"{""type"":""MultiPoint"",""coordinates"":[]}"
00000000000000000038,HYD_0057,17.57709970152834,78.5022663367129,20.396072874811058,"{""type"":""MultiPoint"",""coordinates"":[]}"
00000000000000000039,HYD_0058,17.577219338640802,78.51168099803705,16.56951944070546,"{""type"":""MultiPoint"",""coordinates"":[]}"
0000000000000000003a,HYD_0059,17.57733680967052,78.5210963889751,11.926122178289527,"{""type"":""MultiPoint"",""coordinates"":[]}"
0000000000000000003b,HYD_0060,17.577455666362706,78.53051174740453,6.551215405833678,"{""type"":""MultiPoint"",""coordinates"":[]}"
0000000000000000003c,HYD_0061,17.57757348250577,78.53992600922149,5.968027090848383,"{""type"":""MultiPoint"",""coordinates"":[]}"
0000000000000000003d,HYD_0062,17.577689423716023,78.5493414079902,6.941286476281836,"{""type"":""MultiPoint"",""coordinates"":[]}"
0000000000000000003e,HYD_0063,17.57780535424635,78.55875682661879,9.375032676764768,"{""type"":""MultiPoint"",""coordinates"":[]}"
0000000000000000003f,HYD_0064,17.57792129283025,78.56817221188997,18.754322576656893,"{""type"":""MultiPoint"",""coordinates"":[]}"
00000000000000000040,HYD_0065,17.578037249137036,78.57758761692354,18.43481908637819,"{""type"":""MultiPoint"",""coordinates"":[]}"
00000000000000000041,HYD_0066,17.578153180094557,78.58700300696319,11.67375464385815,"{""type"":""MultiPoint"",""coordinates"":[]}"
00000000000000000042,HYD_0067,17.578268353832513,78.59641990186236,9.81275079755801,"{""type"":""MultiPoint"",""coordinates"":[]}"
00000000000000000043,HYD_0068,17.578381339703657,78.60583451242371,7.609343799119143,"{""type"":""MultiPoint"",""coordinates"":[]}"
00000000000000000044,HYD_0069,17.565857175802567,78.33294123194425,21.726727660675625,"{""type"":""MultiPoint"",""coordinates"":[]}"
00000000000000000045,HYD_0070,17.565984256590287,78.34235441277227,17.0849093891283,"{""type"":""MultiPoint"",""coordinates"":[]}"
00000000000000000046,HYD_0071,17.56610912455833,78.35176756863382,17.554906303070013,"{""type"":""MultiPoint"",""coordinates"":[]}"
00000000000000000047,HYD_0072,17.566236224578997,78.361180744498,22.54439941269886,"{""type"":""MultiPoint"",""coordinates"":[]}"
00000000000000000048,HYD_0073,17.566488503043363,78.38000817905987,16.64582352598099,"{""type"":""MultiPoint"",""coordinates"":[]}"
00000000000000000049,HYD_0074,17.566610782355408,78.38942248684701,15.39514749862728,"{""type"":""MultiPoint"",""coordinates"":[]}"
0000000000000000004a,HYD_0075,17.566733386881264,78.39883562599661,15.204639134782084,"{""type"":""MultiPoint"",""coordinates"":[]}"
0000000000000000004b,HYD_0076,17.566858254068503,78.40824877955703,14.710901708393305,"{""type"":""MultiPoint"",""coordinates"":[]}"
0000000000000000004c,HYD_0077,17.566980894543462,78.41766194666175,17.936630992657022,"{""type"":""MultiPoint"",""coordinates"":[]}"
0000000000000000004d,HYD_0078,17.567103507961328,78.42707510291777,19.932237134431166,"{""type"":""MultiPoint"",""coordinates"":[]}"
0000000000000000004e,HYD_0079,17.567226491349537,78.4364893740968,23.45871337954978,"{""type"":""MultiPoint"",""coordinates"":[]}"
0000000000000000004f,HYD_0080,17.56734876266658,78.44590364553699,18.46773691888018,"{""type"":""MultiPoint"",""coordinates"":[]}"
00000000000000000050,HYD_0081,17.56747102475775,78.4553179786137,12.76509064330415,"{""type"":""MultiPoint"",""coordinates"":[]}"
00000000000000000051,HYD_0082,17.5675921527289,78.46473334083542,17.68353041176484,"{""type"":""MultiPoint"",""coordinates"":[]}"
00000000000000000052,HYD_0083,17.567712215961233,78.47414762352567,23.2664633511604,"{""type"":""MultiPoint"",""coordinates"":[]}"
00000000000000000053,HYD_0084,17.567832570838934,78.48356076494143,22.23938159352725,"{""type"":""MultiPoint"",""coordinates"":[]}"
00000000000000000054,HYD_0085,17.56795108015855,78.4929750369072,28.771055480062746,"{""type"":""MultiPoint"",""coordinates"":[]}"
00000000000000000055,HYD_0086,17.56806853915573,78.50239044768749,17.817246576634847,"{""type"":""MultiPoint"",""coordinates"":[]}"
00000000000000000056,HYD_0087,17.568189292262396,78.51180472591675,12.974730310198739,"{""type"":""MultiPoint"",""coordinates"":[]}"
00000000000000000057,HYD_0088,17.56830783131908,78.52121897686234,12.11742259145454,"{""type"":""MultiPoint"",""coordinates"":[]}"
00000000000000000058,HYD_0089,17.568424535007587,78.53063362827326,9.356732520698943,"{""type"":""MultiPoint"",""coordinates"":[]}"
00000000000000000059,HYD_0090,17.568542311148146,78.54004714337353,8.53418179447516,"{""type"":""MultiPoint"",""coordinates"":[]}"
0000000000000000005a,HYD_0091,17.56866009500062,78.54946291052075,11.25262439373842,"{""type"":""MultiPoint"",""coordinates"":[]}"
0000000000000000005b,HYD_0092,17.568775695776676,78.5588772161333,14.963436120446582,"{""type"":""MultiPoint"",""coordinates"":[]}"
0000000000000000005c,HYD_0093,17.568891628486714,78.56829261289414,12.490189900885369,"{""type"":""MultiPoint"",""coordinates"":[]}"
0000000000000000005d,HYD_0094,17.56900755604992,78.57770799068616,9.844408790196214,"{""type"":""MultiPoint"",""coordinates"":[]}"
0000000000000000005e,HYD_0095,17.569122392308543,78.58712377817756,8.844563141287956,"{""type"":""MultiPoint"",""coordinates"":[]}"
0000000000000000005f,HYD_0096,17.569236077964913,78.59653842281168,6.339378464065396,"{""type"":""MultiPoint"",""coordinates"":[]}"
00000000000000000060,HYD_0097,17.569351251688452,78.60595306123679,6.814726065160632,"{""type"":""MultiPoint"",""coordinates"":[]}"
00000000000000000061,HYD_0098,17.569464262273204,78.6153684611338,7.453208230002513,"{""type"":""MultiPoint"",""coordinates"":[]}"
00000000000000000062,HYD_0099,17.569577579180667,78.62478424105198,5.8221188657345815,"{""type"":""MultiPoint"",""coordinates"":[]}"
00000000000000000063,HYD_0100,17.556189880329654,78.28600920863883,15.180254508287481,"{""type"":""MultiPoint"",""coordinates"":[]}"
00000000000000000064,HYD_0101,17.556318035856094,78.29542197860081,12.510376965062001,"{""type"":""MultiPoint"",""coordinates"":[]}"
00000000000000000065,HYD_0102,17.556445143590437,78.30483590891266,13.722783214590523,"{""type"":""MultiPoint"",""coordinates"":[]}"
00000000000000000066,HYD_0103,17.556573335463327,78.31424871290127,15.606040432169378,"{""type"":""MultiPoint"",""coordinates"":[]}"
00000000000000000067,HYD_0104,17.556700788481166,78.32366073429992,13.279821450020368,"{""type"":""MultiPoint"",""coordinates"":[]}"
00000000000000000068,HYD_0105,17.556827522043626,78.33307279269816,17.50071047841944,"{""type"":""MultiPoint"",""coordinates"":[]}"
00000000000000000069,HYD_0106,17.556954604521994,78.34248595391533,29.43767345978527,"{""type"":""MultiPoint"",""coordinates"":[]}"
0000000000000000006a,HYD_0107,17.55708056161127,78.3518987492598,29.505441683491775,"{""type"":""MultiPoint"",""coordinates"":[]}"
0000000000000000006b,HYD_0108,17.557207662160287,78.36131268513476,33.82515396282314,"{""type"":""MultiPoint"",""coordinates"":[]}"
0000000000000000006c,HYD_0109,17.557333594297184,78.37072544338761,35.28688316100458,"{""type"":""MultiPoint"",""coordinates"":[]}"
0000000000000000006d,HYD_0110,17.557458471951886,78.38013861373143,25.681203199236577,"{""type"":""MultiPoint"",""coordinates"":[]}"
0000000000000000006e,HYD_0111,17.557581094632745,78.38955176871904,18.49426303610164,"{""type"":""MultiPoint"",""coordinates"":[]}"
0000000000000000006f,HYD_0112,17.557703733315257,78.39896493336282,19.268375353866745,"{""type"":""MultiPoint"",""coordinates"":[]}"
00000000000000000070,HYD_0113,17.557828604068828,78.40837808285534,16.13470894999727,"{""type"":""MultiPoint"",""coordinates"":[]}"
00000000000000000071,HYD_0114,17.557951219857,78.41779124409129,11.343882723399828,"{""type"":""MultiPoint"",""coordinates"":[]}"
00000000000000000072,HYD_0115,17.55807382354184,78.42720442586398,15.062078185470282,"{""type"":""MultiPoint"",""coordinates"":[]}"
00000000000000000073,HYD_0116,17.558196436413176,78.43661757418121,26.88736899589532,"{""type"":""MultiPoint"",""coordinates"":[]}"
00000000000000000074,HYD_0117,17.55831796647466,78.44603112649952,20.025175973270716,"{""type"":""MultiPoint"",""coordinates"":[]}"
00000000000000000075,HYD_0118,17.55844093271277,78.45544461673168,16.10263462153744,"{""type"":""MultiPoint"",""coordinates"":[]}"
00000000000000000076,HYD_0119,17.558562115484758,78.46485931712593,19.009355494991688,"{""type"":""MultiPoint"",""coordinates"":[]}"
00000000000000000077,HYD_0120,17.55868252458045,78.47427244828356,16.618443507826736,"{""type"":""MultiPoint"",""coordinates"":[]}"
00000000000000000078,HYD_0121,17.558801797171796,78.48368597251938,21.664539325560664,"{""type"":""MultiPoint"",""coordinates"":[]}"
00000000000000000079,HYD_0122,17.55891991338633,78.49309838708598,27.84884812098791,"{""type"":""MultiPoint"",""coordinates"":[]}"
0000000000000000007a,HYD_0123,17.559039561090113,78.5025130584123,15.238281461436141,"{""type"":""MultiPoint"",""coordinates"":[]}"
0000000000000000007b,HYD_0124,17.559158142823172,78.51192885506146,8.87155098544177,"{""type"":""MultiPoint"",""coordinates"":[]}"
0000000000000000007c,HYD_0125,17.559276662903933,78.52134233614284,8.507356957691474,"{""type"":""MultiPoint"",""coordinates"":[]}"
0000000000000000007d,HYD_0126,17.559393736897274,78.53075589030496,8.234322226740856,"{""type"":""MultiPoint"",""coordinates"":[]}"
0000000000000000007e,HYD_0127,17.55951112895936,78.54017053791435,9.378368911516928,"{""type"":""MultiPoint"",""coordinates"":[]}"
0000000000000000007f,HYD_0128,17.559628945646132,78.54958406934435,12.081639322509911,"{""type"":""MultiPoint"",""coordinates"":[]}"
00000000000000000080,HYD_0129,17.559745653020222,78.55899873503074,9.784540919578287,"{""type"":""MultiPoint"",""coordinates"":[]}"
00000000000000000081,HYD_0130,17.559861188359175,78.56841447122146,5.6479404819492105,"{""type"":""MultiPoint"",""coordinates"":[]}"
00000000000000000082,HYD_0131,17.559975637697605,78.57782837901836,6.30802761412472,"{""type"":""MultiPoint"",""coordinates"":[]}"
00000000000000000083,HYD_0132,17.56009081888807,78.58724227582816,6.823754505519448,"{""type"":""MultiPoint"",""coordinates"":[]}"
00000000000000000084,HYD_0133,17.56020493298845,78.59665809557518,3.8656683589906673,"{""type"":""MultiPoint"",""coordinates"":[]}"
00000000000000000085,HYD_0134,17.56032010074319,78.6060727294006,3.149360959449511,"{""type"":""MultiPoint"",""coordinates"":[]}"
00000000000000000086,HYD_0135,17.560434140673667,78.6154862264686,3.2318205451339677,"{""type"":""MultiPoint"",""coordinates"":[]}"
00000000000000000087,HYD_0136,17.56054605488679,78.62490202818702,6.460105580791062,"{""type"":""MultiPoint"",""coordinates"":[]}"
00000000000000000088,HYD_0137,17.54650948466101,78.2390871875539,18.61849897529574,"{""type"":""MultiPoint"",""coordinates"":[]}"
00000000000000000089,HYD_0138,17.54663921610072,78.24849777121493,13.637089054556045,"{""type"":""MultiPoint"",""coordinates"":[]}"
0000000000000000008a,HYD_0139,17.546771501345898,78.25790945580336,15.576600313410092,"{""type"":""MultiPoint"",""coordinates"":[]}"
0000000000000000008b,HYD_0140,17.546901554903428,78.26732111513186,26.823160008991263,"{""type"":""MultiPoint"",""coordinates"":[]}"
0000000000000000008c,HYD_0141,17.5470305243455,78.27673315214798,23.563605765259588,"{""type"":""MultiPoint"",""coordinates"":[]}"
0000000000000000008d,HYD_0142,17.54716054509241,78.28614405447837,21.746141309589554,"{""type"":""MultiPoint"",""coordinates"":[]}"
0000000000000000008e,HYD_0143,17.547289477055713,78.29555611555024,20.87181157565742,"{""type"":""MultiPoint"",""coordinates"":[]}"
0000000000000000008f,HYD_0144,17.5474165593197,78.30496929101274,13.836039434211528,"{""type"":""MultiPoint"",""coordinates"":[]}"
00000000000000000090,HYD_0145,17.547544020522675,78.31438134351957,8.973347288392457,"{""type"":""MultiPoint"",""coordinates"":[]}"
00000000000000000091,HYD_0146,17.547671495348414,78.32379193572872,11.339314329980024,"{""type"":""MultiPoint"",""coordinates"":[]}"
00000000000000000092,HYD_0147,17.547798967245043,78.33320474725173,18.396423091747668,"{""type"":""MultiPoint"",""coordinates"":[]}"
00000000000000000093,HYD_0148,17.547924929721106,78.34261750272947,35.91470771782407,"{""type"":""MultiPoint"",""coordinates"":[]}"
00000000000000000094,HYD_0149,17.54805236505125,78.3520295467148,34.7205156935859,"{""type"":""MultiPoint"",""coordinates"":[]}"
00000000000000000095,HYD_0150,17.548179058282784,78.36144160190456,34.931109799874406,"{""type"":""MultiPoint"",""coordinates"":[]}"
00000000000000000096,HYD_0151,17.548303914588484,78.3708547646274,37.89600702432487,"{""type"":""MultiPoint"",""coordinates"":[]}"
00000000000000000097,HYD_0152,17.548428780853985,78.38026791494704,39.0185367712814,"{""type"":""MultiPoint"",""coordinates"":[]}"
00000000000000000098,HYD_0153,17.548551421024722,78.38968108174048,25.671086917088562,"{""type"":""MultiPoint"",""coordinates"":[]}"
00000000000000000099,HYD_0154,17.548674412134314,78.39909313125935,29.629262793823127,"{""type"":""MultiPoint"",""coordinates"":[]}"
0000000000000000009a,HYD_0155,17.54879891143233,78.40850515773825,22.03112254798634,"{""type"":""MultiPoint"",""coordinates"":[]}"
0000000000000000009b,HYD_0156,17.548921539383326,78.41791833690208,13.443108207948749,"{""type"":""MultiPoint"",""coordinates"":[]}"
0000000000000000009c,HYD_0157,17.54904414108751,78.42733152081398,27.247392268301514,"{""type"":""MultiPoint"",""coordinates"":[]}"
0000000000000000009d,HYD_0158,17.549166758388733,78.43674466520194,36.375023352954585,"{""type"":""MultiPoint"",""coordinates"":[]}"
0000000000000000009e,HYD_0159,17.549287171189132,78.44615781210382,18.12558569412089,"{""type"":""MultiPoint"",""coordinates"":[]}"
0000000000000000009f,HYD_0160,17.549408695665967,78.45557137600602,10.218928234232845,"{""type"":""MultiPoint"",""coordinates"":[]}"
000000000000000000a0,HYD_0161,17.54953131118665,78.46498377555439,22.374006434925942,"{""type"":""MultiPoint"",""coordinates"":[]}"
000000000000000000a1,HYD_0162,17.549651730997795,78.47439768911289,23.691489894477254,"{""type"":""MultiPoint"",""coordinates"":[]}"
000000000000000000a2,HYD_0163,17.549769884738293,78.48381006532676,28.712335772456242,"{""type"":""MultiPoint"",""coordinates"":[]}"
000000000000000000a3,HYD_0164,17.54988915525159,78.49322364045914,30.44866398836343,"{""type"":""MultiPoint"",""coordinates"":[]}"
000000000000000000a4,HYD_0165,17.550009545492557,78.50263682654308,14.732209694243744,"{""type"":""MultiPoint"",""coordinates"":[]}"
000000000000000000a5,HYD_0166,17.550128057274417,78.51205106785035,13.035899693203957,"{""type"":""MultiPoint"",""coordinates"":[]}"
000000000000000000a6,HYD_0167,17.55024586059235,78.52146536000654,12.339067376430839,"{""type"":""MultiPoint"",""coordinates"":[]}"
000000000000000000a7,HYD_0168,17.550364036664266,78.53087851496088,10.811510615779047,"{""type"":""MultiPoint"",""coordinates"":[]}"
000000000000000000a8,HYD_0169,17.5504799639144,78.54029169366748,11.967635724254858,"{""type"":""MultiPoint"",""coordinates"":[]}"
000000000000000000a9,HYD_0170,17.550596668600456,78.54970637170624,7.131260296092108,"{""type"":""MultiPoint"",""coordinates"":[]}"
000000000000000000aa,HYD_0171,17.550714420316023,78.55912133446253,5.16116677206481,"{""type"":""MultiPoint"",""coordinates"":[]}"
000000000000000000ab,HYD_0172,17.550828881728634,78.56853524243876,6.1974085268844705,"{""type"":""MultiPoint"",""coordinates"":[]}"
000000000000000000ac,HYD_0173,17.550943735328175,78.57794879628719,6.201442328895011,"{""type"":""MultiPoint"",""coordinates"":[]}"
000000000000000000ad,HYD_0174,17.551059687133836,78.58736195970273,4.873351029838046,"{""type"":""MultiPoint"",""coordinates"":[]}"
000000000000000000ae,HYD_0175,17.551174867810353,78.59677659695143,3.7817506920287833,"{""type"":""MultiPoint"",""coordinates"":[]}"
000000000000000000af,HYD_0176,17.55128782319929,78.60619122458712,3.5197912743122894,"{""type"":""MultiPoint"",""coordinates"":[]}"
000000000000000000b0,HYD_0177,17.55140189516244,78.61560627718418,4.708093389561206,"{""type"":""MultiPoint"",""coordinates"":[]}"
000000000000000000b1,HYD_0178,17.551515941062622,78.62501977451866,6.618749870815601,"{""type"":""MultiPoint"",""coordinates"":[]}"
000000000000000000b2,HYD_0179,17.55162821540411,78.63443444931252,6.648433201653617,"{""type"":""MultiPoint"",""coordinates"":[]}"
000000000000000000b3,HYD_0180,17.537479115158007,78.239223212965,33.210889037957116,"{""type"":""MultiPoint"",""coordinates"":[]}"
000000000000000000b4,HYD_0181,17.537611400982993,78.24863414819143,30.509931094049858,"{""type"":""MultiPoint"",""coordinates"":[]}"
000000000000000000b5,HYD_0182,17.537742211492905,78.25804509206911,28.246866227987226,"{""type"":""MultiPoint"",""coordinates"":[]}"
000000000000000000b6,HYD_0183,17.53787222760345,78.26745599159287,34.64570411553302,"{""type"":""MultiPoint"",""coordinates"":[]}"
000000000000000000b7,HYD_0184,17.538001192026638,78.2768680609508,25.910414717170628,"{""type"":""MultiPoint"",""coordinates"":[]}"
000000000000000000b8,HYD_0185,17.538130504669976,78.2862789650833,29.75838158540947,"{""type"":""MultiPoint"",""coordinates"":[]}"
000000000000000000b9,HYD_0186,17.53825981419916,78.29568989558886,24.72367815345581,"{""type"":""MultiPoint"",""coordinates"":[]}"
000000000000000000ba,HYD_0187,17.538387997710743,78.30510268065385,20.41482688068004,"{""type"":""MultiPoint"",""coordinates"":[]}"
000000000000000000bb,HYD_0188,17.538515113546882,78.3145143880432,15.549374701824973,"{""type"":""MultiPoint"",""coordinates"":[]}"
000000000000000000bc,HYD_0189,17.538643325273124,78.32392494013307,17.015320676096373,"{""type"":""MultiPoint"",""coordinates"":[]}"
000000000000000000bd,HYD_0190,17.53877074173941,78.33333696730057,17.228177933382614,"{""type"":""MultiPoint"",""coordinates"":[]}"
000000000000000000be,HYD_0191,17.53889522504115,78.34274903706097,28.798622553216703,"{""type"":""MultiPoint"",""coordinates"":[]}"
000000000000000000bf,HYD_0192,17.539021962628652,78.35216110488933,41.02435903870658,"{""type"":""MultiPoint"",""coordinates"":[]}"
000000000000000000c0,HYD_0193,17.539149756944205,78.36157200967443,42.043095435096085,"{""type"":""MultiPoint"",""coordinates"":[]}"
000000000000000000c1,HYD_0194,17.53927424920601,78.3709840714251,31.56755992545168,"{""type"":""MultiPoint"",""coordinates"":[]}"
000000000000000000c2,HYD_0195,17.53939911237893,78.38039722372181,26.462257243179522,"{""type"":""MultiPoint"",""coordinates"":[]}"
000000000000000000c3,HYD_0196,17.539521763555612,78.38981039294062,31.574737534540876,"{""type"":""MultiPoint"",""coordinates"":[]}"
000000000000000000c4,HYD_0197,17.539644383250582,78.3992213347634,28.560245492465043,"{""type"":""MultiPoint"",""coordinates"":[]}"
000000000000000000c5,HYD_0198,17.539769213705075,78.40863226941781,16.617172485651313,"{""type"":""MultiPoint"",""coordinates"":[]}"
000000000000000000c6,HYD_0199,17.539891859088705,78.41804542975784,14.263197374082354,"{""type"":""MultiPoint"",""coordinates"":[]}"
000000000000000000c7,HYD_0200,17.54001447303215,78.42745860150029,23.378666740102865,"{""type"":""MultiPoint"",""coordinates"":[]}"
000000000000000000c8,HYD_0201,17.540137102745128,78.43687176390289,36.92450808495592,"{""type"":""MultiPoint"",""coordinates"":[]}"
000000000000000000c9,HYD_0202,17.54025785298955,78.44628378263488,23.40339087099256,"{""type"":""MultiPoint"",""coordinates"":[]}"
000000000000000000ca,HYD_0203,17.54037790025738,78.45569583859881,12.055002398823586,"{""type"":""MultiPoint"",""coordinates"":[]}"
000000000000000000cb,HYD_0204,17.540499397310953,78.46510940540371,24.446848152969295,"{""type"":""MultiPoint"",""coordinates"":[]}"
000000000000000000cc,HYD_0205,17.540619791184344,78.47452179332612,28.0108154872476,"{""type"":""MultiPoint"",""coordinates"":[]}"
000000000000000000cd,HYD_0206,17.540739091181774,78.48393532350714,33.068162898427424,"{""type"":""MultiPoint"",""coordinates"":[]}"
000000000000000000ce,HYD_0207,17.54085946867407,78.49334849355083,31.437579508015453,"{""type"":""MultiPoint"",""coordinates"":[]}"
000000000000000000cf,HYD_0208,17.5409787630896,78.50276206183847,14.793956693013508,"{""type"":""MultiPoint"",""coordinates"":[]}"
000000000000000000d0,HYD_0209,17.54109690384284,78.51217442277883,22.932609600967236,"{""type"":""MultiPoint"",""coordinates"":[]}"
000000000000000000d1,HYD_0210,17.541215080291742,78.52158837612377,17.497715547429245,"{""type"":""MultiPoint"",""coordinates"":[]}"
000000000000000000d2,HYD_0211,17.541333229751757,78.53100075471554,20.29470901775539,"{""type"":""MultiPoint"",""coordinates"":[]}"
000000000000000000d3,HYD_0212,17.54145031498705,78.54041431465838,18.785698565041145,"{""type"":""MultiPoint"",""coordinates"":[]}"
000000000000000000d4,HYD_0213,17.541566581222575,78.54982858250587,9.636983491385008,"{""type"":""MultiPoint"",""coordinates"":[]}"
000000000000000000d5,HYD_0214,17.541682144899067,78.55924284586703,8.242385160844796,"{""type"":""MultiPoint"",""coordinates"":[]}"
000000000000000000d6,HYD_0215,17.541798090697203,78.56865602124267,10.270945080225733,"{""type"":""MultiPoint"",""coordinates"":[]}"
000000000000000000d7,HYD_0216,17.541914048450028,78.57806919155806,10.626276977953783,"{""type"":""MultiPoint"",""coordinates"":[]}"
000000000000000000d8,HYD_0217,17.542028891592206,78.5874827517296,5.2955792017323,"{""type"":""MultiPoint"",""coordinates"":[]}"
000000000000000000d9,HYD_0218,17.54214255985908,78.59689510333509,3.627093888112229,"{""type"":""MultiPoint"",""coordinates"":[]}"
000000000000000000da,HYD_0219,17.542257761024548,78.60630974381193,3.529753975479426,"{""type"":""MultiPoint"",""coordinates"":[]}"
000000000000000000db,HYD_0220,17.542371111085238,78.61572404714565,5.09359418999512,"{""type"":""MultiPoint"",""coordinates"":[]}"
000000000000000000dc,HYD_0221,17.54248371015262,78.62513761364123,6.0834868142479355,"{""type"":""MultiPoint"",""coordinates"":[]}"
000000000000000000dd,HYD_0222,17.542597049263104,78.63455112469487,8.436701666103321,"{""type"":""MultiPoint"",""coordinates"":[]}"
000000000000000000de,HYD_0223,17.528450887060252,78.23935993586458,18.643356416283584,"{""type"":""MultiPoint"",""coordinates"":[]}"
000000000000000000df,HYD_0224,17.528582471185103,78.24877164394442,22.583835288951693,"{""type"":""MultiPoint"",""coordinates"":[]}"
000000000000000000e0,HYD_0225,17.52871323922994,78.25818108544884,32.28432406304836,"{""type"":""MultiPoint"",""coordinates"":[]}"
000000000000000000e1,HYD_0226,17.52884183891538,78.26759203895217,43.66862082705041,"{""type"":""MultiPoint"",""coordinates"":[]}"
000000000000000000e2,HYD_0227,17.528971851898635,78.27700293238105,34.58970508253373,"{""type"":""MultiPoint"",""coordinates"":[]}"
000000000000000000e3,HYD_0228,17.52910046495863,78.28641387557657,30.09551308014288,"{""type"":""MultiPoint"",""coordinates"":[]}"
000000000000000000e4,HYD_0229,17.529230505472533,78.29582477218746,29.969318606875355,"{""type"":""MultiPoint"",""coordinates"":[]}"
000000000000000000e5,HYD_0230,17.529359812479886,78.305235708408,28.61477773214124,"{""type"":""MultiPoint"",""coordinates"":[]}"
000000000000000000e6,HYD_0231,17.529486186745295,78.31464669063735,26.424737367737155,"{""type"":""MultiPoint"",""coordinates"":[]}"
000000000000000000e7,HYD_0232,17.529613993234232,78.32405758708947,26.980789127421293,"{""type"":""MultiPoint"",""coordinates"":[]}"
000000000000000000e8,HYD_0233,17.529740372465607,78.33346852687389,19.065699003029046,"{""type"":""MultiPoint"",""coordinates"":[]}"
000000000000000000e9,HYD_0234,17.529866687944573,78.3428801924047,25.857844240998368,"{""type"":""MultiPoint"",""coordinates"":[]}"
000000000000000000ea,HYD_0235,17.52999412017489,78.35229301341502,39.17080138816618,"{""type"":""MultiPoint"",""coordinates"":[]}"
000000000000000000eb,HYD_0236,17.530119365766794,78.36170355501906,36.914739658770046,"{""type"":""MultiPoint"",""coordinates"":[]}"
000000000000000000ec,HYD_0237,17.53024493708985,78.37111445885147,24.1827271457915,"{""type"":""MultiPoint"",""coordinates"":[]}"
000000000000000000ed,HYD_0238,17.53036943667869,78.38052654054654,21.130624448282394,"{""type"":""MultiPoint"",""coordinates"":[]}"
000000000000000000ee,HYD_0239,17.530492085029874,78.3899397116661,27.507991044960697,"{""type"":""MultiPoint"",""coordinates"":[]}"
000000000000000000ef,HYD_0240,17.53061470817966,78.39935064943121,26.975681851931345,"{""type"":""MultiPoint"",""coordinates"":[]}"
000000000000000000f0,HYD_0241,17.530739549439925,78.40876157094604,25.392123049118105,"{""type"":""MultiPoint"",""coordinates"":[]}"
000000000000000000f1,HYD_0242,17.53086217932918,78.41817476367905,25.212997038794917,"{""type"":""MultiPoint"",""coordinates"":[]}"
000000000000000000f2,HYD_0243,17.530985179903716,78.4275867998835,30.373688872833828,"{""type"":""MultiPoint"",""coordinates"":[]}"
000000000000000000f3,HYD_0244,17.531107425611193,78.43699885456213,41.3216930271424,"{""type"":""MultiPoint"",""coordinates"":[]}"
000000000000000000f4,HYD_0245,17.53122744480468,78.44641088866166,33.962607538353765,"{""type"":""MultiPoint"",""coordinates"":[]}"
000000000000000000f5,HYD_0246,17.53134855972743,78.45582181874141,27.175725154662402,"{""type"":""MultiPoint"",""coordinates"":[]}"
000000000000000000f6,HYD_0247,17.531468608012943,78.4652338641309,23.82852175989796,"{""type"":""MultiPoint"",""coordinates"":[]}"
000000000000000000f7,HYD_0248,17.531589007243408,78.4746470409474,21.98213481098665,"{""type"":""MultiPoint"",""coordinates"":[]}"
000000000000000000f8,HYD_0249,17.531709399656297,78.48406018023213,36.91048008454884,"{""type"":""MultiPoint"",""coordinates"":[]}"
000000000000000000f9,HYD_0250,17.53182978277403,78.49347334644426,29.282591754516485,"{""type"":""MultiPoint"",""coordinates"":[]}"
000000000000000000fa,HYD_0251,17.531948316963167,78.50288539387321,20.08617135450258,"{""type"":""MultiPoint"",""coordinates"":[]}"
000000000000000000fb,HYD_0252,17.532066140909542,78.51229746528965,26.355190308568243,"{""type"":""MultiPoint"",""coordinates"":[]}"
000000000000000000fc,HYD_0253,17.53218428953526,78.52171061161586,20.163810619046497,"{""type"":""MultiPoint"",""coordinates"":[]}"
000000000000000000fd,HYD_0254,17.532301355028313,78.53112415285484,16.567572552574614,"{""type"":""MultiPoint"",""coordinates"":[]}"
000000000000000000fe,HYD_0255,17.532419523677536,78.54053655699042,16.71250444684199,"{""type"":""MultiPoint"",""coordinates"":[]}"
000000000000000000ff,HYD_0256,17.53253655307694,78.54995009689648,8.873009736247605,"{""type"":""MultiPoint"",""coordinates"":[]}"
00000000000000000100,HYD_0257,17.532652493572186,78.55936324194181,9.300492033874313,"{""type"":""MultiPoint"",""coordinates"":[]}"
00000000000000000101,HYD_0258,17.532768424545853,78.56877640617921,9.800937967944547,"{""type"":""MultiPoint"",""coordinates"":[]}"
00000000000000000102,HYD_0259,17.532883257208354,78.57818995960722,9.613209985413055,"{""type"":""MultiPoint"",""coordinates"":[]}"
00000000000000000103,HYD_0260,17.532996948335807,78.58760234799777,8.736603928775322,"{""type"":""MultiPoint"",""coordinates"":[]}"
00000000000000000104,HYD_0261,17.53311176766266,78.59701591301355,6.631700939311215,"{""type"":""MultiPoint"",""coordinates"":[]}"
00000000000000000105,HYD_0262,17.53322661861507,78.60642944896207,4.774339873469279,"{""type"":""MultiPoint"",""coordinates"":[]}"
00000000000000000106,HYD_0263,17.533340305795104,78.61584182482201,4.4209014182919075,"{""type"":""MultiPoint"",""coordinates"":[]}"
00000000000000000107,HYD_0264,17.53345290794798,78.62525539387849,5.250380199951746,"{""type"":""MultiPoint"",""coordinates"":[]}"
00000000000000000108,HYD_0265,17.533565877946305,78.6346700697182,9.000638031825341,"{""type"":""MultiPoint"",""coordinates"":[]}"
00000000000000000109,HYD_0266,17.519423805790844,78.23949782918456,18.42459175306866,"{""type"":""MultiPoint"",""coordinates"":[]}"
0000000000000000010a,HYD_0267,17.519553876074724,78.2489072791803,19.235345181389032,"{""type"":""MultiPoint"",""coordinates"":[]}"
0000000000000000010b,HYD_0268,17.51968284342951,78.25831709973302,19.06709003798138,"{""type"":""MultiPoint"",""coordinates"":[]}"
0000000000000000010c,HYD_0269,17.51981396789332,78.26772761155136,19.013775847418895,"{""type"":""MultiPoint"",""coordinates"":[]}"
0000000000000000010d,HYD_0270,17.51994406297343,78.2771378333428,23.826843180307527,"{""type"":""MultiPoint"",""coordinates"":[]}"
0000000000000000010e,HYD_0271,17.520072279005095,78.28654915768148,27.52656446567843,"{""type"":""MultiPoint"",""coordinates"":[]}"
0000000000000000010f,HYD_0272,17.520200468309593,78.29595967801367,35.99917197271225,"{""type"":""MultiPoint"",""coordinates"":[]}"
00000000000000000110,HYD_0273,17.520329777388913,78.30536837935404,37.72642440223873,"{""type"":""MultiPoint"",""coordinates"":[]}"
00000000000000000111,HYD_0274,17.520456860571475,78.31477932038385,30.545841702353293,"{""type"":""MultiPoint"",""coordinates"":[]}"
00000000000000000112,HYD_0275,17.52058393292063,78.32419026308537,34.28335985114001,"{""type"":""MultiPoint"",""coordinates"":[]}"
00000000000000000113,HYD_0276,17.520711037792065,78.33360120570315,18.92392764287942,"{""type"":""MultiPoint"",""coordinates"":[]}"
00000000000000000114,HYD_0277,17.52083848456488,78.34301324434973,37.91919717001259,"{""type"":""MultiPoint"",""coordinates"":[]}"
00000000000000000115,HYD_0278,17.520965197723022,78.35242305995985,46.28455474338692,"{""type"":""MultiPoint"",""coordinates"":[]}"
00000000000000000116,HYD_0279,17.52109003917496,78.36183399138362,29.528179540517957,"{""type"":""MultiPoint"",""coordinates"":[]}"
00000000000000000117,HYD_0280,17.52121489925825,78.37124491849431,28.14310043971937,"{""type"":""MultiPoint"",""coordinates"":[]}"
00000000000000000118,HYD_0281,17.521339756448704,78.38065586319775,29.48763973693289,"{""type"":""MultiPoint"",""coordinates"":[]}"
00000000000000000119,HYD_0282,17.521462741094265,78.39006792094247,27.107500119155713,"{""type"":""MultiPoint"",""coordinates"":[]}"
0000000000000000011a,HYD_0283,17.521584659406024,78.39947884483485,23.97823046387804,"{""type"":""MultiPoint"",""coordinates"":[]}"
0000000000000000011b,HYD_0284,17.52170987931402,78.40889088135401,24.632691963781575,"{""type"":""MultiPoint"",""coordinates"":[]}"
0000000000000000011c,HYD_0285,17.52183287565628,78.41830294421256,36.25781305593761,"{""type"":""MultiPoint"",""coordinates"":[]}"
0000000000000000011d,HYD_0286,17.52195478493245,78.42771390925166,38.35694833552882,"{""type"":""MultiPoint"",""coordinates"":[]}"
0000000000000000011e,HYD_0287,17.52207809673726,78.43712479116336,38.21098675142412,"{""type"":""MultiPoint"",""coordinates"":[]}"
0000000000000000011f,HYD_0288,17.522198143463786,78.44653687464292,36.12995355227468,"{""type"":""MultiPoint"",""coordinates"":[]}"
00000000000000000120,HYD_0289,17.522318179919104,78.45594891303773,36.14638333021198,"{""type"":""MultiPoint"",""coordinates"":[]}"
00000000000000000121,HYD_0290,17.52243929590004,78.46535983253382,23.87571781140949,"{""type"":""MultiPoint"",""coordinates"":[]}"
00000000000000000122,HYD_0291,17.52255933980322,78.47477188755538,22.74300443380375,"{""type"":""MultiPoint"",""coordinates"":[]}"
00000000000000000123,HYD_0292,17.522679731991794,78.48418504457635,41.919084854340284,"{""type"":""MultiPoint"",""coordinates"":[]}"
00000000000000000124,HYD_0293,17.52280048191344,78.49359706959116,36.09573166015109,"{""type"":""MultiPoint"",""coordinates"":[]}"
00000000000000000125,HYD_0294,17.522917927849573,78.50300803058651,31.28318881541631,"{""type"":""MultiPoint"",""coordinates"":[]}"
00000000000000000126,HYD_0295,17.52303645018012,78.5124200768402,28.20976685778999,"{""type"":""MultiPoint"",""coordinates"":[]}"
00000000000000000127,HYD_0296,17.52315459953779,78.52183324075695,23.947713674625884,"{""type"":""MultiPoint"",""coordinates"":[]}"
00000000000000000128,HYD_0297,17.523270897622226,78.53124526987068,18.581899553481453,"{""type"":""MultiPoint"",""coordinates"":[]}"
00000000000000000129,HYD_0298,17.523387608861917,78.54065770410686,22.455229786923816,"{""type"":""MultiPoint"",""coordinates"":[]}"
0000000000000000012a,HYD_0299,17.523505758506012,78.55007009660959,13.420000237176211,"{""type"":""MultiPoint"",""coordinates"":[]}"
0000000000000000012b,HYD_0300,17.523621719536962,78.5594840317602,15.237183272403522,"{""type"":""MultiPoint"",""coordinates"":[]}"
0000000000000000012c,HYD_0301,17.523736530700482,78.5688967969378,10.288063008610797,"{""type"":""MultiPoint"",""coordinates"":[]}"
0000000000000000012d,HYD_0302,17.523851330402284,78.57830958244998,13.540136030422593,"{""type"":""MultiPoint"",""coordinates"":[]}"
0000000000000000012e,HYD_0303,17.52396652258972,78.58772199757672,16.730597622057154,"{""type"":""MultiPoint"",""coordinates"":[]}"
0000000000000000012f,HYD_0304,17.524080993121657,78.5971344556078,13.202509069532212,"{""type"":""MultiPoint"",""coordinates"":[]}"
00000000000000000130,HYD_0305,17.52419467100172,78.60654684314446,8.53257068418435,"{""type"":""MultiPoint"",""coordinates"":[]}"
00000000000000000131,HYD_0306,17.52430841806437,78.61596076048055,5.768942607972856,"{""type"":""MultiPoint"",""coordinates"":[]}"
00000000000000000132,HYD_0307,17.524422126979605,78.6253731684568,8.112853931956128,"{""type"":""MultiPoint"",""coordinates"":[]}"
00000000000000000133,HYD_0308,17.524534705643593,78.63478672310032,9.249765590070671,"{""type"":""MultiPoint"",""coordinates"":[]}"
00000000000000000134,HYD_0309,17.524646173433155,78.64419988160182,9.235562399602316,"{""type"":""MultiPoint"",""coordinates"":[]}"
00000000000000000135,HYD_0310,17.510394894853842,78.23963455048592,18.342258372852548,"{""type"":""MultiPoint"",""coordinates"":[]}"
00000000000000000136,HYD_0311,17.510524199943326,78.24904328355849,18.532260514201134,"{""type"":""MultiPoint"",""coordinates"":[]}"
00000000000000000137,HYD_0312,17.510654989600393,78.25845270792203,8.55261931743692,"{""type"":""MultiPoint"",""coordinates"":[]}"
00000000000000000138,HYD_0313,17.510786202843352,78.26786330381614,7.039294164131552,"{""type"":""MultiPoint"",""coordinates"":[]}"
00000000000000000139,HYD_0314,17.51091663108444,78.27727161552629,13.63691347938094,"{""type"":""MultiPoint"",""coordinates"":[]}"
0000000000000000013a,HYD_0315,17.511044812381172,78.28668214779742,32.937560779292404,"{""type"":""MultiPoint"",""coordinates"":[]}"
0000000000000000013b,HYD_0316,17.5111719090501,78.29609383551914,34.681979895753216,"{""type"":""MultiPoint"",""coordinates"":[]}"
0000000000000000013c,HYD_0317,17.511300097931223,78.30550214671587,43.66341244122562,"{""type"":""MultiPoint"",""coordinates"":[]}"
0000000000000000013d,HYD_0318,17.511428637641245,78.31491157950893,37.55136596050458,"{""type"":""MultiPoint"",""coordinates"":[]}"
0000000000000000013e,HYD_0319,17.511555009556005,78.32432330967174,33.41466544897816,"{""type"":""MultiPoint"",""coordinates"":[]}"
0000000000000000013f,HYD_0320,17.511681697105473,78.33373386234265,22.672157513726614,"{""type"":""MultiPoint"",""coordinates"":[]}"
00000000000000000140,HYD_0321,17.511808440001065,78.34314370386979,23.75346945317703,"{""type"":""MultiPoint"",""coordinates"":[]}"
00000000000000000141,HYD_0322,17.511935149407307,78.35255352127851,29.465529210341796,"{""type"":""MultiPoint"",""coordinates"":[]}"
00000000000000000142,HYD_0323,17.512060708855238,78.36196443371045,38.06486866065242,"{""type"":""MultiPoint"",""coordinates"":[]}"
00000000000000000143,HYD_0324,17.512185219013052,78.37137426056398,33.667376192016036,"{""type"":""MultiPoint"",""coordinates"":[]}"
00000000000000000144,HYD_0325,17.51231007904042,78.38078520111999,30.989689437710506,"{""type"":""MultiPoint"",""coordinates"":[]}"
00000000000000000145,HYD_0326,17.512432691552885,78.39019613550386,34.684182021487764,"{""type"":""MultiPoint"",""coordinates"":[]}"
00000000000000000146,HYD_0327,17.51255531551321,78.39960707122708,25.995041825798122,"{""type"":""MultiPoint"",""coordinates"":[]}"
00000000000000000147,HYD_0328,17.512680552002205,78.4090190733573,30.962420022443,"{""type"":""MultiPoint"",""coordinates"":[]}"
00000000000000000148,HYD_0329,17.51280248444641,78.41843003542078,36.51626626204016,"{""type"":""MultiPoint"",""coordinates"":[]}"
00000000000000000149,HYD_0330,17.51292581206096,78.4278409389879,40.592573062746375,"{""type"":""MultiPoint"",""coordinates"":[]}"
0000000000000000014a,HYD_0331,17.513047722149295,78.43725189652712,35.7891228511539,"{""type"":""MultiPoint"",""coordinates"":[]}"
0000000000000000014b,HYD_0332,17.51316881514251,78.44666281330639,28.606097589271354,"{""type"":""MultiPoint"",""coordinates"":[]}"
0000000000000000014c,HYD_0333,17.513288862893692,78.45607488730161,33.71529262224535,"{""type"":""MultiPoint"",""coordinates"":[]}"
0000000000000000014d,HYD_0334,17.513409234107638,78.46548580636838,33.81872073444342,"{""type"":""MultiPoint"",""coordinates"":[]}"
0000000000000000014e,HYD_0335,17.51352965266475,78.47489674178206,35.24985560987287,"{""type"":""MultiPoint"",""coordinates"":[]}"
0000000000000000014f,HYD_0336,17.51365005833817,78.48430988670778,38.792975368571184,"{""type"":""MultiPoint"",""coordinates"":[]}"
00000000000000000150,HYD_0337,17.51376933289355,78.49372121251211,30.535415061300004,"{""type"":""MultiPoint"",""coordinates"":[]}"
00000000000000000151,HYD_0338,17.513887476897093,78.50313135506292,32.72442906268974,"{""type"":""MultiPoint"",""coordinates"":[]}"
00000000000000000152,HYD_0339,17.514006011305984,78.51254418429265,31.58882792673428,"{""type"":""MultiPoint"",""coordinates"":[]}"
00000000000000000153,HYD_0340,17.514123804468092,78.52195548423016,27.03559464088944,"{""type"":""MultiPoint"",""coordinates"":[]}"
00000000000000000154,HYD_0341,17.514240503775564,78.53136792187678,18.376852917626472,"{""type"":""MultiPoint"",""coordinates"":[]}"
00000000000000000155,HYD_0342,17.51435715483486,78.5407788387479,21.88154100342942,"{""type"":""MultiPoint"",""coordinates"":[]}"
00000000000000000156,HYD_0343,17.514473855479913,78.55019128348225,21.022087438916177,"{""type"":""MultiPoint"",""coordinates"":[]}"
00000000000000000157,HYD_0344,17.514589763186475,78.55960364784248,28.53951891321335,"{""type"":""MultiPoint"",""coordinates"":[]}"
00000000000000000158,HYD_0345,17.514704609246024,78.56901721889072,19.68271093717108,"{""type"":""MultiPoint"",""coordinates"":[]}"
00000000000000000159,HYD_0346,17.514820909018866,78.57842925495632,21.811925393331787,"{""type"":""MultiPoint"",""coordinates"":[]}"
0000000000000000015a,HYD_0347,17.514936124656913,78.58784019286963,23.40446284471993,"{""type"":""MultiPoint"",""coordinates"":[]}"
0000000000000000015b,HYD_0348,17.515050172082564,78.59725221186379,13.635100557030253,"{""type"":""MultiPoint"",""coordinates"":[]}"
0000000000000000015c,HYD_0349,17.51516388529184,78.60666539016214,13.089456451876293,"{""type"":""MultiPoint"",""coordinates"":[]}"
0000000000000000015d,HYD_0350,17.515277610836776,78.61607855932253,8.239417723982548,"{""type"":""MultiPoint"",""coordinates"":[]}"
0000000000000000015e,HYD_0351,17.51539058390415,78.62549097867506,12.792207141400727,"{""type"":""MultiPoint"",""coordinates"":[]}"
0000000000000000015f,HYD_0352,17.515502786592503,78.63490263510114,12.038088818204784,"{""type"":""MultiPoint"",""coordinates"":[]}"
00000000000000000160,HYD_0353,17.515614266392802,78.64431583378574,14.43425858624657,"{""type"":""MultiPoint"",""coordinates"":[]}"
00000000000000000161,HYD_0354,17.515725741741374,78.65372899035134,13.476406106105584,"{""type"":""MultiPoint"",""coordinates"":[]}"
00000000000000000162,HYD_0355,17.501365211935425,78.23977053931951,16.653955173581807,"{""type"":""MultiPoint"",""coordinates"":[]}"
00000000000000000163,HYD_0356,17.501495646867216,78.24917889643031,13.927382916491652,"{""type"":""MultiPoint"",""coordinates"":[]}"
00000000000000000164,HYD_0357,17.50162719682406,78.25858837468945,6.852004638119278,"{""type"":""MultiPoint"",""coordinates"":[]}"
00000000000000000165,HYD_0358,17.50175759967152,78.26799668249195,6.138185262460717,"{""type"":""MultiPoint"",""coordinates"":[]}"
00000000000000000166,HYD_0359,17.50188655957445,78.2774064937512,8.720766780971363,"{""type"":""MultiPoint"",""coordinates"":[]}"
00000000000000000167,HYD_0360,17.502016614900352,78.28681740049099,18.736381126389496,"{""type"":""MultiPoint"",""coordinates"":[]}"
00000000000000000168,HYD_0361,17.502143332379624,78.29622723687483,17.6229062505731,"{""type"":""MultiPoint"",""coordinates"":[]}"
00000000000000000169,HYD_0362,17.502270421589856,78.30563591390224,23.76934759732674,"{""type"":""MultiPoint"",""coordinates"":[]}"
0000000000000000016a,HYD_0363,17.50239973007497,78.31504461606491,35.63666031821361,"{""type"":""MultiPoint"",""coordinates"":[]}"
0000000000000000016b,HYD_0364,17.502527145609328,78.32445443099739,39.13041110870763,"{""type"":""MultiPoint"",""coordinates"":[]}"
0000000000000000016c,HYD_0365,17.502651318678648,78.33386540785419,32.32004967521639,"{""type"":""MultiPoint"",""coordinates"":[]}"
0000000000000000016d,HYD_0366,17.502778742829932,78.34327522224164,34.12923799355093,"{""type"":""MultiPoint"",""coordinates"":[]}"
0000000000000000016e,HYD_0367,17.50290618418939,78.35268503632301,34.336829737425965,"{""type"":""MultiPoint"",""coordinates"":[]}"
0000000000000000016f,HYD_0368,17.50303069363867,78.36209486159322,51.87238972361495,"{""type"":""MultiPoint"",""coordinates"":[]}"
00000000000000000170,HYD_0369,17.503155200799057,78.37150470563768,46.4092883295061,"{""type"":""MultiPoint"",""coordinates"":[]}"
00000000000000000171,HYD_0370,17.503280756669838,78.38091561958157,34.13604266551912,"{""type"":""MultiPoint"",""coordinates"":[]}"
00000000000000000172,HYD_0371,17.503403019843837,78.39032545374714,39.96539647937258,"{""type"":""MultiPoint"",""coordinates"":[]}"
00000000000000000173,HYD_0372,17.503525654908945,78.39973639182543,32.957766338234094,"{""type"":""MultiPoint"",""coordinates"":[]}"
00000000000000000174,HYD_0373,17.50365050680778,78.40914730141981,37.61933202600657,"{""type"":""MultiPoint"",""coordinates"":[]}"
00000000000000000175,HYD_0374,17.50377348893361,78.41855709246552,40.32227552606819,"{""type"":""MultiPoint"",""coordinates"":[]}"
00000000000000000176,HYD_0375,17.503894298703337,78.42796842590008,41.86639138995609,"{""type"":""MultiPoint"",""coordinates"":[]}"
00000000000000000177,HYD_0376,17.504017615607466,78.43737857220813,21.219949130323837,"{""type"":""MultiPoint"",""coordinates"":[]}"
00000000000000000178,HYD_0377,17.504138789369044,78.44678881242095,16.06821153762189,"{""type"":""MultiPoint"",""coordinates"":[]}"
00000000000000000179,HYD_0378,17.504259168334755,78.45619971872956,30.629523221919605,"{""type"":""MultiPoint"",""coordinates"":[]}"
0000000000000000017a,HYD_0379,17.504379550789867,78.4656106582064,36.06004678320416,"{""type"":""MultiPoint"",""coordinates"":[]}"
0000000000000000017b,HYD_0380,17.50449994619522,78.4750215734311,34.68827476431599,"{""type"":""MultiPoint"",""coordinates"":[]}"
0000000000000000017c,HYD_0381,17.504620734911725,78.484433620978,24.718943262502425,"{""type"":""MultiPoint"",""coordinates"":[]}"
0000000000000000017d,HYD_0382,17.50473816704478,78.49384459808651,22.125656890153444,"{""type"":""MultiPoint"",""coordinates"":[]}"
0000000000000000017e,HYD_0383,17.5048570298685,78.50325550296536,30.171737045831,"{""type"":""MultiPoint"",""coordinates"":[]}"
0000000000000000017f,HYD_0384,17.504974497916518,78.51266643020723,34.507389322202314,"{""type"":""MultiPoint"",""coordinates"":[]}"
00000000000000000180,HYD_0385,17.50509337899008,78.522077362008,37.547735453525306,"{""type"":""MultiPoint"",""coordinates"":[]}"
00000000000000000181,HYD_0386,17.50521119484423,78.5314894321048,24.584880449890314,"{""type"":""MultiPoint"",""coordinates"":[]}"
00000000000000000182,HYD_0387,17.50532676224364,78.5409014798119,27.225021326485937,"{""type"":""MultiPoint"",""coordinates"":[]}"
00000000000000000183,HYD_0388,17.505443388664048,78.55031239117871,26.501243174411567,"{""type"":""MultiPoint"",""coordinates"":[]}"
00000000000000000184,HYD_0389,17.50555896623543,78.55972445102002,28.913685583241538,"{""type"":""MultiPoint"",""coordinates"":[]}"
00000000000000000185,HYD_0390,17.5056749353754,78.56913761754225,24.590406684840584,"{""type"":""MultiPoint"",""coordinates"":[]}"
00000000000000000186,HYD_0391,17.50579088461733,78.57854854949161,28.708998651486624,"{""type"":""MultiPoint"",""coordinates"":[]}"
00000000000000000187,HYD_0392,17.50590570593532,78.58795983991625,28.636582664432492,"{""type"":""MultiPoint"",""coordinates"":[]}"
00000000000000000188,HYD_0393,17.506019373269574,78.59737222763682,22.84590168767927,"{""type"":""MultiPoint"",""coordinates"":[]}"
00000000000000000189,HYD_0394,17.506133446599435,78.60678503673687,17.824927845036736,"{""type"":""MultiPoint"",""coordinates"":[]}"
0000000000000000018a,HYD_0395,17.50624680380618,78.61619634475791,16.148647625071256,"{""type"":""MultiPoint"",""coordinates"":[]}"
0000000000000000018b,HYD_0396,17.506359045701434,78.62560877080266,16.999866356769157,"{""type"":""MultiPoint"",""coordinates"":[]}"
0000000000000000018c,HYD_0397,17.506471245176705,78.63501969174045,10.838266913036467,"{""type"":""MultiPoint"",""coordinates"":[]}"
0000000000000000018d,HYD_0398,17.506582353523676,78.64443174849575,9.174805438283903,"{""type"":""MultiPoint"",""coordinates"":[]}"
0000000000000000018e,HYD_0399,17.50669383888477,78.65384491734811,12.277611493620347,"{""type"":""MultiPoint"",""coordinates"":[]}"
0000000000000000018f,HYD_0400,17.492468195191645,78.24931565072444,15.063264414248724,"{""type"":""MultiPoint"",""coordinates"":[]}"
00000000000000000190,HYD_0401,17.492598588314074,78.25872396715476,6.521883204998709,"{""type"":""MultiPoint"",""coordinates"":[]}"
00000000000000000191,HYD_0402,17.49272792159272,78.26813267030246,6.132644349123555,"{""type"":""MultiPoint"",""coordinates"":[]}"
00000000000000000192,HYD_0403,17.492857598190177,78.27754247708148,8.096969997234236,"{""type"":""MultiPoint"",""coordinates"":[]}"
00000000000000000193,HYD_0404,17.49298658613288,78.28695231027474,14.144419091822614,"{""type"":""MultiPoint"",""coordinates"":[]}"
00000000000000000194,HYD_0405,17.493114758959837,78.2963606226848,14.471535973432585,"{""type"":""MultiPoint"",""coordinates"":[]}"
00000000000000000195,HYD_0406,17.49324184237217,78.30577009587334,17.296104274984884,"{""type"":""MultiPoint"",""coordinates"":[]}"
00000000000000000196,HYD_0407,17.49337003868949,78.31517841438648,32.7794648055388,"{""type"":""MultiPoint"",""coordinates"":[]}"
00000000000000000197,HYD_0408,17.493497124585982,78.32458712061519,43.40369510740013,"{""type"":""MultiPoint"",""coordinates"":[]}"
00000000000000000198,HYD_0409,17.493623467906115,78.33399653117058,42.111881188175445,"{""type"":""MultiPoint"",""coordinates"":[]}"
00000000000000000199,HYD_0410,17.49375020678789,78.34340713424368,46.71438823867984,"{""type"":""MultiPoint"",""coordinates"":[]}"
0000000000000000019a,HYD_0411,17.493876156931766,78.35281548304744,45.620545230069006,"{""type"":""MultiPoint"",""coordinates"":[]}"
0000000000000000019b,HYD_0412,17.4940010154407,78.36222417936642,45.209525085992645,"{""type"":""MultiPoint"",""coordinates"":[]}"
0000000000000000019c,HYD_0413,17.494125868745975,78.37163509270576,35.463698565736685,"{""type"":""MultiPoint"",""coordinates"":[]}"
0000000000000000019d,HYD_0414,17.494250700137986,78.38104604496009,28.301972378485644,"{""type"":""MultiPoint"",""coordinates"":[]}"
0000000000000000019e,HYD_0415,17.494373351937526,78.39045477184723,32.470329515226595,"{""type"":""MultiPoint"",""coordinates"":[]}"
0000000000000000019f,HYD_0416,17.494496351231227,78.39986456725843,37.7843832178661,"{""type"":""MultiPoint"",""coordinates"":[]}"
000000000000000001a0,HYD_0417,17.494620456750926,78.4092754918604,35.08636000272487,"{""type"":""MultiPoint"",""coordinates"":[]}"
000000000000000001a1,HYD_0418,17.494743442375416,78.41868529353299,36.56856373837873,"{""type"":""MultiPoint"",""coordinates"":[]}"
000000000000000001a2,HYD_0419,17.494864197801178,78.42809509941667,35.03109958580754,"{""type"":""MultiPoint"",""coordinates"":[]}"
000000000000000001a3,HYD_0420,17.49498647386091,78.43750496026603,28.347156367459142,"{""type"":""MultiPoint"",""coordinates"":[]}"
000000000000000001a4,HYD_0421,17.49510871662681,78.44691478721326,32.003870791548756,"{""type"":""MultiPoint"",""coordinates"":[]}"
000000000000000001a5,HYD_0422,17.495229857671365,78.45632567731823,35.981752924753785,"{""type"":""MultiPoint"",""coordinates"":[]}"
000000000000000001a6,HYD_0423,17.495349887255973,78.4657354934775,26.78124524948749,"{""type"":""MultiPoint"",""coordinates"":[]}"
000000000000000001a7,HYD_0424,17.495470288094957,78.47514643507365,17.923786908608896,"{""type"":""MultiPoint"",""coordinates"":[]}"
000000000000000001a8,HYD_0425,17.495589600749753,78.48455776775609,13.20549529923333,"{""type"":""MultiPoint"",""coordinates"":[]}"
000000000000000001a9,HYD_0426,17.495707725922358,78.49396794868827,17.654838410067363,"{""type"":""MultiPoint"",""coordinates"":[]}"
000000000000000001aa,HYD_0427,17.495827008487208,78.50337924119714,28.04290308322209,"{""type"":""MultiPoint"",""coordinates"":[]}"
000000000000000001ab,HYD_0428,17.49594552288552,78.51278903598973,30.60050630614148,"{""type"":""MultiPoint"",""coordinates"":[]}"
000000000000000001ac,HYD_0429,17.49606187289698,78.52220038387078,26.823637085309308,"{""type"":""MultiPoint"",""coordinates"":[]}"
000000000000000001ad,HYD_0430,17.496180737680245,78.53161051126544,26.614896933535924,"{""type"":""MultiPoint"",""coordinates"":[]}"
000000000000000001ae,HYD_0431,17.49629742741412,78.54102297809767,31.744217498121472,"{""type"":""MultiPoint"",""coordinates"":[]}"
000000000000000001af,HYD_0432,17.496413362385653,78.55043391318809,24.59102000796549,"{""type"":""MultiPoint"",""coordinates"":[]}"
000000000000000001b0,HYD_0433,17.496529316942397,78.55984485477187,28.02750955347492,"{""type"":""MultiPoint"",""coordinates"":[]}"
000000000000000001b1,HYD_0434,17.496645604934624,78.56925687290611,28.70720032694573,"{""type"":""MultiPoint"",""coordinates"":[]}"
000000000000000001b2,HYD_0435,17.49675973061357,78.5786681844492,27.52127923759883,"{""type"":""MultiPoint"",""coordinates"":[]}"
000000000000000001b3,HYD_0436,17.49687378718508,78.5880794516242,30.087757951546795,"{""type"":""MultiPoint"",""coordinates"":[]}"
000000000000000001b4,HYD_0437,17.496987849938623,78.59749227132792,28.27717695620536,"{""type"":""MultiPoint"",""coordinates"":[]}"
000000000000000001b5,HYD_0438,17.497100815832752,78.60690246726791,29.16722803787447,"{""type"":""MultiPoint"",""coordinates"":[]}"
000000000000000001b6,HYD_0439,17.497215250275207,78.61631413596595,30.51722394690666,"{""type"":""MultiPoint"",""coordinates"":[]}"
000000000000000001b7,HYD_0440,17.49732750483983,78.62572582458395,20.88388243677914,"{""type"":""MultiPoint"",""coordinates"":[]}"
000000000000000001b8,HYD_0441,17.497439727870532,78.63513750237848,11.272157536662318,"{""type"":""MultiPoint"",""coordinates"":[]}"
000000000000000001b9,HYD_0442,17.49755304813757,78.64454878626618,8.30066321559788,"{""type"":""MultiPoint"",""coordinates"":[]}"
000000000000000001ba,HYD_0443,17.497664157212725,78.6539608501503,9.852591222043781,"{""type"":""MultiPoint"",""coordinates"":[]}"
000000000000000001bb,HYD_0444,17.49777451751634,78.66337440234273,11.62317745615966,"{""type"":""MultiPoint"",""coordinates"":[]}"
000000000000000001bc,HYD_0445,17.48343960813621,78.24945127663457,17.75479413150402,"{""type"":""MultiPoint"",""coordinates"":[]}"
000000000000000001bd,HYD_0446,17.48356892925008,78.25885997506612,7.490464834204303,"{""type"":""MultiPoint"",""coordinates"":[]}"
000000000000000001be,HYD_0447,17.483698242503845,78.26826867916118,7.039947344841214,"{""type"":""MultiPoint"",""coordinates"":[]}"
000000000000000001bf,HYD_0448,17.483827573583923,78.27767739118305,9.480287938528742,"{""type"":""MultiPoint"",""coordinates"":[]}"
000000000000000001c0,HYD_0449,17.483956894768323,78.28708610910229,16.682901740633827,"{""type"":""MultiPoint"",""coordinates"":[]}"
000000000000000001c1,HYD_0450,17.48408621097114,78.29649477955601,18.303790776217884,"{""type"":""MultiPoint"",""coordinates"":[]}"
000000000000000001c2,HYD_0451,17.48421328274646,78.30590349907108,25.95205486996073,"{""type"":""MultiPoint"",""coordinates"":[]}"
000000000000000001c3,HYD_0452,17.484340707125373,78.315311094355,37.2972514819487,"{""type"":""MultiPoint"",""coordinates"":[]}"
000000000000000001c4,HYD_0453,17.48446744122017,78.3247186998288,36.48739662671402,"{""type"":""MultiPoint"",""coordinates"":[]}"
000000000000000001c5,HYD_0454,17.48459454014711,78.33412737958008,33.78907145702369,"{""type"":""MultiPoint"",""coordinates"":[]}"
000000000000000001c6,HYD_0455,17.484721296129248,78.34353719964591,38.67573168398515,"{""type"":""MultiPoint"",""coordinates"":[]}"
000000000000000001c7,HYD_0456,17.484846492113725,78.35294701933528,43.78481453416985,"{""type"":""MultiPoint"",""coordinates"":[]}"
000000000000000001c8,HYD_0457,17.48497131047948,78.36235570911903,46.269398447052836,"{""type"":""MultiPoint"",""coordinates"":[]}"
000000000000000001c9,HYD_0458,17.485096521874368,78.3717655161716,36.790235140442064,"{""type"":""MultiPoint"",""coordinates"":[]}"
000000000000000001ca,HYD_0459,17.485221022836935,78.3811753317162,29.61005148668655,"{""type"":""MultiPoint"",""coordinates"":[]}"
000000000000000001cb,HYD_0460,17.48534365815369,78.39058407559256,33.59080310882311,"{""type"":""MultiPoint"",""coordinates"":[]}"
000000000000000001cc,HYD_0461,17.48546628003109,78.39999276936771,26.805260860876285,"{""type"":""MultiPoint"",""coordinates"":[]}"
000000000000000001cd,HYD_0462,17.485591487720825,78.40940257453649,32.24935419461254,"{""type"":""MultiPoint"",""coordinates"":[]}"
000000000000000001ce,HYD_0463,17.485713763999627,78.41881238473196,37.57552117265566,"{""type"":""MultiPoint"",""coordinates"":[]}"
000000000000000001cf,HYD_0464,17.485833816279538,78.42822220786849,26.72705019725842,"{""type"":""MultiPoint"",""coordinates"":[]}"
000000000000000001d0,HYD_0465,17.485956789238823,78.43763204260864,18.829114258944337,"{""type"":""MultiPoint"",""coordinates"":[]}"
000000000000000001d1,HYD_0466,17.486079757354116,78.44704184488688,28.041186847043846,"{""type"":""MultiPoint"",""coordinates"":[]}"
000000000000000001d2,HYD_0467,17.486199816482372,78.45645165576212,22.452757490708144,"{""type"":""MultiPoint"",""coordinates"":[]}"
000000000000000001d3,HYD_0468,17.486320228276696,78.46586035871088,18.883946574136118,"{""type"":""MultiPoint"",""coordinates"":[]}"
000000000000000001d4,HYD_0469,17.486439504679733,78.47527169614565,19.929344448703954,"{""type"":""MultiPoint"",""coordinates"":[]}"
000000000000000001d5,HYD_0470,17.486557659933816,78.48468185999211,23.26682888710335,"{""type"":""MultiPoint"",""coordinates"":[]}"
000000000000000001d6,HYD_0471,17.48667731443321,78.4940920494184,24.105149773201774,"{""type"":""MultiPoint"",""coordinates"":[]}"
000000000000000001d7,HYD_0472,17.486795876160055,78.50350337980676,28.079852939881004,"{""type"":""MultiPoint"",""coordinates"":[]}"
000000000000000001d8,HYD_0473,17.486914371094198,78.51291241999668,31.473834767797875,"{""type"":""MultiPoint"",""coordinates"":[]}"
000000000000000001d9,HYD_0474,17.48703177319236,78.52232259864682,23.14297630818208,"{""type"":""MultiPoint"",""coordinates"":[]}"
000000000000000001da,HYD_0475,17.487148135198648,78.53173393649259,24.700900521937147,"{""type"":""MultiPoint"",""coordinates"":[]}"
000000000000000001db,HYD_0476,17.487265896311193,78.54114448338582,27.399622106641583,"{""type"":""MultiPoint"",""coordinates"":[]}"
000000000000000001dc,HYD_0477,17.487381473471213,78.55055431975627,26.448488256964882,"{""type"":""MultiPoint"",""coordinates"":[]}"
000000000000000001dd,HYD_0478,17.48749742091034,78.55996524204764,29.3120943896095,"{""type"":""MultiPoint"",""coordinates"":[]}"
000000000000000001de,HYD_0479,17.48761335737825,78.56937615510412,32.88266845279269,"{""type"":""MultiPoint"",""coordinates"":[]}"
000000000000000001df,HYD_0480,17.487728164672248,78.5787867003991,30.020432457231355,"{""type"":""MultiPoint"",""coordinates"":[]}"
000000000000000001e0,HYD_0481,17.48784334055365,78.58819913564176,26.442626445452074,"{""type"":""MultiPoint"",""coordinates"":[]}"
000000000000000001e1,HYD_0482,17.48795633598633,78.59761009099824,27.41546021224188,"{""type"":""MultiPoint"",""coordinates"":[]}"
000000000000000001e2,HYD_0483,17.48807074101666,78.60702099891719,30.37422075405927,"{""type"":""MultiPoint"",""coordinates"":[]}"
000000000000000001e3,HYD_0484,17.488183747572457,78.61643195490649,26.736587478708014,"{""type"":""MultiPoint"",""coordinates"":[]}"
000000000000000001e4,HYD_0485,17.48829596225997,78.62584288426645,16.303171286352505,"{""type"":""MultiPoint"",""coordinates"":[]}"
000000000000000001e5,HYD_0486,17.48840819069953,78.63525532284118,8.060093814839117,"{""type"":""MultiPoint"",""coordinates"":[]}"
000000000000000001e6,HYD_0487,17.488520776199522,78.64466587307285,7.140093673684585,"{""type"":""MultiPoint"",""coordinates"":[]}"
000000000000000001e7,HYD_0488,17.488632255861482,78.65407679732812,7.992832685701178,"{""type"":""MultiPoint"",""coordinates"":[]}"
000000000000000001e8,HYD_0489,17.488742942140032,78.66348843837991,11.089584225427199,"{""type"":""MultiPoint"",""coordinates"":[]}"
000000000000000001e9,HYD_0490,17.474410301442905,78.24958614814803,21.51346127490389,"{""type"":""MultiPoint"",""coordinates"":[]}"
000000000000000001ea,HYD_0491,17.474539248536885,78.25899375043099,21.75579035170307,"{""type"":""MultiPoint"",""coordinates"":[]}"
000000000000000001eb,HYD_0492,17.474668567558094,78.26840245898015,16.791798602349317,"{""type"":""MultiPoint"",""coordinates"":[]}"
000000000000000001ec,HYD_0493,17.474797878921592,78.27781117221676,16.22096839841906,"{""type"":""MultiPoint"",""coordinates"":[]}"
000000000000000001ed,HYD_0494,17.47492720837051,78.28721989228258,28.93792446461815,"{""type"":""MultiPoint"",""coordinates"":[]}"
000000000000000001ee,HYD_0495,17.47505688075409,78.2966274554017,26.58729846839833,"{""type"":""MultiPoint"",""coordinates"":[]}"
000000000000000001ef,HYD_0496,17.47518472157731,78.30603464957827,33.80547055086696,"{""type"":""MultiPoint"",""coordinates"":[]}"
000000000000000001f0,HYD_0497,17.475311459934638,78.31544304907726,40.40752333719796,"{""type"":""MultiPoint"",""coordinates"":[]}"
000000000000000001f1,HYD_0498,17.475437759999227,78.32485022004803,32.378531376446304,"{""type"":""MultiPoint"",""coordinates"":[]}"
000000000000000001f2,HYD_0499,17.475564846853015,78.33425892532934,38.47528775830971,"{""type"":""MultiPoint"",""coordinates"":[]}"
000000000000000001f3,HYD_0500,17.47569230630894,78.34366872574314,38.699161272129395,"{""type"":""MultiPoint"",""coordinates"":[]}"
000000000000000001f4,HYD_0501,17.475816782135784,78.35307854652784,36.6051526573903,"{""type"":""MultiPoint"",""coordinates"":[]}"
000000000000000001f5,HYD_0502,17.475941631131764,78.3624872485101,39.65521111430998,"{""type"":""MultiPoint"",""coordinates"":[]}"
000000000000000001f6,HYD_0503,17.476066494149443,78.37189593768461,41.84750714789179,"{""type"":""MultiPoint"",""coordinates"":[]}"
000000000000000001f7,HYD_0504,17.476191353477454,78.38130464705715,37.012448284883455,"{""type"":""MultiPoint"",""coordinates"":[]}"
000000000000000001f8,HYD_0505,17.476313983001724,78.39071336415012,31.849193456696298,"{""type"":""MultiPoint"",""coordinates"":[]}"
000000000000000001f9,HYD_0506,17.47643661073734,78.40012209728232,16.34001371886704,"{""type"":""MultiPoint"",""coordinates"":[]}"
000000000000000001fa,HYD_0507,17.47656145578494,78.40953080213289,27.954087929779227,"{""type"":""MultiPoint"",""coordinates"":[]}"
000000000000000001fb,HYD_0508,17.476684090726895,78.41893947599891,51.985730576090646,"{""type"":""MultiPoint"",""coordinates"":[]}"
000000000000000001fc,HYD_0509,17.476804854009185,78.42834928878491,43.86663644947808,"{""type"":""MultiPoint"",""coordinates"":[]}"
000000000000000001fd,HYD_0510,17.476925986489476,78.43775951796405,19.276748988165785,"{""type"":""MultiPoint"",""coordinates"":[]}"
000000000000000001fe,HYD_0511,17.47704859562655,78.44716744139103,25.05191474928563,"{""type"":""MultiPoint"",""coordinates"":[]}"
000000000000000001ff,HYD_0512,17.477170135649935,78.45657653241844,20.295056684186846,"{""type"":""MultiPoint"",""coordinates"":[]}"
00000000000000000200,HYD_0513,17.477290529865165,78.46598522383339,19.253991139515513,"{""type"":""MultiPoint"",""coordinates"":[]}"
00000000000000000201,HYD_0514,17.477408676309057,78.47539615567057,29.0739178961136,"{""type"":""MultiPoint"",""coordinates"":[]}"
00000000000000000202,HYD_0515,17.477526864698063,78.4848071091847,32.89911359570402,"{""type"":""MultiPoint"",""coordinates"":[]}"
00000000000000000203,HYD_0516,17.477647261079667,78.49421581372006,29.993681659412744,"{""type"":""MultiPoint"",""coordinates"":[]}"
00000000000000000204,HYD_0517,17.477765789237985,78.50362559621416,28.086952096960527,"{""type"":""MultiPoint"",""coordinates"":[]}"
00000000000000000205,HYD_0518,17.477883574982478,78.51303542402655,33.82560979884255,"{""type"":""MultiPoint"",""coordinates"":[]}"
00000000000000000206,HYD_0519,17.478001380663066,78.52244524725477,28.0476101765369,"{""type"":""MultiPoint"",""coordinates"":[]}"
00000000000000000207,HYD_0520,17.478118055104666,78.5318561693379,25.734718450143163,"{""type"":""MultiPoint"",""coordinates"":[]}"
00000000000000000208,HYD_0521,17.478233619299107,78.54126599441183,26.80896851001045,"{""type"":""MultiPoint"",""coordinates"":[]}"
00000000000000000209,HYD_0522,17.478349565125658,78.55067469066847,28.11923187205807,"{""type"":""MultiPoint"",""coordinates"":[]}"
0000000000000000020a,HYD_0523,17.478465527798694,78.56008561587869,31.044885458571184,"{""type"":""MultiPoint"",""coordinates"":[]}"
0000000000000000020b,HYD_0524,17.47858146022833,78.56949656827878,37.38953760372541,"{""type"":""MultiPoint"",""coordinates"":[]}"
0000000000000000020c,HYD_0525,17.478697742898436,78.57890635861476,26.951377001358413,"{""type"":""MultiPoint"",""coordinates"":[]}"
0000000000000000020d,HYD_0526,17.478811833763714,78.5883177085402,22.782131840990367,"{""type"":""MultiPoint"",""coordinates"":[]}"
0000000000000000020e,HYD_0527,17.47892623959273,78.59772786959358,24.48788226019476,"{""type"":""MultiPoint"",""coordinates"":[]}"
0000000000000000020f,HYD_0528,17.479039259263196,78.60713958723997,23.053385908442337,"{""type"":""MultiPoint"",""coordinates"":[]}"
00000000000000000210,HYD_0529,17.479153659431038,78.61654971951447,21.461546344631955,"{""type"":""MultiPoint"",""coordinates"":[]}"
00000000000000000211,HYD_0530,17.47926589746118,78.6259599341108,20.3040179840506,"{""type"":""MultiPoint"",""coordinates"":[]}"
00000000000000000212,HYD_0531,17.479377384141326,78.63537086967172,13.363733343417278,"{""type"":""MultiPoint"",""coordinates"":[]}"
00000000000000000213,HYD_0532,17.479488884623674,78.64478180924384,10.690808990435572,"{""type"":""MultiPoint"",""coordinates"":[]}"
00000000000000000214,HYD_0533,17.47960035992707,78.65419272986198,8.53741089085477,"{""type"":""MultiPoint"",""coordinates"":[]}"
00000000000000000215,HYD_0534,17.479711827050597,78.66360366015411,7.980061129449119,"{""type"":""MultiPoint"",""coordinates"":[]}"
00000000000000000216,HYD_0535,17.47982220485549,78.67301499159662,8.081463120042356,"{""type"":""MultiPoint"",""coordinates"":[]}"
00000000000000000217,HYD_0536,17.465381030845872,78.2497217960892,36.48432755246619,"{""type"":""MultiPoint"",""coordinates"":[]}"
00000000000000000218,HYD_0537,17.46551217634095,78.25912863921336,48.98832759892962,"{""type"":""MultiPoint"",""coordinates"":[]}"
00000000000000000219,HYD_0538,17.465641091236016,78.26853622224475,28.38754445213761,"{""type"":""MultiPoint"",""coordinates"":[]}"
0000000000000000021a,HYD_0539,17.46577043064545,78.2779449320267,18.862196675994817,"{""type"":""MultiPoint"",""coordinates"":[]}"
0000000000000000021b,HYD_0540,17.465898646685538,78.28735403290527,32.87011727517362,"{""type"":""MultiPoint"",""coordinates"":[]}"
0000000000000000021c,HYD_0541,17.466026816971564,78.29676010762039,29.46090775717043,"{""type"":""MultiPoint"",""coordinates"":[]}"
0000000000000000021d,HYD_0542,17.46615614344337,78.30616660236811,34.660042256396444,"{""type"":""MultiPoint"",""coordinates"":[]}"
0000000000000000021e,HYD_0543,17.466283236591686,78.31557528437992,35.57060945111078,"{""type"":""MultiPoint"",""coordinates"":[]}"
0000000000000000021f,HYD_0544,17.466409199521973,78.32498359813376,19.15807959132132,"{""type"":""MultiPoint"",""coordinates"":[]}"
00000000000000000220,HYD_0545,17.4665366553298,78.33439194511121,35.05548782241277,"{""type"":""MultiPoint"",""coordinates"":[]}"
00000000000000000221,HYD_0546,17.466662237366155,78.34379914095504,42.2579008678558,"{""type"":""MultiPoint"",""coordinates"":[]}"
00000000000000000222,HYD_0547,17.466787100432196,78.3532078386937,38.40019667606658,"{""type"":""MultiPoint"",""coordinates"":[]}"
00000000000000000223,HYD_0548,17.466911954169056,78.36261654986964,39.13948740627303,"{""type"":""MultiPoint"",""coordinates"":[]}"
00000000000000000224,HYD_0549,17.46703684231712,78.3720252728903,54.30737720478776,"{""type"":""MultiPoint"",""coordinates"":[]}"
00000000000000000225,HYD_0550,17.467161697910438,78.38143396877238,52.98047706582554,"{""type"":""MultiPoint"",""coordinates"":[]}"
00000000000000000226,HYD_0551,17.46728430835413,78.39084268945207,42.951098208798356,"{""type"":""MultiPoint"",""coordinates"":[]}"
00000000000000000227,HYD_0552,17.46740729442795,78.4002502859397,26.656334464780745,"{""type"":""MultiPoint"",""coordinates"":[]}"
00000000000000000228,HYD_0553,17.467531790379756,78.4096578755348,43.212718828652385,"{""type"":""MultiPoint"",""coordinates"":[]}"
00000000000000000229,HYD_0554,17.467654415325423,78.41906657517306,44.43598283989152,"{""type"":""MultiPoint"",""coordinates"":[]}"
0000000000000000022a,HYD_0555,17.467774793997226,78.42847526473618,40.770996962514225,"{""type"":""MultiPoint"",""coordinates"":[]}"
0000000000000000022b,HYD_0556,17.467895171011694,78.43788396648915,31.448326353723186,"{""type"":""MultiPoint"",""coordinates"":[]}"
0000000000000000022c,HYD_0557,17.468016711648485,78.44729306487102,36.0568532926291,"{""type"":""MultiPoint"",""coordinates"":[]}"
0000000000000000022d,HYD_0558,17.46813820787835,78.4567013792718,31.404268456041645,"{""type"":""MultiPoint"",""coordinates"":[]}"
0000000000000000022e,HYD_0559,17.46825859325126,78.46611006643477,23.021627052192617,"{""type"":""MultiPoint"",""coordinates"":[]}"
0000000000000000022f,HYD_0560,17.468378251727465,78.47551948583526,30.031065013971226,"{""type"":""MultiPoint"",""coordinates"":[]}"
00000000000000000230,HYD_0561,17.468496839537202,78.48493086325365,32.25556638981966,"{""type"":""MultiPoint"",""coordinates"":[]}"
00000000000000000231,HYD_0562,17.468616484890735,78.49434106534522,31.155564416261218,"{""type"":""MultiPoint"",""coordinates"":[]}"
00000000000000000232,HYD_0563,17.46873462044655,78.50374897680621,29.152985219767753,"{""type"":""MultiPoint"",""coordinates"":[]}"
00000000000000000233,HYD_0564,17.468852807078992,78.51315843575739,26.510790753453858,"{""type"":""MultiPoint"",""coordinates"":[]}"
00000000000000000234,HYD_0565,17.468971305987708,78.52256747762816,25.94081716858939,"{""type"":""MultiPoint"",""coordinates"":[]}"
00000000000000000235,HYD_0566,17.46908802186575,78.5319776761487,25.320576162276502,"{""type"":""MultiPoint"",""coordinates"":[]}"
00000000000000000236,HYD_0567,17.469203949032117,78.5413863976895,27.30086261841273,"{""type"":""MultiPoint"",""coordinates"":[]}"
00000000000000000237,HYD_0568,17.46931953155383,78.55079620461687,27.144531112356283,"{""type"":""MultiPoint"",""coordinates"":[]}"
00000000000000000238,HYD_0569,17.469436185712496,78.56020711309615,29.511085767907012,"{""type"":""MultiPoint"",""coordinates"":[]}"
00000000000000000239,HYD_0570,17.46955176054597,78.56961696645088,29.92586766756498,"{""type"":""MultiPoint"",""coordinates"":[]}"
0000000000000000023a,HYD_0571,17.46966658483477,78.57902604431736,19.921798830180947,"{""type"":""MultiPoint"",""coordinates"":[]}"
0000000000000000023b,HYD_0572,17.46978064810933,78.58843506940865,18.941262844681624,"{""type"":""MultiPoint"",""coordinates"":[]}"
0000000000000000023c,HYD_0573,17.46989366703788,78.59784683254404,26.83412272934618,"{""type"":""MultiPoint"",""coordinates"":[]}"
0000000000000000023d,HYD_0574,17.470008055873162,78.6072569610008,29.55460611740599,"{""type"":""MultiPoint"",""coordinates"":[]}"
0000000000000000023e,HYD_0575,17.470121392900236,78.61666753832395,20.527131385982322,"{""type"":""MultiPoint"",""coordinates"":[]}"
0000000000000000023f,HYD_0576,17.470233612663527,78.62607697053069,16.263664385826075,"{""type"":""MultiPoint"",""coordinates"":[]}"
00000000000000000240,HYD_0577,17.470345808968755,78.63548790394559,18.496868402964605,"{""type"":""MultiPoint"",""coordinates"":[]}"
00000000000000000241,HYD_0578,17.47045696844511,78.64489773110103,18.106981059866893,"{""type"":""MultiPoint"",""coordinates"":[]}"
00000000000000000242,HYD_0579,17.470568447819314,78.65430866997103,10.372741337233654,"{""type"":""MultiPoint"",""coordinates"":[]}"
00000000000000000243,HYD_0580,17.470679923980736,78.66371959629541,7.545588076393963,"{""type"":""MultiPoint"",""coordinates"":[]}"
00000000000000000244,HYD_0581,17.47079061376735,78.67312903069052,9.15399076173065,"{""type"":""MultiPoint"",""coordinates"":[]}"
00000000000000000245,HYD_0582,17.45635430494826,78.24985856430075,30.62293678734585,"{""type"":""MultiPoint"",""coordinates"":[]}"
00000000000000000246,HYD_0583,17.45648399661927,78.2592646444137,29.340361610376775,"{""type"":""MultiPoint"",""coordinates"":[]}"
00000000000000000247,HYD_0584,17.456614025416155,78.26867109097921,22.966191723020167,"{""type"":""MultiPoint"",""coordinates"":[]}"
00000000000000000248,HYD_0585,17.45674298366466,78.27807869852684,30.50095078607072,"{""type"":""MultiPoint"",""coordinates"":[]}"
00000000000000000249,HYD_0586,17.45687152542197,78.28748588268644,52.415001127653035,"{""type"":""MultiPoint"",""coordinates"":[]}"
0000000000000000024a,HYD_0587,17.456997917023305,78.29689315323469,54.3005222406441,"{""type"":""MultiPoint"",""coordinates"":[]}"
0000000000000000024b,HYD_0588,17.457126470665937,78.30630036103888,43.82146880142671,"{""type"":""MultiPoint"",""coordinates"":[]}"
0000000000000000024c,HYD_0589,17.45725392053698,78.31570793608235,28.790456515505802,"{""type"":""MultiPoint"",""coordinates"":[]}"
0000000000000000024d,HYD_0590,17.457380660603537,78.32511554091279,16.373710257323044,"{""type"":""MultiPoint"",""coordinates"":[]}"
0000000000000000024e,HYD_0591,17.45750736861292,78.33452312418459,21.04270859265171,"{""type"":""MultiPoint"",""coordinates"":[]}"
0000000000000000024f,HYD_0592,17.457632929732142,78.34392956262909,31.468652948667316,"{""type"":""MultiPoint"",""coordinates"":[]}"
00000000000000000250,HYD_0593,17.457757442473877,78.35333717525572,34.72891072324201,"{""type"":""MultiPoint"",""coordinates"":[]}"
00000000000000000251,HYD_0594,17.45788230634909,78.36274588898083,48.28131766895671,"{""type"":""MultiPoint"",""coordinates"":[]}"
00000000000000000252,HYD_0595,17.458007174186193,78.37215458474016,62.555269641376164,"{""type"":""MultiPoint"",""coordinates"":[]}"
00000000000000000253,HYD_0596,17.45813201861724,78.38156327611713,57.8636831553494,"{""type"":""MultiPoint"",""coordinates"":[]}"
00000000000000000254,HYD_0597,17.458255001173132,78.39097086076049,49.959598734681045,"{""type"":""MultiPoint"",""coordinates"":[]}"
00000000000000000255,HYD_0598,17.458376894526406,78.40037738565296,39.846173228232516,"{""type"":""MultiPoint"",""coordinates"":[]}"
00000000000000000256,HYD_0599,17.458501008842553,78.40978534222823,49.44448803328421,"{""type"":""MultiPoint"",""coordinates"":[]}"
00000000000000000257,HYD_0600,17.458623616832664,78.41919325132193,40.51260690653369,"{""type"":""MultiPoint"",""coordinates"":[]}"
00000000000000000258,HYD_0601,17.458745114863873,78.42860234405467,44.74094275748942,"{""type"":""MultiPoint"",""coordinates"":[]}"
00000000000000000259,HYD_0602,17.45886550429829,78.43801106365912,39.781082153320305,"{""type"":""MultiPoint"",""coordinates"":[]}"
0000000000000000025a,HYD_0603,17.458985905592822,78.44741974950057,38.40038529709256,"{""type"":""MultiPoint"",""coordinates"":[]}"
0000000000000000025b,HYD_0604,17.459106661063355,78.45682732893283,35.088844726917365,"{""type"":""MultiPoint"",""coordinates"":[]}"
0000000000000000025c,HYD_0605,17.459226707705362,78.4662349389608,29.538213625984017,"{""type"":""MultiPoint"",""coordinates"":[]}"
0000000000000000025d,HYD_0606,17.459347126092375,78.47564362919299,31.138741506631963,"{""type"":""MultiPoint"",""coordinates"":[]}"
0000000000000000025e,HYD_0607,17.459467880556335,78.48505345148881,33.764055743659895,"{""type"":""MultiPoint"",""coordinates"":[]}"
0000000000000000025f,HYD_0608,17.459585667549337,78.49446327703401,35.404458343491896,"{""type"":""MultiPoint"",""coordinates"":[]}"
00000000000000000260,HYD_0609,17.459703836638933,78.50387197813589,33.11433412075937,"{""type"":""MultiPoint"",""coordinates"":[]}"
00000000000000000261,HYD_0610,17.45982199767387,78.51328067404289,22.495374683140593,"{""type"":""MultiPoint"",""coordinates"":[]}"
00000000000000000262,HYD_0611,17.459939047753203,78.5226897825344,22.038726924510488,"{""type"":""MultiPoint"",""coordinates"":[]}"
00000000000000000263,HYD_0612,17.460057191980713,78.5320976910785,25.935755754677995,"{""type"":""MultiPoint"",""coordinates"":[]}"
00000000000000000264,HYD_0613,17.460174276276458,78.54150677835591,28.907625179168612,"{""type"":""MultiPoint"",""coordinates"":[]}"
00000000000000000265,HYD_0614,17.46029020541403,78.55091773423095,26.451794739627566,"{""type"":""MultiPoint"",""coordinates"":[]}"
00000000000000000266,HYD_0615,17.460406151453267,78.56032863744008,31.437338685899928,"{""type"":""MultiPoint"",""coordinates"":[]}"
00000000000000000267,HYD_0616,17.46052097953687,78.56973773596465,29.362554335459983,"{""type"":""MultiPoint"",""coordinates"":[]}"
00000000000000000268,HYD_0617,17.460634666304898,78.5791456744259,24.053766606672628,"{""type"":""MultiPoint"",""coordinates"":[]}"
00000000000000000269,HYD_0618,17.460749504197167,78.58855475171711,23.213319562450394,"{""type"":""MultiPoint"",""coordinates"":[]}"
0000000000000000026a,HYD_0619,17.460863571666515,78.59796456039368,26.539022703816126,"{""type"":""MultiPoint"",""coordinates"":[]}"
0000000000000000026b,HYD_0620,17.46097580943453,78.60737479052989,42.41410593601822,"{""type"":""MultiPoint"",""coordinates"":[]}"
0000000000000000026c,HYD_0621,17.461089120272845,78.61678384908352,32.69257311119358,"{""type"":""MultiPoint"",""coordinates"":[]}"
0000000000000000026d,HYD_0622,17.46120243739199,78.6261951234799,17.690732654159618,"{""type"":""MultiPoint"",""coordinates"":[]}"
0000000000000000026e,HYD_0623,17.461313556206118,78.63560495074276,17.241334905572085,"{""type"":""MultiPoint"",""coordinates"":[]}"
0000000000000000026f,HYD_0624,17.461425036911486,78.6450136605254,19.573477915035628,"{""type"":""MultiPoint"",""coordinates"":[]}"
00000000000000000270,HYD_0625,17.461536533090435,78.65442458727344,12.688412267316348,"{""type"":""MultiPoint"",""coordinates"":[]}"
00000000000000000271,HYD_0626,17.461647999793165,78.6638355466511,8.94746476445368,"{""type"":""MultiPoint"",""coordinates"":[]}"
00000000000000000272,HYD_0627,17.46175838740566,78.67324462016379,9.451157627087836,"{""type"":""MultiPoint"",""coordinates"":[]}"
00000000000000000273,HYD_0628,17.447325378326482,78.24999304188597,28.15137635593983,"{""type"":""MultiPoint"",""coordinates"":[]}"
00000000000000000274,HYD_0629,17.447454687637258,78.25939951845055,29.092720786805,"{""type"":""MultiPoint"",""coordinates"":[]}"
00000000000000000275,HYD_0630,17.447583987611036,78.2688059880976,21.687774787150637,"{""type"":""MultiPoint"",""coordinates"":[]}"
00000000000000000276,HYD_0631,17.44771330050847,78.27821247173098,38.7136781862644,"{""type"":""MultiPoint"",""coordinates"":[]}"
00000000000000000277,HYD_0632,17.447842604518794,78.28761896173886,42.33835752994643,"{""type"":""MultiPoint"",""coordinates"":[]}"
00000000000000000278,HYD_0633,17.447969706494252,78.29702542771872,33.81503770676018,"{""type"":""MultiPoint"",""coordinates"":[]}"
00000000000000000279,HYD_0634,17.448097160915694,78.30643301663594,33.5764308543326,"{""type"":""MultiPoint"",""coordinates"":[]}"
0000000000000000027a,HYD_0635,17.448223521880514,78.31583951043716,21.37576644668651,"{""type"":""MultiPoint"",""coordinates"":[]}"
0000000000000000027b,HYD_0636,17.44835096318499,78.32524708266864,14.702945252514763,"{""type"":""MultiPoint"",""coordinates"":[]}"
0000000000000000027c,HYD_0637,17.448478403366526,78.33465464788286,17.583792376026203,"{""type"":""MultiPoint"",""coordinates"":[]}"
0000000000000000027d,HYD_0638,17.448602560565295,78.34406116021658,31.150105296727528,"{""type"":""MultiPoint"",""coordinates"":[]}"
0000000000000000027e,HYD_0639,17.44872813005051,78.3534676069163,56.43445152468449,"{""type"":""MultiPoint"",""coordinates"":[]}"
0000000000000000027f,HYD_0640,17.44885261285356,78.36287519047669,67.2079134245658,"{""type"":""MultiPoint"",""coordinates"":[]}"
00000000000000000280,HYD_0641,17.448977447310238,78.37228388947521,83.61146130982567,"{""type"":""MultiPoint"",""coordinates"":[]}"
00000000000000000281,HYD_0642,17.449102671709614,78.38169146636452,92.20405083810935,"{""type"":""MultiPoint"",""coordinates"":[]}"
00000000000000000282,HYD_0643,17.44922460516776,78.39109796390827,60.852195657517385,"{""type"":""MultiPoint"",""coordinates"":[]}"
00000000000000000283,HYD_0644,17.449347575461793,78.4005055448124,42.07218755419946,"{""type"":""MultiPoint"",""coordinates"":[]}"
00000000000000000284,HYD_0645,17.44947018889396,78.4099142580205,46.90662151591449,"{""type"":""MultiPoint"",""coordinates"":[]}"
00000000000000000285,HYD_0646,17.449593176029058,78.41932180167834,46.58979183865576,"{""type"":""MultiPoint"",""coordinates"":[]}"
00000000000000000286,HYD_0647,17.449715456781014,78.42872942353539,40.14907984072796,"{""type"":""MultiPoint"",""coordinates"":[]}"
00000000000000000287,HYD_0648,17.44983584420869,78.43813814515838,42.75184699990757,"{""type"":""MultiPoint"",""coordinates"":[]}"
00000000000000000288,HYD_0649,17.449956227820746,78.4475468348374,38.23525532711757,"{""type"":""MultiPoint"",""coordinates"":[]}"
00000000000000000289,HYD_0650,17.450076635836187,78.45695329959865,26.97608065343166,"{""type"":""MultiPoint"",""coordinates"":[]}"
0000000000000000028a,HYD_0651,17.450197037141194,78.46635979539454,32.40839146225805,"{""type"":""MultiPoint"",""coordinates"":[]}"
0000000000000000028b,HYD_0652,17.4503174469008,78.47576851155348,34.774001308323186,"{""type"":""MultiPoint"",""coordinates"":[]}"
0000000000000000028c,HYD_0653,17.45043782429379,78.48517718981705,38.47631664687267,"{""type"":""MultiPoint"",""coordinates"":[]}"
0000000000000000028d,HYD_0654,17.45055597825362,78.49458587443539,39.86891009566738,"{""type"":""MultiPoint"",""coordinates"":[]}"
0000000000000000028e,HYD_0655,17.450674147235393,78.50399457780766,40.1130534278022,"{""type"":""MultiPoint"",""coordinates"":[]}"
0000000000000000028f,HYD_0656,17.450792336788435,78.51340330790481,30.946560056162646,"{""type"":""MultiPoint"",""coordinates"":[]}"
00000000000000000290,HYD_0657,17.45090825215371,78.52281201723586,29.04999994315493,"{""type"":""MultiPoint"",""coordinates"":[]}"
00000000000000000291,HYD_0658,17.45102530643353,78.53222109336853,28.1143111646343,"{""type"":""MultiPoint"",""coordinates"":[]}"
00000000000000000292,HYD_0659,17.451142378379533,78.54162942098466,27.719812251838757,"{""type"":""MultiPoint"",""coordinates"":[]}"
00000000000000000293,HYD_0660,17.451258683627934,78.55103922757418,23.996161078692374,"{""type"":""MultiPoint"",""coordinates"":[]}"
00000000000000000294,HYD_0661,17.451374236181298,78.56044903957219,24.563752521493427,"{""type"":""MultiPoint"",""coordinates"":[]}"
00000000000000000295,HYD_0662,17.45148906628463,78.56985734803804,32.627525887315024,"{""type"":""MultiPoint"",""coordinates"":[]}"
00000000000000000296,HYD_0663,17.451603885953595,78.5792664545039,29.432343070933833,"{""type"":""MultiPoint"",""coordinates"":[]}"
00000000000000000297,HYD_0664,17.451718681247623,78.58867553426632,18.181183557440768,"{""type"":""MultiPoint"",""coordinates"":[]}"
00000000000000000298,HYD_0665,17.45183237980061,78.59808345199484,26.405497708566877,"{""type"":""MultiPoint"",""coordinates"":[]}"
00000000000000000299,HYD_0666,17.451944995999895,78.60749256459103,40.32880541841749,"{""type"":""MultiPoint"",""coordinates"":[]}"
0000000000000000029a,HYD_0667,17.452057940125272,78.61690278460394,28.88105773210079,"{""type"":""MultiPoint"",""coordinates"":[]}"
0000000000000000029b,HYD_0668,17.452171279705855,78.62631182439125,23.61478185072723,"{""type"":""MultiPoint"",""coordinates"":[]}"
0000000000000000029c,HYD_0669,17.452283889377572,78.63572086775417,35.60506120939795,"{""type"":""MultiPoint"",""coordinates"":[]}"
0000000000000000029d,HYD_0670,17.45239535178159,78.64512960353636,20.489394154794898,"{""type"":""MultiPoint"",""coordinates"":[]}"
0000000000000000029e,HYD_0671,17.45250720567352,78.65453942149652,13.203733437056837,"{""type"":""MultiPoint"",""coordinates"":[]}"
0000000000000000029f,HYD_0672,17.4526168730498,78.66395075294197,13.485454571839236,"{""type"":""MultiPoint"",""coordinates"":[]}"
000000000000000002a0,HYD_0673,17.452726440006487,78.67335978783744,13.765703483996646,"{""type"":""MultiPoint"",""coordinates"":[]}"
000000000000000002a1,HYD_0674,17.438425358263785,78.25953439090635,34.10306970762558,"{""type"":""MultiPoint"",""coordinates"":[]}"
000000000000000002a2,HYD_0675,17.438553957310056,78.26894088429677,30.020274362689342,"{""type"":""MultiPoint"",""coordinates"":[]}"
000000000000000002a3,HYD_0676,17.438683979326687,78.27834735716151,37.58203079552856,"{""type"":""MultiPoint"",""coordinates"":[]}"
000000000000000002a4,HYD_0677,17.438812915907366,78.28775273002894,48.699527971460185,"{""type"":""MultiPoint"",""coordinates"":[]}"
000000000000000002a5,HYD_0678,17.438940026744206,78.29715921350787,59.72260502048006,"{""type"":""MultiPoint"",""coordinates"":[]}"
000000000000000002a6,HYD_0679,17.439067106082618,78.30656567833101,25.272788455228852,"{""type"":""MultiPoint"",""coordinates"":[]}"
000000000000000002a7,HYD_0680,17.439194184805984,78.31597216832202,26.71015449852841,"{""type"":""MultiPoint"",""coordinates"":[]}"
000000000000000002a8,HYD_0681,17.43932163535496,78.32537972778998,26.583941775776218,"{""type"":""MultiPoint"",""coordinates"":[]}"
000000000000000002a9,HYD_0682,17.439448015820997,78.33478621376489,28.52589938245803,"{""type"":""MultiPoint"",""coordinates"":[]}"
000000000000000002aa,HYD_0683,17.439573590639526,78.34419267826479,37.60576499267465,"{""type"":""MultiPoint"",""coordinates"":[]}"
000000000000000002ab,HYD_0684,17.439697717928368,78.35359916277001,45.32776623629452,"{""type"":""MultiPoint"",""coordinates"":[]}"
000000000000000002ac,HYD_0685,17.439823280490387,78.36300560346088,59.622127643788986,"{""type"":""MultiPoint"",""coordinates"":[]}"
000000000000000002ad,HYD_0686,17.439947772224695,78.3724131933213,102.26092727199593,"{""type"":""MultiPoint"",""coordinates"":[]}"
000000000000000002ae,HYD_0687,17.440072641609692,78.38181970706941,144.84419043843948,"{""type"":""MultiPoint"",""coordinates"":[]}"
000000000000000002af,HYD_0688,17.440195263637644,78.39122617164037,84.85109561391538,"{""type"":""MultiPoint"",""coordinates"":[]}"
000000000000000002b0,HYD_0689,17.440318236745583,78.4006337330526,47.028310711464194,"{""type"":""MultiPoint"",""coordinates"":[]}"
000000000000000002b1,HYD_0690,17.440440501127927,78.41004133092848,34.722651633329164,"{""type"":""MultiPoint"",""coordinates"":[]}"
000000000000000002b2,HYD_0691,17.44056277843345,78.41944891365517,33.830889265475676,"{""type"":""MultiPoint"",""coordinates"":[]}"
000000000000000002b3,HYD_0692,17.44068614035778,78.4288553939591,36.97527557415949,"{""type"":""MultiPoint"",""coordinates"":[]}"
000000000000000002b4,HYD_0693,17.440806171655538,78.43826297884486,38.321264266967766,"{""type"":""MultiPoint"",""coordinates"":[]}"
000000000000000002b5,HYD_0694,17.44092655365491,78.44767167068552,42.68101180715954,"{""type"":""MultiPoint"",""coordinates"":[]}"
000000000000000002b6,HYD_0695,17.441046596795243,78.45707927792628,39.2230448181376,"{""type"":""MultiPoint"",""coordinates"":[]}"
000000000000000002b7,HYD_0696,17.441167723696882,78.46648573357773,35.67050808528483,"{""type"":""MultiPoint"",""coordinates"":[]}"
000000000000000002b8,HYD_0697,17.44128776698387,78.47589335634133,35.594632272979545,"{""type"":""MultiPoint"",""coordinates"":[]}"
000000000000000002b9,HYD_0698,17.44140703462042,78.48530244608482,38.40237384570908,"{""type"":""MultiPoint"",""coordinates"":[]}"
000000000000000002ba,HYD_0699,17.441525168525153,78.49471036158863,46.192519289914934,"{""type"":""MultiPoint"",""coordinates"":[]}"
000000000000000002bb,HYD_0700,17.44164374061899,78.50411873905641,49.90659655809184,"{""type"":""MultiPoint"",""coordinates"":[]}"
000000000000000002bc,HYD_0701,17.44176152070357,78.51352555362541,36.000320638354516,"{""type"":""MultiPoint"",""coordinates"":[]}"
000000000000000002bd,HYD_0702,17.441878576863708,78.52293464539903,32.92608981682188,"{""type"":""MultiPoint"",""coordinates"":[]}"
000000000000000002be,HYD_0703,17.4419945110522,78.53234335371256,32.923551700667126,"{""type"":""MultiPoint"",""coordinates"":[]}"
000000000000000002bf,HYD_0704,17.44211046550517,78.54175204021733,31.426617817404573,"{""type"":""MultiPoint"",""coordinates"":[]}"
000000000000000002c0,HYD_0705,17.442226412848672,78.55116074821812,26.600226500878502,"{""type"":""MultiPoint"",""coordinates"":[]}"
000000000000000002c1,HYD_0706,17.442342712169143,78.56056831205312,25.264749430357625,"{""type"":""MultiPoint"",""coordinates"":[]}"
000000000000000002c2,HYD_0707,17.442458284026078,78.56997591568904,32.61933597078019,"{""type"":""MultiPoint"",""coordinates"":[]}"
000000000000000002c3,HYD_0708,17.44257308840437,78.57938499572329,31.309204881678827,"{""type"":""MultiPoint"",""coordinates"":[]}"
000000000000000002c4,HYD_0709,17.442686746746876,78.58879293615645,18.24316901769211,"{""type"":""MultiPoint"",""coordinates"":[]}"
000000000000000002c5,HYD_0710,17.44280049899462,78.59820241562593,16.60757109692961,"{""type"":""MultiPoint"",""coordinates"":[]}"
000000000000000002c6,HYD_0711,17.44291418431758,78.60761034439662,16.148467292714145,"{""type"":""MultiPoint"",""coordinates"":[]}"
000000000000000002c7,HYD_0712,17.44302679261847,78.61701944589544,12.514570722884132,"{""type"":""MultiPoint"",""coordinates"":[]}"
000000000000000002c8,HYD_0713,17.443139377424878,78.62642851729747,25.078015942640704,"{""type"":""MultiPoint"",""coordinates"":[]}"
000000000000000002c9,HYD_0714,17.443251963875973,78.63583681560918,28.92272065450978,"{""type"":""MultiPoint"",""coordinates"":[]}"
000000000000000002ca,HYD_0715,17.44336346499629,78.6452455315005,24.582476697349023,"{""type"":""MultiPoint"",""coordinates"":[]}"
000000000000000002cb,HYD_0716,17.443474942922162,78.65465425992457,21.341995688361475,"{""type"":""MultiPoint"",""coordinates"":[]}"
000000000000000002cc,HYD_0717,17.44358564763764,78.664063653415,21.075171210549094,"{""type"":""MultiPoint"",""coordinates"":[]}"
000000000000000002cd,HYD_0718,17.443695665139952,78.67347386945414,22.89290324205753,"{""type"":""MultiPoint"",""coordinates"":[]}"
000000000000000002ce,HYD_0719,17.42939530719182,78.25966929253538,23.6698681811678,"{""type"":""MultiPoint"",""coordinates"":[]}"
000000000000000002cf,HYD_0720,17.429524631449855,78.2690757887434,27.047708623181137,"{""type"":""MultiPoint"",""coordinates"":[]}"
000000000000000002d0,HYD_0721,17.42965394403884,78.27848224834447,21.800711081061564,"{""type"":""MultiPoint"",""coordinates"":[]}"
000000000000000002d1,HYD_0722,17.42978325022436,78.28788649852306,20.52059560003272,"{""type"":""MultiPoint"",""coordinates"":[]}"
000000000000000002d2,HYD_0723,17.42991181070161,78.29729148000489,28.542507484194513,"{""type"":""MultiPoint"",""coordinates"":[]}"
000000000000000002d3,HYD_0724,17.430038203228552,78.30669873288468,17.74810233661874,"{""type"":""MultiPoint"",""coordinates"":[]}"
000000000000000002d4,HYD_0725,17.43016597046173,78.31610442606035,21.621922627301284,"{""type"":""MultiPoint"",""coordinates"":[]}"
000000000000000002d5,HYD_0726,17.430292375951908,78.3255116835219,36.65159984113126,"{""type"":""MultiPoint"",""coordinates"":[]}"
000000000000000002d6,HYD_0727,17.43041905334305,78.3349177513944,52.50382776574774,"{""type"":""MultiPoint"",""coordinates"":[]}"
000000000000000002d7,HYD_0728,17.430543524235137,78.34432310662905,50.28060054600128,"{""type"":""MultiPoint"",""coordinates"":[]}"
000000000000000002d8,HYD_0729,17.430668392103527,78.35372957956649,35.94013818522555,"{""type"":""MultiPoint"",""coordinates"":[]}"
000000000000000002d9,HYD_0730,17.430793250886175,78.36313606576435,36.76069821658935,"{""type"":""MultiPoint"",""coordinates"":[]}"
000000000000000002da,HYD_0731,17.43091810102657,78.37254254930087,66.19261355259839,"{""type"":""MultiPoint"",""coordinates"":[]}"
000000000000000002db,HYD_0732,17.431042977952472,78.38194900670226,120.25283172593186,"{""type"":""MultiPoint"",""coordinates"":[]}"
000000000000000002dc,HYD_0733,17.43116556659811,78.39135545887875,71.3714948825622,"{""type"":""MultiPoint"",""coordinates"":[]}"
000000000000000002dd,HYD_0734,17.431288198963482,78.40076194245755,49.06367952368234,"{""type"":""MultiPoint"",""coordinates"":[]}"
000000000000000002de,HYD_0735,17.43141083869212,78.41016843310665,42.30752395801491,"{""type"":""MultiPoint"",""coordinates"":[]}"
000000000000000002df,HYD_0736,17.43153384950684,78.41957601277838,40.196291800270814,"{""type"":""MultiPoint"",""coordinates"":[]}"
000000000000000002e0,HYD_0737,17.431655749331384,78.42898250743431,40.163737553575935,"{""type"":""MultiPoint"",""coordinates"":[]}"
000000000000000002e1,HYD_0738,17.431776839877642,78.43838895907139,41.84130611133932,"{""type"":""MultiPoint"",""coordinates"":[]}"
000000000000000002e2,HYD_0739,17.431896888002953,78.44779653652544,46.17983077459505,"{""type"":""MultiPoint"",""coordinates"":[]}"
000000000000000002e3,HYD_0740,17.43201726744688,78.45720524072273,43.51172805942415,"{""type"":""MultiPoint"",""coordinates"":[]}"
000000000000000002e4,HYD_0741,17.43213766994342,78.4666117215427,26.29337388035117,"{""type"":""MultiPoint"",""coordinates"":[]}"
000000000000000002e5,HYD_0742,17.43225808751125,78.4760182091626,23.65778056415533,"{""type"":""MultiPoint"",""coordinates"":[]}"
000000000000000002e6,HYD_0743,17.432376589448836,78.48542579969666,30.13974191547559,"{""type"":""MultiPoint"",""coordinates"":[]}"
000000000000000002e7,HYD_0744,17.43249438901551,78.49483339561453,44.930269923680264,"{""type"":""MultiPoint"",""coordinates"":[]}"
000000000000000002e8,HYD_0745,17.43261218979249,78.50424099501913,59.2832298978753,"{""type"":""MultiPoint"",""coordinates"":[]}"
000000000000000002e9,HYD_0746,17.432730716338973,78.51364855705229,39.68235413753842,"{""type"":""MultiPoint"",""coordinates"":[]}"
000000000000000002ea,HYD_0747,17.432849258096983,78.52305613624105,32.0040792431246,"{""type"":""MultiPoint"",""coordinates"":[]}"
000000000000000002eb,HYD_0748,17.432964825378853,78.53246373850133,30.53437949655655,"{""type"":""MultiPoint"",""coordinates"":[]}"
000000000000000002ec,HYD_0749,17.43308076425719,78.54187241380903,31.897100709595183,"{""type"":""MultiPoint"",""coordinates"":[]}"
000000000000000002ed,HYD_0750,17.433196726920148,78.55128114031204,34.628915502298675,"{""type"":""MultiPoint"",""coordinates"":[]}"
000000000000000002ee,HYD_0751,17.433312662932813,78.56068761172772,33.89784518497091,"{""type"":""MultiPoint"",""coordinates"":[]}"
000000000000000002ef,HYD_0752,17.4334274880502,78.570094475604,31.386915892194853,"{""type"":""MultiPoint"",""coordinates"":[]}"
000000000000000002f0,HYD_0753,17.433541160612563,78.5795023796664,27.21709502380142,"{""type"":""MultiPoint"",""coordinates"":[]}"
000000000000000002f1,HYD_0754,17.433655996636144,78.58891150366188,21.358198056851133,"{""type"":""MultiPoint"",""coordinates"":[]}"
000000000000000002f2,HYD_0755,17.433769709940798,78.5983202064226,21.97025157069112,"{""type"":""MultiPoint"",""coordinates"":[]}"
000000000000000002f3,HYD_0756,17.43388229809668,78.60772929709061,21.700750414470793,"{""type"":""MultiPoint"",""coordinates"":[]}"
000000000000000002f4,HYD_0757,17.433996346185566,78.61713608611929,15.728740938161595,"{""type"":""MultiPoint"",""coordinates"":[]}"
000000000000000002f5,HYD_0758,17.434108603251957,78.62654404551327,12.930302364310037,"{""type"":""MultiPoint"",""coordinates"":[]}"
000000000000000002f6,HYD_0759,17.434220040879232,78.63595276919997,19.599270571910868,"{""type"":""MultiPoint"",""coordinates"":[]}"
000000000000000002f7,HYD_0760,17.43433154332325,78.64536149010466,37.213187311859414,"{""type"":""MultiPoint"",""coordinates"":[]}"
000000000000000002f8,HYD_0761,17.434443016165215,78.6547701840013,27.132851901242255,"{""type"":""MultiPoint"",""coordinates"":[]}"
000000000000000002f9,HYD_0762,17.43455340720541,78.66417927456224,22.657126895482275,"{""type"":""MultiPoint"",""coordinates"":[]}"
000000000000000002fa,HYD_0763,17.43466377308708,78.67358760212353,18.49716485943209,"{""type"":""MultiPoint"",""coordinates"":[]}"
000000000000000002fb,HYD_0764,17.420497532177873,78.26921064915031,18.028448171123095,"{""type"":""MultiPoint"",""coordinates"":[]}"
000000000000000002fc,HYD_0765,17.420625372220304,78.2786164136511,15.298368833840396,"{""type"":""MultiPoint"",""coordinates"":[]}"
000000000000000002fd,HYD_0766,17.420753571908897,78.28802027459926,18.256897030861726,"{""type"":""MultiPoint"",""coordinates"":[]}"
000000000000000002fe,HYD_0767,17.420882886228853,78.29742452452125,21.634481965511217,"{""type"":""MultiPoint"",""coordinates"":[]}"
000000000000000002ff,HYD_0768,17.42101035278972,78.30682987677453,13.812783798253594,"{""type"":""MultiPoint"",""coordinates"":[]}"
00000000000000000300,HYD_0769,17.42113672488991,78.31623636427472,13.362098672356405,"{""type"":""MultiPoint"",""coordinates"":[]}"
00000000000000000301,HYD_0770,17.421264513481933,78.32564283309658,27.05864119462564,"{""type"":""MultiPoint"",""coordinates"":[]}"
00000000000000000302,HYD_0771,17.421388994633823,78.3350481836836,68.686537726866,"{""type"":""MultiPoint"",""coordinates"":[]}"
00000000000000000303,HYD_0772,17.421513467508426,78.34445353477027,88.77305667380251,"{""type"":""MultiPoint"",""coordinates"":[]}"
00000000000000000304,HYD_0773,17.42163906753497,78.3538600046224,63.15627614873084,"{""type"":""MultiPoint"",""coordinates"":[]}"
00000000000000000305,HYD_0774,17.421763561693997,78.36326537456272,52.50306967901692,"{""type"":""MultiPoint"",""coordinates"":[]}"
00000000000000000306,HYD_0775,17.421888408178116,78.37267186002646,51.672499248215054,"{""type"":""MultiPoint"",""coordinates"":[]}"
00000000000000000307,HYD_0776,17.422013287848362,78.38207831332795,62.14644870827922,"{""type"":""MultiPoint"",""coordinates"":[]}"
00000000000000000308,HYD_0777,17.422136249016244,78.39148364487441,43.62539045768246,"{""type"":""MultiPoint"",""coordinates"":[]}"
00000000000000000309,HYD_0778,17.42225817048752,78.40089015161672,35.84116503314205,"{""type"":""MultiPoint"",""coordinates"":[]}"
0000000000000000030a,HYD_0779,17.422381529618875,78.41029663893599,43.845545964477886,"{""type"":""MultiPoint"",""coordinates"":[]}"
0000000000000000030b,HYD_0780,17.422503447644132,78.41970311678324,33.8437533391713,"{""type"":""MultiPoint"",""coordinates"":[]}"
0000000000000000030c,HYD_0781,17.42262678059607,78.42910956542802,38.43207815791783,"{""type"":""MultiPoint"",""coordinates"":[]}"
0000000000000000030d,HYD_0782,17.422746448370873,78.43851608275982,44.90903281451165,"{""type"":""MultiPoint"",""coordinates"":[]}"
0000000000000000030e,HYD_0783,17.422867542118592,78.4479225264058,53.79621955135099,"{""type"":""MultiPoint"",""coordinates"":[]}"
0000000000000000030f,HYD_0784,17.422987593605107,78.45733009491565,55.63800601744919,"{""type"":""MultiPoint"",""coordinates"":[]}"
00000000000000000310,HYD_0785,17.423107980775974,78.46673657756301,28.223583445007552,"{""type"":""MultiPoint"",""coordinates"":[]}"
00000000000000000311,HYD_0786,17.423227294238284,78.47614345518137,16.342727413552883,"{""type"":""MultiPoint"",""coordinates"":[]}"
00000000000000000312,HYD_0787,17.4233454163845,78.48554915980658,24.905014527447907,"{""type"":""MultiPoint"",""coordinates"":[]}"
00000000000000000313,HYD_0788,17.423464697712006,78.49495600621648,42.817581856675716,"{""type"":""MultiPoint"",""coordinates"":[]}"
00000000000000000314,HYD_0789,17.423583225219808,78.50436358164616,44.48957800350279,"{""type"":""MultiPoint"",""coordinates"":[]}"
00000000000000000315,HYD_0790,17.42369994352676,78.51377156782279,37.00825558773226,"{""type"":""MultiPoint"",""coordinates"":[]}"
00000000000000000316,HYD_0791,17.4238177428597,78.52317838544822,30.36778138436887,"{""type"":""MultiPoint"",""coordinates"":[]}"
00000000000000000317,HYD_0792,17.423935494046724,78.53258522384425,26.487750146272926,"{""type"":""MultiPoint"",""coordinates"":[]}"
00000000000000000318,HYD_0793,17.424051097351732,78.54199283827207,31.598128099807983,"{""type"":""MultiPoint"",""coordinates"":[]}"
00000000000000000319,HYD_0794,17.42416740591453,78.55140040175148,33.46714289526458,"{""type"":""MultiPoint"",""coordinates"":[]}"
0000000000000000031a,HYD_0795,17.424281518480335,78.56080728346144,32.55497461507763,"{""type"":""MultiPoint"",""coordinates"":[]}"
0000000000000000031b,HYD_0796,17.424395550307054,78.57021409335863,28.500481002879255,"{""type"":""MultiPoint"",""coordinates"":[]}"
0000000000000000031c,HYD_0797,17.424510378743356,78.57962320379441,32.655961197715314,"{""type"":""MultiPoint"",""coordinates"":[]}"
0000000000000000031d,HYD_0798,17.42462556123233,78.5890311495908,26.347370145914137,"{""type"":""MultiPoint"",""coordinates"":[]}"
0000000000000000031e,HYD_0799,17.42473889991719,78.59843798292519,22.444748735955717,"{""type"":""MultiPoint"",""coordinates"":[]}"
0000000000000000031f,HYD_0800,17.42485150406279,78.60784707661972,22.903596861211785,"{""type"":""MultiPoint"",""coordinates"":[]}"
00000000000000000320,HYD_0801,17.424963743294008,78.61725506934796,13.06976769944312,"{""type"":""MultiPoint"",""coordinates"":[]}"
00000000000000000321,HYD_0802,17.425077067073758,78.62666110419481,12.511156112570701,"{""type"":""MultiPoint"",""coordinates"":[]}"
00000000000000000322,HYD_0803,17.425188163287885,78.63606871543219,23.724782005245704,"{""type"":""MultiPoint"",""coordinates"":[]}"
00000000000000000323,HYD_0804,17.42529961651333,78.64547743265763,30.376507523977853,"{""type"":""MultiPoint"",""coordinates"":[]}"
00000000000000000324,HYD_0805,17.425411090385268,78.6548861162738,21.890813038967273,"{""type"":""MultiPoint"",""coordinates"":[]}"
00000000000000000325,HYD_0806,17.425521467360703,78.66429445330459,13.690450256805704,"{""type"":""MultiPoint"",""coordinates"":[]}"
00000000000000000326,HYD_0807,17.425631838519255,78.67370352616044,11.898616456627622,"{""type"":""MultiPoint"",""coordinates"":[]}"
00000000000000000327,HYD_0808,17.411597903443937,78.27874942322673,14.181069289094735,"{""type"":""MultiPoint"",""coordinates"":[]}"
00000000000000000328,HYD_0809,17.411725010269453,78.2881544200269,23.295093631296655,"{""type"":""MultiPoint"",""coordinates"":[]}"
00000000000000000329,HYD_0810,17.411853218391986,78.29755828060958,28.872923431815686,"{""type"":""MultiPoint"",""coordinates"":[]}"
0000000000000000032a,HYD_0811,17.411980326881036,78.3069625532739,31.5068342734904,"{""type"":""MultiPoint"",""coordinates"":[]}"
0000000000000000032b,HYD_0812,17.412107763402794,78.31636788118048,29.378937320458732,"{""type"":""MultiPoint"",""coordinates"":[]}"
0000000000000000032c,HYD_0813,17.412234491624982,78.32577325561168,36.87174465687593,"{""type"":""MultiPoint"",""coordinates"":[]}"
0000000000000000032d,HYD_0814,17.41235896870186,78.33517862350558,61.967234235389206,"{""type"":""MultiPoint"",""coordinates"":[]}"
0000000000000000032e,HYD_0815,17.412484526372914,78.34458506770363,95.43757394482108,"{""type"":""MultiPoint"",""coordinates"":[]}"
0000000000000000032f,HYD_0816,17.412609016986934,78.35399043458143,84.8790030130526,"{""type"":""MultiPoint"",""coordinates"":[]}"
00000000000000000330,HYD_0817,17.412733882812827,78.36339468317298,63.24773274935208,"{""type"":""MultiPoint"",""coordinates"":[]}"
00000000000000000331,HYD_0818,17.412859101249165,78.37280004759113,63.390312159072586,"{""type"":""MultiPoint"",""coordinates"":[]}"
00000000000000000332,HYD_0819,17.412983255570996,78.38220652375183,62.18603360379759,"{""type"":""MultiPoint"",""coordinates"":[]}"
00000000000000000333,HYD_0820,17.413106227442967,78.39161185784042,56.285619901962804,"{""type"":""MultiPoint"",""coordinates"":[]}"
00000000000000000334,HYD_0821,17.413229193739443,78.40101722981179,46.88592351968867,"{""type"":""MultiPoint"",""coordinates"":[]}"
00000000000000000335,HYD_0822,17.41335111794636,78.41042373258453,51.04260049407016,"{""type"":""MultiPoint"",""coordinates"":[]}"
00000000000000000336,HYD_0823,17.413474454886494,78.41983016389537,39.74672720048312,"{""type"":""MultiPoint"",""coordinates"":[]}"
00000000000000000337,HYD_0824,17.41359673210633,78.42923553451365,38.21940073220968,"{""type"":""MultiPoint"",""coordinates"":[]}"
00000000000000000338,HYD_0825,17.41371711947909,78.4386420333025,46.04926030839172,"{""type"":""MultiPoint"",""coordinates"":[]}"
00000000000000000339,HYD_0826,17.41383750396866,78.44804850032732,48.25994820849518,"{""type"":""MultiPoint"",""coordinates"":[]}"
0000000000000000033a,HYD_0827,17.413958257875265,78.4574538316998,49.1940449918254,"{""type"":""MultiPoint"",""coordinates"":[]}"
0000000000000000033b,HYD_0828,17.414077970361856,78.46686033258817,57.815344140289035,"{""type"":""MultiPoint"",""coordinates"":[]}"
0000000000000000033c,HYD_0829,17.414196825022604,78.47626677599212,35.12490430429802,"{""type"":""MultiPoint"",""coordinates"":[]}"
0000000000000000033d,HYD_0830,17.41431428691313,78.48567329105609,32.13028367122089,"{""type"":""MultiPoint"",""coordinates"":[]}"
0000000000000000033e,HYD_0831,17.41443427516177,78.49508013449258,36.535946285601746,"{""type"":""MultiPoint"",""coordinates"":[]}"
0000000000000000033f,HYD_0832,17.414551730224186,78.50448584565272,39.95903725878814,"{""type"":""MultiPoint"",""coordinates"":[]}"
00000000000000000340,HYD_0833,17.414669495435955,78.51389268393524,34.175653726380574,"{""type"":""MultiPoint"",""coordinates"":[]}"
00000000000000000341,HYD_0834,17.41478617397162,78.52330063914846,23.04056897292991,"{""type"":""MultiPoint"",""coordinates"":[]}"
00000000000000000342,HYD_0835,17.41490323593015,78.53270675355382,16.959737632915928,"{""type"":""MultiPoint"",""coordinates"":[]}"
00000000000000000343,HYD_0836,17.415019195981287,78.54211325495386,25.00512185851993,"{""type"":""MultiPoint"",""coordinates"":[]}"
00000000000000000344,HYD_0837,17.41513512447778,78.55151971229672,28.72377930295277,"{""type"":""MultiPoint"",""coordinates"":[]}"
00000000000000000345,HYD_0838,17.415249945931247,78.56092578380127,29.848924687355076,"{""type"":""MultiPoint"",""coordinates"":[]}"
00000000000000000346,HYD_0839,17.41536478232454,78.57033487794422,32.02434157967343,"{""type"":""MultiPoint"",""coordinates"":[]}"
00000000000000000347,HYD_0840,17.41547993752186,78.57974283109807,30.079446971528306,"{""type"":""MultiPoint"",""coordinates"":[]}"
00000000000000000348,HYD_0841,17.41559289576579,78.58914855020414,30.497338133647034,"{""type"":""MultiPoint"",""coordinates"":[]}"
00000000000000000349,HYD_0842,17.415707008513298,78.5985569248359,23.086521773132556,"{""type"":""MultiPoint"",""coordinates"":[]}"
0000000000000000034a,HYD_0843,17.415821060338,78.60796372801525,23.674270062551017,"{""type"":""MultiPoint"",""coordinates"":[]}"
0000000000000000034b,HYD_0844,17.415933307627558,78.61737170193712,15.926104690523127,"{""type"":""MultiPoint"",""coordinates"":[]}"
0000000000000000034c,HYD_0845,17.41604442802792,78.62677930422895,15.733453077217785,"{""type"":""MultiPoint"",""coordinates"":[]}"
0000000000000000034d,HYD_0846,17.41615662341973,78.63618576293264,22.377509871111226,"{""type"":""MultiPoint"",""coordinates"":[]}"
0000000000000000034e,HYD_0847,17.416267721977118,78.64559336740352,18.161874165454456,"{""type"":""MultiPoint"",""coordinates"":[]}"
0000000000000000034f,HYD_0848,17.416379196913812,78.65500205602419,11.681724437831962,"{""type"":""MultiPoint"",""coordinates"":[]}"
00000000000000000350,HYD_0849,17.416490667405878,78.66441075206885,9.30484766986983,"{""type"":""MultiPoint"",""coordinates"":[]}"
00000000000000000351,HYD_0850,17.41660141873403,78.6738187085159,7.744046934333765,"{""type"":""MultiPoint"",""coordinates"":[]}"
00000000000000000352,HYD_0851,17.416710305396865,78.68322553544138,7.103485837676715,"{""type"":""MultiPoint"",""coordinates"":[]}"
00000000000000000353,HYD_0852,17.403204811502185,78.3259047822381,67.87576994560133,"{""type"":""MultiPoint"",""coordinates"":[]}"
00000000000000000354,HYD_0853,17.403330028671157,78.33531013858048,87.65818517768953,"{""type"":""MultiPoint"",""coordinates"":[]}"
00000000000000000355,HYD_0854,17.403454507132853,78.34471550935818,90.80279805837583,"{""type"":""MultiPoint"",""coordinates"":[]}"
00000000000000000356,HYD_0855,17.403579361008138,78.3541197629378,99.3418897172095,"{""type"":""MultiPoint"",""coordinates"":[]}"
00000000000000000357,HYD_0856,17.40370420909608,78.36352401313474,75.30030285976618,"{""type"":""MultiPoint"",""coordinates"":[]}"
00000000000000000358,HYD_0857,17.403829077129327,78.37292826192558,70.57260912667967,"{""type"":""MultiPoint"",""coordinates"":[]}"
00000000000000000359,HYD_0858,17.40395393395163,78.38233472102813,61.08558387260933,"{""type"":""MultiPoint"",""coordinates"":[]}"
0000000000000000035a,HYD_0859,17.40407654713406,78.3917411743078,54.4872192474733,"{""type"":""MultiPoint"",""coordinates"":[]}"
0000000000000000035b,HYD_0860,17.4041991639299,78.40114543099487,53.09496980491767,"{""type"":""MultiPoint"",""coordinates"":[]}"
0000000000000000035c,HYD_0861,17.404322154999555,78.41055079163154,56.21171955946015,"{""type"":""MultiPoint"",""coordinates"":[]}"
0000000000000000035d,HYD_0862,17.404443335354635,78.41995652988363,53.778243159711025,"{""type"":""MultiPoint"",""coordinates"":[]}"
0000000000000000035e,HYD_0863,17.40456556790989,78.42936112413561,37.474866762361934,"{""type"":""MultiPoint"",""coordinates"":[]}"
0000000000000000035f,HYD_0864,17.404687801447036,78.43876798379692,47.816085536567094,"{""type"":""MultiPoint"",""coordinates"":[]}"
00000000000000000360,HYD_0865,17.40480782476528,78.44817335105972,52.51221381690643,"{""type"":""MultiPoint"",""coordinates"":[]}"
00000000000000000361,HYD_0866,17.40492823132016,78.45757759805322,52.733052397623396,"{""type"":""MultiPoint"",""coordinates"":[]}"
00000000000000000362,HYD_0867,17.40504752647199,78.46698442794752,75.24389754877554,"{""type"":""MultiPoint"",""coordinates"":[]}"
00000000000000000363,HYD_0868,17.405165681951516,78.47639015545435,57.7888820317238,"{""type"":""MultiPoint"",""coordinates"":[]}"
00000000000000000364,HYD_0869,17.40528533240519,78.4857958997984,35.26629547147742,"{""type"":""MultiPoint"",""coordinates"":[]}"
00000000000000000365,HYD_0870,17.405402776938608,78.49520238003826,36.610904132828736,"{""type"":""MultiPoint"",""coordinates"":[]}"
00000000000000000366,HYD_0871,17.405521657725174,78.50460884635407,36.50301959005635,"{""type"":""MultiPoint"",""coordinates"":[]}"
00000000000000000367,HYD_0872,17.405639087347016,78.51401533563164,29.907698758679114,"{""type"":""MultiPoint"",""coordinates"":[]}"
00000000000000000368,HYD_0873,17.405755728665277,78.523421765745,17.720589910360758,"{""type"":""MultiPoint"",""coordinates"":[]}"
00000000000000000369,HYD_0874,17.405871336660955,78.53282714559921,14.63905736250457,"{""type"":""MultiPoint"",""coordinates"":[]}"
0000000000000000036a,HYD_0875,17.40598728060822,78.54223362043776,28.824505460072366,"{""type"":""MultiPoint"",""coordinates"":[]}"
0000000000000000036b,HYD_0876,17.406103202217523,78.55164010390055,44.326424120515995,"{""type"":""MultiPoint"",""coordinates"":[]}"
0000000000000000036c,HYD_0877,17.406219145134653,78.5610465635799,35.67924372705438,"{""type"":""MultiPoint"",""coordinates"":[]}"
0000000000000000036d,HYD_0878,17.40633543242645,78.57045413778341,35.56973186742479,"{""type"":""MultiPoint"",""coordinates"":[]}"
0000000000000000036e,HYD_0879,17.406448431543918,78.5798606285793,25.334690800750902,"{""type"":""MultiPoint"",""coordinates"":[]}"
0000000000000000036f,HYD_0880,17.406562837898978,78.58926709635061,31.089865854808263,"{""type"":""MultiPoint"",""coordinates"":[]}"
00000000000000000370,HYD_0881,17.40667621067867,78.59867469379094,28.49168177169886,"{""type"":""MultiPoint"",""coordinates"":[]}"
00000000000000000371,HYD_0882,17.406788453186742,78.6080826704093,25.259926345322153,"{""type"":""MultiPoint"",""coordinates"":[]}"
00000000000000000372,HYD_0883,17.40690288315366,78.61748835000374,14.341493334216572,"{""type"":""MultiPoint"",""coordinates"":[]}"
00000000000000000373,HYD_0884,17.407015118198135,78.62689633337034,9.737729559686546,"{""type"":""MultiPoint"",""coordinates"":[]}"
00000000000000000374,HYD_0885,17.407126574776576,78.6363028380905,10.923600010755587,"{""type"":""MultiPoint"",""coordinates"":[]}"
00000000000000000375,HYD_0886,17.407238052474106,78.64570931023238,11.493311433810005,"{""type"":""MultiPoint"",""coordinates"":[]}"
00000000000000000376,HYD_0887,17.407348414841067,78.6551183868863,9.815196861714234,"{""type"":""MultiPoint"",""coordinates"":[]}"
00000000000000000377,HYD_0888,17.40745913701468,78.66452558891272,8.00544806933648,"{""type"":""MultiPoint"",""coordinates"":[]}"
00000000000000000378,HYD_0889,17.407568774563256,78.67393168905343,7.019596627684516,"{""type"":""MultiPoint"",""coordinates"":[]}"
00000000000000000379,HYD_0890,17.40767840439667,78.6833400131793,6.322215555753925,"{""type"":""MultiPoint"",""coordinates"":[]}"
0000000000000000037a,HYD_0891,17.39442485258672,78.34484481974596,88.00937465537876,"{""type"":""MultiPoint"",""coordinates"":[]}"
0000000000000000037b,HYD_0892,17.394549688529313,78.35424907481567,89.66546504771343,"{""type"":""MultiPoint"",""coordinates"":[]}"
0000000000000000037c,HYD_0893,17.394674544653437,78.36365332957926,62.88273351395813,"{""type"":""MultiPoint"",""coordinates"":[]}"
0000000000000000037d,HYD_0894,17.394799400878163,78.37305755842993,61.259191389718445,"{""type"":""MultiPoint"",""coordinates"":[]}"
0000000000000000037e,HYD_0895,17.39492460987381,78.38246290217194,58.485013359377305,"{""type"":""MultiPoint"",""coordinates"":[]}"
0000000000000000037f,HYD_0896,17.395046881866907,78.39186827741672,45.92063401359468,"{""type"":""MultiPoint"",""coordinates"":[]}"
00000000000000000380,HYD_0897,17.395169501886976,78.40127253023455,43.63500494894346,"{""type"":""MultiPoint"",""coordinates"":[]}"
00000000000000000381,HYD_0898,17.395291766137202,78.4106779002752,46.58387367720899,"{""type"":""MultiPoint"",""coordinates"":[]}"
00000000000000000382,HYD_0899,17.39541250875454,78.42008322673264,47.98496720046782,"{""type"":""MultiPoint"",""coordinates"":[]}"
00000000000000000383,HYD_0900,17.395535494811803,78.42948858864693,45.09880949897307,"{""type"":""MultiPoint"",""coordinates"":[]}"
00000000000000000384,HYD_0901,17.39565777355297,78.43889395477999,45.99725861500766,"{""type"":""MultiPoint"",""coordinates"":[]}"
00000000000000000385,HYD_0902,17.395778170529645,78.4482981866692,52.57705801809181,"{""type"":""MultiPoint"",""coordinates"":[]}"
00000000000000000386,HYD_0903,17.395897416868703,78.4577028362788,56.42982976997468,"{""type"":""MultiPoint"",""coordinates"":[]}"
00000000000000000387,HYD_0904,17.39601559890044,78.46710852824998,62.17506602998084,"{""type"":""MultiPoint"",""coordinates"":[]}"
00000000000000000388,HYD_0905,17.39613492090625,78.4765153854048,52.327076038524645,"{""type"":""MultiPoint"",""coordinates"":[]}"
00000000000000000389,HYD_0906,17.396255282201864,78.48591963086115,42.2659063187289,"{""type"":""MultiPoint"",""coordinates"":[]}"
0000000000000000038a,HYD_0907,17.396373817124665,78.4953249775548,41.548353304232855,"{""type"":""MultiPoint"",""coordinates"":[]}"
0000000000000000038b,HYD_0908,17.396490182045074,78.50473187363961,42.23951841561535,"{""type"":""MultiPoint"",""coordinates"":[]}"
0000000000000000038c,HYD_0909,17.39660902076301,78.51413756813784,37.121779366825415,"{""type"":""MultiPoint"",""coordinates"":[]}"
0000000000000000038d,HYD_0910,17.396725716853805,78.52354330583431,28.316145897784157,"{""type"":""MultiPoint"",""coordinates"":[]}"
0000000000000000038e,HYD_0911,17.39684130859683,78.53294865904543,24.552959241929628,"{""type"":""MultiPoint"",""coordinates"":[]}"
0000000000000000038f,HYD_0912,17.396957952181165,78.54235513909295,30.55163079237647,"{""type"":""MultiPoint"",""coordinates"":[]}"
00000000000000000390,HYD_0913,17.397073507303702,78.55176050136434,36.4002033777067,"{""type"":""MultiPoint"",""coordinates"":[]}"
00000000000000000391,HYD_0914,17.39718945728441,78.56116695756859,43.19694330272604,"{""type"":""MultiPoint"",""coordinates"":[]}"
00000000000000000392,HYD_0915,17.397304313786062,78.57057382013389,43.49313230122606,"{""type"":""MultiPoint"",""coordinates"":[]}"
00000000000000000393,HYD_0916,17.397418345001984,78.57997840637952,26.273776655241917,"{""type"":""MultiPoint"",""coordinates"":[]}"
00000000000000000394,HYD_0917,17.39753137800344,78.58938566833052,27.672919740372713,"{""type"":""MultiPoint"",""coordinates"":[]}"
00000000000000000395,HYD_0918,17.397645759086274,78.59879134126251,24.143826181116236,"{""type"":""MultiPoint"",""coordinates"":[]}"
00000000000000000396,HYD_0919,17.397758023512743,78.60819932970595,20.71361880633442,"{""type"":""MultiPoint"",""coordinates"":[]}"
00000000000000000397,HYD_0920,17.397870615835146,78.61760618082519,15.121779588418388,"{""type"":""MultiPoint"",""coordinates"":[]}"
00000000000000000398,HYD_0921,17.39798321150402,78.62701227593055,9.975520665381682,"{""type"":""MultiPoint"",""coordinates"":[]}"
00000000000000000399,HYD_0922,17.39809467676735,78.63641876214544,8.540772253582736,"{""type"":""MultiPoint"",""coordinates"":[]}"
0000000000000000039a,HYD_0923,17.398206141681065,78.6458252387535,7.884857097740136,"{""type"":""MultiPoint"",""coordinates"":[]}"
0000000000000000039b,HYD_0924,17.39831685979081,78.65523243341394,6.944005722400173,"{""type"":""MultiPoint"",""coordinates"":[]}"
0000000000000000039c,HYD_0925,17.39842653965014,78.66463931471439,6.328061613753507,"{""type"":""MultiPoint"",""coordinates"":[]}"
0000000000000000039d,HYD_0926,17.39853758685407,78.67404614315613,6.0075470761554985,"{""type"":""MultiPoint"",""coordinates"":[]}"
0000000000000000039e,HYD_0927,17.398646456834236,78.68345295525822,6.3914506612249395,"{""type"":""MultiPoint"",""coordinates"":[]}"
0000000000000000039f,HYD_0928,17.38552002605427,78.35437837331048,69.8598288720513,"{""type"":""MultiPoint"",""coordinates"":[]}"
000000000000000003a0,HYD_0929,17.385644864361833,78.36378262946823,59.50958694558111,"{""type"":""MultiPoint"",""coordinates"":[]}"
000000000000000003a1,HYD_0930,17.38576971474956,78.3731868625101,45.297320690351654,"{""type"":""MultiPoint"",""coordinates"":[]}"
000000000000000003a2,HYD_0931,17.38589458188155,78.38259111272734,34.67185090162427,"{""type"":""MultiPoint"",""coordinates"":[]}"
000000000000000003a3,HYD_0932,17.38601720693489,78.39199538823287,25.716594498853343,"{""type"":""MultiPoint"",""coordinates"":[]}"
000000000000000003a4,HYD_0933,17.386139807341465,78.40139961399562,40.98177036693351,"{""type"":""MultiPoint"",""coordinates"":[]}"
000000000000000003a5,HYD_0934,17.386262782245065,78.41080494360017,51.58349562182869,"{""type"":""MultiPoint"",""coordinates"":[]}"
000000000000000003a6,HYD_0935,17.386382829408873,78.42021032443618,38.321827400021434,"{""type"":""MultiPoint"",""coordinates"":[]}"
000000000000000003a7,HYD_0936,17.38650435260082,78.42961495651005,49.73842499895793,"{""type"":""MultiPoint"",""coordinates"":[]}"
000000000000000003a8,HYD_0937,17.386626971272573,78.43901843130902,51.880968896874556,"{""type"":""MultiPoint"",""coordinates"":[]}"
000000000000000003a9,HYD_0938,17.386747400055967,78.44842343667419,54.83816053626242,"{""type"":""MultiPoint"",""coordinates"":[]}"
000000000000000003aa,HYD_0939,17.386865524517734,78.45782691151567,61.452668796560786,"{""type"":""MultiPoint"",""coordinates"":[]}"
000000000000000003ab,HYD_0940,17.38698517126497,78.46723264691907,60.63372992217931,"{""type"":""MultiPoint"",""coordinates"":[]}"
000000000000000003ac,HYD_0941,17.387104877590318,78.4766391199068,55.0479591270177,"{""type"":""MultiPoint"",""coordinates"":[]}"
000000000000000003ad,HYD_0942,17.387224516190066,78.486044849022,46.272490902580465,"{""type"":""MultiPoint"",""coordinates"":[]}"
000000000000000003ae,HYD_0943,17.387342658170827,78.49544835540414,47.04273406567704,"{""type"":""MultiPoint"",""coordinates"":[]}"
000000000000000003af,HYD_0944,17.387460069627583,78.50485410319003,48.93332905358591,"{""type"":""MultiPoint"",""coordinates"":[]}"
000000000000000003b0,HYD_0945,17.38757677373835,78.51425986118451,38.28213419539206,"{""type"":""MultiPoint"",""coordinates"":[]}"
000000000000000003b1,HYD_0946,17.38769491397306,78.523663307975,33.994475353321384,"{""type"":""MultiPoint"",""coordinates"":[]}"
000000000000000003b2,HYD_0947,17.387811991489063,78.53307015955279,29.774336209132137,"{""type"":""MultiPoint"",""coordinates"":[]}"
000000000000000003b3,HYD_0948,17.387927928817458,78.54247666305677,31.4343501346212,"{""type"":""MultiPoint"",""coordinates"":[]}"
000000000000000003b4,HYD_0949,17.388042723424043,78.55188129953439,39.379598778586896,"{""type"":""MultiPoint"",""coordinates"":[]}"
000000000000000003b5,HYD_0950,17.388157894255986,78.5612862441383,43.538098076475606,"{""type"":""MultiPoint"",""coordinates"":[]}"
000000000000000003b6,HYD_0951,17.388272017687786,78.57069232131944,37.93922616967329,"{""type"":""MultiPoint"",""coordinates"":[]}"
000000000000000003b7,HYD_0952,17.388387223662452,78.58009807745441,25.10358641939352,"{""type"":""MultiPoint"",""coordinates"":[]}"
000000000000000003b8,HYD_0953,17.388501258629073,78.58950342074986,15.501446948489825,"{""type"":""MultiPoint"",""coordinates"":[]}"
000000000000000003b9,HYD_0954,17.388613150799628,78.59891028766727,11.945815278529679,"{""type"":""MultiPoint"",""coordinates"":[]}"
000000000000000003ba,HYD_0955,17.388727533391766,78.60831597253919,11.95674778796181,"{""type"":""MultiPoint"",""coordinates"":[]}"
000000000000000003bb,HYD_0956,17.38883979820101,78.61772172720912,10.150315356210992,"{""type"":""MultiPoint"",""coordinates"":[]}"
000000000000000003bc,HYD_0957,17.388951295003345,78.62712822604506,8.63828581985345,"{""type"":""MultiPoint"",""coordinates"":[]}"
000000000000000003bd,HYD_0958,17.389062768968365,78.63653469364273,8.545138292867293,"{""type"":""MultiPoint"",""coordinates"":[]}"
000000000000000003be,HYD_0959,17.389174242728696,78.64594115168961,6.309223706011029,"{""type"":""MultiPoint"",""coordinates"":[]}"
000000000000000003bf,HYD_0960,17.389285718794454,78.6553476430273,5.7584060503283565,"{""type"":""MultiPoint"",""coordinates"":[]}"
000000000000000003c0,HYD_0961,17.389396086419115,78.66475451465567,6.535513122151369,"{""type"":""MultiPoint"",""coordinates"":[]}"
000000000000000003c1,HYD_0962,17.389505306533238,78.67416019446574,4.05877812628898,"{""type"":""MultiPoint"",""coordinates"":[]}"
000000000000000003c2,HYD_0963,17.389614942051605,78.6835663130599,5.948045052083811,"{""type"":""MultiPoint"",""coordinates"":[]}"
000000000000000003c3,HYD_0964,17.376366569912,78.34510528976168,28.941688226266827,"{""type"":""MultiPoint"",""coordinates"":[]}"
000000000000000003c4,HYD_0965,17.37649182192997,78.35450918225796,42.57452300010472,"{""type"":""MultiPoint"",""coordinates"":[]}"
000000000000000003c5,HYD_0966,17.376615202935735,78.36391193796258,32.139007670347056,"{""type"":""MultiPoint"",""coordinates"":[]}"
000000000000000003c6,HYD_0967,17.376740035694976,78.37331617252593,28.052633346300205,"{""type"":""MultiPoint"",""coordinates"":[]}"
000000000000000003c7,HYD_0968,17.37686489164574,78.38272044819958,26.137541989913704,"{""type"":""MultiPoint"",""coordinates"":[]}"
000000000000000003c8,HYD_0969,17.37698749662439,78.39212469647968,24.02988970000906,"{""type"":""MultiPoint"",""coordinates"":[]}"
000000000000000003c9,HYD_0970,17.37711009999186,78.40152891819925,26.597835204489634,"{""type"":""MultiPoint"",""coordinates"":[]}"
000000000000000003ca,HYD_0971,17.377233104587326,78.4109320387354,43.30134424885934,"{""type"":""MultiPoint"",""coordinates"":[]}"
000000000000000003cb,HYD_0972,17.377353158406976,78.42033517211688,44.16043580617431,"{""type"":""MultiPoint"",""coordinates"":[]}"
000000000000000003cc,HYD_0973,17.37747356503864,78.42973941531099,52.10890002009123,"{""type"":""MultiPoint"",""coordinates"":[]}"
000000000000000003cd,HYD_0974,17.37759509286691,78.43914405647737,58.787417870335,"{""type"":""MultiPoint"",""coordinates"":[]}"
000000000000000003ce,HYD_0975,17.377715458402854,78.4485475305445,68.6260467107428,"{""type"":""MultiPoint"",""coordinates"":[]}"
000000000000000003cf,HYD_0976,17.37783473546229,78.45795214924982,72.74659149827751,"{""type"":""MultiPoint"",""coordinates"":[]}"
000000000000000003d0,HYD_0977,17.37795512795867,78.46735639326994,55.225009810958056,"{""type"":""MultiPoint"",""coordinates"":[]}"
000000000000000003d1,HYD_0978,17.378075888329107,78.47676173939627,53.68012841393597,"{""type"":""MultiPoint"",""coordinates"":[]}"
000000000000000003d2,HYD_0979,17.378193720604,78.48616711437282,72.54808197649706,"{""type"":""MultiPoint"",""coordinates"":[]}"
000000000000000003d3,HYD_0980,17.378311887197523,78.49557137243663,61.62629552052864,"{""type"":""MultiPoint"",""coordinates"":[]}"
000000000000000003d4,HYD_0981,17.37843003209719,78.50497562859229,50.712546640841225,"{""type"":""MultiPoint"",""coordinates"":[]}"
000000000000000003d5,HYD_0982,17.37854559987199,78.51438100550337,35.895953813890706,"{""type"":""MultiPoint"",""coordinates"":[]}"
000000000000000003d6,HYD_0983,17.378663008988013,78.5237867056635,29.59204824281387,"{""type"":""MultiPoint"",""coordinates"":[]}"
000000000000000003d7,HYD_0984,17.378780443752945,78.53319166768969,28.396373038744404,"{""type"":""MultiPoint"",""coordinates"":[]}"
000000000000000003d8,HYD_0985,17.378896028256115,78.54259703588089,33.43620046218385,"{""type"":""MultiPoint"",""coordinates"":[]}"
000000000000000003d9,HYD_0986,17.379010810550884,78.55200088249373,33.9439091834521,"{""type"":""MultiPoint"",""coordinates"":[]}"
000000000000000003da,HYD_0987,17.37912562843514,78.56140551395747,36.22775837180763,"{""type"":""MultiPoint"",""coordinates"":[]}"
000000000000000003db,HYD_0988,17.379241943210083,78.57081088308594,33.29567589510732,"{""type"":""MultiPoint"",""coordinates"":[]}"
000000000000000003dc,HYD_0989,17.37935604260841,78.58021773182382,26.083984843933788,"{""type"":""MultiPoint"",""coordinates"":[]}"
000000000000000003dd,HYD_0990,17.379470088547926,78.5896223076475,12.078378009348409,"{""type"":""MultiPoint"",""coordinates"":[]}"
000000000000000003de,HYD_0991,17.379583046306657,78.59902807266037,7.594014161517364,"{""type"":""MultiPoint"",""coordinates"":[]}"
000000000000000003df,HYD_0992,17.37969529703415,78.60843382224331,8.124225418556465,"{""type"":""MultiPoint"",""coordinates"":[]}"
000000000000000003e0,HYD_0993,17.379807551756752,78.61783880251451,5.866180174843559,"{""type"":""MultiPoint"",""coordinates"":[]}"
000000000000000003e1,HYD_0994,17.37991974121055,78.627245254379,4.908111767036277,"{""type"":""MultiPoint"",""coordinates"":[]}"
000000000000000003e2,HYD_0995,17.38003085210217,78.63665063272371,5.936746516250109,"{""type"":""MultiPoint"",""coordinates"":[]}"
000000000000000003e3,HYD_0996,17.380142334640496,78.64605707229545,5.429655580064797,"{""type"":""MultiPoint"",""coordinates"":[]}"
000000000000000003e4,HYD_0997,17.380253819711434,78.65546354498204,4.6965727541928,"{""type"":""MultiPoint"",""coordinates"":[]}"
000000000000000003e5,HYD_0998,17.38036452139539,78.66486854242002,4.958048621479537,"{""type"":""MultiPoint"",""coordinates"":[]}"
000000000000000003e6,HYD_0999,17.380473075998914,78.67427581874253,4.678853252830856,"{""type"":""MultiPoint"",""coordinates"":[]}"
000000000000000003e7,HYD_1000,17.380582648966037,78.68368036833851,6.784359059311416,"{""type"":""MultiPoint"",""coordinates"":[]}"
000000000000000003e8,HYD_1001,17.36733912060555,78.34523761364912,15.920985105561048,"{""type"":""MultiPoint"",""coordinates"":[]}"
000000000000000003e9,HYD_1002,17.36746288831814,78.35463924078263,20.654768481988853,"{""type"":""MultiPoint"",""coordinates"":[]}"
000000000000000003ea,HYD_1003,17.36758550544186,78.36404125293784,14.102604379007522,"{""type"":""MultiPoint"",""coordinates"":[]}"
000000000000000003eb,HYD_1004,17.367710362354437,78.37344549046043,18.739105291643654,"{""type"":""MultiPoint"",""coordinates"":[]}"
000000000000000003ec,HYD_1005,17.367835220271694,78.38284974668842,26.43849591306134,"{""type"":""MultiPoint"",""coordinates"":[]}"
000000000000000003ed,HYD_1006,17.367958170195223,78.3922528732997,32.27716937610848,"{""type"":""MultiPoint"",""coordinates"":[]}"
000000000000000003ee,HYD_1007,17.3680804326639,78.40165601690593,25.98627314786299,"{""type"":""MultiPoint"",""coordinates"":[]}"
000000000000000003ef,HYD_1008,17.368202709747127,78.41105913167993,27.864105568469412,"{""type"":""MultiPoint"",""coordinates"":[]}"
000000000000000003f0,HYD_1009,17.36832346947559,78.42046226146651,38.25514804320716,"{""type"":""MultiPoint"",""coordinates"":[]}"
000000000000000003f1,HYD_1010,17.368443888057044,78.42986652266487,53.10540617463735,"{""type"":""MultiPoint"",""coordinates"":[]}"
000000000000000003f2,HYD_1011,17.36856463840095,78.43926961328923,52.99443168961902,"{""type"":""MultiPoint"",""coordinates"":[]}"
000000000000000003f3,HYD_1012,17.368684662334445,78.44867275823196,59.145866579358234,"{""type"":""MultiPoint"",""coordinates"":[]}"
000000000000000003f4,HYD_1013,17.36880506103186,78.45807703176895,67.43452174035656,"{""type"":""MultiPoint"",""coordinates"":[]}"
000000000000000003f5,HYD_1014,17.368925429645277,78.46748127030123,63.27259275727777,"{""type"":""MultiPoint"",""coordinates"":[]}"
000000000000000003f6,HYD_1015,17.369044720799085,78.47688591060925,78.4473407355669,"{""type"":""MultiPoint"",""coordinates"":[]}"
000000000000000003f7,HYD_1016,17.369162894499944,78.48628937973663,91.1631630378611,"{""type"":""MultiPoint"",""coordinates"":[]}"
000000000000000003f8,HYD_1017,17.369281108120255,78.49569439710505,69.37719876870834,"{""type"":""MultiPoint"",""coordinates"":[]}"
000000000000000003f9,HYD_1018,17.36939926105459,78.50509787127169,54.64067409411702,"{""type"":""MultiPoint"",""coordinates"":[]}"
000000000000000003fa,HYD_1019,17.369516661857393,78.51450359350295,43.87256793564686,"{""type"":""MultiPoint"",""coordinates"":[]}"
000000000000000003fb,HYD_1020,17.369632235797724,78.52390895505904,46.22273828207945,"{""type"":""MultiPoint"",""coordinates"":[]}"
000000000000000003fc,HYD_1021,17.369748166120605,78.53331318840353,48.996722131504015,"{""type"":""MultiPoint"",""coordinates"":[]}"
000000000000000003fd,HYD_1022,17.36986409119656,78.54271742989569,43.173537040024655,"{""type"":""MultiPoint"",""coordinates"":[]}"
000000000000000003fe,HYD_1023,17.369980030845944,78.55212167272633,34.25055055225386,"{""type"":""MultiPoint"",""coordinates"":[]}"
000000000000000003ff,HYD_1024,17.370095971210684,78.5615259156655,33.29613276992398,"{""type"":""MultiPoint"",""coordinates"":[]}"
00000000000000000400,HYD_1025,17.3702107904258,78.57093053316648,30.87147265929889,"{""type"":""MultiPoint"",""coordinates"":[]}"
00000000000000000401,HYD_1026,17.370324821955464,78.58033513178574,26.623751048954656,"{""type"":""MultiPoint"",""coordinates"":[]}"
00000000000000000402,HYD_1027,17.37043820614237,78.58974126692286,16.058807501752685,"{""type"":""MultiPoint"",""coordinates"":[]}"
00000000000000000403,HYD_1028,17.370551896189223,78.59914472542307,11.936724693616531,"{""type"":""MultiPoint"",""coordinates"":[]}"
00000000000000000404,HYD_1029,17.370664149490576,78.6085504932525,11.174554394959957,"{""type"":""MultiPoint"",""coordinates"":[]}"
00000000000000000405,HYD_1030,17.370776353022492,78.61795694314438,7.066993574711439,"{""type"":""MultiPoint"",""coordinates"":[]}"
00000000000000000406,HYD_1031,17.370887472199765,78.62736231077685,4.811484427596055,"{""type"":""MultiPoint"",""coordinates"":[]}"
00000000000000000407,HYD_1032,17.370998948436643,78.63676655632908,4.727314500405755,"{""type"":""MultiPoint"",""coordinates"":[]}"
00000000000000000408,HYD_1033,17.37111077462584,78.64617188631257,4.9467628304387485,"{""type"":""MultiPoint"",""coordinates"":[]}"
00000000000000000409,HYD_1034,17.3712215570537,78.65557838235115,5.221011732217851,"{""type"":""MultiPoint"",""coordinates"":[]}"
0000000000000000040a,HYD_1035,17.371332300234204,78.66498414845208,5.4470001310250025,"{""type"":""MultiPoint"",""coordinates"":[]}"
0000000000000000040b,HYD_1036,17.371441854959777,78.67438872149594,6.555755693183101,"{""type"":""MultiPoint"",""coordinates"":[]}"
0000000000000000040c,HYD_1037,17.371550767440024,78.68379484545328,10.722406215846819,"{""type"":""MultiPoint"",""coordinates"":[]}"
0000000000000000040d,HYD_1038,17.35843318157982,78.35476858280683,16.917791296730577,"{""type"":""MultiPoint"",""coordinates"":[]}"
0000000000000000040e,HYD_1039,17.35855582177955,78.36417056717336,15.95001145946237,"{""type"":""MultiPoint"",""coordinates"":[]}"
0000000000000000040f,HYD_1040,17.35868067557373,78.37357483737897,23.667190532075985,"{""type"":""MultiPoint"",""coordinates"":[]}"
00000000000000000410,HYD_1041,17.35880588343626,78.38297793485121,32.72484296437276,"{""type"":""MultiPoint"",""coordinates"":[]}"
00000000000000000411,HYD_1042,17.358927811585044,78.39237997547416,32.276977027334816,"{""type"":""MultiPoint"",""coordinates"":[]}"
00000000000000000412,HYD_1043,17.3590507792853,78.40178310020707,32.13053601442341,"{""type"":""MultiPoint"",""coordinates"":[]}"
00000000000000000413,HYD_1044,17.359173745714333,78.41118619756269,29.705716047714002,"{""type"":""MultiPoint"",""coordinates"":[]}"
00000000000000000414,HYD_1045,17.35929380875265,78.42058935103914,43.95382695081757,"{""type"":""MultiPoint"",""coordinates"":[]}"
00000000000000000415,HYD_1046,17.35941420304463,78.4299936219668,55.18471665946,"{""type"":""MultiPoint"",""coordinates"":[]}"
00000000000000000416,HYD_1047,17.359534569293206,78.4393956051455,54.790442367338805,"{""type"":""MultiPoint"",""coordinates"":[]}"
00000000000000000417,HYD_1048,17.359655003437297,78.44879762291404,57.495232068978794,"{""type"":""MultiPoint"",""coordinates"":[]}"
00000000000000000418,HYD_1049,17.359775392287172,78.45820187676141,63.567904124666626,"{""type"":""MultiPoint"",""coordinates"":[]}"
00000000000000000419,HYD_1050,17.35989576556637,78.46760611149459,86.6386291232194,"{""type"":""MultiPoint"",""coordinates"":[]}"
0000000000000000041a,HYD_1051,17.360013918803435,78.47701035503206,109.07182746036321,"{""type"":""MultiPoint"",""coordinates"":[]}"
0000000000000000041b,HYD_1052,17.360132451146992,78.48641346703913,92.43587800645336,"{""type"":""MultiPoint"",""coordinates"":[]}"
0000000000000000041c,HYD_1053,17.360250299364992,78.49581661519981,79.88149654102502,"{""type"":""MultiPoint"",""coordinates"":[]}"
0000000000000000041d,HYD_1054,17.360368449374075,78.50522087012851,63.325947426364266,"{""type"":""MultiPoint"",""coordinates"":[]}"
0000000000000000041e,HYD_1055,17.36048661388078,78.51462511513496,43.34005180294534,"{""type"":""MultiPoint"",""coordinates"":[]}"
0000000000000000041f,HYD_1056,17.360602549845662,78.52402934218107,39.91661883696509,"{""type"":""MultiPoint"",""coordinates"":[]}"
00000000000000000420,HYD_1057,17.360718464303286,78.533433564378,39.388375122751,"{""type"":""MultiPoint"",""coordinates"":[]}"
00000000000000000421,HYD_1058,17.360834404159448,78.54283782425372,39.12292793793793,"{""type"":""MultiPoint"",""coordinates"":[]}"
00000000000000000422,HYD_1059,17.36095034490165,78.55224208512126,38.414090350507685,"{""type"":""MultiPoint"",""coordinates"":[]}"
00000000000000000423,HYD_1060,17.361065154193962,78.56164668625134,37.35569320936123,"{""type"":""MultiPoint"",""coordinates"":[]}"
00000000000000000424,HYD_1061,17.36117886412216,78.57105018180668,21.119737400570237,"{""type"":""MultiPoint"",""coordinates"":[]}"
00000000000000000425,HYD_1062,17.36129371313127,78.58045480077767,16.100907784072394,"{""type"":""MultiPoint"",""coordinates"":[]}"
00000000000000000426,HYD_1063,17.361407398907883,78.58985903195848,15.500239430750169,"{""type"":""MultiPoint"",""coordinates"":[]}"
00000000000000000427,HYD_1064,17.36151999957662,78.59926365773087,14.64277208410553,"{""type"":""MultiPoint"",""coordinates"":[]}"
00000000000000000428,HYD_1065,17.361634072575495,78.60866826733445,11.52967164485137,"{""type"":""MultiPoint"",""coordinates"":[]}"
00000000000000000429,HYD_1066,17.361746311988277,78.6180740027113,7.7730862584391405,"{""type"":""MultiPoint"",""coordinates"":[]}"
0000000000000000042a,HYD_1067,17.36185777442746,78.62747826055494,5.709896175705055,"{""type"":""MultiPoint"",""coordinates"":[]}"
0000000000000000042b,HYD_1068,17.361969253510637,78.6368825088215,5.565529299977762,"{""type"":""MultiPoint"",""coordinates"":[]}"
0000000000000000042c,HYD_1069,17.3620796509123,78.64628711279104,6.982558596648598,"{""type"":""MultiPoint"",""coordinates"":[]}"
0000000000000000042d,HYD_1070,17.362190363216815,78.65569209344126,5.82159563125353,"{""type"":""MultiPoint"",""coordinates"":[]}"
0000000000000000042e,HYD_1071,17.3623003553073,78.66509708229223,6.631050634563081,"{""type"":""MultiPoint"",""coordinates"":[]}"
0000000000000000042f,HYD_1072,17.362409241561846,78.6745032233311,8.751096545098884,"{""type"":""MultiPoint"",""coordinates"":[]}"
00000000000000000430,HYD_1073,17.362518814530358,78.68390778702114,8.133662499184979,"{""type"":""MultiPoint"",""coordinates"":[]}"
00000000000000000431,HYD_1074,17.349404608433566,78.35489747229238,18.089251175284947,"{""type"":""MultiPoint"",""coordinates"":[]}"
00000000000000000432,HYD_1075,17.34952726625627,78.36430027547614,22.74149763387278,"{""type"":""MultiPoint"",""coordinates"":[]}"
00000000000000000433,HYD_1076,17.349651357174075,78.37370300793434,22.408696256927435,"{""type"":""MultiPoint"",""coordinates"":[]}"
00000000000000000434,HYD_1077,17.349775479248805,78.3831050560242,31.501187508817456,"{""type"":""MultiPoint"",""coordinates"":[]}"
00000000000000000435,HYD_1078,17.349898840316058,78.39250703531465,33.72137815838342,"{""type"":""MultiPoint"",""coordinates"":[]}"
00000000000000000436,HYD_1079,17.350019988554273,78.40191056192715,28.006054387543955,"{""type"":""MultiPoint"",""coordinates"":[]}"
00000000000000000437,HYD_1080,17.350142231840184,78.41131291889099,32.183229252886726,"{""type"":""MultiPoint"",""coordinates"":[]}"
00000000000000000438,HYD_1081,17.350264497385297,78.42071533144635,49.22082938862205,"{""type"":""MultiPoint"",""coordinates"":[]}"
00000000000000000439,HYD_1082,17.350384512525157,78.43011845775092,52.22803625185391,"{""type"":""MultiPoint"",""coordinates"":[]}"
0000000000000000043a,HYD_1083,17.35050453489257,78.4395215759466,37.873882984847164,"{""type"":""MultiPoint"",""coordinates"":[]}"
0000000000000000043b,HYD_1084,17.350625667197086,78.44892356803845,40.98725282452444,"{""type"":""MultiPoint"",""coordinates"":[]}"
0000000000000000043c,HYD_1085,17.350745708535996,78.45832670734319,68.14617439893985,"{""type"":""MultiPoint"",""coordinates"":[]}"
0000000000000000043d,HYD_1086,17.35086499395027,78.46773134561381,82.99126821873674,"{""type"":""MultiPoint"",""coordinates"":[]}"
0000000000000000043e,HYD_1087,17.35098348834435,78.47713366775213,85.63555823829316,"{""type"":""MultiPoint"",""coordinates"":[]}"
0000000000000000043f,HYD_1088,17.351102087352626,78.48653610291755,88.27841442029427,"{""type"":""MultiPoint"",""coordinates"":[]}"
00000000000000000440,HYD_1089,17.351220620047407,78.49593922459731,83.71630592485924,"{""type"":""MultiPoint"",""coordinates"":[]}"
00000000000000000441,HYD_1090,17.351337674578414,78.50534387601296,63.40047370738877,"{""type"":""MultiPoint"",""coordinates"":[]}"
00000000000000000442,HYD_1091,17.351455045115046,78.51474662352818,45.41504208276688,"{""type"":""MultiPoint"",""coordinates"":[]}"
00000000000000000443,HYD_1092,17.35157173671562,78.52414935144756,40.06632523241455,"{""type"":""MultiPoint"",""coordinates"":[]}"
00000000000000000444,HYD_1093,17.351688794178717,78.53355396932861,39.0730204913227,"{""type"":""MultiPoint"",""coordinates"":[]}"
00000000000000000445,HYD_1094,17.351804754523833,78.5429582262553,55.707576119419414,"{""type"":""MultiPoint"",""coordinates"":[]}"
00000000000000000446,HYD_1095,17.35191956404131,78.55236284540054,53.669193804599566,"{""type"":""MultiPoint"",""coordinates"":[]}"
00000000000000000447,HYD_1096,17.352033598123604,78.56176520194727,43.38074132693865,"{""type"":""MultiPoint"",""coordinates"":[]}"
00000000000000000448,HYD_1097,17.35214806695773,78.57116873228665,22.605213887926563,"{""type"":""MultiPoint"",""coordinates"":[]}"
00000000000000000449,HYD_1098,17.35226290979244,78.58057336281833,11.648878927749724,"{""type"":""MultiPoint"",""coordinates"":[]}"
0000000000000000044a,HYD_1099,17.35237660626206,78.58997681144008,8.67346663100192,"{""type"":""MultiPoint"",""coordinates"":[]}"
0000000000000000044b,HYD_1100,17.35248922296715,78.59938145584978,10.412617383709994,"{""type"":""MultiPoint"",""coordinates"":[]}"
0000000000000000044c,HYD_1101,17.352601821063132,78.608786116008,9.020122037359245,"{""type"":""MultiPoint"",""coordinates"":[]}"
0000000000000000044d,HYD_1102,17.352714398371074,78.61818995545111,9.36400091536273,"{""type"":""MultiPoint"",""coordinates"":[]}"
0000000000000000044e,HYD_1103,17.352825869212463,78.62759419476552,9.622146027173159,"{""type"":""MultiPoint"",""coordinates"":[]}"
0000000000000000044f,HYD_1104,17.35293734343788,78.63699846944071,11.186599599304477,"{""type"":""MultiPoint"",""coordinates"":[]}"
00000000000000000450,HYD_1105,17.353047711854682,78.64640230475041,12.762192433764678,"{""type"":""MultiPoint"",""coordinates"":[]}"
00000000000000000451,HYD_1106,17.353158099318676,78.65580693120212,7.355777045594695,"{""type"":""MultiPoint"",""coordinates"":[]}"
00000000000000000452,HYD_1107,17.353268439532563,78.6652115659268,8.484732419672147,"{""type"":""MultiPoint"",""coordinates"":[]}"
00000000000000000453,HYD_1108,17.35337801940009,78.67461612630466,10.755916288472658,"{""type"":""MultiPoint"",""coordinates"":[]}"
00000000000000000454,HYD_1109,17.340498705881032,78.36442919737814,17.52268029866594,"{""type"":""MultiPoint"",""coordinates"":[]}"
00000000000000000455,HYD_1110,17.340621324311087,78.3738312075804,21.259166054791574,"{""type"":""MultiPoint"",""coordinates"":[]}"
00000000000000000456,HYD_1111,17.340746164977453,78.38323323654413,26.755362963363332,"{""type"":""MultiPoint"",""coordinates"":[]}"
00000000000000000457,HYD_1112,17.34086878472688,78.39263524057705,33.0358977469897,"{""type"":""MultiPoint"",""coordinates"":[]}"
00000000000000000458,HYD_1113,17.34098918505686,78.40203723054412,25.03425519133463,"{""type"":""MultiPoint"",""coordinates"":[]}"
00000000000000000459,HYD_1114,17.34111216868482,78.41144038504358,27.889022289178314,"{""type"":""MultiPoint"",""coordinates"":[]}"
0000000000000000045a,HYD_1115,17.34123407085458,78.42084241188375,46.11104212459717,"{""type"":""MultiPoint"",""coordinates"":[]}"
0000000000000000045b,HYD_1116,17.341355167772,78.43024439678314,52.994716442479636,"{""type"":""MultiPoint"",""coordinates"":[]}"
0000000000000000045c,HYD_1117,17.341475210386502,78.43964752461689,44.033924531802576,"{""type"":""MultiPoint"",""coordinates"":[]}"
0000000000000000045d,HYD_1118,17.341595624861714,78.44904954853232,49.44818536388392,"{""type"":""MultiPoint"",""coordinates"":[]}"
0000000000000000045e,HYD_1119,17.34171601823684,78.45845156028098,74.66169723398957,"{""type"":""MultiPoint"",""coordinates"":[]}"
0000000000000000045f,HYD_1120,17.34183452996412,78.46785467736227,71.76473934670533,"{""type"":""MultiPoint"",""coordinates"":[]}"
00000000000000000460,HYD_1121,17.34195198428306,78.47725672899355,64.19238063676273,"{""type"":""MultiPoint"",""coordinates"":[]}"
00000000000000000461,HYD_1122,17.342071654947222,78.48666022570947,64.95036327716001,"{""type"":""MultiPoint"",""coordinates"":[]}"
00000000000000000462,HYD_1123,17.342190165536625,78.49606258123129,69.1748975886855,"{""type"":""MultiPoint"",""coordinates"":[]}"
00000000000000000463,HYD_1124,17.34230684610745,78.50546611758737,64.85239825622277,"{""type"":""MultiPoint"",""coordinates"":[]}"
00000000000000000464,HYD_1125,17.34242242764778,78.5148692529535,46.90514238638195,"{""type"":""MultiPoint"",""coordinates"":[]}"
00000000000000000465,HYD_1126,17.342540208611904,78.52427161122158,45.81998623076622,"{""type"":""MultiPoint"",""coordinates"":[]}"
00000000000000000466,HYD_1127,17.3426569103027,78.5336743823362,45.04703865301531,"{""type"":""MultiPoint"",""coordinates"":[]}"
00000000000000000467,HYD_1128,17.34277283477731,78.54307863354524,53.0575711201219,"{""type"":""MultiPoint"",""coordinates"":[]}"
00000000000000000468,HYD_1129,17.34288801687896,78.55248136437004,60.406043519742894,"{""type"":""MultiPoint"",""coordinates"":[]}"
00000000000000000469,HYD_1130,17.343002110929508,78.56188378355516,46.558295298248915,"{""type"":""MultiPoint"",""coordinates"":[]}"
0000000000000000046a,HYD_1131,17.343117286142718,78.57128729816814,33.351812670423215,"{""type"":""MultiPoint"",""coordinates"":[]}"
0000000000000000046b,HYD_1132,17.34323098306583,78.5806907679141,22.769330928294345,"{""type"":""MultiPoint"",""coordinates"":[]}"
0000000000000000046c,HYD_1133,17.343344718747208,78.59009577641716,10.681366810431848,"{""type"":""MultiPoint"",""coordinates"":[]}"
0000000000000000046d,HYD_1134,17.343458774872964,78.59949812450633,14.038897379507286,"{""type"":""MultiPoint"",""coordinates"":[]}"
0000000000000000046e,HYD_1135,17.343571027929553,78.60890164351387,15.189584794679678,"{""type"":""MultiPoint"",""coordinates"":[]}"
0000000000000000046f,HYD_1136,17.343682470478967,78.61830589392851,12.751723830740177,"{""type"":""MultiPoint"",""coordinates"":[]}"
00000000000000000470,HYD_1137,17.34379395782925,78.62771013645352,15.474186150262774,"{""type"":""MultiPoint"",""coordinates"":[]}"
00000000000000000471,HYD_1138,17.343905440505086,78.63711439259795,13.277985460155612,"{""type"":""MultiPoint"",""coordinates"":[]}"
00000000000000000472,HYD_1139,17.34401692432182,78.64651863982688,11.89450844218222,"{""type"":""MultiPoint"",""coordinates"":[]}"
00000000000000000473,HYD_1140,17.344127284448582,78.65592323940542,8.960271737010206,"{""type"":""MultiPoint"",""coordinates"":[]}"
00000000000000000474,HYD_1141,17.344236509875937,78.66532671500737,9.354447827303323,"{""type"":""MultiPoint"",""coordinates"":[]}"
00000000000000000475,HYD_1142,17.331469011564447,78.36455851060046,8.46305796710904,"{""type"":""MultiPoint"",""coordinates"":[]}"
00000000000000000476,HYD_1143,17.33159164100297,78.37396055405242,19.588196739595386,"{""type"":""MultiPoint"",""coordinates"":[]}"
00000000000000000477,HYD_1144,17.33171684552023,78.3833614247133,14.82769691374331,"{""type"":""MultiPoint"",""coordinates"":[]}"
00000000000000000478,HYD_1145,17.331838745355775,78.39276342999655,18.029502737141907,"{""type"":""MultiPoint"",""coordinates"":[]}"
00000000000000000479,HYD_1146,17.331959865533616,78.40216543230211,21.128219960554457,"{""type"":""MultiPoint"",""coordinates"":[]}"
0000000000000000047a,HYD_1147,17.33208213903919,78.41156632331455,21.75870199868846,"{""type"":""MultiPoint"",""coordinates"":[]}"
0000000000000000047b,HYD_1148,17.33220474490098,78.42096834834206,27.053878365020893,"{""type"":""MultiPoint"",""coordinates"":[]}"
0000000000000000047c,HYD_1149,17.332325131524804,78.43037035689576,42.833111778194926,"{""type"":""MultiPoint"",""coordinates"":[]}"
0000000000000000047d,HYD_1150,17.332445542502708,78.43977238603635,40.313894402343976,"{""type"":""MultiPoint"",""coordinates"":[]}"
0000000000000000047e,HYD_1151,17.332565932693168,78.44917440456369,57.39230731009543,"{""type"":""MultiPoint"",""coordinates"":[]}"
0000000000000000047f,HYD_1152,17.332685216021837,78.45857679734706,78.6472972155706,"{""type"":""MultiPoint"",""coordinates"":[]}"
00000000000000000480,HYD_1153,17.33280337545171,78.46797804536712,64.30543666793123,"{""type"":""MultiPoint"",""coordinates"":[]}"
00000000000000000481,HYD_1154,17.332922648013977,78.47738045624247,65.41620357123736,"{""type"":""MultiPoint"",""coordinates"":[]}"
00000000000000000482,HYD_1155,17.333041175845555,78.48678359323017,67.29069387477027,"{""type"":""MultiPoint"",""coordinates"":[]}"
00000000000000000483,HYD_1156,17.333158643397386,78.49618558900873,51.1934535125761,"{""type"":""MultiPoint"",""coordinates"":[]}"
00000000000000000484,HYD_1157,17.333277514258825,78.5055875940194,32.2560774287497,"{""type"":""MultiPoint"",""coordinates"":[]}"
00000000000000000485,HYD_1158,17.333393081750483,78.514990731224,33.997672811220376,"{""type"":""MultiPoint"",""coordinates"":[]}"
00000000000000000486,HYD_1159,17.33350904937448,78.5243927438191,39.19355199754853,"{""type"":""MultiPoint"",""coordinates"":[]}"
00000000000000000487,HYD_1160,17.333624990241468,78.53379475782776,39.1597984828306,"{""type"":""MultiPoint"",""coordinates"":[]}"
00000000000000000488,HYD_1161,17.333740907395136,78.5431990352526,39.88191978583176,"{""type"":""MultiPoint"",""coordinates"":[]}"
00000000000000000489,HYD_1162,17.333856851142684,78.55260103746282,39.239828621043266,"{""type"":""MultiPoint"",""coordinates"":[]}"
0000000000000000048a,HYD_1163,17.333971695372206,78.56200342540954,35.07457414428655,"{""type"":""MultiPoint"",""coordinates"":[]}"
0000000000000000048b,HYD_1164,17.334085376313922,78.57140690144304,35.416387382800494,"{""type"":""MultiPoint"",""coordinates"":[]}"
0000000000000000048c,HYD_1165,17.334200554106022,78.58081041665864,30.10199856780463,"{""type"":""MultiPoint"",""coordinates"":[]}"
0000000000000000048d,HYD_1166,17.33431392800642,78.59021354137076,27.136909547428605,"{""type"":""MultiPoint"",""coordinates"":[]}"
0000000000000000048e,HYD_1167,17.33442617429351,78.5996170768922,30.29412915156438,"{""type"":""MultiPoint"",""coordinates"":[]}"
0000000000000000048f,HYD_1168,17.334539458278744,78.60901867893736,28.80240143689894,"{""type"":""MultiPoint"",""coordinates"":[]}"
00000000000000000490,HYD_1169,17.334650572600555,78.6184218172714,23.99187968548079,"{""type"":""MultiPoint"",""coordinates"":[]}"
00000000000000000491,HYD_1170,17.3347620409201,78.62782608579505,16.080858996216683,"{""type"":""MultiPoint"",""coordinates"":[]}"
00000000000000000492,HYD_1171,17.334873532057202,78.6372303234003,12.27537309082461,"{""type"":""MultiPoint"",""coordinates"":[]}"
00000000000000000493,HYD_1172,17.334985024553323,78.64663455192073,9.928453347108658,"{""type"":""MultiPoint"",""coordinates"":[]}"
00000000000000000494,HYD_1173,17.335095710911034,78.65603727139333,9.3936313611241,"{""type"":""MultiPoint"",""coordinates"":[]}"
00000000000000000495,HYD_1174,17.322561597390745,78.37408873777478,12.107036337489047,"{""type"":""MultiPoint"",""coordinates"":[]}"
00000000000000000496,HYD_1175,17.322685690811483,78.383490004498,15.000303702488123,"{""type"":""MultiPoint"",""coordinates"":[]}"
00000000000000000497,HYD_1176,17.322808659493607,78.39289010415068,15.230189654437954,"{""type"":""MultiPoint"",""coordinates"":[]}"
00000000000000000498,HYD_1177,17.32292983644605,78.40229141903701,18.2897789974821,"{""type"":""MultiPoint"",""coordinates"":[]}"
00000000000000000499,HYD_1178,17.32305210793669,78.41169234333144,17.454195779438983,"{""type"":""MultiPoint"",""coordinates"":[]}"
0000000000000000049a,HYD_1179,17.323175438468468,78.42109431281204,27.274995177956924,"{""type"":""MultiPoint"",""coordinates"":[]}"
0000000000000000049b,HYD_1180,17.323295463168673,78.43049522141595,41.78029937887147,"{""type"":""MultiPoint"",""coordinates"":[]}"
0000000000000000049c,HYD_1181,17.323415891698858,78.43989723199525,40.02287707914229,"{""type"":""MultiPoint"",""coordinates"":[]}"
0000000000000000049d,HYD_1182,17.323536250140897,78.44929925385117,47.74675693476177,"{""type"":""MultiPoint"",""coordinates"":[]}"
0000000000000000049e,HYD_1183,17.32365477367103,78.45870015615644,63.193981484679895,"{""type"":""MultiPoint"",""coordinates"":[]}"
0000000000000000049f,HYD_1184,17.32377222931613,78.46810218182053,63.88642156791864,"{""type"":""MultiPoint"",""coordinates"":[]}"
000000000000000004a0,HYD_1185,17.323893351256892,78.47750419100042,59.08158976761336,"{""type"":""MultiPoint"",""coordinates"":[]}"
000000000000000004a1,HYD_1186,17.32401078899551,78.48690624205675,57.33284514980442,"{""type"":""MultiPoint"",""coordinates"":[]}"
000000000000000004a2,HYD_1187,17.324128562492653,78.49630860697391,57.60199505163334,"{""type"":""MultiPoint"",""coordinates"":[]}"
000000000000000004a3,HYD_1188,17.32424601201534,78.50570984123718,26.356322207069926,"{""type"":""MultiPoint"",""coordinates"":[]}"
000000000000000004a4,HYD_1189,17.324363797492524,78.51511223954363,25.65620093737076,"{""type"":""MultiPoint"",""coordinates"":[]}"
000000000000000004a5,HYD_1190,17.324479361720638,78.52451313808554,33.532289187113456,"{""type"":""MultiPoint"",""coordinates"":[]}"
000000000000000004a6,HYD_1191,17.324595286408908,78.53391514094896,33.98663430446097,"{""type"":""MultiPoint"",""coordinates"":[]}"
000000000000000004a7,HYD_1192,17.32471156629303,78.54331828409302,32.76018070481935,"{""type"":""MultiPoint"",""coordinates"":[]}"
000000000000000004a8,HYD_1193,17.32482568074478,78.55272071798716,34.288951535547454,"{""type"":""MultiPoint"",""coordinates"":[]}"
000000000000000004a9,HYD_1194,17.324939751677807,78.56212304755257,35.56238479685828,"{""type"":""MultiPoint"",""coordinates"":[]}"
000000000000000004aa,HYD_1195,17.325054957134117,78.5715265533956,31.81430066247501,"{""type"":""MultiPoint"",""coordinates"":[]}"
000000000000000004ab,HYD_1196,17.32516908471924,78.58092897648775,26.58252796298461,"{""type"":""MultiPoint"",""coordinates"":[]}"
000000000000000004ac,HYD_1197,17.32528348949572,78.59033019942953,27.692048614573586,"{""type"":""MultiPoint"",""coordinates"":[]}"
000000000000000004ad,HYD_1198,17.325395729007337,78.59973373033759,29.524693449810897,"{""type"":""MultiPoint"",""coordinates"":[]}"
000000000000000004ae,HYD_1199,17.325506828267187,78.60913687889501,30.258166853139095,"{""type"":""MultiPoint"",""coordinates"":[]}"
000000000000000004af,HYD_1200,17.325619014205227,78.61853886344996,23.76971374117713,"{""type"":""MultiPoint"",""coordinates"":[]}"
000000000000000004b0,HYD_1201,17.325730140819577,78.62794201959899,19.28935433866832,"{""type"":""MultiPoint"",""coordinates"":[]}"
000000000000000004b1,HYD_1202,17.32584161890734,78.63734626164253,19.345612046418896,"{""type"":""MultiPoint"",""coordinates"":[]}"
000000000000000004b2,HYD_1203,17.32595345486176,78.64674936535799,15.132460902770214,"{""type"":""MultiPoint"",""coordinates"":[]}"
000000000000000004b3,HYD_1204,17.32606310590043,78.65615176990809,17.79346701662305,"{""type"":""MultiPoint"",""coordinates"":[]}"
000000000000000004b4,HYD_1205,17.313532637007253,78.37421581327045,11.784096185925984,"{""type"":""MultiPoint"",""coordinates"":[]}"
000000000000000004b5,HYD_1206,17.313654555802792,78.38361782095889,14.04912177444598,"{""type"":""MultiPoint"",""coordinates"":[]}"
000000000000000004b6,HYD_1207,17.31377751955699,78.39301871596474,17.82238238390123,"{""type"":""MultiPoint"",""coordinates"":[]}"
000000000000000004b7,HYD_1208,17.313900155456444,78.40241850928403,15.029938640558695,"{""type"":""MultiPoint"",""coordinates"":[]}"
000000000000000004b8,HYD_1209,17.314022045984853,78.41181979957679,19.31138360254313,"{""type"":""MultiPoint"",""coordinates"":[]}"
000000000000000004b9,HYD_1210,17.314144286041902,78.42121992061607,29.731224667260403,"{""type"":""MultiPoint"",""coordinates"":[]}"
000000000000000004ba,HYD_1211,17.314265804746256,78.43062009398224,32.04388743421131,"{""type"":""MultiPoint"",""coordinates"":[]}"
000000000000000004bb,HYD_1212,17.314386195143083,78.44002211409978,38.82385877641459,"{""type"":""MultiPoint"",""coordinates"":[]}"
000000000000000004bc,HYD_1213,17.314505484249747,78.44942448739634,40.793413378934915,"{""type"":""MultiPoint"",""coordinates"":[]}"
000000000000000004bd,HYD_1214,17.314623613627013,78.45882351943256,52.1726082671976,"{""type"":""MultiPoint"",""coordinates"":[]}"
000000000000000004be,HYD_1215,17.31474328611808,78.46822480555589,59.031089562636176,"{""type"":""MultiPoint"",""coordinates"":[]}"
000000000000000004bf,HYD_1216,17.314861868656592,78.47762722217027,53.0305326009534,"{""type"":""MultiPoint"",""coordinates"":[]}"
000000000000000004c0,HYD_1217,17.314980712649866,78.48702843507303,56.73807033231066,"{""type"":""MultiPoint"",""coordinates"":[]}"
000000000000000004c1,HYD_1218,17.315097390694785,78.49642973567425,42.543275699061326,"{""type"":""MultiPoint"",""coordinates"":[]}"
000000000000000004c2,HYD_1219,17.315214488581294,78.50583216009886,35.36136974313245,"{""type"":""MultiPoint"",""coordinates"":[]}"
000000000000000004c3,HYD_1220,17.31533263944097,78.51523338913924,33.68522379210924,"{""type"":""MultiPoint"",""coordinates"":[]}"
000000000000000004c4,HYD_1221,17.31544930743695,78.52463466147202,41.61774568280664,"{""type"":""MultiPoint"",""coordinates"":[]}"
000000000000000004c5,HYD_1222,17.31556595399572,78.53403666186082,37.18153493428968,"{""type"":""MultiPoint"",""coordinates"":[]}"
000000000000000004c6,HYD_1223,17.315680443607786,78.54343797611583,28.603410685006445,"{""type"":""MultiPoint"",""coordinates"":[]}"
000000000000000004c7,HYD_1224,17.31579411046936,78.55283920712475,29.71673960632153,"{""type"":""MultiPoint"",""coordinates"":[]}"
000000000000000004c8,HYD_1225,17.315909299166695,78.56224271807736,25.863844080882917,"{""type"":""MultiPoint"",""coordinates"":[]}"
000000000000000004c9,HYD_1226,17.316023454051464,78.5716451317606,26.80722559718459,"{""type"":""MultiPoint"",""coordinates"":[]}"
000000000000000004ca,HYD_1227,17.31613786444068,78.58104635408156,26.376857037611416,"{""type"":""MultiPoint"",""coordinates"":[]}"
000000000000000004cb,HYD_1228,17.31625087161086,78.59044915483518,22.438388783309968,"{""type"":""MultiPoint"",""coordinates"":[]}"
000000000000000004cc,HYD_1229,17.31636417825845,78.59985077686827,23.694648971557616,"{""type"":""MultiPoint"",""coordinates"":[]}"
000000000000000004cd,HYD_1230,17.31647637271409,78.60925352080233,25.056483224075357,"{""type"":""MultiPoint"",""coordinates"":[]}"
000000000000000004ce,HYD_1231,17.31658896667335,78.61865593778504,23.642988731491737,"{""type"":""MultiPoint"",""coordinates"":[]}"
000000000000000004cf,HYD_1232,17.31670045844038,78.62805796096804,17.225361817767364,"{""type"":""MultiPoint"",""coordinates"":[]}"
000000000000000004d0,HYD_1233,17.316812301766756,78.63746107025263,17.142180489418198,"{""type"":""MultiPoint"",""coordinates"":[]}"
000000000000000004d1,HYD_1234,17.31692196644662,78.64686347541907,15.807077202142453,"{""type"":""MultiPoint"",""coordinates"":[]}"
000000000000000004d2,HYD_1235,17.317031553728576,78.65626583122597,22.21911489766672,"{""type"":""MultiPoint"",""coordinates"":[]}"
000000000000000004d3,HYD_1236,17.30450260259573,78.37434402588734,8.575046953908714,"{""type"":""MultiPoint"",""coordinates"":[]}"
000000000000000004d4,HYD_1237,17.304625596501033,78.38374491305437,14.883510541522536,"{""type"":""MultiPoint"",""coordinates"":[]}"
000000000000000004d5,HYD_1238,17.304747854375613,78.39314580981004,15.66934385094111,"{""type"":""MultiPoint"",""coordinates"":[]}"
000000000000000004d6,HYD_1239,17.304870471237997,78.40254560689378,11.080122194603577,"{""type"":""MultiPoint"",""coordinates"":[]}"
000000000000000004d7,HYD_1240,17.304990870429442,78.41194540495168,38.21097883394626,"{""type"":""MultiPoint"",""coordinates"":[]}"
000000000000000004d8,HYD_1241,17.305113489809404,78.42134515980813,72.57501567070473,"{""type"":""MultiPoint"",""coordinates"":[]}"
000000000000000004d9,HYD_1242,17.30523575010244,78.43074606740649,35.04759214560337,"{""type"":""MultiPoint"",""coordinates"":[]}"
000000000000000004da,HYD_1243,17.305355751743907,78.4401484622017,34.036429250586664,"{""type"":""MultiPoint"",""coordinates"":[]}"
000000000000000004db,HYD_1244,17.30547354829383,78.44954858789468,29.070477975913324,"{""type"":""MultiPoint"",""coordinates"":[]}"
000000000000000004dc,HYD_1245,17.305592871301815,78.45894876444073,43.75629265476282,"{""type"":""MultiPoint"",""coordinates"":[]}"
000000000000000004dd,HYD_1246,17.305713247149715,78.46834854253662,59.12964493234218,"{""type"":""MultiPoint"",""coordinates"":[]}"
000000000000000004de,HYD_1247,17.305831783994076,78.47774942639569,53.117928511165395,"{""type"":""MultiPoint"",""coordinates"":[]}"
000000000000000004df,HYD_1248,17.305949209282062,78.48715144703122,47.958184693612665,"{""type"":""MultiPoint"",""coordinates"":[]}"
000000000000000004e0,HYD_1249,17.306067723105397,78.4965523603095,33.927299426220905,"{""type"":""MultiPoint"",""coordinates"":[]}"
000000000000000004e1,HYD_1250,17.306184040310608,78.50595325682673,31.879923462085667,"{""type"":""MultiPoint"",""coordinates"":[]}"
000000000000000004e2,HYD_1251,17.306300728410054,78.51535455028645,28.280499574147413,"{""type"":""MultiPoint"",""coordinates"":[]}"
000000000000000004e3,HYD_1252,17.306417749876644,78.52475617183855,35.469985804606964,"{""type"":""MultiPoint"",""coordinates"":[]}"
000000000000000004e4,HYD_1253,17.30653368964851,78.53415821123949,32.14097011548253,"{""type"":""MultiPoint"",""coordinates"":[]}"
000000000000000004e5,HYD_1254,17.306648514653272,78.54355758355511,26.08511726845039,"{""type"":""MultiPoint"",""coordinates"":[]}"
000000000000000004e6,HYD_1255,17.30676334940778,78.55295997427801,24.208816696668457,"{""type"":""MultiPoint"",""coordinates"":[]}"
000000000000000004e7,HYD_1256,17.306879281634924,78.5623620164794,14.555868862532522,"{""type"":""MultiPoint"",""coordinates"":[]}"
000000000000000004e8,HYD_1257,17.30699334305822,78.5717629056967,15.608617667293817,"{""type"":""MultiPoint"",""coordinates"":[]}"
000000000000000004e9,HYD_1258,17.307105241439857,78.58116529886281,22.300641947409318,"{""type"":""MultiPoint"",""coordinates"":[]}"
000000000000000004ea,HYD_1259,17.30721964689625,78.59056651399794,20.07895441242994,"{""type"":""MultiPoint"",""coordinates"":[]}"
000000000000000004eb,HYD_1260,17.307331895131696,78.5999678292122,16.151660962091395,"{""type"":""MultiPoint"",""coordinates"":[]}"
000000000000000004ec,HYD_1261,17.307444494813186,78.60937023308367,20.217929116340535,"{""type"":""MultiPoint"",""coordinates"":[]}"
000000000000000004ed,HYD_1262,17.30755707828247,78.61877186070514,18.05314542743522,"{""type"":""MultiPoint"",""coordinates"":[]}"
000000000000000004ee,HYD_1263,17.30766854280137,78.62817388797069,8.752075617129986,"{""type"":""MultiPoint"",""coordinates"":[]}"
000000000000000004ef,HYD_1264,17.307780031076355,78.63757591479163,7.5400539939952,"{""type"":""MultiPoint"",""coordinates"":[]}"
000000000000000004f0,HYD_1265,17.307890387267232,78.64697753148988,10.202356771907896,"{""type"":""MultiPoint"",""coordinates"":[]}"
000000000000000004f1,HYD_1266,17.308000033416196,78.6563814109364,13.872943705413068,"{""type"":""MultiPoint"",""coordinates"":[]}"
000000000000000004f2,HYD_1267,17.295595539711382,78.38387312147636,13.691974948329996,"{""type"":""MultiPoint"",""coordinates"":[]}"
000000000000000004f3,HYD_1268,17.295718186722127,78.39327291132865,9.09425464736091,"{""type"":""MultiPoint"",""coordinates"":[]}"
000000000000000004f4,HYD_1269,17.295840806136127,78.40267268912696,10.058713585836594,"{""type"":""MultiPoint"",""coordinates"":[]}"
000000000000000004f5,HYD_1270,17.29596118604737,78.41207247558192,26.6997071430786,"{""type"":""MultiPoint"",""coordinates"":[]}"
000000000000000004f6,HYD_1271,17.296082681072175,78.42147264057674,38.154400188524775,"{""type"":""MultiPoint"",""coordinates"":[]}"
000000000000000004f7,HYD_1272,17.2962045544347,78.43087314484029,23.626083241520245,"{""type"":""MultiPoint"",""coordinates"":[]}"
000000000000000004f8,HYD_1273,17.29632348038375,78.44027366140769,26.73791484940119,"{""type"":""MultiPoint"",""coordinates"":[]}"
000000000000000004f9,HYD_1274,17.296442790982596,78.44967382220406,23.557465098812255,"{""type"":""MultiPoint"",""coordinates"":[]}"
000000000000000004fa,HYD_1275,17.296563176508982,78.45907360792059,34.625243816465286,"{""type"":""MultiPoint"",""coordinates"":[]}"
000000000000000004fb,HYD_1276,17.29668245626076,78.4684737973198,54.9295047634644,"{""type"":""MultiPoint"",""coordinates"":[]}"
000000000000000004fc,HYD_1277,17.29680061301956,78.47787279634743,55.41988424805469,"{""type"":""MultiPoint"",""coordinates"":[]}"
000000000000000004fd,HYD_1278,17.296919140650246,78.48727444668681,45.693866343618886,"{""type"":""MultiPoint"",""coordinates"":[]}"
000000000000000004fe,HYD_1279,17.297036926475858,78.49667459785476,26.29374078603891,"{""type"":""MultiPoint"",""coordinates"":[]}"
000000000000000004ff,HYD_1280,17.297154010340744,78.5060747745346,22.382092651967813,"{""type"":""MultiPoint"",""coordinates"":[]}"
00000000000000000500,HYD_1281,17.2972699319884,78.51547454105305,18.22790844522827,"{""type"":""MultiPoint"",""coordinates"":[]}"
00000000000000000501,HYD_1282,17.297385852989596,78.52487656567054,25.99908264075932,"{""type"":""MultiPoint"",""coordinates"":[]}"
00000000000000000502,HYD_1283,17.29750179861438,78.53427858613763,28.05608405887801,"{""type"":""MultiPoint"",""coordinates"":[]}"
00000000000000000503,HYD_1284,17.29761774458932,78.54367837697514,23.938565629412878,"{""type"":""MultiPoint"",""coordinates"":[]}"
00000000000000000504,HYD_1285,17.297734065541423,78.55307927083054,16.92660688414583,"{""type"":""MultiPoint"",""coordinates"":[]}"
00000000000000000505,HYD_1286,17.297848159593666,78.56248169207099,14.543260369856121,"{""type"":""MultiPoint"",""coordinates"":[]}"
00000000000000000506,HYD_1287,17.297962187290924,78.5718817997504,14.198197640824183,"{""type"":""MultiPoint"",""coordinates"":[]}"
00000000000000000507,HYD_1288,17.298075151162486,78.58128307531578,14.577237172193932,"{""type"":""MultiPoint"",""coordinates"":[]}"
00000000000000000508,HYD_1289,17.298187402381426,78.59068437718857,15.993471947074498,"{""type"":""MultiPoint"",""coordinates"":[]}"
00000000000000000509,HYD_1290,17.29830073207067,78.60008449548923,10.277413316385259,"{""type"":""MultiPoint"",""coordinates"":[]}"
0000000000000000050a,HYD_1291,17.29841404157441,78.609486912115,15.467034468351695,"{""type"":""MultiPoint"",""coordinates"":[]}"
0000000000000000050b,HYD_1292,17.298525173450468,78.61888779077955,15.790281677777884,"{""type"":""MultiPoint"",""coordinates"":[]}"
0000000000000000050c,HYD_1293,17.29863665996602,78.628289799917,7.305943702196291,"{""type"":""MultiPoint"",""coordinates"":[]}"
0000000000000000050d,HYD_1294,17.298748129017234,78.63769183726396,5.539516457481563,"{""type"":""MultiPoint"",""coordinates"":[]}"
0000000000000000050e,HYD_1295,17.298858861198507,78.64709311586346,9.746442608815387,"{""type"":""MultiPoint"",""coordinates"":[]}"
0000000000000000050f,HYD_1296,17.29896737432882,78.65649436892244,16.056155970723072,"{""type"":""MultiPoint"",""coordinates"":[]}"
00000000000000000510,HYD_1297,17.286565856908613,78.38400019905013,11.378873422112262,"{""type"":""MultiPoint"",""coordinates"":[]}"
00000000000000000511,HYD_1298,17.28668848658286,78.39339999060739,8.379349192821246,"{""type"":""MultiPoint"",""coordinates"":[]}"
00000000000000000512,HYD_1299,17.286811117092682,78.40279978642799,15.418576309425974,"{""type"":""MultiPoint"",""coordinates"":[]}"
00000000000000000513,HYD_1300,17.286931499903034,78.4121995536172,44.966193799222445,"{""type"":""MultiPoint"",""coordinates"":[]}"
00000000000000000514,HYD_1301,17.287051885901942,78.42159933616955,34.82261069049083,"{""type"":""MultiPoint"",""coordinates"":[]}"
00000000000000000515,HYD_1302,17.28717229712088,78.43099912566426,16.96122112823175,"{""type"":""MultiPoint"",""coordinates"":[]}"
00000000000000000516,HYD_1303,17.287292703257123,78.4403989065485,17.79375514542615,"{""type"":""MultiPoint"",""coordinates"":[]}"
00000000000000000517,HYD_1304,17.287413103723164,78.44979867741796,21.597544811323857,"{""type"":""MultiPoint"",""coordinates"":[]}"
00000000000000000518,HYD_1305,17.287533864007376,78.459197343491,17.992159231839608,"{""type"":""MultiPoint"",""coordinates"":[]}"
00000000000000000519,HYD_1306,17.28765166284301,78.46859603305187,33.99854214090696,"{""type"":""MultiPoint"",""coordinates"":[]}"
0000000000000000051a,HYD_1307,17.287769816164506,78.4779958276332,41.95579448811737,"{""type"":""MultiPoint"",""coordinates"":[]}"
0000000000000000051b,HYD_1308,17.28788796940269,78.48739558667934,28.048693819743832,"{""type"":""MultiPoint"",""coordinates"":[]}"
0000000000000000051c,HYD_1309,17.28800612856124,78.49679538204623,22.72274559149702,"{""type"":""MultiPoint"",""coordinates"":[]}"
0000000000000000051d,HYD_1310,17.288123950151387,78.50619629815797,18.596806316143343,"{""type"":""MultiPoint"",""coordinates"":[]}"
0000000000000000051e,HYD_1311,17.288240250562094,78.51559717829805,10.038923655397227,"{""type"":""MultiPoint"",""coordinates"":[]}"
0000000000000000051f,HYD_1312,17.28835654790858,78.52499805402539,14.58938481975671,"{""type"":""MultiPoint"",""coordinates"":[]}"
00000000000000000520,HYD_1313,17.288472148990024,78.53439897630581,21.5166874961674,"{""type"":""MultiPoint"",""coordinates"":[]}"
00000000000000000521,HYD_1314,17.2885880869493,78.54379876251772,14.656865885559942,"{""type"":""MultiPoint"",""coordinates"":[]}"
00000000000000000522,HYD_1315,17.288702904715358,78.55319894325679,9.801946122433659,"{""type"":""MultiPoint"",""coordinates"":[]}"
00000000000000000523,HYD_1316,17.288816914432953,78.56259904041619,11.706294487385993,"{""type"":""MultiPoint"",""coordinates"":[]}"
00000000000000000524,HYD_1317,17.288930295672117,78.5720007198944,10.314405849254545,"{""type"":""MultiPoint"",""coordinates"":[]}"
00000000000000000525,HYD_1318,17.289044021603747,78.58139976504464,9.606652820390156,"{""type"":""MultiPoint"",""coordinates"":[]}"
00000000000000000526,HYD_1319,17.289156237729202,78.59080104609485,15.589372338149298,"{""type"":""MultiPoint"",""coordinates"":[]}"
00000000000000000527,HYD_1320,17.289269558387304,78.60020344259932,10.738877589610992,"{""type"":""MultiPoint"",""coordinates"":[]}"
00000000000000000528,HYD_1321,17.289381805355163,78.60960396021575,12.550741290509364,"{""type"":""MultiPoint"",""coordinates"":[]}"
00000000000000000529,HYD_1322,17.289493266618756,78.6190037284794,12.784201663776036,"{""type"":""MultiPoint"",""coordinates"":[]}"
0000000000000000052a,HYD_1323,17.289604747608312,78.62840574851921,6.920506996280151,"{""type"":""MultiPoint"",""coordinates"":[]}"
0000000000000000052b,HYD_1324,17.28971622490272,78.63780776734906,6.558083858096354,"{""type"":""MultiPoint"",""coordinates"":[]}"
0000000000000000052c,HYD_1325,17.289826584281805,78.64720716280885,8.857934290030752,"{""type"":""MultiPoint"",""coordinates"":[]}"
0000000000000000052d,HYD_1326,17.289937313498296,78.6566084275004,9.198341184764878,"{""type"":""MultiPoint"",""coordinates"":[]}"
0000000000000000052e,HYD_1327,17.277536174999568,78.3841272822257,16.896861262612504,"{""type"":""MultiPoint"",""coordinates"":[]}"
0000000000000000052f,HYD_1328,17.277658799309034,78.39352707804265,20.350771165747943,"{""type"":""MultiPoint"",""coordinates"":[]}"
00000000000000000530,HYD_1329,17.277781782702572,78.4029257435383,29.991487300865643,"{""type"":""MultiPoint"",""coordinates"":[]}"
00000000000000000531,HYD_1330,17.2779018171356,78.41232442649341,36.79348769017948,"{""type"":""MultiPoint"",""coordinates"":[]}"
00000000000000000532,HYD_1331,17.27802220620425,78.42172418998544,20.228361405565146,"{""type"":""MultiPoint"",""coordinates"":[]}"
00000000000000000533,HYD_1332,17.278142621058244,78.43112397565571,11.01653150143364,"{""type"":""MultiPoint"",""coordinates"":[]}"
00000000000000000534,HYD_1333,17.278263016573543,78.44052375172843,11.130526596809919,"{""type"":""MultiPoint"",""coordinates"":[]}"
00000000000000000535,HYD_1334,17.278383749933514,78.44992243142555,17.957525629040003,"{""type"":""MultiPoint"",""coordinates"":[]}"
00000000000000000536,HYD_1335,17.278503440699676,78.45932000381168,15.347112764886848,"{""type"":""MultiPoint"",""coordinates"":[]}"
00000000000000000537,HYD_1336,17.27862198812038,78.46871866154135,21.991403413154707,"{""type"":""MultiPoint"",""coordinates"":[]}"
00000000000000000538,HYD_1337,17.27874015422481,78.47811845893985,19.78559657442036,"{""type"":""MultiPoint"",""coordinates"":[]}"
00000000000000000539,HYD_1338,17.278858298648355,78.48751821396337,14.507633702296559,"{""type"":""MultiPoint"",""coordinates"":[]}"
0000000000000000053a,HYD_1339,17.27897534582477,78.49691836162775,17.233585523911024,"{""type"":""MultiPoint"",""coordinates"":[]}"
0000000000000000053b,HYD_1340,17.279092760075248,78.50631888265342,16.29157684669387,"{""type"":""MultiPoint"",""coordinates"":[]}"
0000000000000000053c,HYD_1341,17.279209447706712,78.5157194077737,9.243203014777771,"{""type"":""MultiPoint"",""coordinates"":[]}"
0000000000000000053d,HYD_1342,17.279326512125316,78.52511957867677,11.446448370979283,"{""type"":""MultiPoint"",""coordinates"":[]}"
0000000000000000053e,HYD_1343,17.279441329924936,78.53451973608082,17.794541202665933,"{""type"":""MultiPoint"",""coordinates"":[]}"
0000000000000000053f,HYD_1344,17.279556154427638,78.54391913372305,19.27846569822789,"{""type"":""MultiPoint"",""coordinates"":[]}"
00000000000000000540,HYD_1345,17.27967095397128,78.55331854677036,13.911233855456842,"{""type"":""MultiPoint"",""coordinates"":[]}"
00000000000000000541,HYD_1346,17.279785767015593,78.56271872346817,10.794345512175427,"{""type"":""MultiPoint"",""coordinates"":[]}"
00000000000000000542,HYD_1347,17.279899507506247,78.57211851478225,10.916632376311027,"{""type"":""MultiPoint"",""coordinates"":[]}"
00000000000000000543,HYD_1348,17.280012107810677,78.58151868789794,12.628929849428552,"{""type"":""MultiPoint"",""coordinates"":[]}"
00000000000000000544,HYD_1349,17.28012614923074,78.59091880571496,19.155103011341332,"{""type"":""MultiPoint"",""coordinates"":[]}"
00000000000000000545,HYD_1350,17.280238406085594,78.60032009443192,11.838797805235556,"{""type"":""MultiPoint"",""coordinates"":[]}"
00000000000000000546,HYD_1351,17.280349880930373,78.60971988663596,7.571247698442126,"{""type"":""MultiPoint"",""coordinates"":[]}"
00000000000000000547,HYD_1352,17.28046134991594,78.61911965099353,7.445843103935038,"{""type"":""MultiPoint"",""coordinates"":[]}"
00000000000000000548,HYD_1353,17.28057317380146,78.62852054603859,8.519702834208731,"{""type"":""MultiPoint"",""coordinates"":[]}"
00000000000000000549,HYD_1354,17.280683939492643,78.63792258167656,12.276690106996348,"{""type"":""MultiPoint"",""coordinates"":[]}"
0000000000000000054a,HYD_1355,17.280795793567787,78.64732349663757,11.147913499882348,"{""type"":""MultiPoint"",""coordinates"":[]}"
0000000000000000054b,HYD_1356,17.268383871701527,78.37485680658915,24.001009425311018,"{""type"":""MultiPoint"",""coordinates"":[]}"
0000000000000000054c,HYD_1357,17.268506845049327,78.38425546883333,29.921236913976532,"{""type"":""MultiPoint"",""coordinates"":[]}"
0000000000000000054d,HYD_1358,17.268629133344284,78.39365414972882,37.469534287840766,"{""type"":""MultiPoint"",""coordinates"":[]}"
0000000000000000054e,HYD_1359,17.26875139761747,78.4030528477462,25.133053821675915,"{""type"":""MultiPoint"",""coordinates"":[]}"
0000000000000000054f,HYD_1360,17.268872507500912,78.41245037960839,13.216134957927256,"{""type"":""MultiPoint"",""coordinates"":[]}"
00000000000000000550,HYD_1361,17.268992548124032,78.42184904360532,13.752176599699384,"{""type"":""MultiPoint"",""coordinates"":[]}"
00000000000000000551,HYD_1362,17.26911294423473,78.43124881782548,9.96376533329207,"{""type"":""MultiPoint"",""coordinates"":[]}"
00000000000000000552,HYD_1363,17.269233677685577,78.4406474658324,10.461349771396488,"{""type"":""MultiPoint"",""coordinates"":[]}"
00000000000000000553,HYD_1364,17.269353355210317,78.45004505241144,16.831379057542474,"{""type"":""MultiPoint"",""coordinates"":[]}"
00000000000000000554,HYD_1365,17.26947299576426,78.45944410966669,15.560307380182431,"{""type"":""MultiPoint"",""coordinates"":[]}"
00000000000000000555,HYD_1366,17.26959116552037,78.46884311632864,25.000471328033967,"{""type"":""MultiPoint"",""coordinates"":[]}"
00000000000000000556,HYD_1367,17.269709712367526,78.47824256351902,17.358294341311684,"{""type"":""MultiPoint"",""coordinates"":[]}"
00000000000000000557,HYD_1368,17.269827485102308,78.48764045602117,12.802589324972093,"{""type"":""MultiPoint"",""coordinates"":[]}"
00000000000000000558,HYD_1369,17.269944545202257,78.49704060642314,13.996747921422585,"{""type"":""MultiPoint"",""coordinates"":[]}"
00000000000000000559,HYD_1370,17.27006048319202,78.50644039994899,11.566761945940785,"{""type"":""MultiPoint"",""coordinates"":[]}"
0000000000000000055a,HYD_1371,17.270177566101232,78.51584056099512,9.476607656970467,"{""type"":""MultiPoint"",""coordinates"":[]}"
0000000000000000055b,HYD_1372,17.270294588656586,78.5252399566358,9.117542024401292,"{""type"":""MultiPoint"",""coordinates"":[]}"
0000000000000000055c,HYD_1373,17.270409366154755,78.53463936957462,10.809019235798916,"{""type"":""MultiPoint"",""coordinates"":[]}"
0000000000000000055d,HYD_1374,17.27052458671869,78.54403841907656,16.43772521206854,"{""type"":""MultiPoint"",""coordinates"":[]}"
0000000000000000055e,HYD_1375,17.270640161747743,78.55343710390261,10.26526454462554,"{""type"":""MultiPoint"",""coordinates"":[]}"
0000000000000000055f,HYD_1376,17.27075499776267,78.5628372910654,7.242692380193028,"{""type"":""MultiPoint"",""coordinates"":[]}"
00000000000000000560,HYD_1377,17.27086869085942,78.57223630067757,13.746465893221172,"{""type"":""MultiPoint"",""coordinates"":[]}"
00000000000000000561,HYD_1378,17.270981303622765,78.58163646369347,18.384830603115297,"{""type"":""MultiPoint"",""coordinates"":[]}"
00000000000000000562,HYD_1379,17.27109389188628,78.5910366235217,22.908576823980685,"{""type"":""MultiPoint"",""coordinates"":[]}"
00000000000000000563,HYD_1380,17.271207588196003,78.60043564690582,13.679622827116976,"{""type"":""MultiPoint"",""coordinates"":[]}"
00000000000000000564,HYD_1381,17.271320176486373,78.60983581993352,7.7869137067061205,"{""type"":""MultiPoint"",""coordinates"":[]}"
00000000000000000565,HYD_1382,17.27143164808468,78.61923560253292,7.98032620837431,"{""type"":""MultiPoint"",""coordinates"":[]}"
00000000000000000566,HYD_1383,17.27154314493606,78.62863537117357,9.595317821816794,"{""type"":""MultiPoint"",""coordinates"":[]}"
00000000000000000567,HYD_1384,17.271653873185812,78.63803666254323,8.59327782351164,"{""type"":""MultiPoint"",""coordinates"":[]}"
00000000000000000568,HYD_1385,17.259354544994984,78.37498496771732,27.025072490362295,"{""type"":""MultiPoint"",""coordinates"":[]}"
00000000000000000569,HYD_1386,17.25947646864296,78.38438258876376,36.95465951933897,"{""type"":""MultiPoint"",""coordinates"":[]}"
0000000000000000056a,HYD_1387,17.259599810198385,78.39378011139459,35.07518839768961,"{""type"":""MultiPoint"",""coordinates"":[]}"
0000000000000000056b,HYD_1388,17.259722090781167,78.40317879049225,23.506454543822624,"{""type"":""MultiPoint"",""coordinates"":[]}"
0000000000000000056c,HYD_1389,17.25984211140797,78.4125774863856,13.631159508396204,"{""type"":""MultiPoint"",""coordinates"":[]}"
0000000000000000056d,HYD_1390,17.259963219823184,78.42197499262053,9.492492947108307,"{""type"":""MultiPoint"",""coordinates"":[]}"
0000000000000000056e,HYD_1391,17.26008326171894,78.43137367365581,14.099310605655694,"{""type"":""MultiPoint"",""coordinates"":[]}"
0000000000000000056f,HYD_1392,17.2602036613192,78.44077122299332,23.98595420325675,"{""type"":""MultiPoint"",""coordinates"":[]}"
00000000000000000570,HYD_1393,17.260324037154056,78.4501687840271,21.442028892007535,"{""type"":""MultiPoint"",""coordinates"":[]}"
00000000000000000571,HYD_1394,17.26044219098544,78.4595685680813,22.609871092977766,"{""type"":""MultiPoint"",""coordinates"":[]}"
00000000000000000572,HYD_1395,17.260560719347414,78.46896723215954,24.245813806329842,"{""type"":""MultiPoint"",""coordinates"":[]}"
00000000000000000573,HYD_1396,17.260678191547843,78.47836480115416,18.093965966079736,"{""type"":""MultiPoint"",""coordinates"":[]}"
00000000000000000574,HYD_1397,17.260796705148575,78.48776347604654,14.497495583565005,"{""type"":""MultiPoint"",""coordinates"":[]}"
00000000000000000575,HYD_1398,17.26091522170397,78.49716212814275,11.972085641971068,"{""type"":""MultiPoint"",""coordinates"":[]}"
00000000000000000576,HYD_1399,17.261030813793127,78.50656080770831,8.524081528689555,"{""type"":""MultiPoint"",""coordinates"":[]}"
00000000000000000577,HYD_1400,17.261146760471966,78.51596058804986,6.121451708434,"{""type"":""MultiPoint"",""coordinates"":[]}"
00000000000000000578,HYD_1401,17.261262688080592,78.52536034989197,5.824960223736892,"{""type"":""MultiPoint"",""coordinates"":[]}"
00000000000000000579,HYD_1402,17.261378962247733,78.53475902944147,8.179317861686261,"{""type"":""MultiPoint"",""coordinates"":[]}"
0000000000000000057a,HYD_1403,17.261494175807638,78.5441566142343,8.450637952024449,"{""type"":""MultiPoint"",""coordinates"":[]}"
0000000000000000057b,HYD_1404,17.26160939190871,78.55355566117069,6.35943477238768,"{""type"":""MultiPoint"",""coordinates"":[]}"
0000000000000000057c,HYD_1405,17.26172308257131,78.56295468911398,5.342464881323873,"{""type"":""MultiPoint"",""coordinates"":[]}"
0000000000000000057d,HYD_1406,17.26183681928779,78.5723552352161,7.792676072277374,"{""type"":""MultiPoint"",""coordinates"":[]}"
0000000000000000057e,HYD_1407,17.261950471972057,78.58175424639192,16.93289556538165,"{""type"":""MultiPoint"",""coordinates"":[]}"
0000000000000000057f,HYD_1408,17.262063089608077,78.59115440969822,20.456487246794282,"{""type"":""MultiPoint"",""coordinates"":[]}"
00000000000000000580,HYD_1409,17.262176067860167,78.60055345494605,14.673625867317584,"{""type"":""MultiPoint"",""coordinates"":[]}"
00000000000000000581,HYD_1410,17.26228828158978,78.6099517603105,9.855834936782522,"{""type"":""MultiPoint"",""coordinates"":[]}"
00000000000000000582,HYD_1411,17.26239976969975,78.61935156163833,10.532117712117492,"{""type"":""MultiPoint"",""coordinates"":[]}"
00000000000000000583,HYD_1412,17.262511252612594,78.6287513193918,8.02960734389144,"{""type"":""MultiPoint"",""coordinates"":[]}"
00000000000000000584,HYD_1413,17.250324491791837,78.3751132245911,25.001578809623435,"{""type"":""MultiPoint"",""coordinates"":[]}"
00000000000000000585,HYD_1414,17.250447487588065,78.38450965061064,27.888951152031407,"{""type"":""MultiPoint"",""coordinates"":[]}"
00000000000000000586,HYD_1415,17.250569400800565,78.39390721184996,14.497201988506768,"{""type"":""MultiPoint"",""coordinates"":[]}"
00000000000000000587,HYD_1416,17.250692763262563,78.40330474875014,12.090632635030278,"{""type"":""MultiPoint"",""coordinates"":[]}"
00000000000000000588,HYD_1417,17.250812772213354,78.41270340930056,10.978232216479173,"{""type"":""MultiPoint"",""coordinates"":[]}"
00000000000000000589,HYD_1418,17.25093318425963,78.42210097067377,11.31930598353803,"{""type"":""MultiPoint"",""coordinates"":[]}"
0000000000000000058a,HYD_1419,17.251053594036694,78.43149853745693,16.395920752585212,"{""type"":""MultiPoint"",""coordinates"":[]}"
0000000000000000058b,HYD_1420,17.251173977919724,78.440896103964,21.591430660483987,"{""type"":""MultiPoint"",""coordinates"":[]}"
0000000000000000058c,HYD_1421,17.251293262614684,78.45029402414433,30.40721847631814,"{""type"":""MultiPoint"",""coordinates"":[]}"
0000000000000000058d,HYD_1422,17.251411744051342,78.45969191774206,24.200445032030288,"{""type"":""MultiPoint"",""coordinates"":[]}"
0000000000000000058e,HYD_1423,17.25153033687526,78.46908987364905,26.817028448615275,"{""type"":""MultiPoint"",""coordinates"":[]}"
0000000000000000058f,HYD_1424,17.251649230152882,78.47848741220872,25.32735936160379,"{""type"":""MultiPoint"",""coordinates"":[]}"
00000000000000000590,HYD_1425,17.25176593378183,78.48788648001555,14.182711281574948,"{""type"":""MultiPoint"",""coordinates"":[]}"
00000000000000000591,HYD_1426,17.251883736586155,78.49728440178342,10.323028278263578,"{""type"":""MultiPoint"",""coordinates"":[]}"
00000000000000000592,HYD_1427,17.25200151869099,78.50668232566284,7.043585772362257,"{""type"":""MultiPoint"",""coordinates"":[]}"
00000000000000000593,HYD_1428,17.252117097552432,78.51608098458291,5.42670336904767,"{""type"":""MultiPoint"",""coordinates"":[]}"
00000000000000000594,HYD_1429,17.252233025289733,78.52548076439594,5.1709755513726225,"{""type"":""MultiPoint"",""coordinates"":[]}"
00000000000000000595,HYD_1430,17.2523489546369,78.53487833054375,6.686388066645419,"{""type"":""MultiPoint"",""coordinates"":[]}"
00000000000000000596,HYD_1431,17.252463787030894,78.54427628482856,8.879672562683023,"{""type"":""MultiPoint"",""coordinates"":[]}"
00000000000000000597,HYD_1432,17.252577458422714,78.55367530114896,14.819711460417986,"{""type"":""MultiPoint"",""coordinates"":[]}"
00000000000000000598,HYD_1433,17.252692656337263,78.56307434353654,8.648652667282892,"{""type"":""MultiPoint"",""coordinates"":[]}"
00000000000000000599,HYD_1434,17.252806003176076,78.5724730208851,7.106531460334392,"{""type"":""MultiPoint"",""coordinates"":[]}"
0000000000000000059a,HYD_1435,17.25291860266514,78.58187319096677,17.760121060483286,"{""type"":""MultiPoint"",""coordinates"":[]}"
0000000000000000059b,HYD_1436,17.25303228848131,78.59127220333903,16.548644426114418,"{""type"":""MultiPoint"",""coordinates"":[]}"
0000000000000000059c,HYD_1437,17.253144538902344,78.6006712500769,10.344903836778135,"{""type"":""MultiPoint"",""coordinates"":[]}"
0000000000000000059d,HYD_1438,17.253256765468905,78.61006880302432,9.40460090010379,"{""type"":""MultiPoint"",""coordinates"":[]}"
0000000000000000059e,HYD_1439,17.25336786139452,78.61946748329161,10.337030458226447,"{""type"":""MultiPoint"",""coordinates"":[]}"
0000000000000000059f,HYD_1440,17.24141742133119,78.38463783618572,17.173369239147444,"{""type"":""MultiPoint"",""coordinates"":[]}"
000000000000000005a0,HYD_1441,17.24153932461158,78.39403466170883,13.632420184917022,"{""type"":""MultiPoint"",""coordinates"":[]}"
000000000000000005a1,HYD_1442,17.241661210110767,78.40343146624028,14.652192659333279,"{""type"":""MultiPoint"",""coordinates"":[]}"
000000000000000005a2,HYD_1443,17.2417834572264,78.4128293777468,18.409129661993624,"{""type"":""MultiPoint"",""coordinates"":[]}"
000000000000000005a3,HYD_1444,17.241903506661938,78.42222582388086,40.07411925803888,"{""type"":""MultiPoint"",""coordinates"":[]}"
000000000000000005a4,HYD_1445,17.242023897668123,78.43162337917104,72.79121603092678,"{""type"":""MultiPoint"",""coordinates"":[]}"
000000000000000005a5,HYD_1446,17.242144293095663,78.44102094849481,47.17527451851,"{""type"":""MultiPoint"",""coordinates"":[]}"
000000000000000005a6,HYD_1447,17.242262442398907,78.45041850089584,44.65163634618123,"{""type"":""MultiPoint"",""coordinates"":[]}"
000000000000000005a7,HYD_1448,17.242380610059552,78.45981606586989,38.616086164667514,"{""type"":""MultiPoint"",""coordinates"":[]}"
000000000000000005a8,HYD_1449,17.242500271848495,78.46921286500411,19.64059351622275,"{""type"":""MultiPoint"",""coordinates"":[]}"
000000000000000005a9,HYD_1450,17.24261771210599,78.478609664887,25.103581862830218,"{""type"":""MultiPoint"",""coordinates"":[]}"
000000000000000005aa,HYD_1451,17.24273547717273,78.48800758481222,13.535787906253091,"{""type"":""MultiPoint"",""coordinates"":[]}"
000000000000000005ab,HYD_1452,17.2428521842721,78.49740667838631,10.501785572696496,"{""type"":""MultiPoint"",""coordinates"":[]}"
000000000000000005ac,HYD_1453,17.242970352727312,78.50680345665224,9.608689279091067,"{""type"":""MultiPoint"",""coordinates"":[]}"
000000000000000005ad,HYD_1454,17.243087414139033,78.51620139633094,6.467732251920575,"{""type"":""MultiPoint"",""coordinates"":[]}"
000000000000000005ae,HYD_1455,17.24320223291114,78.52560157198151,5.492755406798887,"{""type"":""MultiPoint"",""coordinates"":[]}"
000000000000000005af,HYD_1456,17.243317042634406,78.53499875577916,12.031604173706802,"{""type"":""MultiPoint"",""coordinates"":[]}"
000000000000000005b0,HYD_1457,17.24343185397251,78.54439589906133,16.41028109067537,"{""type"":""MultiPoint"",""coordinates"":[]}"
000000000000000005b1,HYD_1458,17.243547018896486,78.5537949445746,14.928394488661503,"{""type"":""MultiPoint"",""coordinates"":[]}"
000000000000000005b2,HYD_1459,17.24366115188407,78.56319290966601,7.654589679854001,"{""type"":""MultiPoint"",""coordinates"":[]}"
000000000000000005b3,HYD_1460,17.24377520855798,78.57259079337565,7.458010786140535,"{""type"":""MultiPoint"",""coordinates"":[]}"
000000000000000005b4,HYD_1461,17.243888166386096,78.58198985117482,12.534288850524616,"{""type"":""MultiPoint"",""coordinates"":[]}"
000000000000000005b5,HYD_1462,17.24400041259841,78.5913889057105,13.676758989541767,"{""type"":""MultiPoint"",""coordinates"":[]}"
000000000000000005b6,HYD_1463,17.24411301636234,78.60078830346914,10.873862479462183,"{""type"":""MultiPoint"",""coordinates"":[]}"
000000000000000005b7,HYD_1464,17.2442244795028,78.61018584957101,7.3590961841350415,"{""type"":""MultiPoint"",""coordinates"":[]}"
000000000000000005b8,HYD_1465,17.232387780481083,78.38476493429293,9.805718757156145,"{""type"":""MultiPoint"",""coordinates"":[]}"
000000000000000005b9,HYD_1466,17.232507829527197,78.39416139113017,9.592466914038143,"{""type"":""MultiPoint"",""coordinates"":[]}"
000000000000000005ba,HYD_1467,17.23263116899301,78.4035589184899,11.749424303384652,"{""type"":""MultiPoint"",""coordinates"":[]}"
000000000000000005bb,HYD_1468,17.232753430711497,78.41295536646184,14.29514950453633,"{""type"":""MultiPoint"",""coordinates"":[]}"
000000000000000005bc,HYD_1469,17.23287383116931,78.4223506692126,52.51919929439981,"{""type"":""MultiPoint"",""coordinates"":[]}"
000000000000000005bd,HYD_1470,17.232994203734872,78.43174822846139,77.75041678164489,"{""type"":""MultiPoint"",""coordinates"":[]}"
000000000000000005be,HYD_1471,17.233113496755603,78.44114618485057,55.43306040808587,"{""type"":""MultiPoint"",""coordinates"":[]}"
000000000000000005bf,HYD_1472,17.233232031537135,78.4505418622025,45.12823090275947,"{""type"":""MultiPoint"",""coordinates"":[]}"
000000000000000005c0,HYD_1473,17.23335060054442,78.45993981339282,29.40066711450257,"{""type"":""MultiPoint"",""coordinates"":[]}"
000000000000000005c1,HYD_1474,17.23346911944126,78.46933625332152,16.203918956234126,"{""type"":""MultiPoint"",""coordinates"":[]}"
000000000000000005c2,HYD_1475,17.23358763400969,78.4787326803834,17.30846038245259,"{""type"":""MultiPoint"",""coordinates"":[]}"
000000000000000005c3,HYD_1476,17.23370508023158,78.48813023236733,8.814363788998744,"{""type"":""MultiPoint"",""coordinates"":[]}"
000000000000000005c4,HYD_1477,17.233821734862065,78.49752777173897,9.214421816532978,"{""type"":""MultiPoint"",""coordinates"":[]}"
000000000000000005c5,HYD_1478,17.23393807793068,78.50692575086467,12.836410826061842,"{""type"":""MultiPoint"",""coordinates"":[]}"
000000000000000005c6,HYD_1479,17.23405584114577,78.51632288736646,6.218527162723648,"{""type"":""MultiPoint"",""coordinates"":[]}"
000000000000000005c7,HYD_1480,17.23417029551629,78.52572117936735,5.758421497989105,"{""type"":""MultiPoint"",""coordinates"":[]}"
000000000000000005c8,HYD_1481,17.23428513062188,78.5351191451245,7.4678991425205306,"{""type"":""MultiPoint"",""coordinates"":[]}"
000000000000000005c9,HYD_1482,17.234401424615626,78.5445155391553,13.22964077420098,"{""type"":""MultiPoint"",""coordinates"":[]}"
000000000000000005ca,HYD_1483,17.23451553800584,78.55391350779382,13.645555268393625,"{""type"":""MultiPoint"",""coordinates"":[]}"
000000000000000005cb,HYD_1484,17.234629569427227,78.56331140172529,16.423923969715695,"{""type"":""MultiPoint"",""coordinates"":[]}"
000000000000000005cc,HYD_1485,17.234743655796684,78.57271082094832,14.017150051493042,"{""type"":""MultiPoint"",""coordinates"":[]}"
000000000000000005cd,HYD_1486,17.234856645671194,78.58210764704674,18.380126654038413,"{""type"":""MultiPoint"",""coordinates"":[]}"
000000000000000005ce,HYD_1487,17.234969972099968,78.59150558457958,16.67384201761976,"{""type"":""MultiPoint"",""coordinates"":[]}"
000000000000000005cf,HYD_1488,17.223358114356483,78.38489203842042,9.13992252475337,"{""type"":""MultiPoint"",""coordinates"":[]}"
000000000000000005d0,HYD_1489,17.223478858346958,78.39428845614141,7.840042174254224,"{""type"":""MultiPoint"",""coordinates"":[]}"
000000000000000005d1,HYD_1490,17.22360001782234,78.40368525237797,7.815030475401542,"{""type"":""MultiPoint"",""coordinates"":[]}"
000000000000000005d2,HYD_1491,17.223722641042094,78.41307981691234,7.072928899265514,"{""type"":""MultiPoint"",""coordinates"":[]}"
000000000000000005d3,HYD_1492,17.223844153160535,78.42247554351698,10.466416181673422,"{""type"":""MultiPoint"",""coordinates"":[]}"
000000000000000005d4,HYD_1493,17.223963442690962,78.43187346903082,12.390619437347558,"{""type"":""MultiPoint"",""coordinates"":[]}"
000000000000000005d5,HYD_1494,17.224081578321915,78.44127027505898,12.310002424123702,"{""type"":""MultiPoint"",""coordinates"":[]}"
000000000000000005d6,HYD_1495,17.224200890497425,78.45066599167959,10.621838617951068,"{""type"":""MultiPoint"",""coordinates"":[]}"
000000000000000005d7,HYD_1496,17.2243216288097,78.460062416589,10.718745500613482,"{""type"":""MultiPoint"",""coordinates"":[]}"
000000000000000005d8,HYD_1497,17.224439443448055,78.46945887352562,10.797141443274034,"{""type"":""MultiPoint"",""coordinates"":[]}"
000000000000000005d9,HYD_1498,17.224556134880686,78.47885572422527,11.430748697737572,"{""type"":""MultiPoint"",""coordinates"":[]}"
000000000000000005da,HYD_1499,17.224674990852627,78.4882524822617,8.576129107408121,"{""type"":""MultiPoint"",""coordinates"":[]}"
000000000000000005db,HYD_1500,17.224791702430142,78.49764927645606,5.9767589059153385,"{""type"":""MultiPoint"",""coordinates"":[]}"
000000000000000005dc,HYD_1501,17.224907631005046,78.50704685403784,6.595943272768797,"{""type"":""MultiPoint"",""coordinates"":[]}"
000000000000000005dd,HYD_1502,17.225023563345747,78.51644440699299,5.530072672058448,"{""type"":""MultiPoint"",""coordinates"":[]}"
000000000000000005de,HYD_1503,17.22513988532668,78.52584083545784,5.579906207759206,"{""type"":""MultiPoint"",""coordinates"":[]}"
000000000000000005df,HYD_1504,17.22525510505481,78.53523840238988,4.923456850016096,"{""type"":""MultiPoint"",""coordinates"":[]}"
000000000000000005e0,HYD_1505,17.22537028513895,78.54463522913122,7.590480792365869,"{""type"":""MultiPoint"",""coordinates"":[]}"
000000000000000005e1,HYD_1506,17.225483981831914,78.55403200962965,14.76149778235449,"{""type"":""MultiPoint"",""coordinates"":[]}"
000000000000000005e2,HYD_1507,17.22559915001485,78.56343106331465,17.47119730616018,"{""type"":""MultiPoint"",""coordinates"":[]}"
000000000000000005e3,HYD_1508,17.22571248787947,78.57282751276645,14.206151494389408,"{""type"":""MultiPoint"",""coordinates"":[]}"
000000000000000005e4,HYD_1509,17.214328405436788,78.38501910664472,7.689339297669115,"{""type"":""MultiPoint"",""coordinates"":[]}"
000000000000000005e5,HYD_1510,17.214448785690966,78.39441440874349,9.022582249085707,"{""type"":""MultiPoint"",""coordinates"":[]}"
000000000000000005e6,HYD_1511,17.214569207213014,78.40380972176779,6.982133530584495,"{""type"":""MultiPoint"",""coordinates"":[]}"
000000000000000005e7,HYD_1512,17.214690747880283,78.41320545814251,4.892213651719787,"{""type"":""MultiPoint"",""coordinates"":[]}"
000000000000000005e8,HYD_1513,17.214812251194935,78.42260041821469,4.867744697525429,"{""type"":""MultiPoint"",""coordinates"":[]}"
000000000000000005e9,HYD_1514,17.2149318676739,78.43199645317644,6.327401687682906,"{""type"":""MultiPoint"",""coordinates"":[]}"
000000000000000005ea,HYD_1515,17.21505044263472,78.44139437863566,7.660363660744387,"{""type"":""MultiPoint"",""coordinates"":[]}"
000000000000000005eb,HYD_1516,17.21517120494772,78.45079083912876,6.31964291576156,"{""type"":""MultiPoint"",""coordinates"":[]}"
000000000000000005ec,HYD_1517,17.21529049537541,78.46018654932959,9.488445535581208,"{""type"":""MultiPoint"",""coordinates"":[]}"
000000000000000005ed,HYD_1518,17.215408624084223,78.46958111576832,14.334766445090107,"{""type"":""MultiPoint"",""coordinates"":[]}"
000000000000000005ee,HYD_1519,17.215526056074435,78.47897794245903,21.785513977265694,"{""type"":""MultiPoint"",""coordinates"":[]}"
000000000000000005ef,HYD_1520,17.215642740186656,78.48837475395362,11.656500967537484,"{""type"":""MultiPoint"",""coordinates"":[]}"
000000000000000005f0,HYD_1521,17.215760532659523,78.49777042714402,7.946511252974392,"{""type"":""MultiPoint"",""coordinates"":[]}"
000000000000000005f1,HYD_1522,17.21587830141144,78.50716835596073,15.090683919444766,"{""type"":""MultiPoint"",""coordinates"":[]}"
000000000000000005f2,HYD_1523,17.215993888635115,78.51656481068305,18.874415117828736,"{""type"":""MultiPoint"",""coordinates"":[]}"
000000000000000005f3,HYD_1524,17.216109829625857,78.52596013288104,15.575060981299595,"{""type"":""MultiPoint"",""coordinates"":[]}"
000000000000000005f4,HYD_1525,17.21622466774643,78.53535805372864,12.738797197646097,"{""type"":""MultiPoint"",""coordinates"":[]}"
000000000000000005f5,HYD_1526,17.216338352760687,78.54475484386288,13.757199743675244,"{""type"":""MultiPoint"",""coordinates"":[]}"
000000000000000005f6,HYD_1527,17.216453546048637,78.5541516970691,11.29605065092034,"{""type"":""MultiPoint"",""coordinates"":[]}"
000000000000000005f7,HYD_1528,17.20529872311838,78.38514617477746,6.275575132789578,"{""type"":""MultiPoint"",""coordinates"":[]}"
000000000000000005f8,HYD_1529,17.205419136185185,78.39454148731367,11.460872389809499,"{""type"":""MultiPoint"",""coordinates"":[]}"
000000000000000005f9,HYD_1530,17.20553988957982,78.40393570828498,11.867115041795472,"{""type"":""MultiPoint"",""coordinates"":[]}"
000000000000000005fa,HYD_1531,17.20565993858092,78.41332992214195,7.950340810126829,"{""type"":""MultiPoint"",""coordinates"":[]}"
000000000000000005fb,HYD_1532,17.205780345776095,78.42272527839107,8.012237358972223,"{""type"":""MultiPoint"",""coordinates"":[]}"
000000000000000005fc,HYD_1533,17.205900710737986,78.4321205758748,8.101188049459147,"{""type"":""MultiPoint"",""coordinates"":[]}"
000000000000000005fd,HYD_1534,17.20602145502743,78.4415169903525,7.775049390309747,"{""type"":""MultiPoint"",""coordinates"":[]}"
000000000000000005fe,HYD_1535,17.206141520562305,78.45091345965996,9.121554193810118,"{""type"":""MultiPoint"",""coordinates"":[]}"
000000000000000005ff,HYD_1536,17.206259681751682,78.46030878114108,13.75271820596686,"{""type"":""MultiPoint"",""coordinates"":[]}"
00000000000000000600,HYD_1537,17.20637749146326,78.46970523015942,25.296522400754707,"{""type"":""MultiPoint"",""coordinates"":[]}"
00000000000000000601,HYD_1538,17.20649600796746,78.47910165873225,29.04194668131072,"{""type"":""MultiPoint"",""coordinates"":[]}"
00000000000000000602,HYD_1539,17.20661194853065,78.48849698157515,18.309263915550414,"{""type"":""MultiPoint"",""coordinates"":[]}"
00000000000000000603,HYD_1540,17.20672935850874,78.49789378294568,20.98531144650717,"{""type"":""MultiPoint"",""coordinates"":[]}"
00000000000000000604,HYD_1541,17.206847149184505,78.5072895018258,20.189645600810955,"{""type"":""MultiPoint"",""coordinates"":[]}"
00000000000000000605,HYD_1542,17.20696421847615,78.5166852219396,10.909692937201195,"{""type"":""MultiPoint"",""coordinates"":[]}"
00000000000000000606,HYD_1543,17.207079050165262,78.52608092423675,8.68527932681948,"{""type"":""MultiPoint"",""coordinates"":[]}"
