system:index,grid_id,latitude,longitude,population_density,.geo
00000000000000000000,HYD_0001,17.60310185050841,78.4171491484952,3784.26496628406,"{""type"":""MultiPoint"",""coordinates"":[]}"
00000000000000000001,HYD_0002,17.603224481347986,78.42656454231273,1798.5978300169397,"{""type"":""MultiPoint"",""coordinates"":[]}"
00000000000000000002,HYD_0003,17.60334745656284,78.435981029435,1254.789153353373,"{""type"":""MultiPoint"",""coordinates"":[]}"
00000000000000000003,HYD_0004,17.60346936131066,78.44539642811792,1712.543255454419,"{""type"":""MultiPoint"",""coordinates"":[]}"
00000000000000000004,HYD_0005,17.60359047340871,78.45481181634253,1720.182590637955,"{""type"":""MultiPoint"",""coordinates"":[]}"
00000000000000000005,HYD_0006,17.6037105182521,78.46422834984592,526.1703346476835,"{""type"":""MultiPoint"",""coordinates"":[]}"
00000000000000000006,HYD_0007,17.6038305571507,78.47364484484892,578.4738134739446,"{""type"":""MultiPoint"",""coordinates"":[]}"
00000000000000000007,HYD_0008,17.603951674243344,78.4830602312184,1425.866442792556,"{""type"":""MultiPoint"",""coordinates"":[]}"
00000000000000000008,HYD_0009,17.604071687934944,78.49247675129256,1156.3142516397963,"{""type"":""MultiPoint"",""coordinates"":[]}"
00000000000000000009,HYD_0010,17.593822417779542,78.39844768082557,2393.5780793956683,"{""type"":""MultiPoint"",""coordinates"":[]}"
0000000000000000000a,HYD_0011,17.593947660531015,78.4078619228333,2449.5703694287467,"{""type"":""MultiPoint"",""coordinates"":[]}"
0000000000000000000b,HYD_0012,17.594071816822737,78.41727733715226,3678.4181241278548,"{""type"":""MultiPoint"",""coordinates"":[]}"
0000000000000000000c,HYD_0013,17.5941951447282,78.42669272012233,2171.211912162631,"{""type"":""MultiPoint"",""coordinates"":[]}"
0000000000000000000d,HYD_0014,17.59431594378316,78.43610852026363,1490.0346344779523,"{""type"":""MultiPoint"",""coordinates"":[]}"
0000000000000000000e,HYD_0015,17.594439269077416,78.44552312307432,1866.7133262054592,"{""type"":""MultiPoint"",""coordinates"":[]}"
0000000000000000000f,HYD_0016,17.59456008822091,78.45493895685699,1267.1707945963917,"{""type"":""MultiPoint"",""coordinates"":[]}"
00000000000000000010,HYD_0017,17.594681168929238,78.46435430402002,585.7507301358615,"{""type"":""MultiPoint"",""coordinates"":[]}"
00000000000000000011,HYD_0018,17.59480122703116,78.47377079564716,724.6327226657495,"{""type"":""MultiPoint"",""coordinates"":[]}"
00000000000000000012,HYD_0019,17.594921637501177,78.4831862204628,1410.3488259670785,"{""type"":""MultiPoint"",""coordinates"":[]}"
00000000000000000013,HYD_0020,17.595042019862355,78.49260162725574,936.6133322771857,"{""type"":""MultiPoint"",""coordinates"":[]}"
00000000000000000014,HYD_0021,17.59516167446683,78.50201850581078,576.0115237946603,"{""type"":""MultiPoint"",""coordinates"":[]}"
00000000000000000015,HYD_0022,17.595279102188247,78.51143310122376,499.0796467968062,"{""type"":""MultiPoint"",""coordinates"":[]}"
00000000000000000016,HYD_0023,17.595398718031092,78.52084999854905,678.4031593369501,"{""type"":""MultiPoint"",""coordinates"":[]}"
00000000000000000017,HYD_0024,17.59551723656233,78.53026650965616,830.3104768341663,"{""type"":""MultiPoint"",""coordinates"":[]}"
00000000000000000018,HYD_0025,17.584670129910307,78.38916159718804,1484.5589848125685,"{""type"":""MultiPoint"",""coordinates"":[]}"
00000000000000000019,HYD_0026,17.58479275643347,78.39857701841981,1662.0812545477172,"{""type"":""MultiPoint"",""coordinates"":[]}"
0000000000000000001a,HYD_0027,17.584917608544835,78.40799017373814,2073.8837276982326,"{""type"":""MultiPoint"",""coordinates"":[]}"
0000000000000000001b,HYD_0028,17.585042466844783,78.41740554019343,4229.687757147997,"{""type"":""MultiPoint"",""coordinates"":[]}"
0000000000000000001c,HYD_0029,17.585165091913517,78.42682094005409,3933.222237687953,"{""type"":""MultiPoint"",""coordinates"":[]}"
0000000000000000001d,HYD_0030,17.585285871873864,78.43623520546771,2099.9742444393682,"{""type"":""MultiPoint"",""coordinates"":[]}"
0000000000000000001e,HYD_0031,17.585407794098337,78.44565061800485,1094.4951331914642,"{""type"":""MultiPoint"",""coordinates"":[]}"
0000000000000000001f,HYD_0032,17.58553111036,78.4550659965373,370.5097985809924,"{""type"":""MultiPoint"",""coordinates"":[]}"
00000000000000000020,HYD_0033,17.585651132006713,78.46448028676369,576.1743611803241,"{""type"":""MultiPoint"",""coordinates"":[]}"
00000000000000000021,HYD_0034,17.58577155869844,78.47389568024911,1229.2054108376594,"{""type"":""MultiPoint"",""coordinates"":[]}"
00000000000000000022,HYD_0035,17.585891951881486,78.48331107805902,1350.5539450364959,"{""type"":""MultiPoint"",""coordinates"":[]}"
00000000000000000023,HYD_0036,17.586012340004,78.49272648101093,864.4643660227458,"{""type"":""MultiPoint"",""coordinates"":[]}"
00000000000000000024,HYD_0037,17.58613049173897,78.50214186643697,917.2741343834823,"{""type"":""MultiPoint"",""coordinates"":[]}"
00000000000000000025,HYD_0038,17.58624867383253,78.51155723214349,803.9762959667282,"{""type"":""MultiPoint"",""coordinates"":[]}"
00000000000000000026,HYD_0039,17.58636832573611,78.52097412445673,842.9066290088729,"{""type"":""MultiPoint"",""coordinates"":[]}"
00000000000000000027,HYD_0040,17.586485737933316,78.53038877709804,918.0926199183746,"{""type"":""MultiPoint"",""coordinates"":[]}"
00000000000000000028,HYD_0041,17.586603525097715,78.53980452567879,559.3481749945998,"{""type"":""MultiPoint"",""coordinates"":[]}"
00000000000000000029,HYD_0042,17.58671874469317,78.5492199268524,579.8151169608619,"{""type"":""MultiPoint"",""coordinates"":[]}"
0000000000000000002a,HYD_0043,17.586836514912747,78.55863569362371,639.6835251153681,"{""type"":""MultiPoint"",""coordinates"":[]}"
0000000000000000002b,HYD_0044,17.5755174485385,78.37987663380144,553.62026905733,"{""type"":""MultiPoint"",""coordinates"":[]}"
0000000000000000002c,HYD_0045,17.575640820638455,78.38929202888433,979.7590170336704,"{""type"":""MultiPoint"",""coordinates"":[]}"
0000000000000000002d,HYD_0046,17.575763083636765,78.39870631848574,1101.1343371335195,"{""type"":""MultiPoint"",""coordinates"":[]}"
0000000000000000002e,HYD_0047,17.57588792526824,78.40811948385753,1453.9855663935346,"{""type"":""MultiPoint"",""coordinates"":[]}"
0000000000000000002f,HYD_0048,17.576012035403892,78.41753413684448,4207.800121531767,"{""type"":""MultiPoint"",""coordinates"":[]}"
00000000000000000030,HYD_0049,17.576134292384424,78.42694766496187,6425.0853979372505,"{""type"":""MultiPoint"",""coordinates"":[]}"
00000000000000000031,HYD_0050,17.576255476864265,78.43636231729874,4235.705360509835,"{""type"":""MultiPoint"",""coordinates"":[]}"
00000000000000000032,HYD_0051,17.57637880885358,78.44577767661619,823.1309205849965,"{""type"":""MultiPoint"",""coordinates"":[]}"
00000000000000000033,HYD_0052,17.576501070969723,78.45519196144232,350.53844834682997,"{""type"":""MultiPoint"",""coordinates"":[]}"
00000000000000000034,HYD_0053,17.57662112838026,78.46460627763643,572.5445681067077,"{""type"":""MultiPoint"",""coordinates"":[]}"
00000000000000000035,HYD_0054,17.576742238610038,78.47402164446211,891.2548232433841,"{""type"":""MultiPoint"",""coordinates"":[]}"
00000000000000000036,HYD_0055,17.576862263815176,78.48343595102892,1421.784573869144,"{""type"":""MultiPoint"",""coordinates"":[]}"
00000000000000000037,HYD_0056,17.57698155561611,78.49285172084367,1361.837409879647,"{""type"":""MultiPoint"",""coordinates"":[]}"
00000000000000000038,HYD_0057,17.57709970152834,78.5022663367129,1234.621409216114,"{""type"":""MultiPoint"",""coordinates"":[]}"
00000000000000000039,HYD_0058,17.577219338640802,78.51168099803705,826.0089350419884,"{""type"":""MultiPoint"",""coordinates"":[]}"
0000000000000000003a,HYD_0059,17.57733680967052,78.5210963889751,793.0890488923765,"{""type"":""MultiPoint"",""coordinates"":[]}"
0000000000000000003b,HYD_0060,17.577455666362706,78.53051174740453,835.0808345233693,"{""type"":""MultiPoint"",""coordinates"":[]}"
0000000000000000003c,HYD_0061,17.57757348250577,78.53992600922149,816.5202845330332,"{""type"":""MultiPoint"",""coordinates"":[]}"
0000000000000000003d,HYD_0062,17.577689423716023,78.5493414079902,903.4380370420566,"{""type"":""MultiPoint"",""coordinates"":[]}"
0000000000000000003e,HYD_0063,17.57780535424635,78.55875682661879,1022.3010668548885,"{""type"":""MultiPoint"",""coordinates"":[]}"
0000000000000000003f,HYD_0064,17.57792129283025,78.56817221188997,1242.1492800506892,"{""type"":""MultiPoint"",""coordinates"":[]}"
00000000000000000040,HYD_0065,17.578037249137036,78.57758761692354,1076.0154284215444,"{""type"":""MultiPoint"",""coordinates"":[]}"
00000000000000000041,HYD_0066,17.578153180094557,78.58700300696319,901.3941534565944,"{""type"":""MultiPoint"",""coordinates"":[]}"
00000000000000000042,HYD_0067,17.578268353832513,78.59641990186236,931.1091602493735,"{""type"":""MultiPoint"",""coordinates"":[]}"
00000000000000000043,HYD_0068,17.578381339703657,78.60583451242371,692.9486283713696,"{""type"":""MultiPoint"",""coordinates"":[]}"
00000000000000000044,HYD_0069,17.565857175802567,78.33294123194425,360.6066938512466,"{""type"":""MultiPoint"",""coordinates"":[]}"
00000000000000000045,HYD_0070,17.565984256590287,78.34235441277227,531.7624814613193,"{""type"":""MultiPoint"",""coordinates"":[]}"
00000000000000000046,HYD_0071,17.56610912455833,78.35176756863382,610.9503620110304,"{""type"":""MultiPoint"",""coordinates"":[]}"
00000000000000000047,HYD_0072,17.566236224578997,78.361180744498,565.2299743306402,"{""type"":""MultiPoint"",""coordinates"":[]}"
00000000000000000048,HYD_0073,17.566488503043363,78.38000817905987,383.4337331977546,"{""type"":""MultiPoint"",""coordinates"":[]}"
00000000000000000049,HYD_0074,17.566610782355408,78.38942248684701,1312.5116687428715,"{""type"":""MultiPoint"",""coordinates"":[]}"
0000000000000000004a,HYD_0075,17.566733386881264,78.39883562599661,3398.4074962279374,"{""type"":""MultiPoint"",""coordinates"":[]}"
0000000000000000004b,HYD_0076,17.566858254068503,78.40824877955703,2801.0854319628547,"{""type"":""MultiPoint"",""coordinates"":[]}"
0000000000000000004c,HYD_0077,17.566980894543462,78.41766194666175,2485.9176428626565,"{""type"":""MultiPoint"",""coordinates"":[]}"
0000000000000000004d,HYD_0078,17.567103507961328,78.42707510291777,4323.452930517758,"{""type"":""MultiPoint"",""coordinates"":[]}"
0000000000000000004e,HYD_0079,17.567226491349537,78.4364893740968,5770.452648828545,"{""type"":""MultiPoint"",""coordinates"":[]}"
0000000000000000004f,HYD_0080,17.56734876266658,78.44590364553699,1485.3946281807098,"{""type"":""MultiPoint"",""coordinates"":[]}"
00000000000000000050,HYD_0081,17.56747102475775,78.4553179786137,980.1692328864451,"{""type"":""MultiPoint"",""coordinates"":[]}"
00000000000000000051,HYD_0082,17.5675921527289,78.46473334083542,1512.153689191856,"{""type"":""MultiPoint"",""coordinates"":[]}"
00000000000000000052,HYD_0083,17.567712215961233,78.47414762352567,1362.009538212945,"{""type"":""MultiPoint"",""coordinates"":[]}"
00000000000000000053,HYD_0084,17.567832570838934,78.48356076494143,1583.8195055905508,"{""type"":""MultiPoint"",""coordinates"":[]}"
00000000000000000054,HYD_0085,17.56795108015855,78.4929750369072,1177.3970555866463,"{""type"":""MultiPoint"",""coordinates"":[]}"
00000000000000000055,HYD_0086,17.56806853915573,78.50239044768749,706.5913813058069,"{""type"":""MultiPoint"",""coordinates"":[]}"
00000000000000000056,HYD_0087,17.568189292262396,78.51180472591675,1023.4096309587067,"{""type"":""MultiPoint"",""coordinates"":[]}"
00000000000000000057,HYD_0088,17.56830783131908,78.52121897686234,2421.63032876183,"{""type"":""MultiPoint"",""coordinates"":[]}"
00000000000000000058,HYD_0089,17.568424535007587,78.53063362827326,1470.2589052593007,"{""type"":""MultiPoint"",""coordinates"":[]}"
00000000000000000059,HYD_0090,17.568542311148146,78.54004714337353,1019.0655019273946,"{""type"":""MultiPoint"",""coordinates"":[]}"
0000000000000000005a,HYD_0091,17.56866009500062,78.54946291052075,2140.8248521430824,"{""type"":""MultiPoint"",""coordinates"":[]}"
0000000000000000005b,HYD_0092,17.568775695776676,78.5588772161333,2484.7556400261674,"{""type"":""MultiPoint"",""coordinates"":[]}"
0000000000000000005c,HYD_0093,17.568891628486714,78.56829261289414,943.9438246783089,"{""type"":""MultiPoint"",""coordinates"":[]}"
0000000000000000005d,HYD_0094,17.56900755604992,78.57770799068616,712.7491141319276,"{""type"":""MultiPoint"",""coordinates"":[]}"
0000000000000000005e,HYD_0095,17.569122392308543,78.58712377817756,686.0565100754009,"{""type"":""MultiPoint"",""coordinates"":[]}"
0000000000000000005f,HYD_0096,17.569236077964913,78.59653842281168,552.3106433185878,"{""type"":""MultiPoint"",""coordinates"":[]}"
00000000000000000060,HYD_0097,17.569351251688452,78.60595306123679,532.4846729568408,"{""type"":""MultiPoint"",""coordinates"":[]}"
00000000000000000061,HYD_0098,17.569464262273204,78.6153684611338,444.7608836903291,"{""type"":""MultiPoint"",""coordinates"":[]}"
00000000000000000062,HYD_0099,17.569577579180667,78.62478424105198,703.801068902483,"{""type"":""MultiPoint"",""coordinates"":[]}"
00000000000000000063,HYD_0100,17.556189880329654,78.28600920863883,343.28712053111957,"{""type"":""MultiPoint"",""coordinates"":[]}"
00000000000000000064,HYD_0101,17.556318035856094,78.29542197860081,545.6669607527115,"{""type"":""MultiPoint"",""coordinates"":[]}"
00000000000000000065,HYD_0102,17.556445143590437,78.30483590891266,382.3473201200073,"{""type"":""MultiPoint"",""coordinates"":[]}"
00000000000000000066,HYD_0103,17.556573335463327,78.31424871290127,359.845567556456,"{""type"":""MultiPoint"",""coordinates"":[]}"
00000000000000000067,HYD_0104,17.556700788481166,78.32366073429992,443.5762493283142,"{""type"":""MultiPoint"",""coordinates"":[]}"
00000000000000000068,HYD_0105,17.556827522043626,78.33307279269816,1015.2035199333642,"{""type"":""MultiPoint"",""coordinates"":[]}"
00000000000000000069,HYD_0106,17.556954604521994,78.34248595391533,1454.5591822605504,"{""type"":""MultiPoint"",""coordinates"":[]}"
0000000000000000006a,HYD_0107,17.55708056161127,78.3518987492598,1498.0568005281334,"{""type"":""MultiPoint"",""coordinates"":[]}"
0000000000000000006b,HYD_0108,17.557207662160287,78.36131268513476,1418.0628003849706,"{""type"":""MultiPoint"",""coordinates"":[]}"
0000000000000000006c,HYD_0109,17.557333594297184,78.37072544338761,1099.2972573710429,"{""type"":""MultiPoint"",""coordinates"":[]}"
0000000000000000006d,HYD_0110,17.557458471951886,78.38013861373143,683.5607048707848,"{""type"":""MultiPoint"",""coordinates"":[]}"
0000000000000000006e,HYD_0111,17.557581094632745,78.38955176871904,1608.786016547446,"{""type"":""MultiPoint"",""coordinates"":[]}"
0000000000000000006f,HYD_0112,17.557703733315257,78.39896493336282,3793.977765820073,"{""type"":""MultiPoint"",""coordinates"":[]}"
00000000000000000070,HYD_0113,17.557828604068828,78.40837808285534,2881.2541014054245,"{""type"":""MultiPoint"",""coordinates"":[]}"
00000000000000000071,HYD_0114,17.557951219857,78.41779124409129,2007.1942257974658,"{""type"":""MultiPoint"",""coordinates"":[]}"
00000000000000000072,HYD_0115,17.55807382354184,78.42720442586398,4813.009978948855,"{""type"":""MultiPoint"",""coordinates"":[]}"
00000000000000000073,HYD_0116,17.558196436413176,78.43661757418121,5820.675363233977,"{""type"":""MultiPoint"",""coordinates"":[]}"
00000000000000000074,HYD_0117,17.55831796647466,78.44603112649952,2026.9966498169247,"{""type"":""MultiPoint"",""coordinates"":[]}"
00000000000000000075,HYD_0118,17.55844093271277,78.45544461673168,1150.2641041755678,"{""type"":""MultiPoint"",""coordinates"":[]}"
00000000000000000076,HYD_0119,17.558562115484758,78.46485931712593,1158.8174276987713,"{""type"":""MultiPoint"",""coordinates"":[]}"
00000000000000000077,HYD_0120,17.55868252458045,78.47427244828356,1001.6314697527417,"{""type"":""MultiPoint"",""coordinates"":[]}"
00000000000000000078,HYD_0121,17.558801797171796,78.48368597251938,1400.6504849340395,"{""type"":""MultiPoint"",""coordinates"":[]}"
00000000000000000079,HYD_0122,17.55891991338633,78.49309838708598,1401.8545890284522,"{""type"":""MultiPoint"",""coordinates"":[]}"
0000000000000000007a,HYD_0123,17.559039561090113,78.5025130584123,647.9616349575566,"{""type"":""MultiPoint"",""coordinates"":[]}"
0000000000000000007b,HYD_0124,17.559158142823172,78.51192885506146,1019.9002111004847,"{""type"":""MultiPoint"",""coordinates"":[]}"
0000000000000000007c,HYD_0125,17.559276662903933,78.52134233614284,2015.9400238972084,"{""type"":""MultiPoint"",""coordinates"":[]}"
0000000000000000007d,HYD_0126,17.559393736897274,78.53075589030496,1394.6786951139864,"{""type"":""MultiPoint"",""coordinates"":[]}"
0000000000000000007e,HYD_0127,17.55951112895936,78.54017053791435,1018.7391562031765,"{""type"":""MultiPoint"",""coordinates"":[]}"
0000000000000000007f,HYD_0128,17.559628945646132,78.54958406934435,1754.3694153131223,"{""type"":""MultiPoint"",""coordinates"":[]}"
00000000000000000080,HYD_0129,17.559745653020222,78.55899873503074,1391.835808344448,"{""type"":""MultiPoint"",""coordinates"":[]}"
00000000000000000081,HYD_0130,17.559861188359175,78.56841447122146,616.6282951261484,"{""type"":""MultiPoint"",""coordinates"":[]}"
00000000000000000082,HYD_0131,17.559975637697605,78.57782837901836,604.1151909977782,"{""type"":""MultiPoint"",""coordinates"":[]}"
00000000000000000083,HYD_0132,17.56009081888807,78.58724227582816,489.210221754336,"{""type"":""MultiPoint"",""coordinates"":[]}"
00000000000000000084,HYD_0133,17.56020493298845,78.59665809557518,678.3219328319325,"{""type"":""MultiPoint"",""coordinates"":[]}"
00000000000000000085,HYD_0134,17.56032010074319,78.6060727294006,690.5633781797744,"{""type"":""MultiPoint"",""coordinates"":[]}"
00000000000000000086,HYD_0135,17.560434140673667,78.6154862264686,511.1525308272419,"{""type"":""MultiPoint"",""coordinates"":[]}"
00000000000000000087,HYD_0136,17.56054605488679,78.62490202818702,776.609583497515,"{""type"":""MultiPoint"",""coordinates"":[]}"
00000000000000000088,HYD_0137,17.54650948466101,78.2390871875539,868.6836501560961,"{""type"":""MultiPoint"",""coordinates"":[]}"
00000000000000000089,HYD_0138,17.54663921610072,78.24849777121493,609.9570490098467,"{""type"":""MultiPoint"",""coordinates"":[]}"
0000000000000000008a,HYD_0139,17.546771501345898,78.25790945580336,837.4478264294416,"{""type"":""MultiPoint"",""coordinates"":[]}"
0000000000000000008b,HYD_0140,17.546901554903428,78.26732111513186,674.4867216269176,"{""type"":""MultiPoint"",""coordinates"":[]}"
0000000000000000008c,HYD_0141,17.5470305243455,78.27673315214798,345.8995770454406,"{""type"":""MultiPoint"",""coordinates"":[]}"
0000000000000000008d,HYD_0142,17.54716054509241,78.28614405447837,590.7659331592859,"{""type"":""MultiPoint"",""coordinates"":[]}"
0000000000000000008e,HYD_0143,17.547289477055713,78.29555611555024,1239.5354798747044,"{""type"":""MultiPoint"",""coordinates"":[]}"
0000000000000000008f,HYD_0144,17.5474165593197,78.30496929101274,334.1467611088472,"{""type"":""MultiPoint"",""coordinates"":[]}"
00000000000000000090,HYD_0145,17.547544020522675,78.31438134351957,322.1720468203226,"{""type"":""MultiPoint"",""coordinates"":[]}"
00000000000000000091,HYD_0146,17.547671495348414,78.32379193572872,640.5648761197633,"{""type"":""MultiPoint"",""coordinates"":[]}"
00000000000000000092,HYD_0147,17.547798967245043,78.33320474725173,1887.197385069903,"{""type"":""MultiPoint"",""coordinates"":[]}"
00000000000000000093,HYD_0148,17.547924929721106,78.34261750272947,2690.0366630591607,"{""type"":""MultiPoint"",""coordinates"":[]}"
00000000000000000094,HYD_0149,17.54805236505125,78.3520295467148,2883.229321483537,"{""type"":""MultiPoint"",""coordinates"":[]}"
00000000000000000095,HYD_0150,17.548179058282784,78.36144160190456,1767.3146109076108,"{""type"":""MultiPoint"",""coordinates"":[]}"
00000000000000000096,HYD_0151,17.548303914588484,78.3708547646274,1719.9728829178157,"{""type"":""MultiPoint"",""coordinates"":[]}"
00000000000000000097,HYD_0152,17.548428780853985,78.38026791494704,1787.6552772073187,"{""type"":""MultiPoint"",""coordinates"":[]}"
00000000000000000098,HYD_0153,17.548551421024722,78.38968108174048,1540.7922888250912,"{""type"":""MultiPoint"",""coordinates"":[]}"
00000000000000000099,HYD_0154,17.548674412134314,78.39909313125935,2039.4168919357598,"{""type"":""MultiPoint"",""coordinates"":[]}"
0000000000000000009a,HYD_0155,17.54879891143233,78.40850515773825,2121.9814012415272,"{""type"":""MultiPoint"",""coordinates"":[]}"
0000000000000000009b,HYD_0156,17.548921539383326,78.41791833690208,4376.513070790908,"{""type"":""MultiPoint"",""coordinates"":[]}"
0000000000000000009c,HYD_0157,17.54904414108751,78.42733152081398,6610.645799030977,"{""type"":""MultiPoint"",""coordinates"":[]}"
0000000000000000009d,HYD_0158,17.549166758388733,78.43674466520194,7053.642551601634,"{""type"":""MultiPoint"",""coordinates"":[]}"
0000000000000000009e,HYD_0159,17.549287171189132,78.44615781210382,4342.924830245972,"{""type"":""MultiPoint"",""coordinates"":[]}"
0000000000000000009f,HYD_0160,17.549408695665967,78.45557137600602,758.7153387855082,"{""type"":""MultiPoint"",""coordinates"":[]}"
000000000000000000a0,HYD_0161,17.54953131118665,78.46498377555439,2095.9387241587924,"{""type"":""MultiPoint"",""coordinates"":[]}"
000000000000000000a1,HYD_0162,17.549651730997795,78.47439768911289,1689.0849888745477,"{""type"":""MultiPoint"",""coordinates"":[]}"
000000000000000000a2,HYD_0163,17.549769884738293,78.48381006532676,1825.5952163733687,"{""type"":""MultiPoint"",""coordinates"":[]}"
000000000000000000a3,HYD_0164,17.54988915525159,78.49322364045914,2134.921638526169,"{""type"":""MultiPoint"",""coordinates"":[]}"
000000000000000000a4,HYD_0165,17.550009545492557,78.50263682654308,1185.615132982591,"{""type"":""MultiPoint"",""coordinates"":[]}"
000000000000000000a5,HYD_0166,17.550128057274417,78.51205106785035,1804.3351117825973,"{""type"":""MultiPoint"",""coordinates"":[]}"
000000000000000000a6,HYD_0167,17.55024586059235,78.52146536000654,1545.9711620218604,"{""type"":""MultiPoint"",""coordinates"":[]}"
000000000000000000a7,HYD_0168,17.550364036664266,78.53087851496088,1134.4235513930228,"{""type"":""MultiPoint"",""coordinates"":[]}"
000000000000000000a8,HYD_0169,17.5504799639144,78.54029169366748,1215.7984949205434,"{""type"":""MultiPoint"",""coordinates"":[]}"
000000000000000000a9,HYD_0170,17.550596668600456,78.54970637170624,815.9253418080947,"{""type"":""MultiPoint"",""coordinates"":[]}"
000000000000000000aa,HYD_0171,17.550714420316023,78.55912133446253,676.9390516729917,"{""type"":""MultiPoint"",""coordinates"":[]}"
000000000000000000ab,HYD_0172,17.550828881728634,78.56853524243876,838.9257585432016,"{""type"":""MultiPoint"",""coordinates"":[]}"
000000000000000000ac,HYD_0173,17.550943735328175,78.57794879628719,763.5802161328932,"{""type"":""MultiPoint"",""coordinates"":[]}"
000000000000000000ad,HYD_0174,17.551059687133836,78.58736195970273,567.9190379666346,"{""type"":""MultiPoint"",""coordinates"":[]}"
000000000000000000ae,HYD_0175,17.551174867810353,78.59677659695143,1405.7021707646986,"{""type"":""MultiPoint"",""coordinates"":[]}"
000000000000000000af,HYD_0176,17.55128782319929,78.60619122458712,1691.6422185149847,"{""type"":""MultiPoint"",""coordinates"":[]}"
000000000000000000b0,HYD_0177,17.55140189516244,78.61560627718418,1070.7928309384515,"{""type"":""MultiPoint"",""coordinates"":[]}"
000000000000000000b1,HYD_0178,17.551515941062622,78.62501977451866,772.0312848147224,"{""type"":""MultiPoint"",""coordinates"":[]}"
000000000000000000b2,HYD_0179,17.55162821540411,78.63443444931252,837.2824783297145,"{""type"":""MultiPoint"",""coordinates"":[]}"
000000000000000000b3,HYD_0180,17.537479115158007,78.239223212965,1890.844415791829,"{""type"":""MultiPoint"",""coordinates"":[]}"
000000000000000000b4,HYD_0181,17.537611400982993,78.24863414819143,1836.8052944145945,"{""type"":""MultiPoint"",""coordinates"":[]}"
000000000000000000b5,HYD_0182,17.537742211492905,78.25804509206911,2059.0162419637045,"{""type"":""MultiPoint"",""coordinates"":[]}"
000000000000000000b6,HYD_0183,17.53787222760345,78.26745599159287,1810.5373085255712,"{""type"":""MultiPoint"",""coordinates"":[]}"
000000000000000000b7,HYD_0184,17.538001192026638,78.2768680609508,1433.1625636708497,"{""type"":""MultiPoint"",""coordinates"":[]}"
000000000000000000b8,HYD_0185,17.538130504669976,78.2862789650833,946.2944258530935,"{""type"":""MultiPoint"",""coordinates"":[]}"
000000000000000000b9,HYD_0186,17.53825981419916,78.29568989558886,439.05719943514055,"{""type"":""MultiPoint"",""coordinates"":[]}"
000000000000000000ba,HYD_0187,17.538387997710743,78.30510268065385,425.22497790467514,"{""type"":""MultiPoint"",""coordinates"":[]}"
000000000000000000bb,HYD_0188,17.538515113546882,78.3145143880432,394.3441064535403,"{""type"":""MultiPoint"",""coordinates"":[]}"
000000000000000000bc,HYD_0189,17.538643325273124,78.32392494013307,440.0407222168119,"{""type"":""MultiPoint"",""coordinates"":[]}"
000000000000000000bd,HYD_0190,17.53877074173941,78.33333696730057,882.1703398059396,"{""type"":""MultiPoint"",""coordinates"":[]}"
000000000000000000be,HYD_0191,17.53889522504115,78.34274903706097,2033.6620291392007,"{""type"":""MultiPoint"",""coordinates"":[]}"
000000000000000000bf,HYD_0192,17.539021962628652,78.35216110488933,2980.5185716292426,"{""type"":""MultiPoint"",""coordinates"":[]}"
000000000000000000c0,HYD_0193,17.539149756944205,78.36157200967443,2172.5436549990777,"{""type"":""MultiPoint"",""coordinates"":[]}"
000000000000000000c1,HYD_0194,17.53927424920601,78.3709840714251,1897.4548910627184,"{""type"":""MultiPoint"",""coordinates"":[]}"
000000000000000000c2,HYD_0195,17.53939911237893,78.38039722372181,2651.7606406305345,"{""type"":""MultiPoint"",""coordinates"":[]}"
000000000000000000c3,HYD_0196,17.539521763555612,78.38981039294062,3040.9248783953053,"{""type"":""MultiPoint"",""coordinates"":[]}"
000000000000000000c4,HYD_0197,17.539644383250582,78.3992213347634,3782.9195220199285,"{""type"":""MultiPoint"",""coordinates"":[]}"
000000000000000000c5,HYD_0198,17.539769213705075,78.40863226941781,3853.270731106926,"{""type"":""MultiPoint"",""coordinates"":[]}"
000000000000000000c6,HYD_0199,17.539891859088705,78.41804542975784,5485.814848140643,"{""type"":""MultiPoint"",""coordinates"":[]}"
000000000000000000c7,HYD_0200,17.54001447303215,78.42745860150029,7975.137921636244,"{""type"":""MultiPoint"",""coordinates"":[]}"
000000000000000000c8,HYD_0201,17.540137102745128,78.43687176390289,12866.57475367527,"{""type"":""MultiPoint"",""coordinates"":[]}"
000000000000000000c9,HYD_0202,17.54025785298955,78.44628378263488,7701.130033036774,"{""type"":""MultiPoint"",""coordinates"":[]}"
000000000000000000ca,HYD_0203,17.54037790025738,78.45569583859881,3037.992873982823,"{""type"":""MultiPoint"",""coordinates"":[]}"
000000000000000000cb,HYD_0204,17.540499397310953,78.46510940540371,3306.03582314884,"{""type"":""MultiPoint"",""coordinates"":[]}"
000000000000000000cc,HYD_0205,17.540619791184344,78.47452179332612,2405.8908917557956,"{""type"":""MultiPoint"",""coordinates"":[]}"
000000000000000000cd,HYD_0206,17.540739091181774,78.48393532350714,2889.4027314279597,"{""type"":""MultiPoint"",""coordinates"":[]}"
000000000000000000ce,HYD_0207,17.54085946867407,78.49334849355083,2526.5350029141296,"{""type"":""MultiPoint"",""coordinates"":[]}"
000000000000000000cf,HYD_0208,17.5409787630896,78.50276206183847,1428.1327612072814,"{""type"":""MultiPoint"",""coordinates"":[]}"
000000000000000000d0,HYD_0209,17.54109690384284,78.51217442277883,3937.647130681954,"{""type"":""MultiPoint"",""coordinates"":[]}"
000000000000000000d1,HYD_0210,17.541215080291742,78.52158837612377,3629.1094632578843,"{""type"":""MultiPoint"",""coordinates"":[]}"
000000000000000000d2,HYD_0211,17.541333229751757,78.53100075471554,3205.988439836689,"{""type"":""MultiPoint"",""coordinates"":[]}"
000000000000000000d3,HYD_0212,17.54145031498705,78.54041431465838,2845.9975885690424,"{""type"":""MultiPoint"",""coordinates"":[]}"
000000000000000000d4,HYD_0213,17.541566581222575,78.54982858250587,939.890759641984,"{""type"":""MultiPoint"",""coordinates"":[]}"
000000000000000000d5,HYD_0214,17.541682144899067,78.55924284586703,2127.3777196865453,"{""type"":""MultiPoint"",""coordinates"":[]}"
000000000000000000d6,HYD_0215,17.541798090697203,78.56865602124267,2015.7000807126365,"{""type"":""MultiPoint"",""coordinates"":[]}"
000000000000000000d7,HYD_0216,17.541914048450028,78.57806919155806,1627.9250463934504,"{""type"":""MultiPoint"",""coordinates"":[]}"
000000000000000000d8,HYD_0217,17.542028891592206,78.5874827517296,817.4800925853203,"{""type"":""MultiPoint"",""coordinates"":[]}"
000000000000000000d9,HYD_0218,17.54214255985908,78.59689510333509,879.590778904335,"{""type"":""MultiPoint"",""coordinates"":[]}"
000000000000000000da,HYD_0219,17.542257761024548,78.60630974381193,966.6856454288258,"{""type"":""MultiPoint"",""coordinates"":[]}"
000000000000000000db,HYD_0220,17.542371111085238,78.61572404714565,1051.2250893592832,"{""type"":""MultiPoint"",""coordinates"":[]}"
000000000000000000dc,HYD_0221,17.54248371015262,78.62513761364123,828.6116293570575,"{""type"":""MultiPoint"",""coordinates"":[]}"
000000000000000000dd,HYD_0222,17.542597049263104,78.63455112469487,1114.6552314122516,"{""type"":""MultiPoint"",""coordinates"":[]}"
000000000000000000de,HYD_0223,17.528450887060252,78.23935993586458,724.1628463492674,"{""type"":""MultiPoint"",""coordinates"":[]}"
000000000000000000df,HYD_0224,17.528582471185103,78.24877164394442,1689.786546404222,"{""type"":""MultiPoint"",""coordinates"":[]}"
000000000000000000e0,HYD_0225,17.52871323922994,78.25818108544884,2146.0068406161135,"{""type"":""MultiPoint"",""coordinates"":[]}"
000000000000000000e1,HYD_0226,17.52884183891538,78.26759203895217,3950.6473773357916,"{""type"":""MultiPoint"",""coordinates"":[]}"
000000000000000000e2,HYD_0227,17.528971851898635,78.27700293238105,3188.381655038572,"{""type"":""MultiPoint"",""coordinates"":[]}"
000000000000000000e3,HYD_0228,17.52910046495863,78.28641387557657,1944.073552053115,"{""type"":""MultiPoint"",""coordinates"":[]}"
000000000000000000e4,HYD_0229,17.529230505472533,78.29582477218746,1384.988256897646,"{""type"":""MultiPoint"",""coordinates"":[]}"
000000000000000000e5,HYD_0230,17.529359812479886,78.305235708408,1192.6431371296153,"{""type"":""MultiPoint"",""coordinates"":[]}"
000000000000000000e6,HYD_0231,17.529486186745295,78.31464669063735,857.416603271634,"{""type"":""MultiPoint"",""coordinates"":[]}"
000000000000000000e7,HYD_0232,17.529613993234232,78.32405758708947,915.9810184020622,"{""type"":""MultiPoint"",""coordinates"":[]}"
000000000000000000e8,HYD_0233,17.529740372465607,78.33346852687389,439.31476323557837,"{""type"":""MultiPoint"",""coordinates"":[]}"
000000000000000000e9,HYD_0234,17.529866687944573,78.3428801924047,1452.2395896051444,"{""type"":""MultiPoint"",""coordinates"":[]}"
000000000000000000ea,HYD_0235,17.52999412017489,78.35229301341502,2425.4768111584235,"{""type"":""MultiPoint"",""coordinates"":[]}"
000000000000000000eb,HYD_0236,17.530119365766794,78.36170355501906,2692.1298755645753,"{""type"":""MultiPoint"",""coordinates"":[]}"
000000000000000000ec,HYD_0237,17.53024493708985,78.37111445885147,7331.342561882616,"{""type"":""MultiPoint"",""coordinates"":[]}"
000000000000000000ed,HYD_0238,17.53036943667869,78.38052654054654,6127.0727837955255,"{""type"":""MultiPoint"",""coordinates"":[]}"
000000000000000000ee,HYD_0239,17.530492085029874,78.3899397116661,6723.132924921373,"{""type"":""MultiPoint"",""coordinates"":[]}"
000000000000000000ef,HYD_0240,17.53061470817966,78.39935064943121,8812.689661960974,"{""type"":""MultiPoint"",""coordinates"":[]}"
000000000000000000f0,HYD_0241,17.530739549439925,78.40876157094604,9471.685838916255,"{""type"":""MultiPoint"",""coordinates"":[]}"
000000000000000000f1,HYD_0242,17.53086217932918,78.41817476367905,6755.221859875849,"{""type"":""MultiPoint"",""coordinates"":[]}"
000000000000000000f2,HYD_0243,17.530985179903716,78.4275867998835,9000.092317857934,"{""type"":""MultiPoint"",""coordinates"":[]}"
000000000000000000f3,HYD_0244,17.531107425611193,78.43699885456213,14189.902142663092,"{""type"":""MultiPoint"",""coordinates"":[]}"
000000000000000000f4,HYD_0245,17.53122744480468,78.44641088866166,13372.698272525568,"{""type"":""MultiPoint"",""coordinates"":[]}"
000000000000000000f5,HYD_0246,17.53134855972743,78.45582181874141,9811.411809824025,"{""type"":""MultiPoint"",""coordinates"":[]}"
000000000000000000f6,HYD_0247,17.531468608012943,78.4652338641309,5734.386702010212,"{""type"":""MultiPoint"",""coordinates"":[]}"
000000000000000000f7,HYD_0248,17.531589007243408,78.4746470409474,5928.74175593058,"{""type"":""MultiPoint"",""coordinates"":[]}"
000000000000000000f8,HYD_0249,17.531709399656297,78.48406018023213,9654.728347883038,"{""type"":""MultiPoint"",""coordinates"":[]}"
000000000000000000f9,HYD_0250,17.53182978277403,78.49347334644426,4792.538549916885,"{""type"":""MultiPoint"",""coordinates"":[]}"
000000000000000000fa,HYD_0251,17.531948316963167,78.50288539387321,3756.535908096911,"{""type"":""MultiPoint"",""coordinates"":[]}"
000000000000000000fb,HYD_0252,17.532066140909542,78.51229746528965,6424.458075250363,"{""type"":""MultiPoint"",""coordinates"":[]}"
000000000000000000fc,HYD_0253,17.53218428953526,78.52171061161586,5157.2599349452,"{""type"":""MultiPoint"",""coordinates"":[]}"
000000000000000000fd,HYD_0254,17.532301355028313,78.53112415285484,3665.287919489543,"{""type"":""MultiPoint"",""coordinates"":[]}"
000000000000000000fe,HYD_0255,17.532419523677536,78.54053655699042,3447.6458864062442,"{""type"":""MultiPoint"",""coordinates"":[]}"
000000000000000000ff,HYD_0256,17.53253655307694,78.54995009689648,1050.791257465587,"{""type"":""MultiPoint"",""coordinates"":[]}"
00000000000000000100,HYD_0257,17.532652493572186,78.55936324194181,2146.64402922462,"{""type"":""MultiPoint"",""coordinates"":[]}"
00000000000000000101,HYD_0258,17.532768424545853,78.56877640617921,1905.192901274737,"{""type"":""MultiPoint"",""coordinates"":[]}"
00000000000000000102,HYD_0259,17.532883257208354,78.57818995960722,1355.3866426093907,"{""type"":""MultiPoint"",""coordinates"":[]}"
00000000000000000103,HYD_0260,17.532996948335807,78.58760234799777,1143.8297924135245,"{""type"":""MultiPoint"",""coordinates"":[]}"
00000000000000000104,HYD_0261,17.53311176766266,78.59701591301355,829.1894925379286,"{""type"":""MultiPoint"",""coordinates"":[]}"
00000000000000000105,HYD_0262,17.53322661861507,78.60642944896207,751.8846964013342,"{""type"":""MultiPoint"",""coordinates"":[]}"
00000000000000000106,HYD_0263,17.533340305795104,78.61584182482201,617.3053501970627,"{""type"":""MultiPoint"",""coordinates"":[]}"
00000000000000000107,HYD_0264,17.53345290794798,78.62525539387849,685.5827828912176,"{""type"":""MultiPoint"",""coordinates"":[]}"
00000000000000000108,HYD_0265,17.533565877946305,78.6346700697182,804.2547543880986,"{""type"":""MultiPoint"",""coordinates"":[]}"
00000000000000000109,HYD_0266,17.519423805790844,78.23949782918456,799.3562848222022,"{""type"":""MultiPoint"",""coordinates"":[]}"
0000000000000000010a,HYD_0267,17.519553876074724,78.2489072791803,1245.232488398459,"{""type"":""MultiPoint"",""coordinates"":[]}"
0000000000000000010b,HYD_0268,17.51968284342951,78.25831709973302,1225.0273464128081,"{""type"":""MultiPoint"",""coordinates"":[]}"
0000000000000000010c,HYD_0269,17.51981396789332,78.26772761155136,1196.9260066219404,"{""type"":""MultiPoint"",""coordinates"":[]}"
0000000000000000010d,HYD_0270,17.51994406297343,78.2771378333428,2697.1440617355647,"{""type"":""MultiPoint"",""coordinates"":[]}"
0000000000000000010e,HYD_0271,17.520072279005095,78.28654915768148,2486.210665108175,"{""type"":""MultiPoint"",""coordinates"":[]}"
0000000000000000010f,HYD_0272,17.520200468309593,78.29595967801367,2404.8781636107205,"{""type"":""MultiPoint"",""coordinates"":[]}"
00000000000000000110,HYD_0273,17.520329777388913,78.30536837935404,2270.5414518767707,"{""type"":""MultiPoint"",""coordinates"":[]}"
00000000000000000111,HYD_0274,17.520456860571475,78.31477932038385,1723.4749878341072,"{""type"":""MultiPoint"",""coordinates"":[]}"
00000000000000000112,HYD_0275,17.52058393292063,78.32419026308537,1232.1417885537242,"{""type"":""MultiPoint"",""coordinates"":[]}"
00000000000000000113,HYD_0276,17.520711037792065,78.33360120570315,648.6838402420866,"{""type"":""MultiPoint"",""coordinates"":[]}"
00000000000000000114,HYD_0277,17.52083848456488,78.34301324434973,1761.8724452149636,"{""type"":""MultiPoint"",""coordinates"":[]}"
00000000000000000115,HYD_0278,17.520965197723022,78.35242305995985,2692.771242822386,"{""type"":""MultiPoint"",""coordinates"":[]}"
00000000000000000116,HYD_0279,17.52109003917496,78.36183399138362,3109.0232759438304,"{""type"":""MultiPoint"",""coordinates"":[]}"
00000000000000000117,HYD_0280,17.52121489925825,78.37124491849431,4337.675243878832,"{""type"":""MultiPoint"",""coordinates"":[]}"
00000000000000000118,HYD_0281,17.521339756448704,78.38065586319775,4597.844481995528,"{""type"":""MultiPoint"",""coordinates"":[]}"
00000000000000000119,HYD_0282,17.521462741094265,78.39006792094247,11494.423596131568,"{""type"":""MultiPoint"",""coordinates"":[]}"
0000000000000000011a,HYD_0283,17.521584659406024,78.39947884483485,13161.377011617025,"{""type"":""MultiPoint"",""coordinates"":[]}"
0000000000000000011b,HYD_0284,17.52170987931402,78.40889088135401,11591.445214095767,"{""type"":""MultiPoint"",""coordinates"":[]}"
0000000000000000011c,HYD_0285,17.52183287565628,78.41830294421256,9818.582979119994,"{""type"":""MultiPoint"",""coordinates"":[]}"
0000000000000000011d,HYD_0286,17.52195478493245,78.42771390925166,12555.882605818206,"{""type"":""MultiPoint"",""coordinates"":[]}"
0000000000000000011e,HYD_0287,17.52207809673726,78.43712479116336,16135.806815592445,"{""type"":""MultiPoint"",""coordinates"":[]}"
0000000000000000011f,HYD_0288,17.522198143463786,78.44653687464292,14442.775583364451,"{""type"":""MultiPoint"",""coordinates"":[]}"
00000000000000000120,HYD_0289,17.522318179919104,78.45594891303773,14652.106971980076,"{""type"":""MultiPoint"",""coordinates"":[]}"
00000000000000000121,HYD_0290,17.52243929590004,78.46535983253382,8410.514375275257,"{""type"":""MultiPoint"",""coordinates"":[]}"
00000000000000000122,HYD_0291,17.52255933980322,78.47477188755538,6183.185057606416,"{""type"":""MultiPoint"",""coordinates"":[]}"
00000000000000000123,HYD_0292,17.522679731991794,78.48418504457635,8866.346968676997,"{""type"":""MultiPoint"",""coordinates"":[]}"
00000000000000000124,HYD_0293,17.52280048191344,78.49359706959116,6436.598553765991,"{""type"":""MultiPoint"",""coordinates"":[]}"
00000000000000000125,HYD_0294,17.522917927849573,78.50300803058651,7897.143889124254,"{""type"":""MultiPoint"",""coordinates"":[]}"
00000000000000000126,HYD_0295,17.52303645018012,78.5124200768402,8253.842822145947,"{""type"":""MultiPoint"",""coordinates"":[]}"
00000000000000000127,HYD_0296,17.52315459953779,78.52183324075695,6178.5000449835115,"{""type"":""MultiPoint"",""coordinates"":[]}"
00000000000000000128,HYD_0297,17.523270897622226,78.53124526987068,3901.9452774571437,"{""type"":""MultiPoint"",""coordinates"":[]}"
00000000000000000129,HYD_0298,17.523387608861917,78.54065770410686,3512.944500515507,"{""type"":""MultiPoint"",""coordinates"":[]}"
0000000000000000012a,HYD_0299,17.523505758506012,78.55007009660959,1819.682600926418,"{""type"":""MultiPoint"",""coordinates"":[]}"
0000000000000000012b,HYD_0300,17.523621719536962,78.5594840317602,1961.8388500849405,"{""type"":""MultiPoint"",""coordinates"":[]}"
0000000000000000012c,HYD_0301,17.523736530700482,78.5688967969378,2014.6824575498993,"{""type"":""MultiPoint"",""coordinates"":[]}"
0000000000000000012d,HYD_0302,17.523851330402284,78.57830958244998,2068.696822749867,"{""type"":""MultiPoint"",""coordinates"":[]}"
0000000000000000012e,HYD_0303,17.52396652258972,78.58772199757672,2304.3601784313423,"{""type"":""MultiPoint"",""coordinates"":[]}"
0000000000000000012f,HYD_0304,17.524080993121657,78.5971344556078,1433.9021491910896,"{""type"":""MultiPoint"",""coordinates"":[]}"
00000000000000000130,HYD_0305,17.52419467100172,78.60654684314446,924.3677441279092,"{""type"":""MultiPoint"",""coordinates"":[]}"
00000000000000000131,HYD_0306,17.52430841806437,78.61596076048055,688.1639156266755,"{""type"":""MultiPoint"",""coordinates"":[]}"
00000000000000000132,HYD_0307,17.524422126979605,78.6253731684568,928.4838723444473,"{""type"":""MultiPoint"",""coordinates"":[]}"
00000000000000000133,HYD_0308,17.524534705643593,78.63478672310032,792.5641437829709,"{""type"":""MultiPoint"",""coordinates"":[]}"
00000000000000000134,HYD_0309,17.524646173433155,78.64419988160182,565.5280988880232,"{""type"":""MultiPoint"",""coordinates"":[]}"
00000000000000000135,HYD_0310,17.510394894853842,78.23963455048592,746.030639262293,"{""type"":""MultiPoint"",""coordinates"":[]}"
00000000000000000136,HYD_0311,17.510524199943326,78.24904328355849,575.5187034737829,"{""type"":""MultiPoint"",""coordinates"":[]}"
00000000000000000137,HYD_0312,17.510654989600393,78.25845270792203,358.1446794949326,"{""type"":""MultiPoint"",""coordinates"":[]}"
00000000000000000138,HYD_0313,17.510786202843352,78.26786330381614,731.5856248023465,"{""type"":""MultiPoint"",""coordinates"":[]}"
00000000000000000139,HYD_0314,17.51091663108444,78.27727161552629,2085.212836605895,"{""type"":""MultiPoint"",""coordinates"":[]}"
0000000000000000013a,HYD_0315,17.511044812381172,78.28668214779742,4166.839483739816,"{""type"":""MultiPoint"",""coordinates"":[]}"
0000000000000000013b,HYD_0316,17.5111719090501,78.29609383551914,3379.069533060111,"{""type"":""MultiPoint"",""coordinates"":[]}"
0000000000000000013c,HYD_0317,17.511300097931223,78.30550214671587,6309.50418101292,"{""type"":""MultiPoint"",""coordinates"":[]}"
0000000000000000013d,HYD_0318,17.511428637641245,78.31491157950893,3079.3406640370677,"{""type"":""MultiPoint"",""coordinates"":[]}"
0000000000000000013e,HYD_0319,17.511555009556005,78.32432330967174,1725.6543960907882,"{""type"":""MultiPoint"",""coordinates"":[]}"
0000000000000000013f,HYD_0320,17.511681697105473,78.33373386234265,1502.3853879068408,"{""type"":""MultiPoint"",""coordinates"":[]}"
00000000000000000140,HYD_0321,17.511808440001065,78.34314370386979,1822.4148556727996,"{""type"":""MultiPoint"",""coordinates"":[]}"
00000000000000000141,HYD_0322,17.511935149407307,78.35255352127851,2724.071551846522,"{""type"":""MultiPoint"",""coordinates"":[]}"
00000000000000000142,HYD_0323,17.512060708855238,78.36196443371045,3744.636657871919,"{""type"":""MultiPoint"",""coordinates"":[]}"
00000000000000000143,HYD_0324,17.512185219013052,78.37137426056398,3441.7564124986234,"{""type"":""MultiPoint"",""coordinates"":[]}"
00000000000000000144,HYD_0325,17.51231007904042,78.38078520111999,5845.210470498775,"{""type"":""MultiPoint"",""coordinates"":[]}"
00000000000000000145,HYD_0326,17.512432691552885,78.39019613550386,10146.955599407116,"{""type"":""MultiPoint"",""coordinates"":[]}"
00000000000000000146,HYD_0327,17.51255531551321,78.39960707122708,7826.339110729741,"{""type"":""MultiPoint"",""coordinates"":[]}"
00000000000000000147,HYD_0328,17.512680552002205,78.4090190733573,14494.730046560251,"{""type"":""MultiPoint"",""coordinates"":[]}"
00000000000000000148,HYD_0329,17.51280248444641,78.41843003542078,9274.803729936188,"{""type"":""MultiPoint"",""coordinates"":[]}"
00000000000000000149,HYD_0330,17.51292581206096,78.4278409389879,15850.5968994739,"{""type"":""MultiPoint"",""coordinates"":[]}"
0000000000000000014a,HYD_0331,17.513047722149295,78.43725189652712,11988.683088085701,"{""type"":""MultiPoint"",""coordinates"":[]}"
0000000000000000014b,HYD_0332,17.51316881514251,78.44666281330639,13466.854129417268,"{""type"":""MultiPoint"",""coordinates"":[]}"
0000000000000000014c,HYD_0333,17.513288862893692,78.45607488730161,16800.593821925744,"{""type"":""MultiPoint"",""coordinates"":[]}"
0000000000000000014d,HYD_0334,17.513409234107638,78.46548580636838,11640.757118853395,"{""type"":""MultiPoint"",""coordinates"":[]}"
0000000000000000014e,HYD_0335,17.51352965266475,78.47489674178206,11140.51012914321,"{""type"":""MultiPoint"",""coordinates"":[]}"
0000000000000000014f,HYD_0336,17.51365005833817,78.48430988670778,10305.836432303633,"{""type"":""MultiPoint"",""coordinates"":[]}"
00000000000000000150,HYD_0337,17.51376933289355,78.49372121251211,8752.348611300597,"{""type"":""MultiPoint"",""coordinates"":[]}"
00000000000000000151,HYD_0338,17.513887476897093,78.50313135506292,8336.6122697718,"{""type"":""MultiPoint"",""coordinates"":[]}"
00000000000000000152,HYD_0339,17.514006011305984,78.51254418429265,8652.151217038023,"{""type"":""MultiPoint"",""coordinates"":[]}"
00000000000000000153,HYD_0340,17.514123804468092,78.52195548423016,5674.704142282521,"{""type"":""MultiPoint"",""coordinates"":[]}"
00000000000000000154,HYD_0341,17.514240503775564,78.53136792187678,3337.608574377321,"{""type"":""MultiPoint"",""coordinates"":[]}"
00000000000000000155,HYD_0342,17.51435715483486,78.5407788387479,4225.6182166978415,"{""type"":""MultiPoint"",""coordinates"":[]}"
00000000000000000156,HYD_0343,17.514473855479913,78.55019128348225,4441.604775402593,"{""type"":""MultiPoint"",""coordinates"":[]}"
00000000000000000157,HYD_0344,17.514589763186475,78.55960364784248,6039.864886923397,"{""type"":""MultiPoint"",""coordinates"":[]}"
00000000000000000158,HYD_0345,17.514704609246024,78.56901721889072,3479.659994282441,"{""type"":""MultiPoint"",""coordinates"":[]}"
00000000000000000159,HYD_0346,17.514820909018866,78.57842925495632,3366.63197773952,"{""type"":""MultiPoint"",""coordinates"":[]}"
0000000000000000015a,HYD_0347,17.514936124656913,78.58784019286963,2513.359999690337,"{""type"":""MultiPoint"",""coordinates"":[]}"
0000000000000000015b,HYD_0348,17.515050172082564,78.59725221186379,1935.2776350320555,"{""type"":""MultiPoint"",""coordinates"":[]}"
0000000000000000015c,HYD_0349,17.51516388529184,78.60666539016214,1228.5456138031159,"{""type"":""MultiPoint"",""coordinates"":[]}"
0000000000000000015d,HYD_0350,17.515277610836776,78.61607855932253,890.4217802683512,"{""type"":""MultiPoint"",""coordinates"":[]}"
0000000000000000015e,HYD_0351,17.51539058390415,78.62549097867506,1878.9259650473502,"{""type"":""MultiPoint"",""coordinates"":[]}"
0000000000000000015f,HYD_0352,17.515502786592503,78.63490263510114,1529.8341323497243,"{""type"":""MultiPoint"",""coordinates"":[]}"
00000000000000000160,HYD_0353,17.515614266392802,78.64431583378574,937.8597547624628,"{""type"":""MultiPoint"",""coordinates"":[]}"
00000000000000000161,HYD_0354,17.515725741741374,78.65372899035134,865.8065115909951,"{""type"":""MultiPoint"",""coordinates"":[]}"
00000000000000000162,HYD_0355,17.501365211935425,78.23977053931951,922.2470922320498,"{""type"":""MultiPoint"",""coordinates"":[]}"
00000000000000000163,HYD_0356,17.501495646867216,78.24917889643031,629.9605277126913,"{""type"":""MultiPoint"",""coordinates"":[]}"
00000000000000000164,HYD_0357,17.50162719682406,78.25858837468945,279.3938511371613,"{""type"":""MultiPoint"",""coordinates"":[]}"
00000000000000000165,HYD_0358,17.50175759967152,78.26799668249195,547.7885929939793,"{""type"":""MultiPoint"",""coordinates"":[]}"
00000000000000000166,HYD_0359,17.50188655957445,78.2774064937512,1985.7634065254067,"{""type"":""MultiPoint"",""coordinates"":[]}"
00000000000000000167,HYD_0360,17.502016614900352,78.28681740049099,4689.038853664025,"{""type"":""MultiPoint"",""coordinates"":[]}"
00000000000000000168,HYD_0361,17.502143332379624,78.29622723687483,4311.635213702332,"{""type"":""MultiPoint"",""coordinates"":[]}"
00000000000000000169,HYD_0362,17.502270421589856,78.30563591390224,5063.189720991545,"{""type"":""MultiPoint"",""coordinates"":[]}"
0000000000000000016a,HYD_0363,17.50239973007497,78.31504461606491,5780.795370887307,"{""type"":""MultiPoint"",""coordinates"":[]}"
0000000000000000016b,HYD_0364,17.502527145609328,78.32445443099739,2623.757415345136,"{""type"":""MultiPoint"",""coordinates"":[]}"
0000000000000000016c,HYD_0365,17.502651318678648,78.33386540785419,2154.5605572457407,"{""type"":""MultiPoint"",""coordinates"":[]}"
0000000000000000016d,HYD_0366,17.502778742829932,78.34327522224164,3395.0083349377496,"{""type"":""MultiPoint"",""coordinates"":[]}"
0000000000000000016e,HYD_0367,17.50290618418939,78.35268503632301,4133.487218834372,"{""type"":""MultiPoint"",""coordinates"":[]}"
0000000000000000016f,HYD_0368,17.50303069363867,78.36209486159322,3467.65029411316,"{""type"":""MultiPoint"",""coordinates"":[]}"
00000000000000000170,HYD_0369,17.503155200799057,78.37150470563768,2728.526610692343,"{""type"":""MultiPoint"",""coordinates"":[]}"
00000000000000000171,HYD_0370,17.503280756669838,78.38091561958157,6762.986686639227,"{""type"":""MultiPoint"",""coordinates"":[]}"
00000000000000000172,HYD_0371,17.503403019843837,78.39032545374714,15385.25307847565,"{""type"":""MultiPoint"",""coordinates"":[]}"
00000000000000000173,HYD_0372,17.503525654908945,78.39973639182543,14263.989485258218,"{""type"":""MultiPoint"",""coordinates"":[]}"
00000000000000000174,HYD_0373,17.50365050680778,78.40914730141981,13299.661999242446,"{""type"":""MultiPoint"",""coordinates"":[]}"
00000000000000000175,HYD_0374,17.50377348893361,78.41855709246552,16261.34165024103,"{""type"":""MultiPoint"",""coordinates"":[]}"
00000000000000000176,HYD_0375,17.503894298703337,78.42796842590008,14471.11363241158,"{""type"":""MultiPoint"",""coordinates"":[]}"
00000000000000000177,HYD_0376,17.504017615607466,78.43737857220813,7165.016576939002,"{""type"":""MultiPoint"",""coordinates"":[]}"
00000000000000000178,HYD_0377,17.504138789369044,78.44678881242095,8746.330296565036,"{""type"":""MultiPoint"",""coordinates"":[]}"
00000000000000000179,HYD_0378,17.504259168334755,78.45619971872956,13274.092746869255,"{""type"":""MultiPoint"",""coordinates"":[]}"
0000000000000000017a,HYD_0379,17.504379550789867,78.4656106582064,13113.989175444958,"{""type"":""MultiPoint"",""coordinates"":[]}"
0000000000000000017b,HYD_0380,17.50449994619522,78.4750215734311,11483.334658394608,"{""type"":""MultiPoint"",""coordinates"":[]}"
0000000000000000017c,HYD_0381,17.504620734911725,78.484433620978,8679.82505979351,"{""type"":""MultiPoint"",""coordinates"":[]}"
0000000000000000017d,HYD_0382,17.50473816704478,78.49384459808651,7010.624513005277,"{""type"":""MultiPoint"",""coordinates"":[]}"
0000000000000000017e,HYD_0383,17.5048570298685,78.50325550296536,9189.456361000211,"{""type"":""MultiPoint"",""coordinates"":[]}"
0000000000000000017f,HYD_0384,17.504974497916518,78.51266643020723,7818.032556182264,"{""type"":""MultiPoint"",""coordinates"":[]}"
00000000000000000180,HYD_0385,17.50509337899008,78.522077362008,4398.992611589619,"{""type"":""MultiPoint"",""coordinates"":[]}"
00000000000000000181,HYD_0386,17.50521119484423,78.5314894321048,6320.076798323087,"{""type"":""MultiPoint"",""coordinates"":[]}"
00000000000000000182,HYD_0387,17.50532676224364,78.5409014798119,8948.137454462989,"{""type"":""MultiPoint"",""coordinates"":[]}"
00000000000000000183,HYD_0388,17.505443388664048,78.55031239117871,5505.471988603182,"{""type"":""MultiPoint"",""coordinates"":[]}"
00000000000000000184,HYD_0389,17.50555896623543,78.55972445102002,3986.446356418086,"{""type"":""MultiPoint"",""coordinates"":[]}"
00000000000000000185,HYD_0390,17.5056749353754,78.56913761754225,4238.817203626445,"{""type"":""MultiPoint"",""coordinates"":[]}"
00000000000000000186,HYD_0391,17.50579088461733,78.57854854949161,6043.854437435374,"{""type"":""MultiPoint"",""coordinates"":[]}"
00000000000000000187,HYD_0392,17.50590570593532,78.58795983991625,5809.197352091471,"{""type"":""MultiPoint"",""coordinates"":[]}"
00000000000000000188,HYD_0393,17.506019373269574,78.59737222763682,4858.120145479838,"{""type"":""MultiPoint"",""coordinates"":[]}"
00000000000000000189,HYD_0394,17.506133446599435,78.60678503673687,1920.1167185577694,"{""type"":""MultiPoint"",""coordinates"":[]}"
0000000000000000018a,HYD_0395,17.50624680380618,78.61619634475791,2188.311164029439,"{""type"":""MultiPoint"",""coordinates"":[]}"
0000000000000000018b,HYD_0396,17.506359045701434,78.62560877080266,2465.979245025035,"{""type"":""MultiPoint"",""coordinates"":[]}"
0000000000000000018c,HYD_0397,17.506471245176705,78.63501969174045,1180.899763129739,"{""type"":""MultiPoint"",""coordinates"":[]}"
0000000000000000018d,HYD_0398,17.506582353523676,78.64443174849575,907.6788921991986,"{""type"":""MultiPoint"",""coordinates"":[]}"
0000000000000000018e,HYD_0399,17.50669383888477,78.65384491734811,720.6503437640622,"{""type"":""MultiPoint"",""coordinates"":[]}"
0000000000000000018f,HYD_0400,17.492468195191645,78.24931565072444,283.4497246358908,"{""type"":""MultiPoint"",""coordinates"":[]}"
00000000000000000190,HYD_0401,17.492598588314074,78.25872396715476,246.0534686415803,"{""type"":""MultiPoint"",""coordinates"":[]}"
00000000000000000191,HYD_0402,17.49272792159272,78.26813267030246,528.143968927159,"{""type"":""MultiPoint"",""coordinates"":[]}"
00000000000000000192,HYD_0403,17.492857598190177,78.27754247708148,1876.3639523693162,"{""type"":""MultiPoint"",""coordinates"":[]}"
00000000000000000193,HYD_0404,17.49298658613288,78.28695231027474,4207.995872138528,"{""type"":""MultiPoint"",""coordinates"":[]}"
00000000000000000194,HYD_0405,17.493114758959837,78.2963606226848,3460.2510973986464,"{""type"":""MultiPoint"",""coordinates"":[]}"
00000000000000000195,HYD_0406,17.49324184237217,78.30577009587334,3931.009821790808,"{""type"":""MultiPoint"",""coordinates"":[]}"
00000000000000000196,HYD_0407,17.49337003868949,78.31517841438648,5892.2817512961,"{""type"":""MultiPoint"",""coordinates"":[]}"
00000000000000000197,HYD_0408,17.493497124585982,78.32458712061519,7228.999653954599,"{""type"":""MultiPoint"",""coordinates"":[]}"
00000000000000000198,HYD_0409,17.493623467906115,78.33399653117058,5429.455006932277,"{""type"":""MultiPoint"",""coordinates"":[]}"
00000000000000000199,HYD_0410,17.49375020678789,78.34340713424368,5823.665951538086,"{""type"":""MultiPoint"",""coordinates"":[]}"
0000000000000000019a,HYD_0411,17.493876156931766,78.35281548304744,4682.2746725119805,"{""type"":""MultiPoint"",""coordinates"":[]}"
0000000000000000019b,HYD_0412,17.4940010154407,78.36222417936642,5521.705392246618,"{""type"":""MultiPoint"",""coordinates"":[]}"
0000000000000000019c,HYD_0413,17.494125868745975,78.37163509270576,3760.749757647047,"{""type"":""MultiPoint"",""coordinates"":[]}"
0000000000000000019d,HYD_0414,17.494250700137986,78.38104604496009,7838.368939538096,"{""type"":""MultiPoint"",""coordinates"":[]}"
0000000000000000019e,HYD_0415,17.494373351937526,78.39045477184723,15941.32238757563,"{""type"":""MultiPoint"",""coordinates"":[]}"
0000000000000000019f,HYD_0416,17.494496351231227,78.39986456725843,17043.605756034103,"{""type"":""MultiPoint"",""coordinates"":[]}"
000000000000000001a0,HYD_0417,17.494620456750926,78.4092754918604,18030.534070183247,"{""type"":""MultiPoint"",""coordinates"":[]}"
000000000000000001a1,HYD_0418,17.494743442375416,78.41868529353299,15985.905961818318,"{""type"":""MultiPoint"",""coordinates"":[]}"
000000000000000001a2,HYD_0419,17.494864197801178,78.42809509941667,18083.87035316018,"{""type"":""MultiPoint"",""coordinates"":[]}"
000000000000000001a3,HYD_0420,17.49498647386091,78.43750496026603,15115.174025083057,"{""type"":""MultiPoint"",""coordinates"":[]}"
000000000000000001a4,HYD_0421,17.49510871662681,78.44691478721326,14178.15757844214,"{""type"":""MultiPoint"",""coordinates"":[]}"
000000000000000001a5,HYD_0422,17.495229857671365,78.45632567731823,17018.724461933216,"{""type"":""MultiPoint"",""coordinates"":[]}"
000000000000000001a6,HYD_0423,17.495349887255973,78.4657354934775,11960.503040942023,"{""type"":""MultiPoint"",""coordinates"":[]}"
000000000000000001a7,HYD_0424,17.495470288094957,78.47514643507365,8214.722135087553,"{""type"":""MultiPoint"",""coordinates"":[]}"
000000000000000001a8,HYD_0425,17.495589600749753,78.48455776775609,5387.162137835635,"{""type"":""MultiPoint"",""coordinates"":[]}"
000000000000000001a9,HYD_0426,17.495707725922358,78.49396794868827,6699.31246324427,"{""type"":""MultiPoint"",""coordinates"":[]}"
000000000000000001aa,HYD_0427,17.495827008487208,78.50337924119714,10732.27597171559,"{""type"":""MultiPoint"",""coordinates"":[]}"
000000000000000001ab,HYD_0428,17.49594552288552,78.51278903598973,9193.031977290731,"{""type"":""MultiPoint"",""coordinates"":[]}"
000000000000000001ac,HYD_0429,17.49606187289698,78.52220038387078,5376.187690944299,"{""type"":""MultiPoint"",""coordinates"":[]}"
000000000000000001ad,HYD_0430,17.496180737680245,78.53161051126544,5630.873506463742,"{""type"":""MultiPoint"",""coordinates"":[]}"
000000000000000001ae,HYD_0431,17.49629742741412,78.54102297809767,9042.070907188865,"{""type"":""MultiPoint"",""coordinates"":[]}"
000000000000000001af,HYD_0432,17.496413362385653,78.55043391318809,6205.186810198016,"{""type"":""MultiPoint"",""coordinates"":[]}"
000000000000000001b0,HYD_0433,17.496529316942397,78.55984485477187,4592.332435697667,"{""type"":""MultiPoint"",""coordinates"":[]}"
000000000000000001b1,HYD_0434,17.496645604934624,78.56925687290611,5293.4653792886165,"{""type"":""MultiPoint"",""coordinates"":[]}"
000000000000000001b2,HYD_0435,17.49675973061357,78.5786681844492,6619.076215960932,"{""type"":""MultiPoint"",""coordinates"":[]}"
000000000000000001b3,HYD_0436,17.49687378718508,78.5880794516242,5516.884859331916,"{""type"":""MultiPoint"",""coordinates"":[]}"
000000000000000001b4,HYD_0437,17.496987849938623,78.59749227132792,6645.860482354256,"{""type"":""MultiPoint"",""coordinates"":[]}"
000000000000000001b5,HYD_0438,17.497100815832752,78.60690246726791,5658.697946256751,"{""type"":""MultiPoint"",""coordinates"":[]}"
000000000000000001b6,HYD_0439,17.497215250275207,78.61631413596595,3656.444529275334,"{""type"":""MultiPoint"",""coordinates"":[]}"
000000000000000001b7,HYD_0440,17.49732750483983,78.62572582458395,2826.4761888616226,"{""type"":""MultiPoint"",""coordinates"":[]}"
000000000000000001b8,HYD_0441,17.497439727870532,78.63513750237848,1238.3100769603952,"{""type"":""MultiPoint"",""coordinates"":[]}"
000000000000000001b9,HYD_0442,17.49755304813757,78.64454878626618,800.1859416886872,"{""type"":""MultiPoint"",""coordinates"":[]}"
000000000000000001ba,HYD_0443,17.497664157212725,78.6539608501503,802.3239041365825,"{""type"":""MultiPoint"",""coordinates"":[]}"
000000000000000001bb,HYD_0444,17.49777451751634,78.66337440234273,771.0606389251411,"{""type"":""MultiPoint"",""coordinates"":[]}"
000000000000000001bc,HYD_0445,17.48343960813621,78.24945127663457,307.0470189767725,"{""type"":""MultiPoint"",""coordinates"":[]}"
000000000000000001bd,HYD_0446,17.48356892925008,78.25885997506612,342.227328673531,"{""type"":""MultiPoint"",""coordinates"":[]}"
000000000000000001be,HYD_0447,17.483698242503845,78.26826867916118,691.6909928116144,"{""type"":""MultiPoint"",""coordinates"":[]}"
000000000000000001bf,HYD_0448,17.483827573583923,78.27767739118305,2328.6432329626646,"{""type"":""MultiPoint"",""coordinates"":[]}"
000000000000000001c0,HYD_0449,17.483956894768323,78.28708610910229,4647.539308944403,"{""type"":""MultiPoint"",""coordinates"":[]}"
000000000000000001c1,HYD_0450,17.48408621097114,78.29649477955601,4017.5364445031855,"{""type"":""MultiPoint"",""coordinates"":[]}"
000000000000000001c2,HYD_0451,17.48421328274646,78.30590349907108,4849.504043571621,"{""type"":""MultiPoint"",""coordinates"":[]}"
000000000000000001c3,HYD_0452,17.484340707125373,78.315311094355,5572.437105762257,"{""type"":""MultiPoint"",""coordinates"":[]}"
000000000000000001c4,HYD_0453,17.48446744122017,78.3247186998288,5959.607340016085,"{""type"":""MultiPoint"",""coordinates"":[]}"
000000000000000001c5,HYD_0454,17.48459454014711,78.33412737958008,4054.4005669911708,"{""type"":""MultiPoint"",""coordinates"":[]}"
000000000000000001c6,HYD_0455,17.484721296129248,78.34353719964591,2414.3643823661055,"{""type"":""MultiPoint"",""coordinates"":[]}"
000000000000000001c7,HYD_0456,17.484846492113725,78.35294701933528,3811.419187366262,"{""type"":""MultiPoint"",""coordinates"":[]}"
000000000000000001c8,HYD_0457,17.48497131047948,78.36235570911903,4616.860742120183,"{""type"":""MultiPoint"",""coordinates"":[]}"
000000000000000001c9,HYD_0458,17.485096521874368,78.3717655161716,2965.3982407513795,"{""type"":""MultiPoint"",""coordinates"":[]}"
000000000000000001ca,HYD_0459,17.485221022836935,78.3811753317162,4760.329567643707,"{""type"":""MultiPoint"",""coordinates"":[]}"
000000000000000001cb,HYD_0460,17.48534365815369,78.39058407559256,8155.873430588666,"{""type"":""MultiPoint"",""coordinates"":[]}"
000000000000000001cc,HYD_0461,17.48546628003109,78.39999276936771,10022.74878396427,"{""type"":""MultiPoint"",""coordinates"":[]}"
000000000000000001cd,HYD_0462,17.485591487720825,78.40940257453649,16170.663901444976,"{""type"":""MultiPoint"",""coordinates"":[]}"
000000000000000001ce,HYD_0463,17.485713763999627,78.41881238473196,16346.139808445352,"{""type"":""MultiPoint"",""coordinates"":[]}"
000000000000000001cf,HYD_0464,17.485833816279538,78.42822220786849,13782.625731314865,"{""type"":""MultiPoint"",""coordinates"":[]}"
000000000000000001d0,HYD_0465,17.485956789238823,78.43763204260864,12529.811261405197,"{""type"":""MultiPoint"",""coordinates"":[]}"
000000000000000001d1,HYD_0466,17.486079757354116,78.44704184488688,14846.76218584846,"{""type"":""MultiPoint"",""coordinates"":[]}"
000000000000000001d2,HYD_0467,17.486199816482372,78.45645165576212,12782.744754536943,"{""type"":""MultiPoint"",""coordinates"":[]}"
000000000000000001d3,HYD_0468,17.486320228276696,78.46586035871088,8636.145875250126,"{""type"":""MultiPoint"",""coordinates"":[]}"
000000000000000001d4,HYD_0469,17.486439504679733,78.47527169614565,9424.314539950505,"{""type"":""MultiPoint"",""coordinates"":[]}"
000000000000000001d5,HYD_0470,17.486557659933816,78.48468185999211,8938.237473356958,"{""type"":""MultiPoint"",""coordinates"":[]}"
000000000000000001d6,HYD_0471,17.48667731443321,78.4940920494184,9316.25497645958,"{""type"":""MultiPoint"",""coordinates"":[]}"
000000000000000001d7,HYD_0472,17.486795876160055,78.50350337980676,9993.7930243997,"{""type"":""MultiPoint"",""coordinates"":[]}"
000000000000000001d8,HYD_0473,17.486914371094198,78.51291241999668,9956.246736893001,"{""type"":""MultiPoint"",""coordinates"":[]}"
000000000000000001d9,HYD_0474,17.48703177319236,78.52232259864682,8905.438050169103,"{""type"":""MultiPoint"",""coordinates"":[]}"
000000000000000001da,HYD_0475,17.487148135198648,78.53173393649259,8895.197356833663,"{""type"":""MultiPoint"",""coordinates"":[]}"
000000000000000001db,HYD_0476,17.487265896311193,78.54114448338582,11202.335535655306,"{""type"":""MultiPoint"",""coordinates"":[]}"
000000000000000001dc,HYD_0477,17.487381473471213,78.55055431975627,9827.34745193182,"{""type"":""MultiPoint"",""coordinates"":[]}"
000000000000000001dd,HYD_0478,17.48749742091034,78.55996524204764,9569.010666536818,"{""type"":""MultiPoint"",""coordinates"":[]}"
000000000000000001de,HYD_0479,17.48761335737825,78.56937615510412,8105.920780481078,"{""type"":""MultiPoint"",""coordinates"":[]}"
000000000000000001df,HYD_0480,17.487728164672248,78.5787867003991,7214.37751164156,"{""type"":""MultiPoint"",""coordinates"":[]}"
000000000000000001e0,HYD_0481,17.48784334055365,78.58819913564176,6702.050091851927,"{""type"":""MultiPoint"",""coordinates"":[]}"
000000000000000001e1,HYD_0482,17.48795633598633,78.59761009099824,8346.241708329146,"{""type"":""MultiPoint"",""coordinates"":[]}"
000000000000000001e2,HYD_0483,17.48807074101666,78.60702099891719,6310.914912055519,"{""type"":""MultiPoint"",""coordinates"":[]}"
000000000000000001e3,HYD_0484,17.488183747572457,78.61643195490649,3802.9695786046036,"{""type"":""MultiPoint"",""coordinates"":[]}"
000000000000000001e4,HYD_0485,17.48829596225997,78.62584288426645,1511.0174771290199,"{""type"":""MultiPoint"",""coordinates"":[]}"
000000000000000001e5,HYD_0486,17.48840819069953,78.63525532284118,784.7507801878687,"{""type"":""MultiPoint"",""coordinates"":[]}"
000000000000000001e6,HYD_0487,17.488520776199522,78.64466587307285,889.1324307011623,"{""type"":""MultiPoint"",""coordinates"":[]}"
000000000000000001e7,HYD_0488,17.488632255861482,78.65407679732812,871.2463176783392,"{""type"":""MultiPoint"",""coordinates"":[]}"
000000000000000001e8,HYD_0489,17.488742942140032,78.66348843837991,677.1278060090308,"{""type"":""MultiPoint"",""coordinates"":[]}"
000000000000000001e9,HYD_0490,17.474410301442905,78.24958614814803,540.7478538382287,"{""type"":""MultiPoint"",""coordinates"":[]}"
000000000000000001ea,HYD_0491,17.474539248536885,78.25899375043099,431.9965171458674,"{""type"":""MultiPoint"",""coordinates"":[]}"
000000000000000001eb,HYD_0492,17.474668567558094,78.26840245898015,586.2763539463866,"{""type"":""MultiPoint"",""coordinates"":[]}"
000000000000000001ec,HYD_0493,17.474797878921592,78.27781117221676,1740.8505292069678,"{""type"":""MultiPoint"",""coordinates"":[]}"
000000000000000001ed,HYD_0494,17.47492720837051,78.28721989228258,3798.6040289336565,"{""type"":""MultiPoint"",""coordinates"":[]}"
000000000000000001ee,HYD_0495,17.47505688075409,78.2966274554017,2588.0220733605183,"{""type"":""MultiPoint"",""coordinates"":[]}"
000000000000000001ef,HYD_0496,17.47518472157731,78.30603464957827,3507.1003324733065,"{""type"":""MultiPoint"",""coordinates"":[]}"
000000000000000001f0,HYD_0497,17.475311459934638,78.31544304907726,3830.387447409536,"{""type"":""MultiPoint"",""coordinates"":[]}"
000000000000000001f1,HYD_0498,17.475437759999227,78.32485022004803,3625.2475084416997,"{""type"":""MultiPoint"",""coordinates"":[]}"
000000000000000001f2,HYD_0499,17.475564846853015,78.33425892532934,2863.6147521897856,"{""type"":""MultiPoint"",""coordinates"":[]}"
000000000000000001f3,HYD_0500,17.47569230630894,78.34366872574314,2100.596569356732,"{""type"":""MultiPoint"",""coordinates"":[]}"
000000000000000001f4,HYD_0501,17.475816782135784,78.35307854652784,3225.7915146771597,"{""type"":""MultiPoint"",""coordinates"":[]}"
000000000000000001f5,HYD_0502,17.475941631131764,78.3624872485101,5219.50819974413,"{""type"":""MultiPoint"",""coordinates"":[]}"
000000000000000001f6,HYD_0503,17.476066494149443,78.37189593768461,3055.208373350255,"{""type"":""MultiPoint"",""coordinates"":[]}"
000000000000000001f7,HYD_0504,17.476191353477454,78.38130464705715,3907.9000207265226,"{""type"":""MultiPoint"",""coordinates"":[]}"
000000000000000001f8,HYD_0505,17.476313983001724,78.39071336415012,4385.044537794823,"{""type"":""MultiPoint"",""coordinates"":[]}"
000000000000000001f9,HYD_0506,17.47643661073734,78.40012209728232,4449.042135238648,"{""type"":""MultiPoint"",""coordinates"":[]}"
000000000000000001fa,HYD_0507,17.47656145578494,78.40953080213289,8677.890015067307,"{""type"":""MultiPoint"",""coordinates"":[]}"
000000000000000001fb,HYD_0508,17.476684090726895,78.41893947599891,15299.119463393266,"{""type"":""MultiPoint"",""coordinates"":[]}"
000000000000000001fc,HYD_0509,17.476804854009185,78.42834928878491,14588.65710616766,"{""type"":""MultiPoint"",""coordinates"":[]}"
000000000000000001fd,HYD_0510,17.476925986489476,78.43775951796405,8143.41045780556,"{""type"":""MultiPoint"",""coordinates"":[]}"
000000000000000001fe,HYD_0511,17.47704859562655,78.44716744139103,11404.181334162695,"{""type"":""MultiPoint"",""coordinates"":[]}"
000000000000000001ff,HYD_0512,17.477170135649935,78.45657653241844,10270.670066205192,"{""type"":""MultiPoint"",""coordinates"":[]}"
00000000000000000200,HYD_0513,17.477290529865165,78.46598522383339,9806.224682347913,"{""type"":""MultiPoint"",""coordinates"":[]}"
00000000000000000201,HYD_0514,17.477408676309057,78.47539615567057,14310.721256121467,"{""type"":""MultiPoint"",""coordinates"":[]}"
00000000000000000202,HYD_0515,17.477526864698063,78.4848071091847,13162.503472870467,"{""type"":""MultiPoint"",""coordinates"":[]}"
00000000000000000203,HYD_0516,17.477647261079667,78.49421581372006,8082.552686474369,"{""type"":""MultiPoint"",""coordinates"":[]}"
00000000000000000204,HYD_0517,17.477765789237985,78.50362559621416,10109.963186166802,"{""type"":""MultiPoint"",""coordinates"":[]}"
00000000000000000205,HYD_0518,17.477883574982478,78.51303542402655,13401.48043907016,"{""type"":""MultiPoint"",""coordinates"":[]}"
00000000000000000206,HYD_0519,17.478001380663066,78.52244524725477,13760.960368975471,"{""type"":""MultiPoint"",""coordinates"":[]}"
00000000000000000207,HYD_0520,17.478118055104666,78.5318561693379,11192.215773010252,"{""type"":""MultiPoint"",""coordinates"":[]}"
00000000000000000208,HYD_0521,17.478233619299107,78.54126599441183,11407.455076748718,"{""type"":""MultiPoint"",""coordinates"":[]}"
00000000000000000209,HYD_0522,17.478349565125658,78.55067469066847,9381.41945259244,"{""type"":""MultiPoint"",""coordinates"":[]}"
0000000000000000020a,HYD_0523,17.478465527798694,78.56008561587869,7745.215321140663,"{""type"":""MultiPoint"",""coordinates"":[]}"
0000000000000000020b,HYD_0524,17.47858146022833,78.56949656827878,9073.947003891888,"{""type"":""MultiPoint"",""coordinates"":[]}"
0000000000000000020c,HYD_0525,17.478697742898436,78.57890635861476,7229.432191856235,"{""type"":""MultiPoint"",""coordinates"":[]}"
0000000000000000020d,HYD_0526,17.478811833763714,78.5883177085402,7660.178722725659,"{""type"":""MultiPoint"",""coordinates"":[]}"
0000000000000000020e,HYD_0527,17.47892623959273,78.59772786959358,7505.772922441071,"{""type"":""MultiPoint"",""coordinates"":[]}"
0000000000000000020f,HYD_0528,17.479039259263196,78.60713958723997,3809.945890389237,"{""type"":""MultiPoint"",""coordinates"":[]}"
00000000000000000210,HYD_0529,17.479153659431038,78.61654971951447,3339.398037046545,"{""type"":""MultiPoint"",""coordinates"":[]}"
00000000000000000211,HYD_0530,17.47926589746118,78.6259599341108,1615.2809346217737,"{""type"":""MultiPoint"",""coordinates"":[]}"
00000000000000000212,HYD_0531,17.479377384141326,78.63537086967172,1141.894294645272,"{""type"":""MultiPoint"",""coordinates"":[]}"
00000000000000000213,HYD_0532,17.479488884623674,78.64478180924384,1089.8027812808166,"{""type"":""MultiPoint"",""coordinates"":[]}"
00000000000000000214,HYD_0533,17.47960035992707,78.65419272986198,900.4536166920382,"{""type"":""MultiPoint"",""coordinates"":[]}"
00000000000000000215,HYD_0534,17.479711827050597,78.66360366015411,613.7383470479181,"{""type"":""MultiPoint"",""coordinates"":[]}"
00000000000000000216,HYD_0535,17.47982220485549,78.67301499159662,549.4991004373513,"{""type"":""MultiPoint"",""coordinates"":[]}"
00000000000000000217,HYD_0536,17.465381030845872,78.2497217960892,1101.5452514798033,"{""type"":""MultiPoint"",""coordinates"":[]}"
00000000000000000218,HYD_0537,17.46551217634095,78.25912863921336,536.1367627985336,"{""type"":""MultiPoint"",""coordinates"":[]}"
00000000000000000219,HYD_0538,17.465641091236016,78.26853622224475,545.8948319276172,"{""type"":""MultiPoint"",""coordinates"":[]}"
0000000000000000021a,HYD_0539,17.46577043064545,78.2779449320267,1547.6560426001456,"{""type"":""MultiPoint"",""coordinates"":[]}"
0000000000000000021b,HYD_0540,17.465898646685538,78.28735403290527,2898.842679655785,"{""type"":""MultiPoint"",""coordinates"":[]}"
0000000000000000021c,HYD_0541,17.466026816971564,78.29676010762039,1070.9198457661796,"{""type"":""MultiPoint"",""coordinates"":[]}"
0000000000000000021d,HYD_0542,17.46615614344337,78.30616660236811,2387.7006651691354,"{""type"":""MultiPoint"",""coordinates"":[]}"
0000000000000000021e,HYD_0543,17.466283236591686,78.31557528437992,1711.4132718778121,"{""type"":""MultiPoint"",""coordinates"":[]}"
0000000000000000021f,HYD_0544,17.466409199521973,78.32498359813376,1812.9131616928996,"{""type"":""MultiPoint"",""coordinates"":[]}"
00000000000000000220,HYD_0545,17.4665366553298,78.33439194511121,3196.0176046782844,"{""type"":""MultiPoint"",""coordinates"":[]}"
00000000000000000221,HYD_0546,17.466662237366155,78.34379914095504,3359.3046808355,"{""type"":""MultiPoint"",""coordinates"":[]}"
00000000000000000222,HYD_0547,17.466787100432196,78.3532078386937,3054.5333097046496,"{""type"":""MultiPoint"",""coordinates"":[]}"
00000000000000000223,HYD_0548,17.466911954169056,78.36261654986964,4595.768727171656,"{""type"":""MultiPoint"",""coordinates"":[]}"
00000000000000000224,HYD_0549,17.46703684231712,78.3720252728903,4295.707551455031,"{""type"":""MultiPoint"",""coordinates"":[]}"
00000000000000000225,HYD_0550,17.467161697910438,78.38143396877238,3979.2211571637326,"{""type"":""MultiPoint"",""coordinates"":[]}"
00000000000000000226,HYD_0551,17.46728430835413,78.39084268945207,3377.547557224946,"{""type"":""MultiPoint"",""coordinates"":[]}"
00000000000000000227,HYD_0552,17.46740729442795,78.4002502859397,4409.842102215335,"{""type"":""MultiPoint"",""coordinates"":[]}"
00000000000000000228,HYD_0553,17.467531790379756,78.4096578755348,11451.426361368214,"{""type"":""MultiPoint"",""coordinates"":[]}"
00000000000000000229,HYD_0554,17.467654415325423,78.41906657517306,17061.791727253036,"{""type"":""MultiPoint"",""coordinates"":[]}"
0000000000000000022a,HYD_0555,17.467774793997226,78.42847526473618,19834.84967307296,"{""type"":""MultiPoint"",""coordinates"":[]}"
0000000000000000022b,HYD_0556,17.467895171011694,78.43788396648915,13611.67895750158,"{""type"":""MultiPoint"",""coordinates"":[]}"
0000000000000000022c,HYD_0557,17.468016711648485,78.44729306487102,11276.578309421913,"{""type"":""MultiPoint"",""coordinates"":[]}"
0000000000000000022d,HYD_0558,17.46813820787835,78.4567013792718,11809.9223339006,"{""type"":""MultiPoint"",""coordinates"":[]}"
0000000000000000022e,HYD_0559,17.46825859325126,78.46611006643477,10868.497892821064,"{""type"":""MultiPoint"",""coordinates"":[]}"
0000000000000000022f,HYD_0560,17.468378251727465,78.47551948583526,14038.214892757644,"{""type"":""MultiPoint"",""coordinates"":[]}"
00000000000000000230,HYD_0561,17.468496839537202,78.48493086325365,15282.92807665058,"{""type"":""MultiPoint"",""coordinates"":[]}"
00000000000000000231,HYD_0562,17.468616484890735,78.49434106534522,13722.57249360926,"{""type"":""MultiPoint"",""coordinates"":[]}"
00000000000000000232,HYD_0563,17.46873462044655,78.50374897680621,12222.650664146271,"{""type"":""MultiPoint"",""coordinates"":[]}"
00000000000000000233,HYD_0564,17.468852807078992,78.51315843575739,9054.893874927595,"{""type"":""MultiPoint"",""coordinates"":[]}"
00000000000000000234,HYD_0565,17.468971305987708,78.52256747762816,9714.759300022499,"{""type"":""MultiPoint"",""coordinates"":[]}"
00000000000000000235,HYD_0566,17.46908802186575,78.5319776761487,11356.662811623364,"{""type"":""MultiPoint"",""coordinates"":[]}"
00000000000000000236,HYD_0567,17.469203949032117,78.5413863976895,11059.315406948908,"{""type"":""MultiPoint"",""coordinates"":[]}"
00000000000000000237,HYD_0568,17.46931953155383,78.55079620461687,10948.975406886084,"{""type"":""MultiPoint"",""coordinates"":[]}"
00000000000000000238,HYD_0569,17.469436185712496,78.56020711309615,9357.0536761714,"{""type"":""MultiPoint"",""coordinates"":[]}"
00000000000000000239,HYD_0570,17.46955176054597,78.56961696645088,7600.564181099688,"{""type"":""MultiPoint"",""coordinates"":[]}"
0000000000000000023a,HYD_0571,17.46966658483477,78.57902604431736,5159.810684323777,"{""type"":""MultiPoint"",""coordinates"":[]}"
0000000000000000023b,HYD_0572,17.46978064810933,78.58843506940865,5041.516034504009,"{""type"":""MultiPoint"",""coordinates"":[]}"
0000000000000000023c,HYD_0573,17.46989366703788,78.59784683254404,7562.350710506066,"{""type"":""MultiPoint"",""coordinates"":[]}"
0000000000000000023d,HYD_0574,17.470008055873162,78.6072569610008,6128.436179314407,"{""type"":""MultiPoint"",""coordinates"":[]}"
0000000000000000023e,HYD_0575,17.470121392900236,78.61666753832395,2686.652866423364,"{""type"":""MultiPoint"",""coordinates"":[]}"
0000000000000000023f,HYD_0576,17.470233612663527,78.62607697053069,1110.0287116705201,"{""type"":""MultiPoint"",""coordinates"":[]}"
00000000000000000240,HYD_0577,17.470345808968755,78.63548790394559,1859.1312189550963,"{""type"":""MultiPoint"",""coordinates"":[]}"
00000000000000000241,HYD_0578,17.47045696844511,78.64489773110103,2697.1451206057673,"{""type"":""MultiPoint"",""coordinates"":[]}"
00000000000000000242,HYD_0579,17.470568447819314,78.65430866997103,1202.97252443912,"{""type"":""MultiPoint"",""coordinates"":[]}"
00000000000000000243,HYD_0580,17.470679923980736,78.66371959629541,757.6739248743245,"{""type"":""MultiPoint"",""coordinates"":[]}"
00000000000000000244,HYD_0581,17.47079061376735,78.67312903069052,688.2063312268724,"{""type"":""MultiPoint"",""coordinates"":[]}"
00000000000000000245,HYD_0582,17.45635430494826,78.24985856430075,1031.9794417568285,"{""type"":""MultiPoint"",""coordinates"":[]}"
00000000000000000246,HYD_0583,17.45648399661927,78.2592646444137,665.4164876432981,"{""type"":""MultiPoint"",""coordinates"":[]}"
00000000000000000247,HYD_0584,17.456614025416155,78.26867109097921,628.5304997631148,"{""type"":""MultiPoint"",""coordinates"":[]}"
00000000000000000248,HYD_0585,17.45674298366466,78.27807869852684,1148.1520186648652,"{""type"":""MultiPoint"",""coordinates"":[]}"
00000000000000000249,HYD_0586,17.45687152542197,78.28748588268644,1963.6699846342497,"{""type"":""MultiPoint"",""coordinates"":[]}"
0000000000000000024a,HYD_0587,17.456997917023305,78.29689315323469,1763.0574467808594,"{""type"":""MultiPoint"",""coordinates"":[]}"
0000000000000000024b,HYD_0588,17.457126470665937,78.30630036103888,2564.4269607618744,"{""type"":""MultiPoint"",""coordinates"":[]}"
0000000000000000024c,HYD_0589,17.45725392053698,78.31570793608235,1803.154712806028,"{""type"":""MultiPoint"",""coordinates"":[]}"
0000000000000000024d,HYD_0590,17.457380660603537,78.32511554091279,1019.1326050328273,"{""type"":""MultiPoint"",""coordinates"":[]}"
0000000000000000024e,HYD_0591,17.45750736861292,78.33452312418459,1740.62858766294,"{""type"":""MultiPoint"",""coordinates"":[]}"
0000000000000000024f,HYD_0592,17.457632929732142,78.34392956262909,2578.9727821948472,"{""type"":""MultiPoint"",""coordinates"":[]}"
00000000000000000250,HYD_0593,17.457757442473877,78.35333717525572,2784.4906747631003,"{""type"":""MultiPoint"",""coordinates"":[]}"
00000000000000000251,HYD_0594,17.45788230634909,78.36274588898083,3497.880138584211,"{""type"":""MultiPoint"",""coordinates"":[]}"
00000000000000000252,HYD_0595,17.458007174186193,78.37215458474016,5111.2446477254225,"{""type"":""MultiPoint"",""coordinates"":[]}"
00000000000000000253,HYD_0596,17.45813201861724,78.38156327611713,4103.63138070948,"{""type"":""MultiPoint"",""coordinates"":[]}"
00000000000000000254,HYD_0597,17.458255001173132,78.39097086076049,3466.9529701232914,"{""type"":""MultiPoint"",""coordinates"":[]}"
00000000000000000255,HYD_0598,17.458376894526406,78.40037738565296,4709.970063691982,"{""type"":""MultiPoint"",""coordinates"":[]}"
00000000000000000256,HYD_0599,17.458501008842553,78.40978534222823,10197.306773002476,"{""type"":""MultiPoint"",""coordinates"":[]}"
00000000000000000257,HYD_0600,17.458623616832664,78.41919325132193,14380.135268087948,"{""type"":""MultiPoint"",""coordinates"":[]}"
00000000000000000258,HYD_0601,17.458745114863873,78.42860234405467,16476.88572265027,"{""type"":""MultiPoint"",""coordinates"":[]}"
00000000000000000259,HYD_0602,17.45886550429829,78.43801106365912,11884.084751907047,"{""type"":""MultiPoint"",""coordinates"":[]}"
0000000000000000025a,HYD_0603,17.458985905592822,78.44741974950057,7686.116242457371,"{""type"":""MultiPoint"",""coordinates"":[]}"
0000000000000000025b,HYD_0604,17.459106661063355,78.45682732893283,7862.938497087068,"{""type"":""MultiPoint"",""coordinates"":[]}"
0000000000000000025c,HYD_0605,17.459226707705362,78.4662349389608,13744.179076669732,"{""type"":""MultiPoint"",""coordinates"":[]}"
0000000000000000025d,HYD_0606,17.459347126092375,78.47564362919299,12255.884171280204,"{""type"":""MultiPoint"",""coordinates"":[]}"
0000000000000000025e,HYD_0607,17.459467880556335,78.48505345148881,14062.330799446858,"{""type"":""MultiPoint"",""coordinates"":[]}"
0000000000000000025f,HYD_0608,17.459585667549337,78.49446327703401,16272.005068610693,"{""type"":""MultiPoint"",""coordinates"":[]}"
00000000000000000260,HYD_0609,17.459703836638933,78.50387197813589,15916.51417801801,"{""type"":""MultiPoint"",""coordinates"":[]}"
00000000000000000261,HYD_0610,17.45982199767387,78.51328067404289,9570.721682933729,"{""type"":""MultiPoint"",""coordinates"":[]}"
00000000000000000262,HYD_0611,17.459939047753203,78.5226897825344,5858.295237672094,"{""type"":""MultiPoint"",""coordinates"":[]}"
00000000000000000263,HYD_0612,17.460057191980713,78.5320976910785,9001.071554475677,"{""type"":""MultiPoint"",""coordinates"":[]}"
00000000000000000264,HYD_0613,17.460174276276458,78.54150677835591,10362.217533335968,"{""type"":""MultiPoint"",""coordinates"":[]}"
00000000000000000265,HYD_0614,17.46029020541403,78.55091773423095,9493.782810839484,"{""type"":""MultiPoint"",""coordinates"":[]}"
00000000000000000266,HYD_0615,17.460406151453267,78.56032863744008,8986.994537443272,"{""type"":""MultiPoint"",""coordinates"":[]}"
00000000000000000267,HYD_0616,17.46052097953687,78.56973773596465,6644.572426470588,"{""type"":""MultiPoint"",""coordinates"":[]}"
00000000000000000268,HYD_0617,17.460634666304898,78.5791456744259,4595.327197624656,"{""type"":""MultiPoint"",""coordinates"":[]}"
00000000000000000269,HYD_0618,17.460749504197167,78.58855475171711,5737.525504811606,"{""type"":""MultiPoint"",""coordinates"":[]}"
0000000000000000026a,HYD_0619,17.460863571666515,78.59796456039368,6995.548093623741,"{""type"":""MultiPoint"",""coordinates"":[]}"
0000000000000000026b,HYD_0620,17.46097580943453,78.60737479052989,7551.826977015476,"{""type"":""MultiPoint"",""coordinates"":[]}"
0000000000000000026c,HYD_0621,17.461089120272845,78.61678384908352,3930.0877972247567,"{""type"":""MultiPoint"",""coordinates"":[]}"
0000000000000000026d,HYD_0622,17.46120243739199,78.6261951234799,1927.2539272383149,"{""type"":""MultiPoint"",""coordinates"":[]}"
0000000000000000026e,HYD_0623,17.461313556206118,78.63560495074276,1797.8993039449058,"{""type"":""MultiPoint"",""coordinates"":[]}"
0000000000000000026f,HYD_0624,17.461425036911486,78.6450136605254,2229.3694410062303,"{""type"":""MultiPoint"",""coordinates"":[]}"
00000000000000000270,HYD_0625,17.461536533090435,78.65442458727344,1901.361450853535,"{""type"":""MultiPoint"",""coordinates"":[]}"
00000000000000000271,HYD_0626,17.461647999793165,78.6638355466511,1775.6730875464045,"{""type"":""MultiPoint"",""coordinates"":[]}"
00000000000000000272,HYD_0627,17.46175838740566,78.67324462016379,1431.3166616720312,"{""type"":""MultiPoint"",""coordinates"":[]}"
00000000000000000273,HYD_0628,17.447325378326482,78.24999304188597,1995.9809546321048,"{""type"":""MultiPoint"",""coordinates"":[]}"
00000000000000000274,HYD_0629,17.447454687637258,78.25939951845055,1190.0090152179491,"{""type"":""MultiPoint"",""coordinates"":[]}"
00000000000000000275,HYD_0630,17.447583987611036,78.2688059880976,1153.0141251769714,"{""type"":""MultiPoint"",""coordinates"":[]}"
00000000000000000276,HYD_0631,17.44771330050847,78.27821247173098,2420.444923026889,"{""type"":""MultiPoint"",""coordinates"":[]}"
00000000000000000277,HYD_0632,17.447842604518794,78.28761896173886,1929.2547130248129,"{""type"":""MultiPoint"",""coordinates"":[]}"
00000000000000000278,HYD_0633,17.447969706494252,78.29702542771872,1295.4731434074104,"{""type"":""MultiPoint"",""coordinates"":[]}"
00000000000000000279,HYD_0634,17.448097160915694,78.30643301663594,2321.5140774820375,"{""type"":""MultiPoint"",""coordinates"":[]}"
0000000000000000027a,HYD_0635,17.448223521880514,78.31583951043716,1898.5035844279269,"{""type"":""MultiPoint"",""coordinates"":[]}"
0000000000000000027b,HYD_0636,17.44835096318499,78.32524708266864,953.4750459484026,"{""type"":""MultiPoint"",""coordinates"":[]}"
0000000000000000027c,HYD_0637,17.448478403366526,78.33465464788286,1510.485937896429,"{""type"":""MultiPoint"",""coordinates"":[]}"
0000000000000000027d,HYD_0638,17.448602560565295,78.34406116021658,3252.8978717504765,"{""type"":""MultiPoint"",""coordinates"":[]}"
0000000000000000027e,HYD_0639,17.44872813005051,78.3534676069163,3466.439576638915,"{""type"":""MultiPoint"",""coordinates"":[]}"
0000000000000000027f,HYD_0640,17.44885261285356,78.36287519047669,5051.822997732724,"{""type"":""MultiPoint"",""coordinates"":[]}"
00000000000000000280,HYD_0641,17.448977447310238,78.37228388947521,5899.243275077672,"{""type"":""MultiPoint"",""coordinates"":[]}"
00000000000000000281,HYD_0642,17.449102671709614,78.38169146636452,5731.931638994403,"{""type"":""MultiPoint"",""coordinates"":[]}"
00000000000000000282,HYD_0643,17.44922460516776,78.39109796390827,5672.9768130358525,"{""type"":""MultiPoint"",""coordinates"":[]}"
00000000000000000283,HYD_0644,17.449347575461793,78.4005055448124,4896.183363925709,"{""type"":""MultiPoint"",""coordinates"":[]}"
00000000000000000284,HYD_0645,17.44947018889396,78.4099142580205,11916.665699917663,"{""type"":""MultiPoint"",""coordinates"":[]}"
00000000000000000285,HYD_0646,17.449593176029058,78.41932180167834,15716.59453231213,"{""type"":""MultiPoint"",""coordinates"":[]}"
00000000000000000286,HYD_0647,17.449715456781014,78.42872942353539,17098.597923368565,"{""type"":""MultiPoint"",""coordinates"":[]}"
00000000000000000287,HYD_0648,17.44983584420869,78.43813814515838,13391.01386862362,"{""type"":""MultiPoint"",""coordinates"":[]}"
00000000000000000288,HYD_0649,17.449956227820746,78.4475468348374,9100.404593583648,"{""type"":""MultiPoint"",""coordinates"":[]}"
00000000000000000289,HYD_0650,17.450076635836187,78.45695329959865,7248.649111923518,"{""type"":""MultiPoint"",""coordinates"":[]}"
0000000000000000028a,HYD_0651,17.450197037141194,78.46635979539454,13944.074013384656,"{""type"":""MultiPoint"",""coordinates"":[]}"
0000000000000000028b,HYD_0652,17.4503174469008,78.47576851155348,14910.831766345456,"{""type"":""MultiPoint"",""coordinates"":[]}"
0000000000000000028c,HYD_0653,17.45043782429379,78.48517718981705,13628.303881417067,"{""type"":""MultiPoint"",""coordinates"":[]}"
0000000000000000028d,HYD_0654,17.45055597825362,78.49458587443539,13640.2599579755,"{""type"":""MultiPoint"",""coordinates"":[]}"
0000000000000000028e,HYD_0655,17.450674147235393,78.50399457780766,17471.90340594123,"{""type"":""MultiPoint"",""coordinates"":[]}"
0000000000000000028f,HYD_0656,17.450792336788435,78.51340330790481,12563.80036944221,"{""type"":""MultiPoint"",""coordinates"":[]}"
00000000000000000290,HYD_0657,17.45090825215371,78.52281201723586,10004.143307584876,"{""type"":""MultiPoint"",""coordinates"":[]}"
00000000000000000291,HYD_0658,17.45102530643353,78.53222109336853,12128.936678448847,"{""type"":""MultiPoint"",""coordinates"":[]}"
00000000000000000292,HYD_0659,17.451142378379533,78.54162942098466,10501.955492999507,"{""type"":""MultiPoint"",""coordinates"":[]}"
00000000000000000293,HYD_0660,17.451258683627934,78.55103922757418,6139.448112682268,"{""type"":""MultiPoint"",""coordinates"":[]}"
00000000000000000294,HYD_0661,17.451374236181298,78.56044903957219,7919.346965819715,"{""type"":""MultiPoint"",""coordinates"":[]}"
00000000000000000295,HYD_0662,17.45148906628463,78.56985734803804,7883.130258986528,"{""type"":""MultiPoint"",""coordinates"":[]}"
00000000000000000296,HYD_0663,17.451603885953595,78.5792664545039,6538.236191902909,"{""type"":""MultiPoint"",""coordinates"":[]}"
00000000000000000297,HYD_0664,17.451718681247623,78.58867553426632,3974.424655502918,"{""type"":""MultiPoint"",""coordinates"":[]}"
00000000000000000298,HYD_0665,17.45183237980061,78.59808345199484,5088.002599289838,"{""type"":""MultiPoint"",""coordinates"":[]}"
00000000000000000299,HYD_0666,17.451944995999895,78.60749256459103,6336.495959323061,"{""type"":""MultiPoint"",""coordinates"":[]}"
0000000000000000029a,HYD_0667,17.452057940125272,78.61690278460394,4053.4260049371164,"{""type"":""MultiPoint"",""coordinates"":[]}"
0000000000000000029b,HYD_0668,17.452171279705855,78.62631182439125,2688.921749702154,"{""type"":""MultiPoint"",""coordinates"":[]}"
0000000000000000029c,HYD_0669,17.452283889377572,78.63572086775417,3459.9335181404563,"{""type"":""MultiPoint"",""coordinates"":[]}"
0000000000000000029d,HYD_0670,17.45239535178159,78.64512960353636,1845.7455582861808,"{""type"":""MultiPoint"",""coordinates"":[]}"
0000000000000000029e,HYD_0671,17.45250720567352,78.65453942149652,2400.2482335333725,"{""type"":""MultiPoint"",""coordinates"":[]}"
0000000000000000029f,HYD_0672,17.4526168730498,78.66395075294197,2747.4143537109976,"{""type"":""MultiPoint"",""coordinates"":[]}"
000000000000000002a0,HYD_0673,17.452726440006487,78.67335978783744,2747.62723534902,"{""type"":""MultiPoint"",""coordinates"":[]}"
000000000000000002a1,HYD_0674,17.438425358263785,78.25953439090635,1064.6775943288615,"{""type"":""MultiPoint"",""coordinates"":[]}"
000000000000000002a2,HYD_0675,17.438553957310056,78.26894088429677,852.4576719115762,"{""type"":""MultiPoint"",""coordinates"":[]}"
000000000000000002a3,HYD_0676,17.438683979326687,78.27834735716151,1705.3950949762384,"{""type"":""MultiPoint"",""coordinates"":[]}"
000000000000000002a4,HYD_0677,17.438812915907366,78.28775273002894,1244.779063830656,"{""type"":""MultiPoint"",""coordinates"":[]}"
000000000000000002a5,HYD_0678,17.438940026744206,78.29715921350787,1128.7590837067248,"{""type"":""MultiPoint"",""coordinates"":[]}"
000000000000000002a6,HYD_0679,17.439067106082618,78.30656567833101,1088.4357876871145,"{""type"":""MultiPoint"",""coordinates"":[]}"
000000000000000002a7,HYD_0680,17.439194184805984,78.31597216832202,1650.4402155763962,"{""type"":""MultiPoint"",""coordinates"":[]}"
000000000000000002a8,HYD_0681,17.43932163535496,78.32537972778998,1988.7002673130405,"{""type"":""MultiPoint"",""coordinates"":[]}"
000000000000000002a9,HYD_0682,17.439448015820997,78.33478621376489,2515.441333123749,"{""type"":""MultiPoint"",""coordinates"":[]}"
000000000000000002aa,HYD_0683,17.439573590639526,78.34419267826479,3239.7611213459686,"{""type"":""MultiPoint"",""coordinates"":[]}"
000000000000000002ab,HYD_0684,17.439697717928368,78.35359916277001,4232.23142086104,"{""type"":""MultiPoint"",""coordinates"":[]}"
000000000000000002ac,HYD_0685,17.439823280490387,78.36300560346088,4773.872327901803,"{""type"":""MultiPoint"",""coordinates"":[]}"
000000000000000002ad,HYD_0686,17.439947772224695,78.3724131933213,4228.2217635136,"{""type"":""MultiPoint"",""coordinates"":[]}"
000000000000000002ae,HYD_0687,17.440072641609692,78.38181970706941,5416.581479143631,"{""type"":""MultiPoint"",""coordinates"":[]}"
000000000000000002af,HYD_0688,17.440195263637644,78.39122617164037,5769.613712654861,"{""type"":""MultiPoint"",""coordinates"":[]}"
000000000000000002b0,HYD_0689,17.440318236745583,78.4006337330526,5713.149428558348,"{""type"":""MultiPoint"",""coordinates"":[]}"
000000000000000002b1,HYD_0690,17.440440501127927,78.41004133092848,6038.3290723763275,"{""type"":""MultiPoint"",""coordinates"":[]}"
000000000000000002b2,HYD_0691,17.44056277843345,78.41944891365517,7364.616388313442,"{""type"":""MultiPoint"",""coordinates"":[]}"
000000000000000002b3,HYD_0692,17.44068614035778,78.4288553939591,11118.111537484561,"{""type"":""MultiPoint"",""coordinates"":[]}"
000000000000000002b4,HYD_0693,17.440806171655538,78.43826297884486,15540.488752626907,"{""type"":""MultiPoint"",""coordinates"":[]}"
000000000000000002b5,HYD_0694,17.44092655365491,78.44767167068552,9601.536981320842,"{""type"":""MultiPoint"",""coordinates"":[]}"
000000000000000002b6,HYD_0695,17.441046596795243,78.45707927792628,8700.180174569521,"{""type"":""MultiPoint"",""coordinates"":[]}"
000000000000000002b7,HYD_0696,17.441167723696882,78.46648573357773,12439.647005417766,"{""type"":""MultiPoint"",""coordinates"":[]}"
000000000000000002b8,HYD_0697,17.44128776698387,78.47589335634133,13121.341413191252,"{""type"":""MultiPoint"",""coordinates"":[]}"
000000000000000002b9,HYD_0698,17.44140703462042,78.48530244608482,14500.9244586421,"{""type"":""MultiPoint"",""coordinates"":[]}"
000000000000000002ba,HYD_0699,17.441525168525153,78.49471036158863,15754.162859269685,"{""type"":""MultiPoint"",""coordinates"":[]}"
000000000000000002bb,HYD_0700,17.44164374061899,78.50411873905641,18256.879067873488,"{""type"":""MultiPoint"",""coordinates"":[]}"
000000000000000002bc,HYD_0701,17.44176152070357,78.51352555362541,13961.077960923141,"{""type"":""MultiPoint"",""coordinates"":[]}"
000000000000000002bd,HYD_0702,17.441878576863708,78.52293464539903,12638.661148041372,"{""type"":""MultiPoint"",""coordinates"":[]}"
000000000000000002be,HYD_0703,17.4419945110522,78.53234335371256,12948.63555052514,"{""type"":""MultiPoint"",""coordinates"":[]}"
000000000000000002bf,HYD_0704,17.44211046550517,78.54175204021733,9167.295598901488,"{""type"":""MultiPoint"",""coordinates"":[]}"
000000000000000002c0,HYD_0705,17.442226412848672,78.55116074821812,6917.158077494301,"{""type"":""MultiPoint"",""coordinates"":[]}"
000000000000000002c1,HYD_0706,17.442342712169143,78.56056831205312,10485.238658919994,"{""type"":""MultiPoint"",""coordinates"":[]}"
000000000000000002c2,HYD_0707,17.442458284026078,78.56997591568904,8981.582219471647,"{""type"":""MultiPoint"",""coordinates"":[]}"
000000000000000002c3,HYD_0708,17.44257308840437,78.57938499572329,6555.971914912205,"{""type"":""MultiPoint"",""coordinates"":[]}"
000000000000000002c4,HYD_0709,17.442686746746876,78.58879293615645,3110.323001614739,"{""type"":""MultiPoint"",""coordinates"":[]}"
000000000000000002c5,HYD_0710,17.44280049899462,78.59820241562593,2632.7354613996026,"{""type"":""MultiPoint"",""coordinates"":[]}"
000000000000000002c6,HYD_0711,17.44291418431758,78.60761034439662,2961.6427447711717,"{""type"":""MultiPoint"",""coordinates"":[]}"
000000000000000002c7,HYD_0712,17.44302679261847,78.61701944589544,1745.7355300304928,"{""type"":""MultiPoint"",""coordinates"":[]}"
000000000000000002c8,HYD_0713,17.443139377424878,78.62642851729747,2035.1288785036877,"{""type"":""MultiPoint"",""coordinates"":[]}"
000000000000000002c9,HYD_0714,17.443251963875973,78.63583681560918,4402.326959737141,"{""type"":""MultiPoint"",""coordinates"":[]}"
000000000000000002ca,HYD_0715,17.44336346499629,78.6452455315005,5963.685657321705,"{""type"":""MultiPoint"",""coordinates"":[]}"
000000000000000002cb,HYD_0716,17.443474942922162,78.65465425992457,5137.724059714523,"{""type"":""MultiPoint"",""coordinates"":[]}"
000000000000000002cc,HYD_0717,17.44358564763764,78.664063653415,4942.524378810207,"{""type"":""MultiPoint"",""coordinates"":[]}"
000000000000000002cd,HYD_0718,17.443695665139952,78.67347386945414,4014.0515811620976,"{""type"":""MultiPoint"",""coordinates"":[]}"
000000000000000002ce,HYD_0719,17.42939530719182,78.25966929253538,654.0178003021315,"{""type"":""MultiPoint"",""coordinates"":[]}"
000000000000000002cf,HYD_0720,17.429524631449855,78.2690757887434,626.0795609418084,"{""type"":""MultiPoint"",""coordinates"":[]}"
000000000000000002d0,HYD_0721,17.42965394403884,78.27848224834447,577.6779970898348,"{""type"":""MultiPoint"",""coordinates"":[]}"
000000000000000002d1,HYD_0722,17.42978325022436,78.28788649852306,714.3823889994156,"{""type"":""MultiPoint"",""coordinates"":[]}"
000000000000000002d2,HYD_0723,17.42991181070161,78.29729148000489,861.4542525459738,"{""type"":""MultiPoint"",""coordinates"":[]}"
000000000000000002d3,HYD_0724,17.430038203228552,78.30669873288468,724.4574412738576,"{""type"":""MultiPoint"",""coordinates"":[]}"
000000000000000002d4,HYD_0725,17.43016597046173,78.31610442606035,1489.7659964374463,"{""type"":""MultiPoint"",""coordinates"":[]}"
000000000000000002d5,HYD_0726,17.430292375951908,78.3255116835219,3056.9249003616032,"{""type"":""MultiPoint"",""coordinates"":[]}"
000000000000000002d6,HYD_0727,17.43041905334305,78.3349177513944,3153.9652577119705,"{""type"":""MultiPoint"",""coordinates"":[]}"
000000000000000002d7,HYD_0728,17.430543524235137,78.34432310662905,3305.6763309329167,"{""type"":""MultiPoint"",""coordinates"":[]}"
000000000000000002d8,HYD_0729,17.430668392103527,78.35372957956649,3035.2986906687424,"{""type"":""MultiPoint"",""coordinates"":[]}"
000000000000000002d9,HYD_0730,17.430793250886175,78.36313606576435,3397.7941975088675,"{""type"":""MultiPoint"",""coordinates"":[]}"
000000000000000002da,HYD_0731,17.43091810102657,78.37254254930087,3635.358235303094,"{""type"":""MultiPoint"",""coordinates"":[]}"
000000000000000002db,HYD_0732,17.431042977952472,78.38194900670226,3147.323892772899,"{""type"":""MultiPoint"",""coordinates"":[]}"
000000000000000002dc,HYD_0733,17.43116556659811,78.39135545887875,2749.1742004244925,"{""type"":""MultiPoint"",""coordinates"":[]}"
000000000000000002dd,HYD_0734,17.431288198963482,78.40076194245755,6387.868281779571,"{""type"":""MultiPoint"",""coordinates"":[]}"
000000000000000002de,HYD_0735,17.43141083869212,78.41016843310665,7130.084891016343,"{""type"":""MultiPoint"",""coordinates"":[]}"
000000000000000002df,HYD_0736,17.43153384950684,78.41957601277838,7142.014872891297,"{""type"":""MultiPoint"",""coordinates"":[]}"
000000000000000002e0,HYD_0737,17.431655749331384,78.42898250743431,8099.235493229884,"{""type"":""MultiPoint"",""coordinates"":[]}"
000000000000000002e1,HYD_0738,17.431776839877642,78.43838895907139,9190.20728484509,"{""type"":""MultiPoint"",""coordinates"":[]}"
000000000000000002e2,HYD_0739,17.431896888002953,78.44779653652544,11093.997663804601,"{""type"":""MultiPoint"",""coordinates"":[]}"
000000000000000002e3,HYD_0740,17.43201726744688,78.45720524072273,14307.176190724089,"{""type"":""MultiPoint"",""coordinates"":[]}"
000000000000000002e4,HYD_0741,17.43213766994342,78.4666117215427,4391.903625368604,"{""type"":""MultiPoint"",""coordinates"":[]}"
000000000000000002e5,HYD_0742,17.43225808751125,78.4760182091626,5176.087033769197,"{""type"":""MultiPoint"",""coordinates"":[]}"
000000000000000002e6,HYD_0743,17.432376589448836,78.48542579969666,10232.064126138126,"{""type"":""MultiPoint"",""coordinates"":[]}"
000000000000000002e7,HYD_0744,17.43249438901551,78.49483339561453,18429.169242828968,"{""type"":""MultiPoint"",""coordinates"":[]}"
000000000000000002e8,HYD_0745,17.43261218979249,78.50424099501913,23982.955760372388,"{""type"":""MultiPoint"",""coordinates"":[]}"
000000000000000002e9,HYD_0746,17.432730716338973,78.51364855705229,24459.645968747598,"{""type"":""MultiPoint"",""coordinates"":[]}"
000000000000000002ea,HYD_0747,17.432849258096983,78.52305613624105,16675.79119756362,"{""type"":""MultiPoint"",""coordinates"":[]}"
000000000000000002eb,HYD_0748,17.432964825378853,78.53246373850133,17990.59419959573,"{""type"":""MultiPoint"",""coordinates"":[]}"
000000000000000002ec,HYD_0749,17.43308076425719,78.54187241380903,15948.233621455178,"{""type"":""MultiPoint"",""coordinates"":[]}"
000000000000000002ed,HYD_0750,17.433196726920148,78.55128114031204,13072.192122575349,"{""type"":""MultiPoint"",""coordinates"":[]}"
000000000000000002ee,HYD_0751,17.433312662932813,78.56068761172772,13008.851503469432,"{""type"":""MultiPoint"",""coordinates"":[]}"
000000000000000002ef,HYD_0752,17.4334274880502,78.570094475604,7629.860160633161,"{""type"":""MultiPoint"",""coordinates"":[]}"
000000000000000002f0,HYD_0753,17.433541160612563,78.5795023796664,5305.998132683249,"{""type"":""MultiPoint"",""coordinates"":[]}"
000000000000000002f1,HYD_0754,17.433655996636144,78.58891150366188,3567.5644241183404,"{""type"":""MultiPoint"",""coordinates"":[]}"
000000000000000002f2,HYD_0755,17.433769709940798,78.5983202064226,3466.493997057747,"{""type"":""MultiPoint"",""coordinates"":[]}"
000000000000000002f3,HYD_0756,17.43388229809668,78.60772929709061,4597.4025256213035,"{""type"":""MultiPoint"",""coordinates"":[]}"
000000000000000002f4,HYD_0757,17.433996346185566,78.61713608611929,2384.4015229767447,"{""type"":""MultiPoint"",""coordinates"":[]}"
000000000000000002f5,HYD_0758,17.434108603251957,78.62654404551327,1155.1427371941359,"{""type"":""MultiPoint"",""coordinates"":[]}"
000000000000000002f6,HYD_0759,17.434220040879232,78.63595276919997,3000.536799206453,"{""type"":""MultiPoint"",""coordinates"":[]}"
000000000000000002f7,HYD_0760,17.43433154332325,78.64536149010466,5154.66643183839,"{""type"":""MultiPoint"",""coordinates"":[]}"
000000000000000002f8,HYD_0761,17.434443016165215,78.6547701840013,5158.4157384386235,"{""type"":""MultiPoint"",""coordinates"":[]}"
000000000000000002f9,HYD_0762,17.43455340720541,78.66417927456224,4554.569035705866,"{""type"":""MultiPoint"",""coordinates"":[]}"
000000000000000002fa,HYD_0763,17.43466377308708,78.67358760212353,2157.043086482029,"{""type"":""MultiPoint"",""coordinates"":[]}"
000000000000000002fb,HYD_0764,17.420497532177873,78.26921064915031,611.0970935073553,"{""type"":""MultiPoint"",""coordinates"":[]}"
000000000000000002fc,HYD_0765,17.420625372220304,78.2786164136511,680.5824230596133,"{""type"":""MultiPoint"",""coordinates"":[]}"
000000000000000002fd,HYD_0766,17.420753571908897,78.28802027459926,1367.4066252409245,"{""type"":""MultiPoint"",""coordinates"":[]}"
000000000000000002fe,HYD_0767,17.420882886228853,78.29742452452125,1350.631562464845,"{""type"":""MultiPoint"",""coordinates"":[]}"
000000000000000002ff,HYD_0768,17.42101035278972,78.30682987677453,619.7455041361791,"{""type"":""MultiPoint"",""coordinates"":[]}"
00000000000000000300,HYD_0769,17.42113672488991,78.31623636427472,669.7726664879742,"{""type"":""MultiPoint"",""coordinates"":[]}"
00000000000000000301,HYD_0770,17.421264513481933,78.32564283309658,1894.908342079088,"{""type"":""MultiPoint"",""coordinates"":[]}"
00000000000000000302,HYD_0771,17.421388994633823,78.3350481836836,3776.0204365748987,"{""type"":""MultiPoint"",""coordinates"":[]}"
00000000000000000303,HYD_0772,17.421513467508426,78.34445353477027,3688.425739228491,"{""type"":""MultiPoint"",""coordinates"":[]}"
00000000000000000304,HYD_0773,17.42163906753497,78.3538600046224,3612.1880773506905,"{""type"":""MultiPoint"",""coordinates"":[]}"
00000000000000000305,HYD_0774,17.421763561693997,78.36326537456272,3151.3117740705898,"{""type"":""MultiPoint"",""coordinates"":[]}"
00000000000000000306,HYD_0775,17.421888408178116,78.37267186002646,2693.8182482027537,"{""type"":""MultiPoint"",""coordinates"":[]}"
00000000000000000307,HYD_0776,17.422013287848362,78.38207831332795,3396.6199951545864,"{""type"":""MultiPoint"",""coordinates"":[]}"
00000000000000000308,HYD_0777,17.422136249016244,78.39148364487441,2954.460374891992,"{""type"":""MultiPoint"",""coordinates"":[]}"
00000000000000000309,HYD_0778,17.42225817048752,78.40089015161672,5109.864439631445,"{""type"":""MultiPoint"",""coordinates"":[]}"
0000000000000000030a,HYD_0779,17.422381529618875,78.41029663893599,5492.804021880205,"{""type"":""MultiPoint"",""coordinates"":[]}"
0000000000000000030b,HYD_0780,17.422503447644132,78.41970311678324,3710.6211019328994,"{""type"":""MultiPoint"",""coordinates"":[]}"
0000000000000000030c,HYD_0781,17.42262678059607,78.42910956542802,5885.596785661286,"{""type"":""MultiPoint"",""coordinates"":[]}"
0000000000000000030d,HYD_0782,17.422746448370873,78.43851608275982,7565.825771032596,"{""type"":""MultiPoint"",""coordinates"":[]}"
0000000000000000030e,HYD_0783,17.422867542118592,78.4479225264058,8958.262233479818,"{""type"":""MultiPoint"",""coordinates"":[]}"
0000000000000000030f,HYD_0784,17.422987593605107,78.45733009491565,17223.479198381014,"{""type"":""MultiPoint"",""coordinates"":[]}"
00000000000000000310,HYD_0785,17.423107980775974,78.46673657756301,2408.6879452574485,"{""type"":""MultiPoint"",""coordinates"":[]}"
00000000000000000311,HYD_0786,17.423227294238284,78.47614345518137,93.67608011283127,"{""type"":""MultiPoint"",""coordinates"":[]}"
00000000000000000312,HYD_0787,17.4233454163845,78.48554915980658,5401.201283413757,"{""type"":""MultiPoint"",""coordinates"":[]}"
00000000000000000313,HYD_0788,17.423464697712006,78.49495600621648,14867.869833748015,"{""type"":""MultiPoint"",""coordinates"":[]}"
00000000000000000314,HYD_0789,17.423583225219808,78.50436358164616,23690.171596332624,"{""type"":""MultiPoint"",""coordinates"":[]}"
00000000000000000315,HYD_0790,17.42369994352676,78.51377156782279,26570.964190973016,"{""type"":""MultiPoint"",""coordinates"":[]}"
00000000000000000316,HYD_0791,17.4238177428597,78.52317838544822,21654.003448246975,"{""type"":""MultiPoint"",""coordinates"":[]}"
00000000000000000317,HYD_0792,17.423935494046724,78.53258522384425,17893.46116721957,"{""type"":""MultiPoint"",""coordinates"":[]}"
00000000000000000318,HYD_0793,17.424051097351732,78.54199283827207,15980.240925822536,"{""type"":""MultiPoint"",""coordinates"":[]}"
00000000000000000319,HYD_0794,17.42416740591453,78.55140040175148,9102.74975789388,"{""type"":""MultiPoint"",""coordinates"":[]}"
0000000000000000031a,HYD_0795,17.424281518480335,78.56080728346144,9106.726422717526,"{""type"":""MultiPoint"",""coordinates"":[]}"
0000000000000000031b,HYD_0796,17.424395550307054,78.57021409335863,6667.727598631615,"{""type"":""MultiPoint"",""coordinates"":[]}"
0000000000000000031c,HYD_0797,17.424510378743356,78.57962320379441,6966.154541808484,"{""type"":""MultiPoint"",""coordinates"":[]}"
0000000000000000031d,HYD_0798,17.42462556123233,78.5890311495908,4304.700467532288,"{""type"":""MultiPoint"",""coordinates"":[]}"
0000000000000000031e,HYD_0799,17.42473889991719,78.59843798292519,3100.427564845366,"{""type"":""MultiPoint"",""coordinates"":[]}"
0000000000000000031f,HYD_0800,17.42485150406279,78.60784707661972,3294.859772768207,"{""type"":""MultiPoint"",""coordinates"":[]}"
00000000000000000320,HYD_0801,17.424963743294008,78.61725506934796,1899.3418117224007,"{""type"":""MultiPoint"",""coordinates"":[]}"
00000000000000000321,HYD_0802,17.425077067073758,78.62666110419481,2054.776613489786,"{""type"":""MultiPoint"",""coordinates"":[]}"
00000000000000000322,HYD_0803,17.425188163287885,78.63606871543219,3141.5444667554366,"{""type"":""MultiPoint"",""coordinates"":[]}"
00000000000000000323,HYD_0804,17.42529961651333,78.64547743265763,4184.5476239297905,"{""type"":""MultiPoint"",""coordinates"":[]}"
00000000000000000324,HYD_0805,17.425411090385268,78.6548861162738,2828.0302803376144,"{""type"":""MultiPoint"",""coordinates"":[]}"
00000000000000000325,HYD_0806,17.425521467360703,78.66429445330459,2815.152553969738,"{""type"":""MultiPoint"",""coordinates"":[]}"
00000000000000000326,HYD_0807,17.425631838519255,78.67370352616044,2163.935199808608,"{""type"":""MultiPoint"",""coordinates"":[]}"
00000000000000000327,HYD_0808,17.411597903443937,78.27874942322673,474.7431241876939,"{""type"":""MultiPoint"",""coordinates"":[]}"
00000000000000000328,HYD_0809,17.411725010269453,78.2881544200269,956.6059398202335,"{""type"":""MultiPoint"",""coordinates"":[]}"
00000000000000000329,HYD_0810,17.411853218391986,78.29755828060958,1329.1636632358325,"{""type"":""MultiPoint"",""coordinates"":[]}"
0000000000000000032a,HYD_0811,17.411980326881036,78.3069625532739,1156.9234940566269,"{""type"":""MultiPoint"",""coordinates"":[]}"
0000000000000000032b,HYD_0812,17.412107763402794,78.31636788118048,1472.8185883989518,"{""type"":""MultiPoint"",""coordinates"":[]}"
0000000000000000032c,HYD_0813,17.412234491624982,78.32577325561168,1341.3855121201157,"{""type"":""MultiPoint"",""coordinates"":[]}"
0000000000000000032d,HYD_0814,17.41235896870186,78.33517862350558,2514.72952372233,"{""type"":""MultiPoint"",""coordinates"":[]}"
0000000000000000032e,HYD_0815,17.412484526372914,78.34458506770363,2910.3033377217316,"{""type"":""MultiPoint"",""coordinates"":[]}"
0000000000000000032f,HYD_0816,17.412609016986934,78.35399043458143,3083.2721012713855,"{""type"":""MultiPoint"",""coordinates"":[]}"
00000000000000000330,HYD_0817,17.412733882812827,78.36339468317298,3265.061377229878,"{""type"":""MultiPoint"",""coordinates"":[]}"
00000000000000000331,HYD_0818,17.412859101249165,78.37280004759113,3598.494116689644,"{""type"":""MultiPoint"",""coordinates"":[]}"
00000000000000000332,HYD_0819,17.412983255570996,78.38220652375183,3414.6076669431195,"{""type"":""MultiPoint"",""coordinates"":[]}"
00000000000000000333,HYD_0820,17.413106227442967,78.39161185784042,4552.831924266442,"{""type"":""MultiPoint"",""coordinates"":[]}"
00000000000000000334,HYD_0821,17.413229193739443,78.40101722981179,5563.441491040995,"{""type"":""MultiPoint"",""coordinates"":[]}"
00000000000000000335,HYD_0822,17.41335111794636,78.41042373258453,6455.638821321375,"{""type"":""MultiPoint"",""coordinates"":[]}"
00000000000000000336,HYD_0823,17.413474454886494,78.41983016389537,4553.072069811354,"{""type"":""MultiPoint"",""coordinates"":[]}"
00000000000000000337,HYD_0824,17.41359673210633,78.42923553451365,5376.858466256833,"{""type"":""MultiPoint"",""coordinates"":[]}"
00000000000000000338,HYD_0825,17.41371711947909,78.4386420333025,7730.042496206247,"{""type"":""MultiPoint"",""coordinates"":[]}"
00000000000000000339,HYD_0826,17.41383750396866,78.44804850032732,8421.723307725495,"{""type"":""MultiPoint"",""coordinates"":[]}"
0000000000000000033a,HYD_0827,17.413958257875265,78.4574538316998,19503.762680891447,"{""type"":""MultiPoint"",""coordinates"":[]}"
0000000000000000033b,HYD_0828,17.414077970361856,78.46686033258817,8987.862194465188,"{""type"":""MultiPoint"",""coordinates"":[]}"
0000000000000000033c,HYD_0829,17.414196825022604,78.47626677599212,1273.2240213132372,"{""type"":""MultiPoint"",""coordinates"":[]}"
0000000000000000033d,HYD_0830,17.41431428691313,78.48567329105609,6224.791149124446,"{""type"":""MultiPoint"",""coordinates"":[]}"
0000000000000000033e,HYD_0831,17.41443427516177,78.49508013449258,7794.494916743856,"{""type"":""MultiPoint"",""coordinates"":[]}"
0000000000000000033f,HYD_0832,17.414551730224186,78.50448584565272,11782.512972154804,"{""type"":""MultiPoint"",""coordinates"":[]}"
00000000000000000340,HYD_0833,17.414669495435955,78.51389268393524,25956.179651477287,"{""type"":""MultiPoint"",""coordinates"":[]}"
00000000000000000341,HYD_0834,17.41478617397162,78.52330063914846,16755.64657054228,"{""type"":""MultiPoint"",""coordinates"":[]}"
00000000000000000342,HYD_0835,17.41490323593015,78.53270675355382,11094.882823600023,"{""type"":""MultiPoint"",""coordinates"":[]}"
00000000000000000343,HYD_0836,17.415019195981287,78.54211325495386,15205.774108288337,"{""type"":""MultiPoint"",""coordinates"":[]}"
00000000000000000344,HYD_0837,17.41513512447778,78.55151971229672,5619.188245885514,"{""type"":""MultiPoint"",""coordinates"":[]}"
00000000000000000345,HYD_0838,17.415249945931247,78.56092578380127,8221.069655893363,"{""type"":""MultiPoint"",""coordinates"":[]}"
00000000000000000346,HYD_0839,17.41536478232454,78.57033487794422,8380.956050124822,"{""type"":""MultiPoint"",""coordinates"":[]}"
00000000000000000347,HYD_0840,17.41547993752186,78.57974283109807,7912.128569300033,"{""type"":""MultiPoint"",""coordinates"":[]}"
00000000000000000348,HYD_0841,17.41559289576579,78.58914855020414,7093.85542267444,"{""type"":""MultiPoint"",""coordinates"":[]}"
00000000000000000349,HYD_0842,17.415707008513298,78.5985569248359,4277.520930548275,"{""type"":""MultiPoint"",""coordinates"":[]}"
0000000000000000034a,HYD_0843,17.415821060338,78.60796372801525,3159.1126786026302,"{""type"":""MultiPoint"",""coordinates"":[]}"
0000000000000000034b,HYD_0844,17.415933307627558,78.61737170193712,1854.987692320581,"{""type"":""MultiPoint"",""coordinates"":[]}"
0000000000000000034c,HYD_0845,17.41604442802792,78.62677930422895,3380.5012249441706,"{""type"":""MultiPoint"",""coordinates"":[]}"
0000000000000000034d,HYD_0846,17.41615662341973,78.63618576293264,4098.914618772619,"{""type"":""MultiPoint"",""coordinates"":[]}"
0000000000000000034e,HYD_0847,17.416267721977118,78.64559336740352,4372.820756598079,"{""type"":""MultiPoint"",""coordinates"":[]}"
0000000000000000034f,HYD_0848,17.416379196913812,78.65500205602419,2054.5343361087876,"{""type"":""MultiPoint"",""coordinates"":[]}"
00000000000000000350,HYD_0849,17.416490667405878,78.66441075206885,1787.2300897785262,"{""type"":""MultiPoint"",""coordinates"":[]}"
00000000000000000351,HYD_0850,17.41660141873403,78.6738187085159,1221.6849576931374,"{""type"":""MultiPoint"",""coordinates"":[]}"
00000000000000000352,HYD_0851,17.416710305396865,78.68322553544138,1307.683497428894,"{""type"":""MultiPoint"",""coordinates"":[]}"
00000000000000000353,HYD_0852,17.403204811502185,78.3259047822381,2049.042607131659,"{""type"":""MultiPoint"",""coordinates"":[]}"
00000000000000000354,HYD_0853,17.403330028671157,78.33531013858048,2559.1946458704347,"{""type"":""MultiPoint"",""coordinates"":[]}"
00000000000000000355,HYD_0854,17.403454507132853,78.34471550935818,2334.8994913699585,"{""type"":""MultiPoint"",""coordinates"":[]}"
00000000000000000356,HYD_0855,17.403579361008138,78.3541197629378,3097.8882056666353,"{""type"":""MultiPoint"",""coordinates"":[]}"
00000000000000000357,HYD_0856,17.40370420909608,78.36352401313474,3307.3723887798833,"{""type"":""MultiPoint"",""coordinates"":[]}"
00000000000000000358,HYD_0857,17.403829077129327,78.37292826192558,6139.331529834223,"{""type"":""MultiPoint"",""coordinates"":[]}"
00000000000000000359,HYD_0858,17.40395393395163,78.38233472102813,7811.154734488095,"{""type"":""MultiPoint"",""coordinates"":[]}"
0000000000000000035a,HYD_0859,17.40407654713406,78.3917411743078,6348.735767768411,"{""type"":""MultiPoint"",""coordinates"":[]}"
0000000000000000035b,HYD_0860,17.4041991639299,78.40114543099487,6217.548822649787,"{""type"":""MultiPoint"",""coordinates"":[]}"
0000000000000000035c,HYD_0861,17.404322154999555,78.41055079163154,7215.84217301911,"{""type"":""MultiPoint"",""coordinates"":[]}"
0000000000000000035d,HYD_0862,17.404443335354635,78.41995652988363,6286.759569938508,"{""type"":""MultiPoint"",""coordinates"":[]}"
0000000000000000035e,HYD_0863,17.40456556790989,78.42936112413561,4638.354876020843,"{""type"":""MultiPoint"",""coordinates"":[]}"
0000000000000000035f,HYD_0864,17.404687801447036,78.43876798379692,6758.479697463092,"{""type"":""MultiPoint"",""coordinates"":[]}"
00000000000000000360,HYD_0865,17.40480782476528,78.44817335105972,13919.531564286177,"{""type"":""MultiPoint"",""coordinates"":[]}"
00000000000000000361,HYD_0866,17.40492823132016,78.45757759805322,20183.23072096881,"{""type"":""MultiPoint"",""coordinates"":[]}"
00000000000000000362,HYD_0867,17.40504752647199,78.46698442794752,17864.211364925613,"{""type"":""MultiPoint"",""coordinates"":[]}"
00000000000000000363,HYD_0868,17.405165681951516,78.47639015545435,15382.194804202807,"{""type"":""MultiPoint"",""coordinates"":[]}"
00000000000000000364,HYD_0869,17.40528533240519,78.4857958997984,8383.365726665425,"{""type"":""MultiPoint"",""coordinates"":[]}"
00000000000000000365,HYD_0870,17.405402776938608,78.49520238003826,5763.429989264993,"{""type"":""MultiPoint"",""coordinates"":[]}"
00000000000000000366,HYD_0871,17.405521657725174,78.50460884635407,7032.993811439065,"{""type"":""MultiPoint"",""coordinates"":[]}"
00000000000000000367,HYD_0872,17.405639087347016,78.51401533563164,14333.110096725763,"{""type"":""MultiPoint"",""coordinates"":[]}"
00000000000000000368,HYD_0873,17.405755728665277,78.523421765745,8925.149394121358,"{""type"":""MultiPoint"",""coordinates"":[]}"
00000000000000000369,HYD_0874,17.405871336660955,78.53282714559921,9434.857408860149,"{""type"":""MultiPoint"",""coordinates"":[]}"
0000000000000000036a,HYD_0875,17.40598728060822,78.54223362043776,15290.130672679223,"{""type"":""MultiPoint"",""coordinates"":[]}"
0000000000000000036b,HYD_0876,17.406103202217523,78.55164010390055,9779.428928210691,"{""type"":""MultiPoint"",""coordinates"":[]}"
0000000000000000036c,HYD_0877,17.406219145134653,78.5610465635799,9883.542182473571,"{""type"":""MultiPoint"",""coordinates"":[]}"
0000000000000000036d,HYD_0878,17.40633543242645,78.57045413778341,8163.198984707104,"{""type"":""MultiPoint"",""coordinates"":[]}"
0000000000000000036e,HYD_0879,17.406448431543918,78.5798606285793,5554.1866956823005,"{""type"":""MultiPoint"",""coordinates"":[]}"
0000000000000000036f,HYD_0880,17.406562837898978,78.58926709635061,7977.543096190807,"{""type"":""MultiPoint"",""coordinates"":[]}"
00000000000000000370,HYD_0881,17.40667621067867,78.59867469379094,7949.831536925072,"{""type"":""MultiPoint"",""coordinates"":[]}"
00000000000000000371,HYD_0882,17.406788453186742,78.6080826704093,3745.985213208666,"{""type"":""MultiPoint"",""coordinates"":[]}"
00000000000000000372,HYD_0883,17.40690288315366,78.61748835000374,1330.4143938475968,"{""type"":""MultiPoint"",""coordinates"":[]}"
00000000000000000373,HYD_0884,17.407015118198135,78.62689633337034,1606.9943478528187,"{""type"":""MultiPoint"",""coordinates"":[]}"
00000000000000000374,HYD_0885,17.407126574776576,78.6363028380905,2164.2527453815237,"{""type"":""MultiPoint"",""coordinates"":[]}"
00000000000000000375,HYD_0886,17.407238052474106,78.64570931023238,2459.0356338762776,"{""type"":""MultiPoint"",""coordinates"":[]}"
00000000000000000376,HYD_0887,17.407348414841067,78.6551183868863,1747.1102108338303,"{""type"":""MultiPoint"",""coordinates"":[]}"
00000000000000000377,HYD_0888,17.40745913701468,78.66452558891272,2337.5555537354717,"{""type"":""MultiPoint"",""coordinates"":[]}"
00000000000000000378,HYD_0889,17.407568774563256,78.67393168905343,2088.4905674279903,"{""type"":""MultiPoint"",""coordinates"":[]}"
00000000000000000379,HYD_0890,17.40767840439667,78.6833400131793,824.1412348204966,"{""type"":""MultiPoint"",""coordinates"":[]}"
0000000000000000037a,HYD_0891,17.39442485258672,78.34484481974596,3987.2741196052707,"{""type"":""MultiPoint"",""coordinates"":[]}"
0000000000000000037b,HYD_0892,17.394549688529313,78.35424907481567,4468.548424574908,"{""type"":""MultiPoint"",""coordinates"":[]}"
0000000000000000037c,HYD_0893,17.394674544653437,78.36365332957926,3591.3910666222655,"{""type"":""MultiPoint"",""coordinates"":[]}"
0000000000000000037d,HYD_0894,17.394799400878163,78.37305755842993,5055.328529582304,"{""type"":""MultiPoint"",""coordinates"":[]}"
0000000000000000037e,HYD_0895,17.39492460987381,78.38246290217194,5456.791414358103,"{""type"":""MultiPoint"",""coordinates"":[]}"
0000000000000000037f,HYD_0896,17.395046881866907,78.39186827741672,5650.4397168402575,"{""type"":""MultiPoint"",""coordinates"":[]}"
00000000000000000380,HYD_0897,17.395169501886976,78.40127253023455,6045.465240067126,"{""type"":""MultiPoint"",""coordinates"":[]}"
00000000000000000381,HYD_0898,17.395291766137202,78.4106779002752,5080.829013360716,"{""type"":""MultiPoint"",""coordinates"":[]}"
00000000000000000382,HYD_0899,17.39541250875454,78.42008322673264,6760.458182600432,"{""type"":""MultiPoint"",""coordinates"":[]}"
00000000000000000383,HYD_0900,17.395535494811803,78.42948858864693,8434.590972578759,"{""type"":""MultiPoint"",""coordinates"":[]}"
00000000000000000384,HYD_0901,17.39565777355297,78.43889395477999,11411.23736525891,"{""type"":""MultiPoint"",""coordinates"":[]}"
00000000000000000385,HYD_0902,17.395778170529645,78.4482981866692,24634.918565069467,"{""type"":""MultiPoint"",""coordinates"":[]}"
00000000000000000386,HYD_0903,17.395897416868703,78.4577028362788,22402.972448311597,"{""type"":""MultiPoint"",""coordinates"":[]}"
00000000000000000387,HYD_0904,17.39601559890044,78.46710852824998,15612.28521815281,"{""type"":""MultiPoint"",""coordinates"":[]}"
00000000000000000388,HYD_0905,17.39613492090625,78.4765153854048,13836.140365062041,"{""type"":""MultiPoint"",""coordinates"":[]}"
00000000000000000389,HYD_0906,17.396255282201864,78.48591963086115,12498.810808114444,"{""type"":""MultiPoint"",""coordinates"":[]}"
0000000000000000038a,HYD_0907,17.396373817124665,78.4953249775548,7016.762852837057,"{""type"":""MultiPoint"",""coordinates"":[]}"
0000000000000000038b,HYD_0908,17.396490182045074,78.50473187363961,7482.130180702956,"{""type"":""MultiPoint"",""coordinates"":[]}"
0000000000000000038c,HYD_0909,17.39660902076301,78.51413756813784,9329.210152330588,"{""type"":""MultiPoint"",""coordinates"":[]}"
0000000000000000038d,HYD_0910,17.396725716853805,78.52354330583431,8290.649254249125,"{""type"":""MultiPoint"",""coordinates"":[]}"
0000000000000000038e,HYD_0911,17.39684130859683,78.53294865904543,8912.921426451441,"{""type"":""MultiPoint"",""coordinates"":[]}"
0000000000000000038f,HYD_0912,17.396957952181165,78.54235513909295,7996.934997020046,"{""type"":""MultiPoint"",""coordinates"":[]}"
00000000000000000390,HYD_0913,17.397073507303702,78.55176050136434,8513.149506871841,"{""type"":""MultiPoint"",""coordinates"":[]}"
00000000000000000391,HYD_0914,17.39718945728441,78.56116695756859,8722.887560721005,"{""type"":""MultiPoint"",""coordinates"":[]}"
00000000000000000392,HYD_0915,17.397304313786062,78.57057382013389,8421.509518971161,"{""type"":""MultiPoint"",""coordinates"":[]}"
00000000000000000393,HYD_0916,17.397418345001984,78.57997840637952,5242.397377687343,"{""type"":""MultiPoint"",""coordinates"":[]}"
00000000000000000394,HYD_0917,17.39753137800344,78.58938566833052,5327.149840755091,"{""type"":""MultiPoint"",""coordinates"":[]}"
00000000000000000395,HYD_0918,17.397645759086274,78.59879134126251,4698.161792358697,"{""type"":""MultiPoint"",""coordinates"":[]}"
00000000000000000396,HYD_0919,17.397758023512743,78.60819932970595,3372.8047409207206,"{""type"":""MultiPoint"",""coordinates"":[]}"
00000000000000000397,HYD_0920,17.397870615835146,78.61760618082519,1720.3277219734946,"{""type"":""MultiPoint"",""coordinates"":[]}"
00000000000000000398,HYD_0921,17.39798321150402,78.62701227593055,1171.413110703113,"{""type"":""MultiPoint"",""coordinates"":[]}"
00000000000000000399,HYD_0922,17.39809467676735,78.63641876214544,1391.7182455436857,"{""type"":""MultiPoint"",""coordinates"":[]}"
0000000000000000039a,HYD_0923,17.398206141681065,78.6458252387535,1304.8099587720983,"{""type"":""MultiPoint"",""coordinates"":[]}"
0000000000000000039b,HYD_0924,17.39831685979081,78.65523243341394,1222.524240912643,"{""type"":""MultiPoint"",""coordinates"":[]}"
0000000000000000039c,HYD_0925,17.39842653965014,78.66463931471439,1585.0735896035735,"{""type"":""MultiPoint"",""coordinates"":[]}"
0000000000000000039d,HYD_0926,17.39853758685407,78.67404614315613,1398.0661700978003,"{""type"":""MultiPoint"",""coordinates"":[]}"
0000000000000000039e,HYD_0927,17.398646456834236,78.68345295525822,989.7123860508788,"{""type"":""MultiPoint"",""coordinates"":[]}"
0000000000000000039f,HYD_0928,17.38552002605427,78.35437837331048,5013.506295133106,"{""type"":""MultiPoint"",""coordinates"":[]}"
000000000000000003a0,HYD_0929,17.385644864361833,78.36378262946823,5533.402284786749,"{""type"":""MultiPoint"",""coordinates"":[]}"
000000000000000003a1,HYD_0930,17.38576971474956,78.3731868625101,5816.189862860884,"{""type"":""MultiPoint"",""coordinates"":[]}"
000000000000000003a2,HYD_0931,17.38589458188155,78.38259111272734,5080.033098183427,"{""type"":""MultiPoint"",""coordinates"":[]}"
000000000000000003a3,HYD_0932,17.38601720693489,78.39199538823287,4579.061117097443,"{""type"":""MultiPoint"",""coordinates"":[]}"
000000000000000003a4,HYD_0933,17.386139807341465,78.40139961399562,12366.787801705152,"{""type"":""MultiPoint"",""coordinates"":[]}"
000000000000000003a5,HYD_0934,17.386262782245065,78.41080494360017,13001.190519624599,"{""type"":""MultiPoint"",""coordinates"":[]}"
000000000000000003a6,HYD_0935,17.386382829408873,78.42021032443618,10521.123701417215,"{""type"":""MultiPoint"",""coordinates"":[]}"
000000000000000003a7,HYD_0936,17.38650435260082,78.42961495651005,17850.607793291878,"{""type"":""MultiPoint"",""coordinates"":[]}"
000000000000000003a8,HYD_0937,17.386626971272573,78.43901843130902,27856.615108893897,"{""type"":""MultiPoint"",""coordinates"":[]}"
000000000000000003a9,HYD_0938,17.386747400055967,78.44842343667419,32978.95673564836,"{""type"":""MultiPoint"",""coordinates"":[]}"
000000000000000003aa,HYD_0939,17.386865524517734,78.45782691151567,32636.34750623516,"{""type"":""MultiPoint"",""coordinates"":[]}"
000000000000000003ab,HYD_0940,17.38698517126497,78.46723264691907,26556.296508190677,"{""type"":""MultiPoint"",""coordinates"":[]}"
000000000000000003ac,HYD_0941,17.387104877590318,78.4766391199068,20258.205928308824,"{""type"":""MultiPoint"",""coordinates"":[]}"
000000000000000003ad,HYD_0942,17.387224516190066,78.486044849022,21070.769775031597,"{""type"":""MultiPoint"",""coordinates"":[]}"
000000000000000003ae,HYD_0943,17.387342658170827,78.49544835540414,13044.259990198469,"{""type"":""MultiPoint"",""coordinates"":[]}"
000000000000000003af,HYD_0944,17.387460069627583,78.50485410319003,7707.961601765949,"{""type"":""MultiPoint"",""coordinates"":[]}"
000000000000000003b0,HYD_0945,17.38757677373835,78.51425986118451,8506.637494105918,"{""type"":""MultiPoint"",""coordinates"":[]}"
000000000000000003b1,HYD_0946,17.38769491397306,78.523663307975,9781.045891466327,"{""type"":""MultiPoint"",""coordinates"":[]}"
000000000000000003b2,HYD_0947,17.387811991489063,78.53307015955279,10105.793128997204,"{""type"":""MultiPoint"",""coordinates"":[]}"
000000000000000003b3,HYD_0948,17.387927928817458,78.54247666305677,8103.576445366352,"{""type"":""MultiPoint"",""coordinates"":[]}"
000000000000000003b4,HYD_0949,17.388042723424043,78.55188129953439,6454.4294595307,"{""type"":""MultiPoint"",""coordinates"":[]}"
000000000000000003b5,HYD_0950,17.388157894255986,78.5612862441383,5588.977643091537,"{""type"":""MultiPoint"",""coordinates"":[]}"
000000000000000003b6,HYD_0951,17.388272017687786,78.57069232131944,4487.39173229442,"{""type"":""MultiPoint"",""coordinates"":[]}"
000000000000000003b7,HYD_0952,17.388387223662452,78.58009807745441,3237.7405387616623,"{""type"":""MultiPoint"",""coordinates"":[]}"
000000000000000003b8,HYD_0953,17.388501258629073,78.58950342074986,2655.385446522283,"{""type"":""MultiPoint"",""coordinates"":[]}"
000000000000000003b9,HYD_0954,17.388613150799628,78.59891028766727,2411.928846722023,"{""type"":""MultiPoint"",""coordinates"":[]}"
000000000000000003ba,HYD_0955,17.388727533391766,78.60831597253919,2645.593752651589,"{""type"":""MultiPoint"",""coordinates"":[]}"
000000000000000003bb,HYD_0956,17.38883979820101,78.61772172720912,1716.0474339915263,"{""type"":""MultiPoint"",""coordinates"":[]}"
000000000000000003bc,HYD_0957,17.388951295003345,78.62712822604506,1566.5158869649854,"{""type"":""MultiPoint"",""coordinates"":[]}"
000000000000000003bd,HYD_0958,17.389062768968365,78.63653469364273,1843.6235732284254,"{""type"":""MultiPoint"",""coordinates"":[]}"
000000000000000003be,HYD_0959,17.389174242728696,78.64594115168961,1319.4079821081723,"{""type"":""MultiPoint"",""coordinates"":[]}"
000000000000000003bf,HYD_0960,17.389285718794454,78.6553476430273,1345.7838357626222,"{""type"":""MultiPoint"",""coordinates"":[]}"
000000000000000003c0,HYD_0961,17.389396086419115,78.66475451465567,1297.5374313522789,"{""type"":""MultiPoint"",""coordinates"":[]}"
000000000000000003c1,HYD_0962,17.389505306533238,78.67416019446574,689.0912337527556,"{""type"":""MultiPoint"",""coordinates"":[]}"
000000000000000003c2,HYD_0963,17.389614942051605,78.6835663130599,843.4375553448996,"{""type"":""MultiPoint"",""coordinates"":[]}"
000000000000000003c3,HYD_0964,17.376366569912,78.34510528976168,1783.1550551769783,"{""type"":""MultiPoint"",""coordinates"":[]}"
000000000000000003c4,HYD_0965,17.37649182192997,78.35450918225796,4329.007013059129,"{""type"":""MultiPoint"",""coordinates"":[]}"
000000000000000003c5,HYD_0966,17.376615202935735,78.36391193796258,3275.741178688349,"{""type"":""MultiPoint"",""coordinates"":[]}"
000000000000000003c6,HYD_0967,17.376740035694976,78.37331617252593,4099.962353070577,"{""type"":""MultiPoint"",""coordinates"":[]}"
000000000000000003c7,HYD_0968,17.37686489164574,78.38272044819958,7246.638554180369,"{""type"":""MultiPoint"",""coordinates"":[]}"
000000000000000003c8,HYD_0969,17.37698749662439,78.39212469647968,9476.555255141913,"{""type"":""MultiPoint"",""coordinates"":[]}"
000000000000000003c9,HYD_0970,17.37711009999186,78.40152891819925,10007.627677274219,"{""type"":""MultiPoint"",""coordinates"":[]}"
000000000000000003ca,HYD_0971,17.377233104587326,78.4109320387354,14289.424924184761,"{""type"":""MultiPoint"",""coordinates"":[]}"
000000000000000003cb,HYD_0972,17.377353158406976,78.42033517211688,15137.338193586758,"{""type"":""MultiPoint"",""coordinates"":[]}"
000000000000000003cc,HYD_0973,17.37747356503864,78.42973941531099,19006.4611518411,"{""type"":""MultiPoint"",""coordinates"":[]}"
000000000000000003cd,HYD_0974,17.37759509286691,78.43914405647737,20161.16060408049,"{""type"":""MultiPoint"",""coordinates"":[]}"
000000000000000003ce,HYD_0975,17.377715458402854,78.4485475305445,27424.108185532517,"{""type"":""MultiPoint"",""coordinates"":[]}"
000000000000000003cf,HYD_0976,17.37783473546229,78.45795214924982,31690.713726208265,"{""type"":""MultiPoint"",""coordinates"":[]}"
000000000000000003d0,HYD_0977,17.37795512795867,78.46735639326994,27764.80644513298,"{""type"":""MultiPoint"",""coordinates"":[]}"
000000000000000003d1,HYD_0978,17.378075888329107,78.47676173939627,21562.776123585423,"{""type"":""MultiPoint"",""coordinates"":[]}"
000000000000000003d2,HYD_0979,17.378193720604,78.48616711437282,18642.466047698377,"{""type"":""MultiPoint"",""coordinates"":[]}"
000000000000000003d3,HYD_0980,17.378311887197523,78.49557137243663,16658.6728275673,"{""type"":""MultiPoint"",""coordinates"":[]}"
000000000000000003d4,HYD_0981,17.37843003209719,78.50497562859229,8539.80331975899,"{""type"":""MultiPoint"",""coordinates"":[]}"
000000000000000003d5,HYD_0982,17.37854559987199,78.51438100550337,9043.410739434936,"{""type"":""MultiPoint"",""coordinates"":[]}"
000000000000000003d6,HYD_0983,17.378663008988013,78.5237867056635,9093.278297229841,"{""type"":""MultiPoint"",""coordinates"":[]}"
000000000000000003d7,HYD_0984,17.378780443752945,78.53319166768969,8570.57407313328,"{""type"":""MultiPoint"",""coordinates"":[]}"
000000000000000003d8,HYD_0985,17.378896028256115,78.54259703588089,7961.134606978472,"{""type"":""MultiPoint"",""coordinates"":[]}"
000000000000000003d9,HYD_0986,17.379010810550884,78.55200088249373,6060.291689360377,"{""type"":""MultiPoint"",""coordinates"":[]}"
000000000000000003da,HYD_0987,17.37912562843514,78.56140551395747,6141.072116747087,"{""type"":""MultiPoint"",""coordinates"":[]}"
000000000000000003db,HYD_0988,17.379241943210083,78.57081088308594,5625.1250584172285,"{""type"":""MultiPoint"",""coordinates"":[]}"
000000000000000003dc,HYD_0989,17.37935604260841,78.58021773182382,2825.6773683342276,"{""type"":""MultiPoint"",""coordinates"":[]}"
000000000000000003dd,HYD_0990,17.379470088547926,78.5896223076475,1096.3252380352396,"{""type"":""MultiPoint"",""coordinates"":[]}"
000000000000000003de,HYD_0991,17.379583046306657,78.59902807266037,1147.0646741885764,"{""type"":""MultiPoint"",""coordinates"":[]}"
000000000000000003df,HYD_0992,17.37969529703415,78.60843382224331,1141.5474681573753,"{""type"":""MultiPoint"",""coordinates"":[]}"
000000000000000003e0,HYD_0993,17.379807551756752,78.61783880251451,844.2218318266027,"{""type"":""MultiPoint"",""coordinates"":[]}"
000000000000000003e1,HYD_0994,17.37991974121055,78.627245254379,1023.3207183276904,"{""type"":""MultiPoint"",""coordinates"":[]}"
000000000000000003e2,HYD_0995,17.38003085210217,78.63665063272371,1363.2974824176115,"{""type"":""MultiPoint"",""coordinates"":[]}"
000000000000000003e3,HYD_0996,17.380142334640496,78.64605707229545,1169.4428291115105,"{""type"":""MultiPoint"",""coordinates"":[]}"
000000000000000003e4,HYD_0997,17.380253819711434,78.65546354498204,1049.1102437075447,"{""type"":""MultiPoint"",""coordinates"":[]}"
000000000000000003e5,HYD_0998,17.38036452139539,78.66486854242002,1257.2551994492028,"{""type"":""MultiPoint"",""coordinates"":[]}"
000000000000000003e6,HYD_0999,17.380473075998914,78.67427581874253,969.4140754381816,"{""type"":""MultiPoint"",""coordinates"":[]}"
000000000000000003e7,HYD_1000,17.380582648966037,78.68368036833851,493.81447412920943,"{""type"":""MultiPoint"",""coordinates"":[]}"
000000000000000003e8,HYD_1001,17.36733912060555,78.34523761364912,1215.7347086382847,"{""type"":""MultiPoint"",""coordinates"":[]}"
000000000000000003e9,HYD_1002,17.36746288831814,78.35463924078263,1600.6738403320312,"{""type"":""MultiPoint"",""coordinates"":[]}"
000000000000000003ea,HYD_1003,17.36758550544186,78.36404125293784,1256.529820288864,"{""type"":""MultiPoint"",""coordinates"":[]}"
000000000000000003eb,HYD_1004,17.367710362354437,78.37344549046043,2021.9610213934202,"{""type"":""MultiPoint"",""coordinates"":[]}"
000000000000000003ec,HYD_1005,17.367835220271694,78.38284974668842,3746.5368165633263,"{""type"":""MultiPoint"",""coordinates"":[]}"
000000000000000003ed,HYD_1006,17.367958170195223,78.3922528732997,6636.121418403178,"{""type"":""MultiPoint"",""coordinates"":[]}"
000000000000000003ee,HYD_1007,17.3680804326639,78.40165601690593,4800.501862619438,"{""type"":""MultiPoint"",""coordinates"":[]}"
000000000000000003ef,HYD_1008,17.368202709747127,78.41105913167993,4949.9688404756425,"{""type"":""MultiPoint"",""coordinates"":[]}"
000000000000000003f0,HYD_1009,17.36832346947559,78.42046226146651,9790.038683289173,"{""type"":""MultiPoint"",""coordinates"":[]}"
000000000000000003f1,HYD_1010,17.368443888057044,78.42986652266487,18350.146775937552,"{""type"":""MultiPoint"",""coordinates"":[]}"
000000000000000003f2,HYD_1011,17.36856463840095,78.43926961328923,14818.242005441703,"{""type"":""MultiPoint"",""coordinates"":[]}"
000000000000000003f3,HYD_1012,17.368684662334445,78.44867275823196,26550.5331995347,"{""type"":""MultiPoint"",""coordinates"":[]}"
000000000000000003f4,HYD_1013,17.36880506103186,78.45807703176895,27943.60159971948,"{""type"":""MultiPoint"",""coordinates"":[]}"
000000000000000003f5,HYD_1014,17.368925429645277,78.46748127030123,25983.07749825272,"{""type"":""MultiPoint"",""coordinates"":[]}"
000000000000000003f6,HYD_1015,17.369044720799085,78.47688591060925,24001.003251917224,"{""type"":""MultiPoint"",""coordinates"":[]}"
000000000000000003f7,HYD_1016,17.369162894499944,78.48628937973663,26010.597358913044,"{""type"":""MultiPoint"",""coordinates"":[]}"
000000000000000003f8,HYD_1017,17.369281108120255,78.49569439710505,23151.116260812792,"{""type"":""MultiPoint"",""coordinates"":[]}"
000000000000000003f9,HYD_1018,17.36939926105459,78.50509787127169,15211.145681523343,"{""type"":""MultiPoint"",""coordinates"":[]}"
000000000000000003fa,HYD_1019,17.369516661857393,78.51450359350295,12424.689328960343,"{""type"":""MultiPoint"",""coordinates"":[]}"
000000000000000003fb,HYD_1020,17.369632235797724,78.52390895505904,25145.83289226457,"{""type"":""MultiPoint"",""coordinates"":[]}"
000000000000000003fc,HYD_1021,17.369748166120605,78.53331318840353,23301.075981349568,"{""type"":""MultiPoint"",""coordinates"":[]}"
000000000000000003fd,HYD_1022,17.36986409119656,78.54271742989569,12509.553292203418,"{""type"":""MultiPoint"",""coordinates"":[]}"
000000000000000003fe,HYD_1023,17.369980030845944,78.55212167272633,9780.768917308134,"{""type"":""MultiPoint"",""coordinates"":[]}"
000000000000000003ff,HYD_1024,17.370095971210684,78.5615259156655,7857.992075677012,"{""type"":""MultiPoint"",""coordinates"":[]}"
00000000000000000400,HYD_1025,17.3702107904258,78.57093053316648,6164.242418162029,"{""type"":""MultiPoint"",""coordinates"":[]}"
00000000000000000401,HYD_1026,17.370324821955464,78.58033513178574,4687.636335731956,"{""type"":""MultiPoint"",""coordinates"":[]}"
00000000000000000402,HYD_1027,17.37043820614237,78.58974126692286,2114.1155319213867,"{""type"":""MultiPoint"",""coordinates"":[]}"
00000000000000000403,HYD_1028,17.370551896189223,78.59914472542307,1158.1725364011877,"{""type"":""MultiPoint"",""coordinates"":[]}"
00000000000000000404,HYD_1029,17.370664149490576,78.6085504932525,792.322719783409,"{""type"":""MultiPoint"",""coordinates"":[]}"
00000000000000000405,HYD_1030,17.370776353022492,78.61795694314438,599.9195731480917,"{""type"":""MultiPoint"",""coordinates"":[]}"
00000000000000000406,HYD_1031,17.370887472199765,78.62736231077685,514.6505358022803,"{""type"":""MultiPoint"",""coordinates"":[]}"
00000000000000000407,HYD_1032,17.370998948436643,78.63676655632908,626.7644898592256,"{""type"":""MultiPoint"",""coordinates"":[]}"
00000000000000000408,HYD_1033,17.37111077462584,78.64617188631257,580.4748550321542,"{""type"":""MultiPoint"",""coordinates"":[]}"
00000000000000000409,HYD_1034,17.3712215570537,78.65557838235115,946.4108817025727,"{""type"":""MultiPoint"",""coordinates"":[]}"
0000000000000000040a,HYD_1035,17.371332300234204,78.66498414845208,1482.97916951647,"{""type"":""MultiPoint"",""coordinates"":[]}"
0000000000000000040b,HYD_1036,17.371441854959777,78.67438872149594,1043.6905915690404,"{""type"":""MultiPoint"",""coordinates"":[]}"
0000000000000000040c,HYD_1037,17.371550767440024,78.68379484545328,678.4543236676384,"{""type"":""MultiPoint"",""coordinates"":[]}"
0000000000000000040d,HYD_1038,17.35843318157982,78.35476858280683,1450.759770041821,"{""type"":""MultiPoint"",""coordinates"":[]}"
0000000000000000040e,HYD_1039,17.35855582177955,78.36417056717336,2307.3153883129944,"{""type"":""MultiPoint"",""coordinates"":[]}"
0000000000000000040f,HYD_1040,17.35868067557373,78.37357483737897,4235.733258610147,"{""type"":""MultiPoint"",""coordinates"":[]}"
00000000000000000410,HYD_1041,17.35880588343626,78.38297793485121,4705.328680255365,"{""type"":""MultiPoint"",""coordinates"":[]}"
00000000000000000411,HYD_1042,17.358927811585044,78.39237997547416,4726.285619937672,"{""type"":""MultiPoint"",""coordinates"":[]}"
00000000000000000412,HYD_1043,17.3590507792853,78.40178310020707,5338.959719504561,"{""type"":""MultiPoint"",""coordinates"":[]}"
00000000000000000413,HYD_1044,17.359173745714333,78.41118619756269,5162.684368253222,"{""type"":""MultiPoint"",""coordinates"":[]}"
00000000000000000414,HYD_1045,17.35929380875265,78.42058935103914,8634.947526310938,"{""type"":""MultiPoint"",""coordinates"":[]}"
00000000000000000415,HYD_1046,17.35941420304463,78.4299936219668,14766.658643176506,"{""type"":""MultiPoint"",""coordinates"":[]}"
00000000000000000416,HYD_1047,17.359534569293206,78.4393956051455,19510.80899230358,"{""type"":""MultiPoint"",""coordinates"":[]}"
00000000000000000417,HYD_1048,17.359655003437297,78.44879762291404,20994.3845880845,"{""type"":""MultiPoint"",""coordinates"":[]}"
00000000000000000418,HYD_1049,17.359775392287172,78.45820187676141,21643.196383068618,"{""type"":""MultiPoint"",""coordinates"":[]}"
00000000000000000419,HYD_1050,17.35989576556637,78.46760611149459,21175.4511035994,"{""type"":""MultiPoint"",""coordinates"":[]}"
0000000000000000041a,HYD_1051,17.360013918803435,78.47701035503206,18723.353690472777,"{""type"":""MultiPoint"",""coordinates"":[]}"
0000000000000000041b,HYD_1052,17.360132451146992,78.48641346703913,25323.179388248216,"{""type"":""MultiPoint"",""coordinates"":[]}"
0000000000000000041c,HYD_1053,17.360250299364992,78.49581661519981,26089.694466923727,"{""type"":""MultiPoint"",""coordinates"":[]}"
0000000000000000041d,HYD_1054,17.360368449374075,78.50522087012851,24515.32762421253,"{""type"":""MultiPoint"",""coordinates"":[]}"
0000000000000000041e,HYD_1055,17.36048661388078,78.51462511513496,24120.782867222206,"{""type"":""MultiPoint"",""coordinates"":[]}"
0000000000000000041f,HYD_1056,17.360602549845662,78.52402934218107,31269.87394564759,"{""type"":""MultiPoint"",""coordinates"":[]}"
00000000000000000420,HYD_1057,17.360718464303286,78.533433564378,36561.80294799803,"{""type"":""MultiPoint"",""coordinates"":[]}"
00000000000000000421,HYD_1058,17.360834404159448,78.54283782425372,18750.469446159816,"{""type"":""MultiPoint"",""coordinates"":[]}"
00000000000000000422,HYD_1059,17.36095034490165,78.55224208512126,13684.56791265151,"{""type"":""MultiPoint"",""coordinates"":[]}"
00000000000000000423,HYD_1060,17.361065154193962,78.56164668625134,10416.563574443147,"{""type"":""MultiPoint"",""coordinates"":[]}"
00000000000000000424,HYD_1061,17.36117886412216,78.57105018180668,6119.007550093708,"{""type"":""MultiPoint"",""coordinates"":[]}"
00000000000000000425,HYD_1062,17.36129371313127,78.58045480077767,4524.297857381785,"{""type"":""MultiPoint"",""coordinates"":[]}"
00000000000000000426,HYD_1063,17.361407398907883,78.58985903195848,2944.985417250091,"{""type"":""MultiPoint"",""coordinates"":[]}"
00000000000000000427,HYD_1064,17.36151999957662,78.59926365773087,1242.207247326421,"{""type"":""MultiPoint"",""coordinates"":[]}"
00000000000000000428,HYD_1065,17.361634072575495,78.60866826733445,745.228236437779,"{""type"":""MultiPoint"",""coordinates"":[]}"
00000000000000000429,HYD_1066,17.361746311988277,78.6180740027113,599.337925005894,"{""type"":""MultiPoint"",""coordinates"":[]}"
0000000000000000042a,HYD_1067,17.36185777442746,78.62747826055494,510.3243328823763,"{""type"":""MultiPoint"",""coordinates"":[]}"
0000000000000000042b,HYD_1068,17.361969253510637,78.6368825088215,478.91416064524174,"{""type"":""MultiPoint"",""coordinates"":[]}"
0000000000000000042c,HYD_1069,17.3620796509123,78.64628711279104,430.6420903598562,"{""type"":""MultiPoint"",""coordinates"":[]}"
0000000000000000042d,HYD_1070,17.362190363216815,78.65569209344126,695.2364744766086,"{""type"":""MultiPoint"",""coordinates"":[]}"
0000000000000000042e,HYD_1071,17.3623003553073,78.66509708229223,1071.6577323614383,"{""type"":""MultiPoint"",""coordinates"":[]}"
0000000000000000042f,HYD_1072,17.362409241561846,78.6745032233311,1212.5912926786084,"{""type"":""MultiPoint"",""coordinates"":[]}"
00000000000000000430,HYD_1073,17.362518814530358,78.68390778702114,724.6176417939802,"{""type"":""MultiPoint"",""coordinates"":[]}"
00000000000000000431,HYD_1074,17.349404608433566,78.35489747229238,1356.1635789777717,"{""type"":""MultiPoint"",""coordinates"":[]}"
00000000000000000432,HYD_1075,17.34952726625627,78.36430027547614,2039.7513709647985,"{""type"":""MultiPoint"",""coordinates"":[]}"
00000000000000000433,HYD_1076,17.349651357174075,78.37370300793434,2695.0397204642204,"{""type"":""MultiPoint"",""coordinates"":[]}"
00000000000000000434,HYD_1077,17.349775479248805,78.3831050560242,4616.309943038343,"{""type"":""MultiPoint"",""coordinates"":[]}"
00000000000000000435,HYD_1078,17.349898840316058,78.39250703531465,3948.1723077213064,"{""type"":""MultiPoint"",""coordinates"":[]}"
00000000000000000436,HYD_1079,17.350019988554273,78.40191056192715,3389.314637015847,"{""type"":""MultiPoint"",""coordinates"":[]}"
00000000000000000437,HYD_1080,17.350142231840184,78.41131291889099,5011.656244105919,"{""type"":""MultiPoint"",""coordinates"":[]}"
00000000000000000438,HYD_1081,17.350264497385297,78.42071533144635,7849.942896061318,"{""type"":""MultiPoint"",""coordinates"":[]}"
00000000000000000439,HYD_1082,17.350384512525157,78.43011845775092,6295.7329536438,"{""type"":""MultiPoint"",""coordinates"":[]}"
0000000000000000043a,HYD_1083,17.35050453489257,78.4395215759466,4485.750938744638,"{""type"":""MultiPoint"",""coordinates"":[]}"
0000000000000000043b,HYD_1084,17.350625667197086,78.44892356803845,11670.08680958467,"{""type"":""MultiPoint"",""coordinates"":[]}"
0000000000000000043c,HYD_1085,17.350745708535996,78.45832670734319,22658.279909799614,"{""type"":""MultiPoint"",""coordinates"":[]}"
0000000000000000043d,HYD_1086,17.35086499395027,78.46773134561381,15710.657364250634,"{""type"":""MultiPoint"",""coordinates"":[]}"
0000000000000000043e,HYD_1087,17.35098348834435,78.47713366775213,17514.090147549497,"{""type"":""MultiPoint"",""coordinates"":[]}"
0000000000000000043f,HYD_1088,17.351102087352626,78.48653610291755,25398.319221466656,"{""type"":""MultiPoint"",""coordinates"":[]}"
00000000000000000440,HYD_1089,17.351220620047407,78.49593922459731,25572.4616579542,"{""type"":""MultiPoint"",""coordinates"":[]}"
00000000000000000441,HYD_1090,17.351337674578414,78.50534387601296,27107.94779986213,"{""type"":""MultiPoint"",""coordinates"":[]}"
00000000000000000442,HYD_1091,17.351455045115046,78.51474662352818,42771.3261977252,"{""type"":""MultiPoint"",""coordinates"":[]}"
00000000000000000443,HYD_1092,17.35157173671562,78.52414935144756,27749.400881479298,"{""type"":""MultiPoint"",""coordinates"":[]}"
00000000000000000444,HYD_1093,17.351688794178717,78.53355396932861,30997.27078163296,"{""type"":""MultiPoint"",""coordinates"":[]}"
00000000000000000445,HYD_1094,17.351804754523833,78.5429582262553,18814.01020256491,"{""type"":""MultiPoint"",""coordinates"":[]}"
00000000000000000446,HYD_1095,17.35191956404131,78.55236284540054,17115.612073322372,"{""type"":""MultiPoint"",""coordinates"":[]}"
00000000000000000447,HYD_1096,17.352033598123604,78.56176520194727,11212.594511473411,"{""type"":""MultiPoint"",""coordinates"":[]}"
00000000000000000448,HYD_1097,17.35214806695773,78.57116873228665,8596.654685869402,"{""type"":""MultiPoint"",""coordinates"":[]}"
00000000000000000449,HYD_1098,17.35226290979244,78.58057336281833,3482.6288726507446,"{""type"":""MultiPoint"",""coordinates"":[]}"
0000000000000000044a,HYD_1099,17.35237660626206,78.58997681144008,1438.6860549739765,"{""type"":""MultiPoint"",""coordinates"":[]}"
0000000000000000044b,HYD_1100,17.35248922296715,78.59938145584978,787.4317404971404,"{""type"":""MultiPoint"",""coordinates"":[]}"
0000000000000000044c,HYD_1101,17.352601821063132,78.608786116008,672.4371777440988,"{""type"":""MultiPoint"",""coordinates"":[]}"
0000000000000000044d,HYD_1102,17.352714398371074,78.61818995545111,637.5788181211436,"{""type"":""MultiPoint"",""coordinates"":[]}"
0000000000000000044e,HYD_1103,17.352825869212463,78.62759419476552,650.5504174531674,"{""type"":""MultiPoint"",""coordinates"":[]}"
0000000000000000044f,HYD_1104,17.35293734343788,78.63699846944071,706.1626166568083,"{""type"":""MultiPoint"",""coordinates"":[]}"
00000000000000000450,HYD_1105,17.353047711854682,78.64640230475041,613.3659902236042,"{""type"":""MultiPoint"",""coordinates"":[]}"
00000000000000000451,HYD_1106,17.353158099318676,78.65580693120212,915.0141867188846,"{""type"":""MultiPoint"",""coordinates"":[]}"
00000000000000000452,HYD_1107,17.353268439532563,78.6652115659268,1857.9812385970474,"{""type"":""MultiPoint"",""coordinates"":[]}"
00000000000000000453,HYD_1108,17.35337801940009,78.67461612630466,1475.867240887062,"{""type"":""MultiPoint"",""coordinates"":[]}"
00000000000000000454,HYD_1109,17.340498705881032,78.36442919737814,2512.2710813110953,"{""type"":""MultiPoint"",""coordinates"":[]}"
00000000000000000455,HYD_1110,17.340621324311087,78.3738312075804,3244.648063480153,"{""type"":""MultiPoint"",""coordinates"":[]}"
00000000000000000456,HYD_1111,17.340746164977453,78.38323323654413,2695.7236681321083,"{""type"":""MultiPoint"",""coordinates"":[]}"
00000000000000000457,HYD_1112,17.34086878472688,78.39263524057705,3036.065650064805,"{""type"":""MultiPoint"",""coordinates"":[]}"
00000000000000000458,HYD_1113,17.34098918505686,78.40203723054412,3701.8778598710596,"{""type"":""MultiPoint"",""coordinates"":[]}"
00000000000000000459,HYD_1114,17.34111216868482,78.41144038504358,4381.931938986685,"{""type"":""MultiPoint"",""coordinates"":[]}"
0000000000000000045a,HYD_1115,17.34123407085458,78.42084241188375,5565.816356890811,"{""type"":""MultiPoint"",""coordinates"":[]}"
0000000000000000045b,HYD_1116,17.341355167772,78.43024439678314,7311.18893704882,"{""type"":""MultiPoint"",""coordinates"":[]}"
0000000000000000045c,HYD_1117,17.341475210386502,78.43964752461689,6606.7338389377965,"{""type"":""MultiPoint"",""coordinates"":[]}"
0000000000000000045d,HYD_1118,17.341595624861714,78.44904954853232,11574.244748403515,"{""type"":""MultiPoint"",""coordinates"":[]}"
0000000000000000045e,HYD_1119,17.34171601823684,78.45845156028098,19082.75304697074,"{""type"":""MultiPoint"",""coordinates"":[]}"
0000000000000000045f,HYD_1120,17.34183452996412,78.46785467736227,21045.005931599935,"{""type"":""MultiPoint"",""coordinates"":[]}"
00000000000000000460,HYD_1121,17.34195198428306,78.47725672899355,25437.584965545062,"{""type"":""MultiPoint"",""coordinates"":[]}"
00000000000000000461,HYD_1122,17.342071654947222,78.48666022570947,26389.473871807022,"{""type"":""MultiPoint"",""coordinates"":[]}"
00000000000000000462,HYD_1123,17.342190165536625,78.49606258123129,23389.863401644827,"{""type"":""MultiPoint"",""coordinates"":[]}"
00000000000000000463,HYD_1124,17.34230684610745,78.50546611758737,20457.563220334523,"{""type"":""MultiPoint"",""coordinates"":[]}"
00000000000000000464,HYD_1125,17.34242242764778,78.5148692529535,20893.359068208578,"{""type"":""MultiPoint"",""coordinates"":[]}"
00000000000000000465,HYD_1126,17.342540208611904,78.52427161122158,29765.016471264415,"{""type"":""MultiPoint"",""coordinates"":[]}"
00000000000000000466,HYD_1127,17.3426569103027,78.5336743823362,37516.449431565234,"{""type"":""MultiPoint"",""coordinates"":[]}"
00000000000000000467,HYD_1128,17.34277283477731,78.54307863354524,20681.770089452406,"{""type"":""MultiPoint"",""coordinates"":[]}"
00000000000000000468,HYD_1129,17.34288801687896,78.55248136437004,16080.110588343006,"{""type"":""MultiPoint"",""coordinates"":[]}"
00000000000000000469,HYD_1130,17.343002110929508,78.56188378355516,10280.095075779334,"{""type"":""MultiPoint"",""coordinates"":[]}"
0000000000000000046a,HYD_1131,17.343117286142718,78.57128729816814,9376.490373469334,"{""type"":""MultiPoint"",""coordinates"":[]}"
0000000000000000046b,HYD_1132,17.34323098306583,78.5806907679141,6384.091668633852,"{""type"":""MultiPoint"",""coordinates"":[]}"
0000000000000000046c,HYD_1133,17.343344718747208,78.59009577641716,1529.0732401922637,"{""type"":""MultiPoint"",""coordinates"":[]}"
0000000000000000046d,HYD_1134,17.343458774872964,78.59949812450633,1279.372191414178,"{""type"":""MultiPoint"",""coordinates"":[]}"
0000000000000000046e,HYD_1135,17.343571027929553,78.60890164351387,1091.1821909006903,"{""type"":""MultiPoint"",""coordinates"":[]}"
0000000000000000046f,HYD_1136,17.343682470478967,78.61830589392851,904.2763152851778,"{""type"":""MultiPoint"",""coordinates"":[]}"
00000000000000000470,HYD_1137,17.34379395782925,78.62771013645352,1742.7097091730905,"{""type"":""MultiPoint"",""coordinates"":[]}"
00000000000000000471,HYD_1138,17.343905440505086,78.63711439259795,829.1831664459379,"{""type"":""MultiPoint"",""coordinates"":[]}"
00000000000000000472,HYD_1139,17.34401692432182,78.64651863982688,628.6357894897459,"{""type"":""MultiPoint"",""coordinates"":[]}"
00000000000000000473,HYD_1140,17.344127284448582,78.65592323940542,682.9531029458141,"{""type"":""MultiPoint"",""coordinates"":[]}"
00000000000000000474,HYD_1141,17.344236509875937,78.66532671500737,1009.1986510660133,"{""type"":""MultiPoint"",""coordinates"":[]}"
00000000000000000475,HYD_1142,17.331469011564447,78.36455851060046,1119.4008262634277,"{""type"":""MultiPoint"",""coordinates"":[]}"
00000000000000000476,HYD_1143,17.33159164100297,78.37396055405242,2019.3442617790372,"{""type"":""MultiPoint"",""coordinates"":[]}"
00000000000000000477,HYD_1144,17.33171684552023,78.3833614247133,1417.3575098486515,"{""type"":""MultiPoint"",""coordinates"":[]}"
00000000000000000478,HYD_1145,17.331838745355775,78.39276342999655,2791.3145316142663,"{""type"":""MultiPoint"",""coordinates"":[]}"
00000000000000000479,HYD_1146,17.331959865533616,78.40216543230211,4741.167675324981,"{""type"":""MultiPoint"",""coordinates"":[]}"
0000000000000000047a,HYD_1147,17.33208213903919,78.41156632331455,4234.934362635893,"{""type"":""MultiPoint"",""coordinates"":[]}"
0000000000000000047b,HYD_1148,17.33220474490098,78.42096834834206,3338.6373443304315,"{""type"":""MultiPoint"",""coordinates"":[]}"
0000000000000000047c,HYD_1149,17.332325131524804,78.43037035689576,4959.784001234467,"{""type"":""MultiPoint"",""coordinates"":[]}"
0000000000000000047d,HYD_1150,17.332445542502708,78.43977238603635,7574.882230601591,"{""type"":""MultiPoint"",""coordinates"":[]}"
0000000000000000047e,HYD_1151,17.332565932693168,78.44917440456369,14976.829198710126,"{""type"":""MultiPoint"",""coordinates"":[]}"
0000000000000000047f,HYD_1152,17.332685216021837,78.45857679734706,21398.25192667643,"{""type"":""MultiPoint"",""coordinates"":[]}"
00000000000000000480,HYD_1153,17.33280337545171,78.46797804536712,16313.799663708258,"{""type"":""MultiPoint"",""coordinates"":[]}"
00000000000000000481,HYD_1154,17.332922648013977,78.47738045624247,20870.133469166474,"{""type"":""MultiPoint"",""coordinates"":[]}"
00000000000000000482,HYD_1155,17.333041175845555,78.48678359323017,24027.943992465156,"{""type"":""MultiPoint"",""coordinates"":[]}"
00000000000000000483,HYD_1156,17.333158643397386,78.49618558900873,15130.232607583443,"{""type"":""MultiPoint"",""coordinates"":[]}"
00000000000000000484,HYD_1157,17.333277514258825,78.5055875940194,11778.778899847292,"{""type"":""MultiPoint"",""coordinates"":[]}"
00000000000000000485,HYD_1158,17.333393081750483,78.514990731224,11282.278084758686,"{""type"":""MultiPoint"",""coordinates"":[]}"
00000000000000000486,HYD_1159,17.33350904937448,78.5243927438191,11283.963630287322,"{""type"":""MultiPoint"",""coordinates"":[]}"
00000000000000000487,HYD_1160,17.333624990241468,78.53379475782776,15724.56706396365,"{""type"":""MultiPoint"",""coordinates"":[]}"
00000000000000000488,HYD_1161,17.333740907395136,78.5431990352526,10391.838253335394,"{""type"":""MultiPoint"",""coordinates"":[]}"
00000000000000000489,HYD_1162,17.333856851142684,78.55260103746282,12894.286832263424,"{""type"":""MultiPoint"",""coordinates"":[]}"
0000000000000000048a,HYD_1163,17.333971695372206,78.56200342540954,8833.616301742255,"{""type"":""MultiPoint"",""coordinates"":[]}"
0000000000000000048b,HYD_1164,17.334085376313922,78.57140690144304,6832.090748326918,"{""type"":""MultiPoint"",""coordinates"":[]}"
0000000000000000048c,HYD_1165,17.334200554106022,78.58081041665864,5636.4071246726835,"{""type"":""MultiPoint"",""coordinates"":[]}"
0000000000000000048d,HYD_1166,17.33431392800642,78.59021354137076,4464.030273579616,"{""type"":""MultiPoint"",""coordinates"":[]}"
0000000000000000048e,HYD_1167,17.33442617429351,78.5996170768922,4738.894730601593,"{""type"":""MultiPoint"",""coordinates"":[]}"
0000000000000000048f,HYD_1168,17.334539458278744,78.60901867893736,2929.6182916042862,"{""type"":""MultiPoint"",""coordinates"":[]}"
00000000000000000490,HYD_1169,17.334650572600555,78.6184218172714,1426.9807877989376,"{""type"":""MultiPoint"",""coordinates"":[]}"
00000000000000000491,HYD_1170,17.3347620409201,78.62782608579505,1432.0609150643443,"{""type"":""MultiPoint"",""coordinates"":[]}"
00000000000000000492,HYD_1171,17.334873532057202,78.6372303234003,893.3712302712833,"{""type"":""MultiPoint"",""coordinates"":[]}"
00000000000000000493,HYD_1172,17.334985024553323,78.64663455192073,727.7890871029275,"{""type"":""MultiPoint"",""coordinates"":[]}"
00000000000000000494,HYD_1173,17.335095710911034,78.65603727139333,542.429154745738,"{""type"":""MultiPoint"",""coordinates"":[]}"
00000000000000000495,HYD_1174,17.322561597390745,78.37408873777478,1069.3558154461432,"{""type"":""MultiPoint"",""coordinates"":[]}"
00000000000000000496,HYD_1175,17.322685690811483,78.383490004498,1347.396654106589,"{""type"":""MultiPoint"",""coordinates"":[]}"
00000000000000000497,HYD_1176,17.322808659493607,78.39289010415068,2538.1814156625783,"{""type"":""MultiPoint"",""coordinates"":[]}"
00000000000000000498,HYD_1177,17.32292983644605,78.40229141903701,4472.28562263788,"{""type"":""MultiPoint"",""coordinates"":[]}"
00000000000000000499,HYD_1178,17.32305210793669,78.41169234333144,3394.879856378892,"{""type"":""MultiPoint"",""coordinates"":[]}"
0000000000000000049a,HYD_1179,17.323175438468468,78.42109431281204,3983.887432532217,"{""type"":""MultiPoint"",""coordinates"":[]}"
0000000000000000049b,HYD_1180,17.323295463168673,78.43049522141595,4476.508719687369,"{""type"":""MultiPoint"",""coordinates"":[]}"
0000000000000000049c,HYD_1181,17.323415891698858,78.43989723199525,9933.194875171139,"{""type"":""MultiPoint"",""coordinates"":[]}"
0000000000000000049d,HYD_1182,17.323536250140897,78.44929925385117,11276.691702868891,"{""type"":""MultiPoint"",""coordinates"":[]}"
0000000000000000049e,HYD_1183,17.32365477367103,78.45870015615644,15728.409835650877,"{""type"":""MultiPoint"",""coordinates"":[]}"
0000000000000000049f,HYD_1184,17.32377222931613,78.46810218182053,19529.382459483426,"{""type"":""MultiPoint"",""coordinates"":[]}"
000000000000000004a0,HYD_1185,17.323893351256892,78.47750419100042,19213.75602665322,"{""type"":""MultiPoint"",""coordinates"":[]}"
000000000000000004a1,HYD_1186,17.32401078899551,78.48690624205675,17043.815646900846,"{""type"":""MultiPoint"",""coordinates"":[]}"
000000000000000004a2,HYD_1187,17.324128562492653,78.49630860697391,15581.242156952501,"{""type"":""MultiPoint"",""coordinates"":[]}"
000000000000000004a3,HYD_1188,17.32424601201534,78.50570984123718,7909.513666265152,"{""type"":""MultiPoint"",""coordinates"":[]}"
000000000000000004a4,HYD_1189,17.324363797492524,78.51511223954363,8033.53584214753,"{""type"":""MultiPoint"",""coordinates"":[]}"
000000000000000004a5,HYD_1190,17.324479361720638,78.52451313808554,11544.180040830723,"{""type"":""MultiPoint"",""coordinates"":[]}"
000000000000000004a6,HYD_1191,17.324595286408908,78.53391514094896,12476.677732609767,"{""type"":""MultiPoint"",""coordinates"":[]}"
000000000000000004a7,HYD_1192,17.32471156629303,78.54331828409302,6837.989684235816,"{""type"":""MultiPoint"",""coordinates"":[]}"
000000000000000004a8,HYD_1193,17.32482568074478,78.55272071798716,10443.279701980893,"{""type"":""MultiPoint"",""coordinates"":[]}"
000000000000000004a9,HYD_1194,17.324939751677807,78.56212304755257,8983.762900857364,"{""type"":""MultiPoint"",""coordinates"":[]}"
000000000000000004aa,HYD_1195,17.325054957134117,78.5715265533956,7436.340213281969,"{""type"":""MultiPoint"",""coordinates"":[]}"
000000000000000004ab,HYD_1196,17.32516908471924,78.58092897648775,4839.493382367902,"{""type"":""MultiPoint"",""coordinates"":[]}"
000000000000000004ac,HYD_1197,17.32528348949572,78.59033019942953,4798.822131923601,"{""type"":""MultiPoint"",""coordinates"":[]}"
000000000000000004ad,HYD_1198,17.325395729007337,78.59973373033759,4412.34657651116,"{""type"":""MultiPoint"",""coordinates"":[]}"
000000000000000004ae,HYD_1199,17.325506828267187,78.60913687889501,3998.035604619045,"{""type"":""MultiPoint"",""coordinates"":[]}"
000000000000000004af,HYD_1200,17.325619014205227,78.61853886344996,1744.2344381799883,"{""type"":""MultiPoint"",""coordinates"":[]}"
000000000000000004b0,HYD_1201,17.325730140819577,78.62794201959899,1490.0029063729678,"{""type"":""MultiPoint"",""coordinates"":[]}"
000000000000000004b1,HYD_1202,17.32584161890734,78.63734626164253,1556.837171829448,"{""type"":""MultiPoint"",""coordinates"":[]}"
000000000000000004b2,HYD_1203,17.32595345486176,78.64674936535799,1203.5633159095166,"{""type"":""MultiPoint"",""coordinates"":[]}"
000000000000000004b3,HYD_1204,17.32606310590043,78.65615176990809,906.6395609201165,"{""type"":""MultiPoint"",""coordinates"":[]}"
000000000000000004b4,HYD_1205,17.313532637007253,78.37421581327045,960.5017085898155,"{""type"":""MultiPoint"",""coordinates"":[]}"
000000000000000004b5,HYD_1206,17.313654555802792,78.38361782095889,1106.3956928888954,"{""type"":""MultiPoint"",""coordinates"":[]}"
000000000000000004b6,HYD_1207,17.31377751955699,78.39301871596474,1341.5736668324932,"{""type"":""MultiPoint"",""coordinates"":[]}"
000000000000000004b7,HYD_1208,17.313900155456444,78.40241850928403,2865.6900517875074,"{""type"":""MultiPoint"",""coordinates"":[]}"
000000000000000004b8,HYD_1209,17.314022045984853,78.41181979957679,2110.5907028460033,"{""type"":""MultiPoint"",""coordinates"":[]}"
000000000000000004b9,HYD_1210,17.314144286041902,78.42121992061607,2859.9156634199853,"{""type"":""MultiPoint"",""coordinates"":[]}"
000000000000000004ba,HYD_1211,17.314265804746256,78.43062009398224,6012.523368483899,"{""type"":""MultiPoint"",""coordinates"":[]}"
000000000000000004bb,HYD_1212,17.314386195143083,78.44002211409978,8799.478666896446,"{""type"":""MultiPoint"",""coordinates"":[]}"
000000000000000004bc,HYD_1213,17.314505484249747,78.44942448739634,10563.390263007668,"{""type"":""MultiPoint"",""coordinates"":[]}"
000000000000000004bd,HYD_1214,17.314623613627013,78.45882351943256,12958.096209387684,"{""type"":""MultiPoint"",""coordinates"":[]}"
000000000000000004be,HYD_1215,17.31474328611808,78.46822480555589,16700.567864810717,"{""type"":""MultiPoint"",""coordinates"":[]}"
000000000000000004bf,HYD_1216,17.314861868656592,78.47762722217027,14009.544299466002,"{""type"":""MultiPoint"",""coordinates"":[]}"
000000000000000004c0,HYD_1217,17.314980712649866,78.48702843507303,12166.231593203076,"{""type"":""MultiPoint"",""coordinates"":[]}"
000000000000000004c1,HYD_1218,17.315097390694785,78.49642973567425,8960.882195267022,"{""type"":""MultiPoint"",""coordinates"":[]}"
000000000000000004c2,HYD_1219,17.315214488581294,78.50583216009886,7985.8089740977575,"{""type"":""MultiPoint"",""coordinates"":[]}"
000000000000000004c3,HYD_1220,17.31533263944097,78.51523338913924,7891.896777583103,"{""type"":""MultiPoint"",""coordinates"":[]}"
000000000000000004c4,HYD_1221,17.31544930743695,78.52463466147202,10245.36693276798,"{""type"":""MultiPoint"",""coordinates"":[]}"
000000000000000004c5,HYD_1222,17.31556595399572,78.53403666186082,8114.232280521766,"{""type"":""MultiPoint"",""coordinates"":[]}"
000000000000000004c6,HYD_1223,17.315680443607786,78.54343797611583,5384.037619437425,"{""type"":""MultiPoint"",""coordinates"":[]}"
000000000000000004c7,HYD_1224,17.31579411046936,78.55283920712475,5367.041248456169,"{""type"":""MultiPoint"",""coordinates"":[]}"
000000000000000004c8,HYD_1225,17.315909299166695,78.56224271807736,6678.6414210824405,"{""type"":""MultiPoint"",""coordinates"":[]}"
000000000000000004c9,HYD_1226,17.316023454051464,78.5716451317606,4754.166102083991,"{""type"":""MultiPoint"",""coordinates"":[]}"
000000000000000004ca,HYD_1227,17.31613786444068,78.58104635408156,2918.849261283875,"{""type"":""MultiPoint"",""coordinates"":[]}"
000000000000000004cb,HYD_1228,17.31625087161086,78.59044915483518,2156.049333647186,"{""type"":""MultiPoint"",""coordinates"":[]}"
000000000000000004cc,HYD_1229,17.31636417825845,78.59985077686827,2047.3592343386485,"{""type"":""MultiPoint"",""coordinates"":[]}"
000000000000000004cd,HYD_1230,17.31647637271409,78.60925352080233,2574.9917141521682,"{""type"":""MultiPoint"",""coordinates"":[]}"
000000000000000004ce,HYD_1231,17.31658896667335,78.61865593778504,2150.5600666738023,"{""type"":""MultiPoint"",""coordinates"":[]}"
000000000000000004cf,HYD_1232,17.31670045844038,78.62805796096804,1445.9174579489463,"{""type"":""MultiPoint"",""coordinates"":[]}"
000000000000000004d0,HYD_1233,17.316812301766756,78.63746107025263,2080.4121802909694,"{""type"":""MultiPoint"",""coordinates"":[]}"
000000000000000004d1,HYD_1234,17.31692196644662,78.64686347541907,1449.8284528564,"{""type"":""MultiPoint"",""coordinates"":[]}"
000000000000000004d2,HYD_1235,17.317031553728576,78.65626583122597,1405.7777658574723,"{""type"":""MultiPoint"",""coordinates"":[]}"
000000000000000004d3,HYD_1236,17.30450260259573,78.37434402588734,1072.4260859470742,"{""type"":""MultiPoint"",""coordinates"":[]}"
000000000000000004d4,HYD_1237,17.304625596501033,78.38374491305437,1765.728780768899,"{""type"":""MultiPoint"",""coordinates"":[]}"
000000000000000004d5,HYD_1238,17.304747854375613,78.39314580981004,1739.4993233998614,"{""type"":""MultiPoint"",""coordinates"":[]}"
000000000000000004d6,HYD_1239,17.304870471237997,78.40254560689378,843.2805052364571,"{""type"":""MultiPoint"",""coordinates"":[]}"
000000000000000004d7,HYD_1240,17.304990870429442,78.41194540495168,1558.679603400885,"{""type"":""MultiPoint"",""coordinates"":[]}"
000000000000000004d8,HYD_1241,17.305113489809404,78.42134515980813,3559.3140594407623,"{""type"":""MultiPoint"",""coordinates"":[]}"
000000000000000004d9,HYD_1242,17.30523575010244,78.43074606740649,6540.208328314388,"{""type"":""MultiPoint"",""coordinates"":[]}"
000000000000000004da,HYD_1243,17.305355751743907,78.4401484622017,5937.453731237672,"{""type"":""MultiPoint"",""coordinates"":[]}"
000000000000000004db,HYD_1244,17.30547354829383,78.44954858789468,5979.736052636539,"{""type"":""MultiPoint"",""coordinates"":[]}"
000000000000000004dc,HYD_1245,17.305592871301815,78.45894876444073,7679.119284005259,"{""type"":""MultiPoint"",""coordinates"":[]}"
000000000000000004dd,HYD_1246,17.305713247149715,78.46834854253662,14512.767263464835,"{""type"":""MultiPoint"",""coordinates"":[]}"
000000000000000004de,HYD_1247,17.305831783994076,78.47774942639569,10760.804735834461,"{""type"":""MultiPoint"",""coordinates"":[]}"
000000000000000004df,HYD_1248,17.305949209282062,78.48715144703122,9481.568204543171,"{""type"":""MultiPoint"",""coordinates"":[]}"
000000000000000004e0,HYD_1249,17.306067723105397,78.4965523603095,6473.27195041133,"{""type"":""MultiPoint"",""coordinates"":[]}"
000000000000000004e1,HYD_1250,17.306184040310608,78.50595325682673,5874.658572282978,"{""type"":""MultiPoint"",""coordinates"":[]}"
000000000000000004e2,HYD_1251,17.306300728410054,78.51535455028645,6220.367415693695,"{""type"":""MultiPoint"",""coordinates"":[]}"
000000000000000004e3,HYD_1252,17.306417749876644,78.52475617183855,10282.80405777576,"{""type"":""MultiPoint"",""coordinates"":[]}"
000000000000000004e4,HYD_1253,17.30653368964851,78.53415821123949,8543.104417105282,"{""type"":""MultiPoint"",""coordinates"":[]}"
000000000000000004e5,HYD_1254,17.306648514653272,78.54355758355511,4071.125145661598,"{""type"":""MultiPoint"",""coordinates"":[]}"
000000000000000004e6,HYD_1255,17.30676334940778,78.55295997427801,3226.1050962522913,"{""type"":""MultiPoint"",""coordinates"":[]}"
000000000000000004e7,HYD_1256,17.306879281634924,78.5623620164794,3516.485518534044,"{""type"":""MultiPoint"",""coordinates"":[]}"
000000000000000004e8,HYD_1257,17.30699334305822,78.5717629056967,1773.1955754242697,"{""type"":""MultiPoint"",""coordinates"":[]}"
000000000000000004e9,HYD_1258,17.307105241439857,78.58116529886281,2151.8374377456366,"{""type"":""MultiPoint"",""coordinates"":[]}"
000000000000000004ea,HYD_1259,17.30721964689625,78.59056651399794,1985.9962353781157,"{""type"":""MultiPoint"",""coordinates"":[]}"
000000000000000004eb,HYD_1260,17.307331895131696,78.5999678292122,1185.8624628441007,"{""type"":""MultiPoint"",""coordinates"":[]}"
000000000000000004ec,HYD_1261,17.307444494813186,78.60937023308367,2435.1762785518868,"{""type"":""MultiPoint"",""coordinates"":[]}"
000000000000000004ed,HYD_1262,17.30755707828247,78.61877186070514,1030.8847150316426,"{""type"":""MultiPoint"",""coordinates"":[]}"
000000000000000004ee,HYD_1263,17.30766854280137,78.62817388797069,539.790013298334,"{""type"":""MultiPoint"",""coordinates"":[]}"
000000000000000004ef,HYD_1264,17.307780031076355,78.63757591479163,599.4091150209016,"{""type"":""MultiPoint"",""coordinates"":[]}"
000000000000000004f0,HYD_1265,17.307890387267232,78.64697753148988,660.1117917453541,"{""type"":""MultiPoint"",""coordinates"":[]}"
000000000000000004f1,HYD_1266,17.308000033416196,78.6563814109364,829.6446362916163,"{""type"":""MultiPoint"",""coordinates"":[]}"
000000000000000004f2,HYD_1267,17.295595539711382,78.38387312147636,1488.6701581132181,"{""type"":""MultiPoint"",""coordinates"":[]}"
000000000000000004f3,HYD_1268,17.295718186722127,78.39327291132865,1460.5431356654444,"{""type"":""MultiPoint"",""coordinates"":[]}"
000000000000000004f4,HYD_1269,17.295840806136127,78.40267268912696,1032.289335306953,"{""type"":""MultiPoint"",""coordinates"":[]}"
000000000000000004f5,HYD_1270,17.29596118604737,78.41207247558192,2906.316143050849,"{""type"":""MultiPoint"",""coordinates"":[]}"
000000000000000004f6,HYD_1271,17.296082681072175,78.42147264057674,3604.0443263483985,"{""type"":""MultiPoint"",""coordinates"":[]}"
000000000000000004f7,HYD_1272,17.2962045544347,78.43087314484029,2705.225740058749,"{""type"":""MultiPoint"",""coordinates"":[]}"
000000000000000004f8,HYD_1273,17.29632348038375,78.44027366140769,5073.631316831999,"{""type"":""MultiPoint"",""coordinates"":[]}"
000000000000000004f9,HYD_1274,17.296442790982596,78.44967382220406,4349.087262987623,"{""type"":""MultiPoint"",""coordinates"":[]}"
000000000000000004fa,HYD_1275,17.296563176508982,78.45907360792059,3898.3014652626184,"{""type"":""MultiPoint"",""coordinates"":[]}"
000000000000000004fb,HYD_1276,17.29668245626076,78.4684737973198,8201.296298202813,"{""type"":""MultiPoint"",""coordinates"":[]}"
000000000000000004fc,HYD_1277,17.29680061301956,78.47787279634743,11557.246400616219,"{""type"":""MultiPoint"",""coordinates"":[]}"
000000000000000004fd,HYD_1278,17.296919140650246,78.48727444668681,8527.092280982524,"{""type"":""MultiPoint"",""coordinates"":[]}"
000000000000000004fe,HYD_1279,17.297036926475858,78.49667459785476,4128.764452833288,"{""type"":""MultiPoint"",""coordinates"":[]}"
000000000000000004ff,HYD_1280,17.297154010340744,78.5060747745346,2978.364673876295,"{""type"":""MultiPoint"",""coordinates"":[]}"
00000000000000000500,HYD_1281,17.2972699319884,78.51547454105305,2610.827086545907,"{""type"":""MultiPoint"",""coordinates"":[]}"
00000000000000000501,HYD_1282,17.297385852989596,78.52487656567054,5059.63308133518,"{""type"":""MultiPoint"",""coordinates"":[]}"
00000000000000000502,HYD_1283,17.29750179861438,78.53427858613763,4583.134092054181,"{""type"":""MultiPoint"",""coordinates"":[]}"
00000000000000000503,HYD_1284,17.29761774458932,78.54367837697514,3586.502632066315,"{""type"":""MultiPoint"",""coordinates"":[]}"
00000000000000000504,HYD_1285,17.297734065541423,78.55307927083054,2761.2281385683536,"{""type"":""MultiPoint"",""coordinates"":[]}"
00000000000000000505,HYD_1286,17.297848159593666,78.56248169207099,4911.805517645444,"{""type"":""MultiPoint"",""coordinates"":[]}"
00000000000000000506,HYD_1287,17.297962187290924,78.5718817997504,1971.2919331700195,"{""type"":""MultiPoint"",""coordinates"":[]}"
00000000000000000507,HYD_1288,17.298075151162486,78.58128307531578,1313.4086981623786,"{""type"":""MultiPoint"",""coordinates"":[]}"
00000000000000000508,HYD_1289,17.298187402381426,78.59068437718857,1213.8773464969559,"{""type"":""MultiPoint"",""coordinates"":[]}"
00000000000000000509,HYD_1290,17.29830073207067,78.60008449548923,754.3525797956128,"{""type"":""MultiPoint"",""coordinates"":[]}"
0000000000000000050a,HYD_1291,17.29841404157441,78.609486912115,1992.5214870770776,"{""type"":""MultiPoint"",""coordinates"":[]}"
0000000000000000050b,HYD_1292,17.298525173450468,78.61888779077955,686.392382546967,"{""type"":""MultiPoint"",""coordinates"":[]}"
0000000000000000050c,HYD_1293,17.29863665996602,78.628289799917,427.8002320168066,"{""type"":""MultiPoint"",""coordinates"":[]}"
0000000000000000050d,HYD_1294,17.298748129017234,78.63769183726396,420.72009504449125,"{""type"":""MultiPoint"",""coordinates"":[]}"
0000000000000000050e,HYD_1295,17.298858861198507,78.64709311586346,783.1021305009431,"{""type"":""MultiPoint"",""coordinates"":[]}"
0000000000000000050f,HYD_1296,17.29896737432882,78.65649436892244,1310.7987354559057,"{""type"":""MultiPoint"",""coordinates"":[]}"
00000000000000000510,HYD_1297,17.286565856908613,78.38400019905013,1068.2525628837882,"{""type"":""MultiPoint"",""coordinates"":[]}"
00000000000000000511,HYD_1298,17.28668848658286,78.39339999060739,630.8639154228509,"{""type"":""MultiPoint"",""coordinates"":[]}"
00000000000000000512,HYD_1299,17.286811117092682,78.40279978642799,1387.5882915085438,"{""type"":""MultiPoint"",""coordinates"":[]}"
00000000000000000513,HYD_1300,17.286931499903034,78.4121995536172,2686.5957134359023,"{""type"":""MultiPoint"",""coordinates"":[]}"
00000000000000000514,HYD_1301,17.287051885901942,78.42159933616955,1810.6369085985073,"{""type"":""MultiPoint"",""coordinates"":[]}"
00000000000000000515,HYD_1302,17.28717229712088,78.43099912566426,1185.2684534708658,"{""type"":""MultiPoint"",""coordinates"":[]}"
00000000000000000516,HYD_1303,17.287292703257123,78.4403989065485,2816.7873058169494,"{""type"":""MultiPoint"",""coordinates"":[]}"
00000000000000000517,HYD_1304,17.287413103723164,78.44979867741796,4528.187343582454,"{""type"":""MultiPoint"",""coordinates"":[]}"
00000000000000000518,HYD_1305,17.287533864007376,78.459197343491,2035.941846735337,"{""type"":""MultiPoint"",""coordinates"":[]}"
00000000000000000519,HYD_1306,17.28765166284301,78.46859603305187,6176.120238494872,"{""type"":""MultiPoint"",""coordinates"":[]}"
0000000000000000051a,HYD_1307,17.287769816164506,78.4779958276332,7242.6400243272965,"{""type"":""MultiPoint"",""coordinates"":[]}"
0000000000000000051b,HYD_1308,17.28788796940269,78.48739558667934,3621.7670522577628,"{""type"":""MultiPoint"",""coordinates"":[]}"
0000000000000000051c,HYD_1309,17.28800612856124,78.49679538204623,4441.308444557938,"{""type"":""MultiPoint"",""coordinates"":[]}"
0000000000000000051d,HYD_1310,17.288123950151387,78.50619629815797,3296.127864022348,"{""type"":""MultiPoint"",""coordinates"":[]}"
0000000000000000051e,HYD_1311,17.288240250562094,78.51559717829805,1650.0093259250416,"{""type"":""MultiPoint"",""coordinates"":[]}"
0000000000000000051f,HYD_1312,17.28835654790858,78.52499805402539,1765.2700381035897,"{""type"":""MultiPoint"",""coordinates"":[]}"
00000000000000000520,HYD_1313,17.288472148990024,78.53439897630581,3121.3208552865417,"{""type"":""MultiPoint"",""coordinates"":[]}"
00000000000000000521,HYD_1314,17.2885880869493,78.54379876251772,1544.6134055193734,"{""type"":""MultiPoint"",""coordinates"":[]}"
00000000000000000522,HYD_1315,17.288702904715358,78.55319894325679,1252.1392254212321,"{""type"":""MultiPoint"",""coordinates"":[]}"
00000000000000000523,HYD_1316,17.288816914432953,78.56259904041619,2133.7439692048465,"{""type"":""MultiPoint"",""coordinates"":[]}"
00000000000000000524,HYD_1317,17.288930295672117,78.5720007198944,1190.595038539288,"{""type"":""MultiPoint"",""coordinates"":[]}"
00000000000000000525,HYD_1318,17.289044021603747,78.58139976504464,690.7410191087165,"{""type"":""MultiPoint"",""coordinates"":[]}"
00000000000000000526,HYD_1319,17.289156237729202,78.59080104609485,937.7463770604602,"{""type"":""MultiPoint"",""coordinates"":[]}"
00000000000000000527,HYD_1320,17.289269558387304,78.60020344259932,656.6129824750562,"{""type"":""MultiPoint"",""coordinates"":[]}"
00000000000000000528,HYD_1321,17.289381805355163,78.60960396021575,2425.9398397464374,"{""type"":""MultiPoint"",""coordinates"":[]}"
00000000000000000529,HYD_1322,17.289493266618756,78.6190037284794,1329.338324236403,"{""type"":""MultiPoint"",""coordinates"":[]}"
0000000000000000052a,HYD_1323,17.289604747608312,78.62840574851921,675.5197082285785,"{""type"":""MultiPoint"",""coordinates"":[]}"
0000000000000000052b,HYD_1324,17.28971622490272,78.63780776734906,1030.595762532365,"{""type"":""MultiPoint"",""coordinates"":[]}"
0000000000000000052c,HYD_1325,17.289826584281805,78.64720716280885,875.8287074668734,"{""type"":""MultiPoint"",""coordinates"":[]}"
0000000000000000052d,HYD_1326,17.289937313498296,78.6566084275004,728.5693971942453,"{""type"":""MultiPoint"",""coordinates"":[]}"
0000000000000000052e,HYD_1327,17.277536174999568,78.3841272822257,694.7917342746961,"{""type"":""MultiPoint"",""coordinates"":[]}"
0000000000000000052f,HYD_1328,17.277658799309034,78.39352707804265,915.6669319003234,"{""type"":""MultiPoint"",""coordinates"":[]}"
00000000000000000530,HYD_1329,17.277781782702572,78.4029257435383,1498.1286554355247,"{""type"":""MultiPoint"",""coordinates"":[]}"
00000000000000000531,HYD_1330,17.2779018171356,78.41232442649341,1606.890003561506,"{""type"":""MultiPoint"",""coordinates"":[]}"
00000000000000000532,HYD_1331,17.27802220620425,78.42172418998544,682.8712864483106,"{""type"":""MultiPoint"",""coordinates"":[]}"
00000000000000000533,HYD_1332,17.278142621058244,78.43112397565571,820.51464397954,"{""type"":""MultiPoint"",""coordinates"":[]}"
00000000000000000534,HYD_1333,17.278263016573543,78.44052375172843,1254.770860907611,"{""type"":""MultiPoint"",""coordinates"":[]}"
00000000000000000535,HYD_1334,17.278383749933514,78.44992243142555,2782.5586124943743,"{""type"":""MultiPoint"",""coordinates"":[]}"
00000000000000000536,HYD_1335,17.278503440699676,78.45932000381168,2364.197478597305,"{""type"":""MultiPoint"",""coordinates"":[]}"
00000000000000000537,HYD_1336,17.27862198812038,78.46871866154135,5271.295345186721,"{""type"":""MultiPoint"",""coordinates"":[]}"
00000000000000000538,HYD_1337,17.27874015422481,78.47811845893985,5188.687236180025,"{""type"":""MultiPoint"",""coordinates"":[]}"
00000000000000000539,HYD_1338,17.278858298648355,78.48751821396337,2258.761731892006,"{""type"":""MultiPoint"",""coordinates"":[]}"
0000000000000000053a,HYD_1339,17.27897534582477,78.49691836162775,2477.4478428784537,"{""type"":""MultiPoint"",""coordinates"":[]}"
0000000000000000053b,HYD_1340,17.279092760075248,78.50631888265342,3164.5087551416136,"{""type"":""MultiPoint"",""coordinates"":[]}"
0000000000000000053c,HYD_1341,17.279209447706712,78.5157194077737,1503.5434401231655,"{""type"":""MultiPoint"",""coordinates"":[]}"
0000000000000000053d,HYD_1342,17.279326512125316,78.52511957867677,1127.7526301963655,"{""type"":""MultiPoint"",""coordinates"":[]}"
0000000000000000053e,HYD_1343,17.279441329924936,78.53451973608082,2257.6998622632495,"{""type"":""MultiPoint"",""coordinates"":[]}"
0000000000000000053f,HYD_1344,17.279556154427638,78.54391913372305,2904.1555893580125,"{""type"":""MultiPoint"",""coordinates"":[]}"
00000000000000000540,HYD_1345,17.27967095397128,78.55331854677036,1651.473235796012,"{""type"":""MultiPoint"",""coordinates"":[]}"
00000000000000000541,HYD_1346,17.279785767015593,78.56271872346817,969.3370512494854,"{""type"":""MultiPoint"",""coordinates"":[]}"
00000000000000000542,HYD_1347,17.279899507506247,78.57211851478225,576.5708079973855,"{""type"":""MultiPoint"",""coordinates"":[]}"
00000000000000000543,HYD_1348,17.280012107810677,78.58151868789794,1510.4120123732323,"{""type"":""MultiPoint"",""coordinates"":[]}"
00000000000000000544,HYD_1349,17.28012614923074,78.59091880571496,2142.9909195357677,"{""type"":""MultiPoint"",""coordinates"":[]}"
00000000000000000545,HYD_1350,17.280238406085594,78.60032009443192,1022.4928694220149,"{""type"":""MultiPoint"",""coordinates"":[]}"
00000000000000000546,HYD_1351,17.280349880930373,78.60971988663596,629.2357675552371,"{""type"":""MultiPoint"",""coordinates"":[]}"
00000000000000000547,HYD_1352,17.28046134991594,78.61911965099353,587.1115549302567,"{""type"":""MultiPoint"",""coordinates"":[]}"
00000000000000000548,HYD_1353,17.28057317380146,78.62852054603859,1011.4467874639178,"{""type"":""MultiPoint"",""coordinates"":[]}"
00000000000000000549,HYD_1354,17.280683939492643,78.63792258167656,1869.5716666614312,"{""type"":""MultiPoint"",""coordinates"":[]}"
0000000000000000054a,HYD_1355,17.280795793567787,78.64732349663757,887.306533648921,"{""type"":""MultiPoint"",""coordinates"":[]}"
0000000000000000054b,HYD_1356,17.268383871701527,78.37485680658915,1085.614544788061,"{""type"":""MultiPoint"",""coordinates"":[]}"
0000000000000000054c,HYD_1357,17.268506845049327,78.38425546883333,2098.1836186128503,"{""type"":""MultiPoint"",""coordinates"":[]}"
0000000000000000054d,HYD_1358,17.268629133344284,78.39365414972882,3004.0610770842613,"{""type"":""MultiPoint"",""coordinates"":[]}"
0000000000000000054e,HYD_1359,17.26875139761747,78.4030528477462,1445.4439533906827,"{""type"":""MultiPoint"",""coordinates"":[]}"
0000000000000000054f,HYD_1360,17.268872507500912,78.41245037960839,574.1458473112068,"{""type"":""MultiPoint"",""coordinates"":[]}"
00000000000000000550,HYD_1361,17.268992548124032,78.42184904360532,790.7056286905328,"{""type"":""MultiPoint"",""coordinates"":[]}"
00000000000000000551,HYD_1362,17.26911294423473,78.43124881782548,823.4543062340979,"{""type"":""MultiPoint"",""coordinates"":[]}"
00000000000000000552,HYD_1363,17.269233677685577,78.4406474658324,919.2931965023865,"{""type"":""MultiPoint"",""coordinates"":[]}"
00000000000000000553,HYD_1364,17.269353355210317,78.45004505241144,1275.6823941511268,"{""type"":""MultiPoint"",""coordinates"":[]}"
00000000000000000554,HYD_1365,17.26947299576426,78.45944410966669,2736.4378156250596,"{""type"":""MultiPoint"",""coordinates"":[]}"
00000000000000000555,HYD_1366,17.26959116552037,78.46884311632864,6754.186975254731,"{""type"":""MultiPoint"",""coordinates"":[]}"
00000000000000000556,HYD_1367,17.269709712367526,78.47824256351902,3592.5165736329322,"{""type"":""MultiPoint"",""coordinates"":[]}"
00000000000000000557,HYD_1368,17.269827485102308,78.48764045602117,1806.2165784050435,"{""type"":""MultiPoint"",""coordinates"":[]}"
00000000000000000558,HYD_1369,17.269944545202257,78.49704060642314,2245.5987651450964,"{""type"":""MultiPoint"",""coordinates"":[]}"
00000000000000000559,HYD_1370,17.27006048319202,78.50644039994899,2894.920060041839,"{""type"":""MultiPoint"",""coordinates"":[]}"
0000000000000000055a,HYD_1371,17.270177566101232,78.51584056099512,1499.0341717364747,"{""type"":""MultiPoint"",""coordinates"":[]}"
0000000000000000055b,HYD_1372,17.270294588656586,78.5252399566358,1107.1607824175965,"{""type"":""MultiPoint"",""coordinates"":[]}"
0000000000000000055c,HYD_1373,17.270409366154755,78.53463936957462,2452.3661652359306,"{""type"":""MultiPoint"",""coordinates"":[]}"
0000000000000000055d,HYD_1374,17.27052458671869,78.54403841907656,3883.1824455261226,"{""type"":""MultiPoint"",""coordinates"":[]}"
0000000000000000055e,HYD_1375,17.270640161747743,78.55343710390261,1167.0129314123417,"{""type"":""MultiPoint"",""coordinates"":[]}"
0000000000000000055f,HYD_1376,17.27075499776267,78.5628372910654,644.6069850117552,"{""type"":""MultiPoint"",""coordinates"":[]}"
00000000000000000560,HYD_1377,17.27086869085942,78.57223630067757,1390.781318872115,"{""type"":""MultiPoint"",""coordinates"":[]}"
00000000000000000561,HYD_1378,17.270981303622765,78.58163646369347,2485.9226538302846,"{""type"":""MultiPoint"",""coordinates"":[]}"
00000000000000000562,HYD_1379,17.27109389188628,78.5910366235217,2983.1342639399504,"{""type"":""MultiPoint"",""coordinates"":[]}"
00000000000000000563,HYD_1380,17.271207588196003,78.60043564690582,1098.847285280041,"{""type"":""MultiPoint"",""coordinates"":[]}"
00000000000000000564,HYD_1381,17.271320176486373,78.60983581993352,573.8071956008089,"{""type"":""MultiPoint"",""coordinates"":[]}"
00000000000000000565,HYD_1382,17.27143164808468,78.61923560253292,617.6781135596482,"{""type"":""MultiPoint"",""coordinates"":[]}"
00000000000000000566,HYD_1383,17.27154314493606,78.62863537117357,468.25548490356,"{""type"":""MultiPoint"",""coordinates"":[]}"
00000000000000000567,HYD_1384,17.271653873185812,78.63803666254323,582.5555257339103,"{""type"":""MultiPoint"",""coordinates"":[]}"
00000000000000000568,HYD_1385,17.259354544994984,78.37498496771732,1531.1408403490104,"{""type"":""MultiPoint"",""coordinates"":[]}"
00000000000000000569,HYD_1386,17.25947646864296,78.38438258876376,2906.1262565724987,"{""type"":""MultiPoint"",""coordinates"":[]}"
0000000000000000056a,HYD_1387,17.259599810198385,78.39378011139459,4349.139084557926,"{""type"":""MultiPoint"",""coordinates"":[]}"
0000000000000000056b,HYD_1388,17.259722090781167,78.40317879049225,2128.7070417142386,"{""type"":""MultiPoint"",""coordinates"":[]}"
0000000000000000056c,HYD_1389,17.25984211140797,78.4125774863856,519.4010970704695,"{""type"":""MultiPoint"",""coordinates"":[]}"
0000000000000000056d,HYD_1390,17.259963219823184,78.42197499262053,799.8428600208433,"{""type"":""MultiPoint"",""coordinates"":[]}"
0000000000000000056e,HYD_1391,17.26008326171894,78.43137367365581,870.0374489129758,"{""type"":""MultiPoint"",""coordinates"":[]}"
0000000000000000056f,HYD_1392,17.2602036613192,78.44077122299332,1087.6771886862957,"{""type"":""MultiPoint"",""coordinates"":[]}"
00000000000000000570,HYD_1393,17.260324037154056,78.4501687840271,1332.6264989778108,"{""type"":""MultiPoint"",""coordinates"":[]}"
00000000000000000571,HYD_1394,17.26044219098544,78.4595685680813,1467.3925415674846,"{""type"":""MultiPoint"",""coordinates"":[]}"
00000000000000000572,HYD_1395,17.260560719347414,78.46896723215954,3933.0707414888866,"{""type"":""MultiPoint"",""coordinates"":[]}"
00000000000000000573,HYD_1396,17.260678191547843,78.47836480115416,3009.290369344225,"{""type"":""MultiPoint"",""coordinates"":[]}"
00000000000000000574,HYD_1397,17.260796705148575,78.48776347604654,2466.7783605425975,"{""type"":""MultiPoint"",""coordinates"":[]}"
00000000000000000575,HYD_1398,17.26091522170397,78.49716212814275,2112.025099017573,"{""type"":""MultiPoint"",""coordinates"":[]}"
00000000000000000576,HYD_1399,17.261030813793127,78.50656080770831,1213.5914979485904,"{""type"":""MultiPoint"",""coordinates"":[]}"
00000000000000000577,HYD_1400,17.261146760471966,78.51596058804986,1125.8408221076522,"{""type"":""MultiPoint"",""coordinates"":[]}"
00000000000000000578,HYD_1401,17.261262688080592,78.52536034989197,802.0687359043196,"{""type"":""MultiPoint"",""coordinates"":[]}"
00000000000000000579,HYD_1402,17.261378962247733,78.53475902944147,833.9284953846651,"{""type"":""MultiPoint"",""coordinates"":[]}"
0000000000000000057a,HYD_1403,17.261494175807638,78.5441566142343,851.8926488502352,"{""type"":""MultiPoint"",""coordinates"":[]}"
0000000000000000057b,HYD_1404,17.26160939190871,78.55355566117069,726.5075073335686,"{""type"":""MultiPoint"",""coordinates"":[]}"
0000000000000000057c,HYD_1405,17.26172308257131,78.56295468911398,435.9833110865424,"{""type"":""MultiPoint"",""coordinates"":[]}"
0000000000000000057d,HYD_1406,17.26183681928779,78.5723552352161,843.1014956474303,"{""type"":""MultiPoint"",""coordinates"":[]}"
0000000000000000057e,HYD_1407,17.261950471972057,78.58175424639192,1680.4054078420004,"{""type"":""MultiPoint"",""coordinates"":[]}"
0000000000000000057f,HYD_1408,17.262063089608077,78.59115440969822,1386.5224131939458,"{""type"":""MultiPoint"",""coordinates"":[]}"
00000000000000000580,HYD_1409,17.262176067860167,78.60055345494605,695.530970085368,"{""type"":""MultiPoint"",""coordinates"":[]}"
00000000000000000581,HYD_1410,17.26228828158978,78.6099517603105,582.4302848357779,"{""type"":""MultiPoint"",""coordinates"":[]}"
00000000000000000582,HYD_1411,17.26239976969975,78.61935156163833,624.2388263141407,"{""type"":""MultiPoint"",""coordinates"":[]}"
00000000000000000583,HYD_1412,17.262511252612594,78.6287513193918,386.58656251664263,"{""type"":""MultiPoint"",""coordinates"":[]}"
00000000000000000584,HYD_1413,17.250324491791837,78.3751132245911,1809.0117452808452,"{""type"":""MultiPoint"",""coordinates"":[]}"
00000000000000000585,HYD_1414,17.250447487588065,78.38450965061064,1200.7506724918592,"{""type"":""MultiPoint"",""coordinates"":[]}"
00000000000000000586,HYD_1415,17.250569400800565,78.39390721184996,1144.8701824225632,"{""type"":""MultiPoint"",""coordinates"":[]}"
00000000000000000587,HYD_1416,17.250692763262563,78.40330474875014,981.9281920638738,"{""type"":""MultiPoint"",""coordinates"":[]}"
00000000000000000588,HYD_1417,17.250812772213354,78.41270340930056,523.3913693876827,"{""type"":""MultiPoint"",""coordinates"":[]}"
00000000000000000589,HYD_1418,17.25093318425963,78.42210097067377,671.0219115986544,"{""type"":""MultiPoint"",""coordinates"":[]}"
0000000000000000058a,HYD_1419,17.251053594036694,78.43149853745693,1130.3815301296759,"{""type"":""MultiPoint"",""coordinates"":[]}"
0000000000000000058b,HYD_1420,17.251173977919724,78.440896103964,1132.6058708377914,"{""type"":""MultiPoint"",""coordinates"":[]}"
0000000000000000058c,HYD_1421,17.251293262614684,78.45029402414433,2314.932535571678,"{""type"":""MultiPoint"",""coordinates"":[]}"
0000000000000000058d,HYD_1422,17.251411744051342,78.45969191774206,1555.7018932267733,"{""type"":""MultiPoint"",""coordinates"":[]}"
0000000000000000058e,HYD_1423,17.25153033687526,78.46908987364905,2093.6806607040703,"{""type"":""MultiPoint"",""coordinates"":[]}"
0000000000000000058f,HYD_1424,17.251649230152882,78.47848741220872,3342.6990060993267,"{""type"":""MultiPoint"",""coordinates"":[]}"
00000000000000000590,HYD_1425,17.25176593378183,78.48788648001555,3516.1746171016316,"{""type"":""MultiPoint"",""coordinates"":[]}"
00000000000000000591,HYD_1426,17.251883736586155,78.49728440178342,1266.5013769280679,"{""type"":""MultiPoint"",""coordinates"":[]}"
00000000000000000592,HYD_1427,17.25200151869099,78.50668232566284,1014.6208240621231,"{""type"":""MultiPoint"",""coordinates"":[]}"
00000000000000000593,HYD_1428,17.252117097552432,78.51608098458291,789.4915136879566,"{""type"":""MultiPoint"",""coordinates"":[]}"
00000000000000000594,HYD_1429,17.252233025289733,78.52548076439594,604.2176895889581,"{""type"":""MultiPoint"",""coordinates"":[]}"
00000000000000000595,HYD_1430,17.2523489546369,78.53487833054375,861.7339985753977,"{""type"":""MultiPoint"",""coordinates"":[]}"
00000000000000000596,HYD_1431,17.252463787030894,78.54427628482856,912.7837767058727,"{""type"":""MultiPoint"",""coordinates"":[]}"
00000000000000000597,HYD_1432,17.252577458422714,78.55367530114896,655.6984676744423,"{""type"":""MultiPoint"",""coordinates"":[]}"
00000000000000000598,HYD_1433,17.252692656337263,78.56307434353654,408.54052598616653,"{""type"":""MultiPoint"",""coordinates"":[]}"
00000000000000000599,HYD_1434,17.252806003176076,78.5724730208851,576.1511377727286,"{""type"":""MultiPoint"",""coordinates"":[]}"
0000000000000000059a,HYD_1435,17.25291860266514,78.58187319096677,1650.4534450231818,"{""type"":""MultiPoint"",""coordinates"":[]}"
0000000000000000059b,HYD_1436,17.25303228848131,78.59127220333903,941.6723580210817,"{""type"":""MultiPoint"",""coordinates"":[]}"
0000000000000000059c,HYD_1437,17.253144538902344,78.6006712500769,427.1353143729416,"{""type"":""MultiPoint"",""coordinates"":[]}"
0000000000000000059d,HYD_1438,17.253256765468905,78.61006880302432,278.34394737785937,"{""type"":""MultiPoint"",""coordinates"":[]}"
0000000000000000059e,HYD_1439,17.25336786139452,78.61946748329161,297.14888056680275,"{""type"":""MultiPoint"",""coordinates"":[]}"
0000000000000000059f,HYD_1440,17.24141742133119,78.38463783618572,611.0439130343643,"{""type"":""MultiPoint"",""coordinates"":[]}"
000000000000000005a0,HYD_1441,17.24153932461158,78.39403466170883,713.2901983429401,"{""type"":""MultiPoint"",""coordinates"":[]}"
000000000000000005a1,HYD_1442,17.241661210110767,78.40343146624028,825.4349676001308,"{""type"":""MultiPoint"",""coordinates"":[]}"
000000000000000005a2,HYD_1443,17.2417834572264,78.4128293777468,1112.9202713050092,"{""type"":""MultiPoint"",""coordinates"":[]}"
000000000000000005a3,HYD_1444,17.241903506661938,78.42222582388086,1816.790082338744,"{""type"":""MultiPoint"",""coordinates"":[]}"
000000000000000005a4,HYD_1445,17.242023897668123,78.43162337917104,4024.925972355113,"{""type"":""MultiPoint"",""coordinates"":[]}"
000000000000000005a5,HYD_1446,17.242144293095663,78.44102094849481,3491.7562741747074,"{""type"":""MultiPoint"",""coordinates"":[]}"
000000000000000005a6,HYD_1447,17.242262442398907,78.45041850089584,3694.4995830610683,"{""type"":""MultiPoint"",""coordinates"":[]}"
000000000000000005a7,HYD_1448,17.242380610059552,78.45981606586989,2200.1790799758014,"{""type"":""MultiPoint"",""coordinates"":[]}"
000000000000000005a8,HYD_1449,17.242500271848495,78.46921286500411,1460.5147904994435,"{""type"":""MultiPoint"",""coordinates"":[]}"
000000000000000005a9,HYD_1450,17.24261771210599,78.478609664887,3700.723914367077,"{""type"":""MultiPoint"",""coordinates"":[]}"
000000000000000005aa,HYD_1451,17.24273547717273,78.48800758481222,2518.579224580877,"{""type"":""MultiPoint"",""coordinates"":[]}"
000000000000000005ab,HYD_1452,17.2428521842721,78.49740667838631,1302.059317884258,"{""type"":""MultiPoint"",""coordinates"":[]}"
000000000000000005ac,HYD_1453,17.242970352727312,78.50680345665224,852.0561652594924,"{""type"":""MultiPoint"",""coordinates"":[]}"
000000000000000005ad,HYD_1454,17.243087414139033,78.51620139633094,651.562441261142,"{""type"":""MultiPoint"",""coordinates"":[]}"
000000000000000005ae,HYD_1455,17.24320223291114,78.52560157198151,614.3888065693425,"{""type"":""MultiPoint"",""coordinates"":[]}"
000000000000000005af,HYD_1456,17.243317042634406,78.53499875577916,968.342973976509,"{""type"":""MultiPoint"",""coordinates"":[]}"
000000000000000005b0,HYD_1457,17.24343185397251,78.54439589906133,1561.901738770802,"{""type"":""MultiPoint"",""coordinates"":[]}"
000000000000000005b1,HYD_1458,17.243547018896486,78.5537949445746,704.3139110995274,"{""type"":""MultiPoint"",""coordinates"":[]}"
000000000000000005b2,HYD_1459,17.24366115188407,78.56319290966601,479.55850385684585,"{""type"":""MultiPoint"",""coordinates"":[]}"
000000000000000005b3,HYD_1460,17.24377520855798,78.57259079337565,739.8833942787321,"{""type"":""MultiPoint"",""coordinates"":[]}"
000000000000000005b4,HYD_1461,17.243888166386096,78.58198985117482,1164.9358380168087,"{""type"":""MultiPoint"",""coordinates"":[]}"
000000000000000005b5,HYD_1462,17.24400041259841,78.5913889057105,920.077637494779,"{""type"":""MultiPoint"",""coordinates"":[]}"
000000000000000005b6,HYD_1463,17.24411301636234,78.60078830346914,441.2488326998319,"{""type"":""MultiPoint"",""coordinates"":[]}"
000000000000000005b7,HYD_1464,17.2442244795028,78.61018584957101,272.73570164512176,"{""type"":""MultiPoint"",""coordinates"":[]}"
000000000000000005b8,HYD_1465,17.232387780481083,78.38476493429293,347.9953172066632,"{""type"":""MultiPoint"",""coordinates"":[]}"
000000000000000005b9,HYD_1466,17.232507829527197,78.39416139113017,573.4838747024536,"{""type"":""MultiPoint"",""coordinates"":[]}"
000000000000000005ba,HYD_1467,17.23263116899301,78.4035589184899,570.2023214686153,"{""type"":""MultiPoint"",""coordinates"":[]}"
000000000000000005bb,HYD_1468,17.232753430711497,78.41295536646184,1269.0986691082226,"{""type"":""MultiPoint"",""coordinates"":[]}"
000000000000000005bc,HYD_1469,17.23287383116931,78.4223506692126,2891.4380325915763,"{""type"":""MultiPoint"",""coordinates"":[]}"
000000000000000005bd,HYD_1470,17.232994203734872,78.43174822846139,4465.068683242797,"{""type"":""MultiPoint"",""coordinates"":[]}"
000000000000000005be,HYD_1471,17.233113496755603,78.44114618485057,3120.5386426906966,"{""type"":""MultiPoint"",""coordinates"":[]}"
000000000000000005bf,HYD_1472,17.233232031537135,78.4505418622025,1965.2700527854997,"{""type"":""MultiPoint"",""coordinates"":[]}"
000000000000000005c0,HYD_1473,17.23335060054442,78.45993981339282,676.633835917828,"{""type"":""MultiPoint"",""coordinates"":[]}"
000000000000000005c1,HYD_1474,17.23346911944126,78.46933625332152,463.2005957566054,"{""type"":""MultiPoint"",""coordinates"":[]}"
000000000000000005c2,HYD_1475,17.23358763400969,78.4787326803834,1143.9436959491056,"{""type"":""MultiPoint"",""coordinates"":[]}"
000000000000000005c3,HYD_1476,17.23370508023158,78.48813023236733,760.0217487727897,"{""type"":""MultiPoint"",""coordinates"":[]}"
000000000000000005c4,HYD_1477,17.233821734862065,78.49752777173897,766.097533158695,"{""type"":""MultiPoint"",""coordinates"":[]}"
000000000000000005c5,HYD_1478,17.23393807793068,78.50692575086467,575.3851904354846,"{""type"":""MultiPoint"",""coordinates"":[]}"
000000000000000005c6,HYD_1479,17.23405584114577,78.51632288736646,386.61070903890277,"{""type"":""MultiPoint"",""coordinates"":[]}"
000000000000000005c7,HYD_1480,17.23417029551629,78.52572117936735,399.0736850271038,"{""type"":""MultiPoint"",""coordinates"":[]}"
000000000000000005c8,HYD_1481,17.23428513062188,78.5351191451245,652.6269668074212,"{""type"":""MultiPoint"",""coordinates"":[]}"
000000000000000005c9,HYD_1482,17.234401424615626,78.5445155391553,1354.5359589913305,"{""type"":""MultiPoint"",""coordinates"":[]}"
000000000000000005ca,HYD_1483,17.23451553800584,78.55391350779382,1339.3935433182062,"{""type"":""MultiPoint"",""coordinates"":[]}"
000000000000000005cb,HYD_1484,17.234629569427227,78.56331140172529,1379.3591882593494,"{""type"":""MultiPoint"",""coordinates"":[]}"
000000000000000005cc,HYD_1485,17.234743655796684,78.57271082094832,813.5894264913072,"{""type"":""MultiPoint"",""coordinates"":[]}"
000000000000000005cd,HYD_1486,17.234856645671194,78.58210764704674,1266.3938800905266,"{""type"":""MultiPoint"",""coordinates"":[]}"
000000000000000005ce,HYD_1487,17.234969972099968,78.59150558457958,1166.1530574424594,"{""type"":""MultiPoint"",""coordinates"":[]}"
000000000000000005cf,HYD_1488,17.223358114356483,78.38489203842042,458.8216894439623,"{""type"":""MultiPoint"",""coordinates"":[]}"
000000000000000005d0,HYD_1489,17.223478858346958,78.39428845614141,380.6868820545719,"{""type"":""MultiPoint"",""coordinates"":[]}"
000000000000000005d1,HYD_1490,17.22360001782234,78.40368525237797,335.59255230006045,"{""type"":""MultiPoint"",""coordinates"":[]}"
000000000000000005d2,HYD_1491,17.223722641042094,78.41307981691234,453.17324228099744,"{""type"":""MultiPoint"",""coordinates"":[]}"
000000000000000005d3,HYD_1492,17.223844153160535,78.42247554351698,819.7704652402915,"{""type"":""MultiPoint"",""coordinates"":[]}"
000000000000000005d4,HYD_1493,17.223963442690962,78.43187346903082,845.17652016434,"{""type"":""MultiPoint"",""coordinates"":[]}"
000000000000000005d5,HYD_1494,17.224081578321915,78.44127027505898,406.57983703519784,"{""type"":""MultiPoint"",""coordinates"":[]}"
000000000000000005d6,HYD_1495,17.224200890497425,78.45066599167959,309.3351775487265,"{""type"":""MultiPoint"",""coordinates"":[]}"
000000000000000005d7,HYD_1496,17.2243216288097,78.460062416589,290.50644706838267,"{""type"":""MultiPoint"",""coordinates"":[]}"
000000000000000005d8,HYD_1497,17.224439443448055,78.46945887352562,338.0543969593794,"{""type"":""MultiPoint"",""coordinates"":[]}"
000000000000000005d9,HYD_1498,17.224556134880686,78.47885572422527,494.11005105785296,"{""type"":""MultiPoint"",""coordinates"":[]}"
000000000000000005da,HYD_1499,17.224674990852627,78.4882524822617,366.68221236958226,"{""type"":""MultiPoint"",""coordinates"":[]}"
000000000000000005db,HYD_1500,17.224791702430142,78.49764927645606,164.89867131476308,"{""type"":""MultiPoint"",""coordinates"":[]}"
000000000000000005dc,HYD_1501,17.224907631005046,78.50704685403784,197.64643028951158,"{""type"":""MultiPoint"",""coordinates"":[]}"
000000000000000005dd,HYD_1502,17.225023563345747,78.51644440699299,461.37972300286384,"{""type"":""MultiPoint"",""coordinates"":[]}"
000000000000000005de,HYD_1503,17.22513988532668,78.52584083545784,369.2038068565668,"{""type"":""MultiPoint"",""coordinates"":[]}"
000000000000000005df,HYD_1504,17.22525510505481,78.53523840238988,485.9265706417607,"{""type"":""MultiPoint"",""coordinates"":[]}"
000000000000000005e0,HYD_1505,17.22537028513895,78.54463522913122,921.7641421430249,"{""type"":""MultiPoint"",""coordinates"":[]}"
000000000000000005e1,HYD_1506,17.225483981831914,78.55403200962965,929.8058422892703,"{""type"":""MultiPoint"",""coordinates"":[]}"
000000000000000005e2,HYD_1507,17.22559915001485,78.56343106331465,1043.15996911292,"{""type"":""MultiPoint"",""coordinates"":[]}"
000000000000000005e3,HYD_1508,17.22571248787947,78.57282751276645,677.6166033333423,"{""type"":""MultiPoint"",""coordinates"":[]}"
000000000000000005e4,HYD_1509,17.214328405436788,78.38501910664472,539.9863343322978,"{""type"":""MultiPoint"",""coordinates"":[]}"
000000000000000005e5,HYD_1510,17.214448785690966,78.39441440874349,486.4288689379599,"{""type"":""MultiPoint"",""coordinates"":[]}"
000000000000000005e6,HYD_1511,17.214569207213014,78.40380972176779,299.7278714142594,"{""type"":""MultiPoint"",""coordinates"":[]}"
000000000000000005e7,HYD_1512,17.214690747880283,78.41320545814251,262.16691880132635,"{""type"":""MultiPoint"",""coordinates"":[]}"
000000000000000005e8,HYD_1513,17.214812251194935,78.42260041821469,267.51143748526476,"{""type"":""MultiPoint"",""coordinates"":[]}"
000000000000000005e9,HYD_1514,17.2149318676739,78.43199645317644,244.09230244393444,"{""type"":""MultiPoint"",""coordinates"":[]}"
000000000000000005ea,HYD_1515,17.21505044263472,78.44139437863566,210.89712387487006,"{""type"":""MultiPoint"",""coordinates"":[]}"
000000000000000005eb,HYD_1516,17.21517120494772,78.45079083912876,209.4236611955306,"{""type"":""MultiPoint"",""coordinates"":[]}"
000000000000000005ec,HYD_1517,17.21529049537541,78.46018654932959,250.2114244292764,"{""type"":""MultiPoint"",""coordinates"":[]}"
000000000000000005ed,HYD_1518,17.215408624084223,78.46958111576832,538.6339032696742,"{""type"":""MultiPoint"",""coordinates"":[]}"
000000000000000005ee,HYD_1519,17.215526056074435,78.47897794245903,948.6370569023433,"{""type"":""MultiPoint"",""coordinates"":[]}"
000000000000000005ef,HYD_1520,17.215642740186656,78.48837475395362,430.74395762237856,"{""type"":""MultiPoint"",""coordinates"":[]}"
000000000000000005f0,HYD_1521,17.215760532659523,78.49777042714402,253.08129082380555,"{""type"":""MultiPoint"",""coordinates"":[]}"
000000000000000005f1,HYD_1522,17.21587830141144,78.50716835596073,965.7909038618498,"{""type"":""MultiPoint"",""coordinates"":[]}"
000000000000000005f2,HYD_1523,17.215993888635115,78.51656481068305,1682.9422716439942,"{""type"":""MultiPoint"",""coordinates"":[]}"
000000000000000005f3,HYD_1524,17.216109829625857,78.52596013288104,810.6307433661293,"{""type"":""MultiPoint"",""coordinates"":[]}"
000000000000000005f4,HYD_1525,17.21622466774643,78.53535805372864,591.0281869374069,"{""type"":""MultiPoint"",""coordinates"":[]}"
000000000000000005f5,HYD_1526,17.216338352760687,78.54475484386288,511.52459824131984,"{""type"":""MultiPoint"",""coordinates"":[]}"
000000000000000005f6,HYD_1527,17.216453546048637,78.5541516970691,398.80214383368406,"{""type"":""MultiPoint"",""coordinates"":[]}"
000000000000000005f7,HYD_1528,17.20529872311838,78.38514617477746,547.2541107734044,"{""type"":""MultiPoint"",""coordinates"":[]}"
000000000000000005f8,HYD_1529,17.205419136185185,78.39454148731367,720.2075092483968,"{""type"":""MultiPoint"",""coordinates"":[]}"
000000000000000005f9,HYD_1530,17.20553988957982,78.40393570828498,612.5231816142212,"{""type"":""MultiPoint"",""coordinates"":[]}"
000000000000000005fa,HYD_1531,17.20565993858092,78.41332992214195,333.77059309435833,"{""type"":""MultiPoint"",""coordinates"":[]}"
000000000000000005fb,HYD_1532,17.205780345776095,78.42272527839107,305.2961401593452,"{""type"":""MultiPoint"",""coordinates"":[]}"
000000000000000005fc,HYD_1533,17.205900710737986,78.4321205758748,241.75288584886806,"{""type"":""MultiPoint"",""coordinates"":[]}"
000000000000000005fd,HYD_1534,17.20602145502743,78.4415169903525,186.627874323901,"{""type"":""MultiPoint"",""coordinates"":[]}"
000000000000000005fe,HYD_1535,17.206141520562305,78.45091345965996,237.67813373406722,"{""type"":""MultiPoint"",""coordinates"":[]}"
000000000000000005ff,HYD_1536,17.206259681751682,78.46030878114108,529.3647773976421,"{""type"":""MultiPoint"",""coordinates"":[]}"
00000000000000000600,HYD_1537,17.20637749146326,78.46970523015942,1593.3070380210877,"{""type"":""MultiPoint"",""coordinates"":[]}"
00000000000000000601,HYD_1538,17.20649600796746,78.47910165873225,1618.1914429889002,"{""type"":""MultiPoint"",""coordinates"":[]}"
00000000000000000602,HYD_1539,17.20661194853065,78.48849698157515,552.3229724248251,"{""type"":""MultiPoint"",""coordinates"":[]}"
00000000000000000603,HYD_1540,17.20672935850874,78.49789378294568,385.62752012926,"{""type"":""MultiPoint"",""coordinates"":[]}"
00000000000000000604,HYD_1541,17.206847149184505,78.5072895018258,613.4573328616572,"{""type"":""MultiPoint"",""coordinates"":[]}"
00000000000000000605,HYD_1542,17.20696421847615,78.5166852219396,713.2885675079682,"{""type"":""MultiPoint"",""coordinates"":[]}"
00000000000000000606,HYD_1543,17.207079050165262,78.52608092423675,431.1062608335532,"{""type"":""MultiPoint"",""coordinates"":[]}"
