system:index,distance_to_water_m,grid_id,latitude,longitude,.geo
00000000000000000000,328.1432183454843,HYD_0001,17.60310185050841,78.4171491484952,"{""type"":""MultiPoint"",""coordinates"":[]}"
00000000000000000001,512.1716738560453,HYD_0002,17.603224481347986,78.42656454231273,"{""type"":""MultiPoint"",""coordinates"":[]}"
00000000000000000002,1491.5466460145217,HYD_0003,17.60334745656284,78.435981029435,"{""type"":""MultiPoint"",""coordinates"":[]}"
00000000000000000003,2481.5981053745068,HYD_0004,17.60346936131066,78.44539642811792,"{""type"":""MultiPoint"",""coordinates"":[]}"
00000000000000000004,2177.851178065192,HYD_0005,17.60359047340871,78.45481181634253,"{""type"":""MultiPoint"",""coordinates"":[]}"
00000000000000000005,1208.7709058633934,HYD_0006,17.6037105182521,78.46422834984592,"{""type"":""MultiPoint"",""coordinates"":[]}"
00000000000000000006,421.1744566621064,HYD_0007,17.6038305571507,78.47364484484892,"{""type"":""MultiPoint"",""coordinates"":[]}"
00000000000000000007,384.2743004897991,HYD_0008,17.603951674243344,78.4830602312184,"{""type"":""MultiPoint"",""coordinates"":[]}"
00000000000000000008,1160.9462506497357,HYD_0009,17.604071687934944,78.49247675129256,"{""type"":""MultiPoint"",""coordinates"":[]}"
00000000000000000009,1570.0617938343746,HYD_0010,17.593822417779542,78.39844768082557,"{""type"":""MultiPoint"",""coordinates"":[]}"
0000000000000000000a,575.8821690177904,HYD_0011,17.593947660531015,78.4078619228333,"{""type"":""MultiPoint"",""coordinates"":[]}"
0000000000000000000b,355.16437078137216,HYD_0012,17.594071816822737,78.41727733715226,"{""type"":""MultiPoint"",""coordinates"":[]}"
0000000000000000000c,1153.8477430200483,HYD_0013,17.5941951447282,78.42669272012233,"{""type"":""MultiPoint"",""coordinates"":[]}"
0000000000000000000d,1867.352275466699,HYD_0014,17.59431594378316,78.43610852026363,"{""type"":""MultiPoint"",""coordinates"":[]}"
0000000000000000000e,2735.2051889122154,HYD_0015,17.594439269077416,78.44552312307432,"{""type"":""MultiPoint"",""coordinates"":[]}"
0000000000000000000f,2556.1213471538963,HYD_0016,17.59456008822091,78.45493895685699,"{""type"":""MultiPoint"",""coordinates"":[]}"
00000000000000000010,1803.3539383620432,HYD_0017,17.594681168929238,78.46435430402002,"{""type"":""MultiPoint"",""coordinates"":[]}"
00000000000000000011,1358.9345330666865,HYD_0018,17.59480122703116,78.47377079564716,"{""type"":""MultiPoint"",""coordinates"":[]}"
00000000000000000012,1363.8764742590972,HYD_0019,17.594921637501177,78.4831862204628,"{""type"":""MultiPoint"",""coordinates"":[]}"
00000000000000000013,1773.05264647232,HYD_0020,17.595042019862355,78.49260162725574,"{""type"":""MultiPoint"",""coordinates"":[]}"
00000000000000000014,2518.752688993351,HYD_0021,17.59516167446683,78.50201850581078,"{""type"":""MultiPoint"",""coordinates"":[]}"
00000000000000000015,3392.3403106990295,HYD_0022,17.595279102188247,78.51143310122376,"{""type"":""MultiPoint"",""coordinates"":[]}"
00000000000000000016,4320.947261481979,HYD_0023,17.595398718031092,78.52084999854905,"{""type"":""MultiPoint"",""coordinates"":[]}"
00000000000000000017,5122.7656552091785,HYD_0024,17.59551723656233,78.53026650965616,"{""type"":""MultiPoint"",""coordinates"":[]}"
00000000000000000018,2720.8101339970794,HYD_0025,17.584670129910307,78.38916159718804,"{""type"":""MultiPoint"",""coordinates"":[]}"
00000000000000000019,1788.573577814561,HYD_0026,17.58479275643347,78.39857701841981,"{""type"":""MultiPoint"",""coordinates"":[]}"
0000000000000000001a,977.3225845892215,HYD_0027,17.584917608544835,78.40799017373814,"{""type"":""MultiPoint"",""coordinates"":[]}"
0000000000000000001b,841.8042770354631,HYD_0028,17.585042466844783,78.41740554019343,"{""type"":""MultiPoint"",""coordinates"":[]}"
0000000000000000001c,1563.5089315752898,HYD_0029,17.585165091913517,78.42682094005409,"{""type"":""MultiPoint"",""coordinates"":[]}"
0000000000000000001d,2333.9328363303457,HYD_0030,17.585285871873864,78.43623520546771,"{""type"":""MultiPoint"",""coordinates"":[]}"
0000000000000000001e,2571.797428839629,HYD_0031,17.585407794098337,78.44565061800485,"{""type"":""MultiPoint"",""coordinates"":[]}"
0000000000000000001f,3114.200535353281,HYD_0032,17.58553111036,78.4550659965373,"{""type"":""MultiPoint"",""coordinates"":[]}"
00000000000000000020,2650.3122206594667,HYD_0033,17.585651132006713,78.46448028676369,"{""type"":""MultiPoint"",""coordinates"":[]}"
00000000000000000021,2348.059203265786,HYD_0034,17.58577155869844,78.47389568024911,"{""type"":""MultiPoint"",""coordinates"":[]}"
00000000000000000022,2360.167902536804,HYD_0035,17.585891951881486,78.48331107805902,"{""type"":""MultiPoint"",""coordinates"":[]}"
00000000000000000023,2617.9874411044607,HYD_0036,17.586012340004,78.49272648101093,"{""type"":""MultiPoint"",""coordinates"":[]}"
00000000000000000024,3183.7606706103757,HYD_0037,17.58613049173897,78.50214186643697,"{""type"":""MultiPoint"",""coordinates"":[]}"
00000000000000000025,3916.2005447736633,HYD_0038,17.58624867383253,78.51155723214349,"{""type"":""MultiPoint"",""coordinates"":[]}"
00000000000000000026,4521.2163362109695,HYD_0039,17.58636832573611,78.52097412445673,"{""type"":""MultiPoint"",""coordinates"":[]}"
00000000000000000027,4155.072928237662,HYD_0040,17.586485737933316,78.53038877709804,"{""type"":""MultiPoint"",""coordinates"":[]}"
00000000000000000028,3993.98609575766,HYD_0041,17.586603525097715,78.53980452567879,"{""type"":""MultiPoint"",""coordinates"":[]}"
00000000000000000029,3945.527957717505,HYD_0042,17.58671874469317,78.5492199268524,"{""type"":""MultiPoint"",""coordinates"":[]}"
0000000000000000002a,3091.5386810925243,HYD_0043,17.586836514912747,78.55863569362371,"{""type"":""MultiPoint"",""coordinates"":[]}"
0000000000000000002b,1747.8520790391694,HYD_0044,17.5755174485385,78.37987663380144,"{""type"":""MultiPoint"",""coordinates"":[]}"
0000000000000000002c,2043.1108702451884,HYD_0045,17.575640820638455,78.38929202888433,"{""type"":""MultiPoint"",""coordinates"":[]}"
0000000000000000002d,2388.1762775139277,HYD_0046,17.575763083636765,78.39870631848574,"{""type"":""MultiPoint"",""coordinates"":[]}"
0000000000000000002e,1859.9150278133889,HYD_0047,17.57588792526824,78.40811948385753,"{""type"":""MultiPoint"",""coordinates"":[]}"
0000000000000000002f,1792.42749721201,HYD_0048,17.576012035403892,78.41753413684448,"{""type"":""MultiPoint"",""coordinates"":[]}"
00000000000000000030,1492.3572549724176,HYD_0049,17.576134292384424,78.42694766496187,"{""type"":""MultiPoint"",""coordinates"":[]}"
00000000000000000031,1346.2100996248387,HYD_0050,17.576255476864265,78.43636231729874,"{""type"":""MultiPoint"",""coordinates"":[]}"
00000000000000000032,1707.0024899552836,HYD_0051,17.57637880885358,78.44577767661619,"{""type"":""MultiPoint"",""coordinates"":[]}"
00000000000000000033,2448.885053539488,HYD_0052,17.576501070969723,78.45519196144232,"{""type"":""MultiPoint"",""coordinates"":[]}"
00000000000000000034,2528.507463622288,HYD_0053,17.57662112838026,78.46460627763643,"{""type"":""MultiPoint"",""coordinates"":[]}"
00000000000000000035,2106.55885482452,HYD_0054,17.576742238610038,78.47402164446211,"{""type"":""MultiPoint"",""coordinates"":[]}"
00000000000000000036,2093.189809925172,HYD_0055,17.576862263815176,78.48343595102892,"{""type"":""MultiPoint"",""coordinates"":[]}"
00000000000000000037,2514.639284752354,HYD_0056,17.57698155561611,78.49285172084367,"{""type"":""MultiPoint"",""coordinates"":[]}"
00000000000000000038,3203.579005486951,HYD_0057,17.57709970152834,78.5022663367129,"{""type"":""MultiPoint"",""coordinates"":[]}"
00000000000000000039,4025.086774432468,HYD_0058,17.577219338640802,78.51168099803705,"{""type"":""MultiPoint"",""coordinates"":[]}"
0000000000000000003a,3661.2410067283595,HYD_0059,17.57733680967052,78.5210963889751,"{""type"":""MultiPoint"",""coordinates"":[]}"
0000000000000000003b,3204.13662015371,HYD_0060,17.577455666362706,78.53051174740453,"{""type"":""MultiPoint"",""coordinates"":[]}"
0000000000000000003c,2995.535848080939,HYD_0061,17.57757348250577,78.53992600922149,"{""type"":""MultiPoint"",""coordinates"":[]}"
0000000000000000003d,3107.660980065405,HYD_0062,17.577689423716023,78.5493414079902,"{""type"":""MultiPoint"",""coordinates"":[]}"
0000000000000000003e,2634.2279881802733,HYD_0063,17.57780535424635,78.55875682661879,"{""type"":""MultiPoint"",""coordinates"":[]}"
0000000000000000003f,1710.9160255163197,HYD_0064,17.57792129283025,78.56817221188997,"{""type"":""MultiPoint"",""coordinates"":[]}"
00000000000000000040,955.8555766025145,HYD_0065,17.578037249137036,78.57758761692354,"{""type"":""MultiPoint"",""coordinates"":[]}"
00000000000000000041,826.1290713596292,HYD_0066,17.578153180094557,78.58700300696319,"{""type"":""MultiPoint"",""coordinates"":[]}"
00000000000000000042,1485.783514039968,HYD_0067,17.578268353832513,78.59641990186236,"{""type"":""MultiPoint"",""coordinates"":[]}"
00000000000000000043,2393.763343351632,HYD_0068,17.578381339703657,78.60583451242371,"{""type"":""MultiPoint"",""coordinates"":[]}"
00000000000000000044,65.33294594998394,HYD_0069,17.565857175802567,78.33294123194425,"{""type"":""MultiPoint"",""coordinates"":[]}"
00000000000000000045,116.1334473510857,HYD_0070,17.565984256590287,78.34235441277227,"{""type"":""MultiPoint"",""coordinates"":[]}"
00000000000000000046,1069.3293527702442,HYD_0071,17.56610912455833,78.35176756863382,"{""type"":""MultiPoint"",""coordinates"":[]}"
00000000000000000047,1733.4054703109655,HYD_0072,17.566236224578997,78.361180744498,"{""type"":""MultiPoint"",""coordinates"":[]}"
00000000000000000048,749.87768684062,HYD_0073,17.566488503043363,78.38000817905987,"{""type"":""MultiPoint"",""coordinates"":[]}"
00000000000000000049,1296.8820963324251,HYD_0074,17.566610782355408,78.38942248684701,"{""type"":""MultiPoint"",""coordinates"":[]}"
0000000000000000004a,1840.0394658091163,HYD_0075,17.566733386881264,78.39883562599661,"{""type"":""MultiPoint"",""coordinates"":[]}"
0000000000000000004b,2531.1865157851153,HYD_0076,17.566858254068503,78.40824877955703,"{""type"":""MultiPoint"",""coordinates"":[]}"
0000000000000000004c,1728.5244139626097,HYD_0077,17.566980894543462,78.41766194666175,"{""type"":""MultiPoint"",""coordinates"":[]}"
0000000000000000004d,768.676466849081,HYD_0078,17.567103507961328,78.42707510291777,"{""type"":""MultiPoint"",""coordinates"":[]}"
0000000000000000004e,354.71699278737805,HYD_0079,17.567226491349537,78.4364893740968,"{""type"":""MultiPoint"",""coordinates"":[]}"
0000000000000000004f,1100.3485583805857,HYD_0080,17.56734876266658,78.44590364553699,"{""type"":""MultiPoint"",""coordinates"":[]}"
00000000000000000050,1941.6802544310951,HYD_0081,17.56747102475775,78.4553179786137,"{""type"":""MultiPoint"",""coordinates"":[]}"
00000000000000000051,1592.2614876851,HYD_0082,17.5675921527289,78.46473334083542,"{""type"":""MultiPoint"",""coordinates"":[]}"
00000000000000000052,1166.1304358131267,HYD_0083,17.567712215961233,78.47414762352567,"{""type"":""MultiPoint"",""coordinates"":[]}"
00000000000000000053,1141.8632655856677,HYD_0084,17.567832570838934,78.48356076494143,"{""type"":""MultiPoint"",""coordinates"":[]}"
00000000000000000054,1801.497136422395,HYD_0085,17.56795108015855,78.4929750369072,"{""type"":""MultiPoint"",""coordinates"":[]}"
00000000000000000055,2680.561282922309,HYD_0086,17.56806853915573,78.50239044768749,"{""type"":""MultiPoint"",""coordinates"":[]}"
00000000000000000056,3622.7038989455195,HYD_0087,17.568189292262396,78.51180472591675,"{""type"":""MultiPoint"",""coordinates"":[]}"
00000000000000000057,2892.6730655718943,HYD_0088,17.56830783131908,78.52121897686234,"{""type"":""MultiPoint"",""coordinates"":[]}"
00000000000000000058,2286.5067578451417,HYD_0089,17.568424535007587,78.53063362827326,"{""type"":""MultiPoint"",""coordinates"":[]}"
00000000000000000059,1998.0002365915407,HYD_0090,17.568542311148146,78.54004714337353,"{""type"":""MultiPoint"",""coordinates"":[]}"
0000000000000000005a,2162.705843222109,HYD_0091,17.56866009500062,78.54946291052075,"{""type"":""MultiPoint"",""coordinates"":[]}"
0000000000000000005b,2420.0623487556536,HYD_0092,17.568775695776676,78.5588772161333,"{""type"":""MultiPoint"",""coordinates"":[]}"
0000000000000000005c,1518.9417989132598,HYD_0093,17.568891628486714,78.56829261289414,"{""type"":""MultiPoint"",""coordinates"":[]}"
0000000000000000005d,541.6672257211304,HYD_0094,17.56900755604992,78.57770799068616,"{""type"":""MultiPoint"",""coordinates"":[]}"
0000000000000000005e,340.52533030905164,HYD_0095,17.569122392308543,78.58712377817756,"{""type"":""MultiPoint"",""coordinates"":[]}"
0000000000000000005f,1280.9077425585785,HYD_0096,17.569236077964913,78.59653842281168,"{""type"":""MultiPoint"",""coordinates"":[]}"
00000000000000000060,2272.33921330639,HYD_0097,17.569351251688452,78.60595306123679,"{""type"":""MultiPoint"",""coordinates"":[]}"
00000000000000000061,2626.2023617045525,HYD_0098,17.569464262273204,78.6153684611338,"{""type"":""MultiPoint"",""coordinates"":[]}"
00000000000000000062,3083.6633645393845,HYD_0099,17.569577579180667,78.62478424105198,"{""type"":""MultiPoint"",""coordinates"":[]}"
00000000000000000063,1511.901168499822,HYD_0100,17.556189880329654,78.28600920863883,"{""type"":""MultiPoint"",""coordinates"":[]}"
00000000000000000064,657.4459285467624,HYD_0101,17.556318035856094,78.29542197860081,"{""type"":""MultiPoint"",""coordinates"":[]}"
00000000000000000065,476.0993510478595,HYD_0102,17.556445143590437,78.30483590891266,"{""type"":""MultiPoint"",""coordinates"":[]}"
00000000000000000066,1145.3762553966776,HYD_0103,17.556573335463327,78.31424871290127,"{""type"":""MultiPoint"",""coordinates"":[]}"
00000000000000000067,1091.019412707246,HYD_0104,17.556700788481166,78.32366073429992,"{""type"":""MultiPoint"",""coordinates"":[]}"
00000000000000000068,514.2375549051554,HYD_0105,17.556827522043626,78.33307279269816,"{""type"":""MultiPoint"",""coordinates"":[]}"
00000000000000000069,905.1770991856282,HYD_0106,17.556954604521994,78.34248595391533,"{""type"":""MultiPoint"",""coordinates"":[]}"
0000000000000000006a,1513.81612593902,HYD_0107,17.55708056161127,78.3518987492598,"{""type"":""MultiPoint"",""coordinates"":[]}"
0000000000000000006b,1505.621731870345,HYD_0108,17.557207662160287,78.36131268513476,"{""type"":""MultiPoint"",""coordinates"":[]}"
0000000000000000006c,507.27094682406533,HYD_0109,17.557333594297184,78.37072544338761,"{""type"":""MultiPoint"",""coordinates"":[]}"
0000000000000000006d,220.09194101781688,HYD_0110,17.557458471951886,78.38013861373143,"{""type"":""MultiPoint"",""coordinates"":[]}"
0000000000000000006e,537.8754338892418,HYD_0111,17.557581094632745,78.38955176871904,"{""type"":""MultiPoint"",""coordinates"":[]}"
0000000000000000006f,1145.5711607122312,HYD_0112,17.557703733315257,78.39896493336282,"{""type"":""MultiPoint"",""coordinates"":[]}"
00000000000000000070,2071.391455304767,HYD_0113,17.557828604068828,78.40837808285534,"{""type"":""MultiPoint"",""coordinates"":[]}"
00000000000000000071,1818.8132855469455,HYD_0114,17.557951219857,78.41779124409129,"{""type"":""MultiPoint"",""coordinates"":[]}"
00000000000000000072,955.0661007433721,HYD_0115,17.55807382354184,78.42720442586398,"{""type"":""MultiPoint"",""coordinates"":[]}"
00000000000000000073,600.4061945108267,HYD_0116,17.558196436413176,78.43661757418121,"{""type"":""MultiPoint"",""coordinates"":[]}"
00000000000000000074,1227.214795814398,HYD_0117,17.55831796647466,78.44603112649952,"{""type"":""MultiPoint"",""coordinates"":[]}"
00000000000000000075,1262.8985444981959,HYD_0118,17.55844093271277,78.45544461673168,"{""type"":""MultiPoint"",""coordinates"":[]}"
00000000000000000076,600.0916082723169,HYD_0119,17.558562115484758,78.46485931712593,"{""type"":""MultiPoint"",""coordinates"":[]}"
00000000000000000077,424.1918249632405,HYD_0120,17.55868252458045,78.47427244828356,"{""type"":""MultiPoint"",""coordinates"":[]}"
00000000000000000078,473.387213546685,HYD_0121,17.558801797171796,78.48368597251938,"{""type"":""MultiPoint"",""coordinates"":[]}"
00000000000000000079,1471.570318516574,HYD_0122,17.55891991338633,78.49309838708598,"{""type"":""MultiPoint"",""coordinates"":[]}"
0000000000000000007a,2470.9470247171785,HYD_0123,17.559039561090113,78.5025130584123,"{""type"":""MultiPoint"",""coordinates"":[]}"
0000000000000000007b,3234.760335459834,HYD_0124,17.559158142823172,78.51192885506146,"{""type"":""MultiPoint"",""coordinates"":[]}"
0000000000000000007c,2308.0487951346204,HYD_0125,17.559276662903933,78.52134233614284,"{""type"":""MultiPoint"",""coordinates"":[]}"
0000000000000000007d,1479.239399437672,HYD_0126,17.559393736897274,78.53075589030496,"{""type"":""MultiPoint"",""coordinates"":[]}"
0000000000000000007e,1004.5528083922591,HYD_0127,17.55951112895936,78.54017053791435,"{""type"":""MultiPoint"",""coordinates"":[]}"
0000000000000000007f,1301.6148672484912,HYD_0128,17.559628945646132,78.54958406934435,"{""type"":""MultiPoint"",""coordinates"":[]}"
00000000000000000080,2092.2349430734016,HYD_0129,17.559745653020222,78.55899873503074,"{""type"":""MultiPoint"",""coordinates"":[]}"
00000000000000000081,1153.0707404251814,HYD_0130,17.559861188359175,78.56841447122146,"{""type"":""MultiPoint"",""coordinates"":[]}"
00000000000000000082,184.82094108312003,HYD_0131,17.559975637697605,78.57782837901836,"{""type"":""MultiPoint"",""coordinates"":[]}"
00000000000000000083,803.7955251962536,HYD_0132,17.56009081888807,78.58724227582816,"{""type"":""MultiPoint"",""coordinates"":[]}"
00000000000000000084,1108.285523265298,HYD_0133,17.56020493298845,78.59665809557518,"{""type"":""MultiPoint"",""coordinates"":[]}"
00000000000000000085,1508.3290608500251,HYD_0134,17.56032010074319,78.6060727294006,"{""type"":""MultiPoint"",""coordinates"":[]}"
00000000000000000086,1702.9071569395037,HYD_0135,17.560434140673667,78.6154862264686,"{""type"":""MultiPoint"",""coordinates"":[]}"
00000000000000000087,2347.669301517373,HYD_0136,17.56054605488679,78.62490202818702,"{""type"":""MultiPoint"",""coordinates"":[]}"
00000000000000000088,3058.4405241791114,HYD_0137,17.54650948466101,78.2390871875539,"{""type"":""MultiPoint"",""coordinates"":[]}"
00000000000000000089,2437.926946607455,HYD_0138,17.54663921610072,78.24849777121493,"{""type"":""MultiPoint"",""coordinates"":[]}"
0000000000000000008a,2128.673980401242,HYD_0139,17.546771501345898,78.25790945580336,"{""type"":""MultiPoint"",""coordinates"":[]}"
0000000000000000008b,2261.7656723979067,HYD_0140,17.546901554903428,78.26732111513186,"{""type"":""MultiPoint"",""coordinates"":[]}"
0000000000000000008c,2142.571437178104,HYD_0141,17.5470305243455,78.27673315214798,"{""type"":""MultiPoint"",""coordinates"":[]}"
0000000000000000008d,1455.918322384435,HYD_0142,17.54716054509241,78.28614405447837,"{""type"":""MultiPoint"",""coordinates"":[]}"
0000000000000000008e,573.4901896062731,HYD_0143,17.547289477055713,78.29555611555024,"{""type"":""MultiPoint"",""coordinates"":[]}"
0000000000000000008f,314.06784672861585,HYD_0144,17.5474165593197,78.30496929101274,"{""type"":""MultiPoint"",""coordinates"":[]}"
00000000000000000090,454.86065309209,HYD_0145,17.547544020522675,78.31438134351957,"{""type"":""MultiPoint"",""coordinates"":[]}"
00000000000000000091,1037.5115317347913,HYD_0146,17.547671495348414,78.32379193572872,"{""type"":""MultiPoint"",""coordinates"":[]}"
00000000000000000092,429.62660398344815,HYD_0147,17.547798967245043,78.33320474725173,"{""type"":""MultiPoint"",""coordinates"":[]}"
00000000000000000093,1106.9898775139748,HYD_0148,17.547924929721106,78.34261750272947,"{""type"":""MultiPoint"",""coordinates"":[]}"
00000000000000000094,2052.525731919696,HYD_0149,17.54805236505125,78.3520295467148,"{""type"":""MultiPoint"",""coordinates"":[]}"
00000000000000000095,1784.8975732397103,HYD_0150,17.548179058282784,78.36144160190456,"{""type"":""MultiPoint"",""coordinates"":[]}"
00000000000000000096,1035.0594350213523,HYD_0151,17.548303914588484,78.3708547646274,"{""type"":""MultiPoint"",""coordinates"":[]}"
00000000000000000097,849.9240338822431,HYD_0152,17.548428780853985,78.38026791494704,"{""type"":""MultiPoint"",""coordinates"":[]}"
00000000000000000098,401.8509817866227,HYD_0153,17.548551421024722,78.38968108174048,"{""type"":""MultiPoint"",""coordinates"":[]}"
00000000000000000099,1062.6122589585648,HYD_0154,17.548674412134314,78.39909313125935,"{""type"":""MultiPoint"",""coordinates"":[]}"
0000000000000000009a,1901.0252017717512,HYD_0155,17.54879891143233,78.40850515773825,"{""type"":""MultiPoint"",""coordinates"":[]}"
0000000000000000009b,1647.596580980293,HYD_0156,17.548921539383326,78.41791833690208,"{""type"":""MultiPoint"",""coordinates"":[]}"
0000000000000000009c,649.2290988700111,HYD_0157,17.54904414108751,78.42733152081398,"{""type"":""MultiPoint"",""coordinates"":[]}"
0000000000000000009d,299.12191669843855,HYD_0158,17.549166758388733,78.43674466520194,"{""type"":""MultiPoint"",""coordinates"":[]}"
0000000000000000009e,1295.3621186491023,HYD_0159,17.549287171189132,78.44615781210382,"{""type"":""MultiPoint"",""coordinates"":[]}"
0000000000000000009f,1145.8395207427957,HYD_0160,17.549408695665967,78.45557137600602,"{""type"":""MultiPoint"",""coordinates"":[]}"
000000000000000000a0,286.58134291044774,HYD_0161,17.54953131118665,78.46498377555439,"{""type"":""MultiPoint"",""coordinates"":[]}"
000000000000000000a1,921.5955487125021,HYD_0162,17.549651730997795,78.47439768911289,"{""type"":""MultiPoint"",""coordinates"":[]}"
000000000000000000a2,990.0446463388715,HYD_0163,17.549769884738293,78.48381006532676,"{""type"":""MultiPoint"",""coordinates"":[]}"
000000000000000000a3,1547.9655778108104,HYD_0164,17.54988915525159,78.49322364045914,"{""type"":""MultiPoint"",""coordinates"":[]}"
000000000000000000a4,2241.38255300945,HYD_0165,17.550009545492557,78.50263682654308,"{""type"":""MultiPoint"",""coordinates"":[]}"
000000000000000000a5,3069.5817103103504,HYD_0166,17.550128057274417,78.51205106785035,"{""type"":""MultiPoint"",""coordinates"":[]}"
000000000000000000a6,2070.062016414479,HYD_0167,17.55024586059235,78.52146536000654,"{""type"":""MultiPoint"",""coordinates"":[]}"
000000000000000000a7,1070.691120209618,HYD_0168,17.550364036664266,78.53087851496088,"{""type"":""MultiPoint"",""coordinates"":[]}"
000000000000000000a8,74.12056163067783,HYD_0169,17.5504799639144,78.54029169366748,"{""type"":""MultiPoint"",""coordinates"":[]}"
000000000000000000a9,842.4618047562262,HYD_0170,17.550596668600456,78.54970637170624,"{""type"":""MultiPoint"",""coordinates"":[]}"
000000000000000000aa,1842.1150266043653,HYD_0171,17.550714420316023,78.55912133446253,"{""type"":""MultiPoint"",""coordinates"":[]}"
000000000000000000ab,1446.1358673190084,HYD_0172,17.550828881728634,78.56853524243876,"{""type"":""MultiPoint"",""coordinates"":[]}"
000000000000000000ac,893.1759783065165,HYD_0173,17.550943735328175,78.57794879628719,"{""type"":""MultiPoint"",""coordinates"":[]}"
000000000000000000ad,539.3265330559218,HYD_0174,17.551059687133836,78.58736195970273,"{""type"":""MultiPoint"",""coordinates"":[]}"
000000000000000000ae,405.32420410428614,HYD_0175,17.551174867810353,78.59677659695143,"{""type"":""MultiPoint"",""coordinates"":[]}"
000000000000000000af,525.9443110408113,HYD_0176,17.55128782319929,78.60619122458712,"{""type"":""MultiPoint"",""coordinates"":[]}"
000000000000000000b0,949.1866632182227,HYD_0177,17.55140189516244,78.61560627718418,"{""type"":""MultiPoint"",""coordinates"":[]}"
000000000000000000b1,1874.261708509762,HYD_0178,17.551515941062622,78.62501977451866,"{""type"":""MultiPoint"",""coordinates"":[]}"
000000000000000000b2,2850.1442584829706,HYD_0179,17.55162821540411,78.63443444931252,"{""type"":""MultiPoint"",""coordinates"":[]}"
000000000000000000b3,2473.5607119001984,HYD_0180,17.537479115158007,78.239223212965,"{""type"":""MultiPoint"",""coordinates"":[]}"
000000000000000000b4,1645.7283692923118,HYD_0181,17.537611400982993,78.24863414819143,"{""type"":""MultiPoint"",""coordinates"":[]}"
000000000000000000b5,1138.1798372364779,HYD_0182,17.537742211492905,78.25804509206911,"{""type"":""MultiPoint"",""coordinates"":[]}"
000000000000000000b6,1371.0201903372492,HYD_0183,17.53787222760345,78.26745599159287,"{""type"":""MultiPoint"",""coordinates"":[]}"
000000000000000000b7,1678.116077032444,HYD_0184,17.538001192026638,78.2768680609508,"{""type"":""MultiPoint"",""coordinates"":[]}"
000000000000000000b8,748.235593952113,HYD_0185,17.538130504669976,78.2862789650833,"{""type"":""MultiPoint"",""coordinates"":[]}"
000000000000000000b9,481.9852311888847,HYD_0186,17.53825981419916,78.29568989558886,"{""type"":""MultiPoint"",""coordinates"":[]}"
000000000000000000ba,754.6721723685956,HYD_0187,17.538387997710743,78.30510268065385,"{""type"":""MultiPoint"",""coordinates"":[]}"
000000000000000000bb,742.2434654539707,HYD_0188,17.538515113546882,78.3145143880432,"{""type"":""MultiPoint"",""coordinates"":[]}"
000000000000000000bc,1503.3585139314505,HYD_0189,17.538643325273124,78.32392494013307,"{""type"":""MultiPoint"",""coordinates"":[]}"
000000000000000000bd,1426.5733431799692,HYD_0190,17.53877074173941,78.33333696730057,"{""type"":""MultiPoint"",""coordinates"":[]}"
000000000000000000be,1772.5026098013882,HYD_0191,17.53889522504115,78.34274903706097,"{""type"":""MultiPoint"",""coordinates"":[]}"
000000000000000000bf,2486.290500823938,HYD_0192,17.539021962628652,78.35216110488933,"{""type"":""MultiPoint"",""coordinates"":[]}"
000000000000000000c0,2444.8469682328987,HYD_0193,17.539149756944205,78.36157200967443,"{""type"":""MultiPoint"",""coordinates"":[]}"
000000000000000000c1,1919.8265003394263,HYD_0194,17.53927424920601,78.3709840714251,"{""type"":""MultiPoint"",""coordinates"":[]}"
000000000000000000c2,1574.522919434264,HYD_0195,17.53939911237893,78.38039722372181,"{""type"":""MultiPoint"",""coordinates"":[]}"
000000000000000000c3,1401.2108288752727,HYD_0196,17.539521763555612,78.38981039294062,"{""type"":""MultiPoint"",""coordinates"":[]}"
000000000000000000c4,1454.2600251382507,HYD_0197,17.539644383250582,78.3992213347634,"{""type"":""MultiPoint"",""coordinates"":[]}"
000000000000000000c5,1052.705366103745,HYD_0198,17.539769213705075,78.40863226941781,"{""type"":""MultiPoint"",""coordinates"":[]}"
000000000000000000c6,797.1348136455887,HYD_0199,17.539891859088705,78.41804542975784,"{""type"":""MultiPoint"",""coordinates"":[]}"
000000000000000000c7,1093.4597098357094,HYD_0200,17.54001447303215,78.42745860150029,"{""type"":""MultiPoint"",""coordinates"":[]}"
000000000000000000c8,919.5906560666505,HYD_0201,17.540137102745128,78.43687176390289,"{""type"":""MultiPoint"",""coordinates"":[]}"
000000000000000000c9,1579.1579724130047,HYD_0202,17.54025785298955,78.44628378263488,"{""type"":""MultiPoint"",""coordinates"":[]}"
000000000000000000ca,1684.2633594619492,HYD_0203,17.54037790025738,78.45569583859881,"{""type"":""MultiPoint"",""coordinates"":[]}"
000000000000000000cb,1267.0671766094117,HYD_0204,17.540499397310953,78.46510940540371,"{""type"":""MultiPoint"",""coordinates"":[]}"
000000000000000000cc,1198.448711500667,HYD_0205,17.540619791184344,78.47452179332612,"{""type"":""MultiPoint"",""coordinates"":[]}"
000000000000000000cd,352.9235498036382,HYD_0206,17.540739091181774,78.48393532350714,"{""type"":""MultiPoint"",""coordinates"":[]}"
000000000000000000ce,874.0614521167405,HYD_0207,17.54085946867407,78.49334849355083,"{""type"":""MultiPoint"",""coordinates"":[]}"
000000000000000000cf,1841.6478241186308,HYD_0208,17.5409787630896,78.50276206183847,"{""type"":""MultiPoint"",""coordinates"":[]}"
000000000000000000d0,2831.410344225671,HYD_0209,17.54109690384284,78.51217442277883,"{""type"":""MultiPoint"",""coordinates"":[]}"
000000000000000000d1,2276.495798667121,HYD_0210,17.541215080291742,78.52158837612377,"{""type"":""MultiPoint"",""coordinates"":[]}"
000000000000000000d2,1429.8248012830932,HYD_0211,17.541333229751757,78.53100075471554,"{""type"":""MultiPoint"",""coordinates"":[]}"
000000000000000000d3,950.9396872874935,HYD_0212,17.54145031498705,78.54041431465838,"{""type"":""MultiPoint"",""coordinates"":[]}"
000000000000000000d4,1312.8880506565356,HYD_0213,17.541566581222575,78.54982858250587,"{""type"":""MultiPoint"",""coordinates"":[]}"
000000000000000000d5,2099.412771387549,HYD_0214,17.541682144899067,78.55924284586703,"{""type"":""MultiPoint"",""coordinates"":[]}"
000000000000000000d6,1857.899223296275,HYD_0215,17.541798090697203,78.56865602124267,"{""type"":""MultiPoint"",""coordinates"":[]}"
000000000000000000d7,1418.8643829813877,HYD_0216,17.541914048450028,78.57806919155806,"{""type"":""MultiPoint"",""coordinates"":[]}"
000000000000000000d8,1081.2964554261055,HYD_0217,17.542028891592206,78.5874827517296,"{""type"":""MultiPoint"",""coordinates"":[]}"
000000000000000000d9,1045.5029655385724,HYD_0218,17.54214255985908,78.59689510333509,"{""type"":""MultiPoint"",""coordinates"":[]}"
000000000000000000da,469.5897408802341,HYD_0219,17.542257761024548,78.60630974381193,"{""type"":""MultiPoint"",""coordinates"":[]}"
000000000000000000db,944.921462173074,HYD_0220,17.542371111085238,78.61572404714565,"{""type"":""MultiPoint"",""coordinates"":[]}"
000000000000000000dc,1874.1203932970288,HYD_0221,17.54248371015262,78.62513761364123,"{""type"":""MultiPoint"",""coordinates"":[]}"
000000000000000000dd,2849.9800914347156,HYD_0222,17.542597049263104,78.63455112469487,"{""type"":""MultiPoint"",""coordinates"":[]}"
000000000000000000de,2191.736209245555,HYD_0223,17.528450887060252,78.23935993586458,"{""type"":""MultiPoint"",""coordinates"":[]}"
000000000000000000df,1205.7785276819923,HYD_0224,17.528582471185103,78.24877164394442,"{""type"":""MultiPoint"",""coordinates"":[]}"
000000000000000000e0,239.4160114598951,HYD_0225,17.52871323922994,78.25818108544884,"{""type"":""MultiPoint"",""coordinates"":[]}"
000000000000000000e1,667.2875291432504,HYD_0226,17.52884183891538,78.26759203895217,"{""type"":""MultiPoint"",""coordinates"":[]}"
000000000000000000e2,1404.0047210190148,HYD_0227,17.528971851898635,78.27700293238105,"{""type"":""MultiPoint"",""coordinates"":[]}"
000000000000000000e3,830.2855566392882,HYD_0228,17.52910046495863,78.28641387557657,"{""type"":""MultiPoint"",""coordinates"":[]}"
000000000000000000e4,657.8712597916211,HYD_0229,17.529230505472533,78.29582477218746,"{""type"":""MultiPoint"",""coordinates"":[]}"
000000000000000000e5,695.356262035411,HYD_0230,17.529359812479886,78.305235708408,"{""type"":""MultiPoint"",""coordinates"":[]}"
000000000000000000e6,1209.153753459077,HYD_0231,17.529486186745295,78.31464669063735,"{""type"":""MultiPoint"",""coordinates"":[]}"
000000000000000000e7,606.9739136764834,HYD_0232,17.529613993234232,78.32405758708947,"{""type"":""MultiPoint"",""coordinates"":[]}"
000000000000000000e8,615.7675234009654,HYD_0233,17.529740372465607,78.33346852687389,"{""type"":""MultiPoint"",""coordinates"":[]}"
000000000000000000e9,1077.470467213017,HYD_0234,17.529866687944573,78.3428801924047,"{""type"":""MultiPoint"",""coordinates"":[]}"
000000000000000000ea,1929.9991587465972,HYD_0235,17.52999412017489,78.35229301341502,"{""type"":""MultiPoint"",""coordinates"":[]}"
000000000000000000eb,2164.09475089363,HYD_0236,17.530119365766794,78.36170355501906,"{""type"":""MultiPoint"",""coordinates"":[]}"
000000000000000000ec,1388.1291453728015,HYD_0237,17.53024493708985,78.37111445885147,"{""type"":""MultiPoint"",""coordinates"":[]}"
000000000000000000ed,671.6983369378371,HYD_0238,17.53036943667869,78.38052654054654,"{""type"":""MultiPoint"",""coordinates"":[]}"
000000000000000000ee,634.8448592220567,HYD_0239,17.530492085029874,78.3899397116661,"{""type"":""MultiPoint"",""coordinates"":[]}"
000000000000000000ef,749.6885356372851,HYD_0240,17.53061470817966,78.39935064943121,"{""type"":""MultiPoint"",""coordinates"":[]}"
000000000000000000f0,390.18224507857565,HYD_0241,17.530739549439925,78.40876157094604,"{""type"":""MultiPoint"",""coordinates"":[]}"
000000000000000000f1,230.44909523746355,HYD_0242,17.53086217932918,78.41817476367905,"{""type"":""MultiPoint"",""coordinates"":[]}"
000000000000000000f2,1170.175857071835,HYD_0243,17.530985179903716,78.4275867998835,"{""type"":""MultiPoint"",""coordinates"":[]}"
000000000000000000f3,1887.932682868029,HYD_0244,17.531107425611193,78.43699885456213,"{""type"":""MultiPoint"",""coordinates"":[]}"
000000000000000000f4,2182.182498261827,HYD_0245,17.53122744480468,78.44641088866166,"{""type"":""MultiPoint"",""coordinates"":[]}"
000000000000000000f5,1245.7078183252086,HYD_0246,17.53134855972743,78.45582181874141,"{""type"":""MultiPoint"",""coordinates"":[]}"
000000000000000000f6,582.2173132116353,HYD_0247,17.531468608012943,78.4652338641309,"{""type"":""MultiPoint"",""coordinates"":[]}"
000000000000000000f7,645.1686951851044,HYD_0248,17.531589007243408,78.4746470409474,"{""type"":""MultiPoint"",""coordinates"":[]}"
000000000000000000f8,671.5624647994621,HYD_0249,17.531709399656297,78.48406018023213,"{""type"":""MultiPoint"",""coordinates"":[]}"
000000000000000000f9,1062.7964030743826,HYD_0250,17.53182978277403,78.49347334644426,"{""type"":""MultiPoint"",""coordinates"":[]}"
000000000000000000fa,1938.2930145058576,HYD_0251,17.531948316963167,78.50288539387321,"{""type"":""MultiPoint"",""coordinates"":[]}"
000000000000000000fb,2895.2265565327407,HYD_0252,17.532066140909542,78.51229746528965,"{""type"":""MultiPoint"",""coordinates"":[]}"
000000000000000000fc,2842.1280641006424,HYD_0253,17.53218428953526,78.52171061161586,"{""type"":""MultiPoint"",""coordinates"":[]}"
000000000000000000fd,2222.510210140369,HYD_0254,17.532301355028313,78.53112415285484,"{""type"":""MultiPoint"",""coordinates"":[]}"
000000000000000000fe,1949.1598935985155,HYD_0255,17.532419523677536,78.54053655699042,"{""type"":""MultiPoint"",""coordinates"":[]}"
000000000000000000ff,2158.093202125732,HYD_0256,17.53253655307694,78.54995009689648,"{""type"":""MultiPoint"",""coordinates"":[]}"
00000000000000000100,2255.253948357758,HYD_0257,17.532652493572186,78.55936324194181,"{""type"":""MultiPoint"",""coordinates"":[]}"
00000000000000000101,1284.1370696510012,HYD_0258,17.532768424545853,78.56877640617921,"{""type"":""MultiPoint"",""coordinates"":[]}"
00000000000000000102,458.3445667338266,HYD_0259,17.532883257208354,78.57818995960722,"{""type"":""MultiPoint"",""coordinates"":[]}"
00000000000000000103,811.2063328457667,HYD_0260,17.532996948335807,78.58760234799777,"{""type"":""MultiPoint"",""coordinates"":[]}"
00000000000000000104,822.3696827953801,HYD_0261,17.53311176766266,78.59701591301355,"{""type"":""MultiPoint"",""coordinates"":[]}"
00000000000000000105,1449.0408749391315,HYD_0262,17.53322661861507,78.60642944896207,"{""type"":""MultiPoint"",""coordinates"":[]}"
00000000000000000106,1664.9250834382717,HYD_0263,17.533340305795104,78.61584182482201,"{""type"":""MultiPoint"",""coordinates"":[]}"
00000000000000000107,2332.9883803687194,HYD_0264,17.53345290794798,78.62525539387849,"{""type"":""MultiPoint"",""coordinates"":[]}"
00000000000000000108,3180.025740879687,HYD_0265,17.533565877946305,78.6346700697182,"{""type"":""MultiPoint"",""coordinates"":[]}"
00000000000000000109,2247.1880657282622,HYD_0266,17.519423805790844,78.23949782918456,"{""type"":""MultiPoint"",""coordinates"":[]}"
0000000000000000010a,1251.2150509759838,HYD_0267,17.519553876074724,78.2489072791803,"{""type"":""MultiPoint"",""coordinates"":[]}"
0000000000000000010b,256.27056991405584,HYD_0268,17.51968284342951,78.25831709973302,"{""type"":""MultiPoint"",""coordinates"":[]}"
0000000000000000010c,204.77590351335664,HYD_0269,17.51981396789332,78.26772761155136,"{""type"":""MultiPoint"",""coordinates"":[]}"
0000000000000000010d,692.2397298255518,HYD_0270,17.51994406297343,78.2771378333428,"{""type"":""MultiPoint"",""coordinates"":[]}"
0000000000000000010e,1552.4807558740906,HYD_0271,17.520072279005095,78.28654915768148,"{""type"":""MultiPoint"",""coordinates"":[]}"
0000000000000000010f,1018.1753561700336,HYD_0272,17.520200468309593,78.29595967801367,"{""type"":""MultiPoint"",""coordinates"":[]}"
00000000000000000110,275.1456285688397,HYD_0273,17.520329777388913,78.30536837935404,"{""type"":""MultiPoint"",""coordinates"":[]}"
00000000000000000111,1034.7988555080035,HYD_0274,17.520456860571475,78.31477932038385,"{""type"":""MultiPoint"",""coordinates"":[]}"
00000000000000000112,277.0908948526296,HYD_0275,17.52058393292063,78.32419026308537,"{""type"":""MultiPoint"",""coordinates"":[]}"
00000000000000000113,53.05982148488986,HYD_0276,17.520711037792065,78.33360120570315,"{""type"":""MultiPoint"",""coordinates"":[]}"
00000000000000000114,824.4334878955732,HYD_0277,17.52083848456488,78.34301324434973,"{""type"":""MultiPoint"",""coordinates"":[]}"
00000000000000000115,1800.7594117384658,HYD_0278,17.520965197723022,78.35242305995985,"{""type"":""MultiPoint"",""coordinates"":[]}"
00000000000000000116,1880.3213513107476,HYD_0279,17.52109003917496,78.36183399138362,"{""type"":""MultiPoint"",""coordinates"":[]}"
00000000000000000117,882.5786971466443,HYD_0280,17.52121489925825,78.37124491849431,"{""type"":""MultiPoint"",""coordinates"":[]}"
00000000000000000118,118.1635892157803,HYD_0281,17.521339756448704,78.38065586319775,"{""type"":""MultiPoint"",""coordinates"":[]}"
00000000000000000119,456.4034428455318,HYD_0282,17.521462741094265,78.39006792094247,"{""type"":""MultiPoint"",""coordinates"":[]}"
0000000000000000011a,978.7456244197559,HYD_0283,17.521584659406024,78.39947884483485,"{""type"":""MultiPoint"",""coordinates"":[]}"
0000000000000000011b,755.8740732168343,HYD_0284,17.52170987931402,78.40889088135401,"{""type"":""MultiPoint"",""coordinates"":[]}"
0000000000000000011c,1114.994852596852,HYD_0285,17.52183287565628,78.41830294421256,"{""type"":""MultiPoint"",""coordinates"":[]}"
0000000000000000011d,1631.4232849484295,HYD_0286,17.52195478493245,78.42771390925166,"{""type"":""MultiPoint"",""coordinates"":[]}"
0000000000000000011e,2465.166495995327,HYD_0287,17.52207809673726,78.43712479116336,"{""type"":""MultiPoint"",""coordinates"":[]}"
0000000000000000011f,2103.78688624058,HYD_0288,17.522198143463786,78.44653687464292,"{""type"":""MultiPoint"",""coordinates"":[]}"
00000000000000000120,1106.3836875373859,HYD_0289,17.522318179919104,78.45594891303773,"{""type"":""MultiPoint"",""coordinates"":[]}"
00000000000000000121,142.55394253343778,HYD_0290,17.52243929590004,78.46535983253382,"{""type"":""MultiPoint"",""coordinates"":[]}"
00000000000000000122,129.63763859985207,HYD_0291,17.52255933980322,78.47477188755538,"{""type"":""MultiPoint"",""coordinates"":[]}"
00000000000000000123,1126.046002750177,HYD_0292,17.522679731991794,78.48418504457635,"{""type"":""MultiPoint"",""coordinates"":[]}"
00000000000000000124,1855.3812731922735,HYD_0293,17.52280048191344,78.49359706959116,"{""type"":""MultiPoint"",""coordinates"":[]}"
00000000000000000125,2473.8797563581043,HYD_0294,17.522917927849573,78.50300803058651,"{""type"":""MultiPoint"",""coordinates"":[]}"
00000000000000000126,3278.008803524082,HYD_0295,17.52303645018012,78.5124200768402,"{""type"":""MultiPoint"",""coordinates"":[]}"
00000000000000000127,3601.4329550317516,HYD_0296,17.52315459953779,78.52183324075695,"{""type"":""MultiPoint"",""coordinates"":[]}"
00000000000000000128,3135.7645289347556,HYD_0297,17.523270897622226,78.53124526987068,"{""type"":""MultiPoint"",""coordinates"":[]}"
00000000000000000129,2948.415660618982,HYD_0298,17.523387608861917,78.54065770410686,"{""type"":""MultiPoint"",""coordinates"":[]}"
0000000000000000012a,3006.414290690414,HYD_0299,17.523505758506012,78.55007009660959,"{""type"":""MultiPoint"",""coordinates"":[]}"
0000000000000000012b,2290.1739481951477,HYD_0300,17.523621719536962,78.5594840317602,"{""type"":""MultiPoint"",""coordinates"":[]}"
0000000000000000012c,1344.829161282028,HYD_0301,17.523736530700482,78.5688967969378,"{""type"":""MultiPoint"",""coordinates"":[]}"
0000000000000000012d,608.6983637403289,HYD_0302,17.523851330402284,78.57830958244998,"{""type"":""MultiPoint"",""coordinates"":[]}"
0000000000000000012e,418.9181912414275,HYD_0303,17.52396652258972,78.58772199757672,"{""type"":""MultiPoint"",""coordinates"":[]}"
0000000000000000012f,441.9580349970958,HYD_0304,17.524080993121657,78.5971344556078,"{""type"":""MultiPoint"",""coordinates"":[]}"
00000000000000000130,1419.864424353664,HYD_0305,17.52419467100172,78.60654684314446,"{""type"":""MultiPoint"",""coordinates"":[]}"
00000000000000000131,2415.702171721772,HYD_0306,17.52430841806437,78.61596076048055,"{""type"":""MultiPoint"",""coordinates"":[]}"
00000000000000000132,3052.9263315490603,HYD_0307,17.524422126979605,78.6253731684568,"{""type"":""MultiPoint"",""coordinates"":[]}"
00000000000000000133,3740.2970640395524,HYD_0308,17.524534705643593,78.63478672310032,"{""type"":""MultiPoint"",""coordinates"":[]}"
00000000000000000134,4303.246539694046,HYD_0309,17.524646173433155,78.64419988160182,"{""type"":""MultiPoint"",""coordinates"":[]}"
00000000000000000135,2480.9607819061757,HYD_0310,17.510394894853842,78.23963455048592,"{""type"":""MultiPoint"",""coordinates"":[]}"
00000000000000000136,1629.5091429449928,HYD_0311,17.510524199943326,78.24904328355849,"{""type"":""MultiPoint"",""coordinates"":[]}"
00000000000000000137,1030.0928453567424,HYD_0312,17.510654989600393,78.25845270792203,"{""type"":""MultiPoint"",""coordinates"":[]}"
00000000000000000138,502.88114769197557,HYD_0313,17.510786202843352,78.26786330381614,"{""type"":""MultiPoint"",""coordinates"":[]}"
00000000000000000139,636.3796018559693,HYD_0314,17.51091663108444,78.27727161552629,"{""type"":""MultiPoint"",""coordinates"":[]}"
0000000000000000013a,1544.6786896759645,HYD_0315,17.511044812381172,78.28668214779742,"{""type"":""MultiPoint"",""coordinates"":[]}"
0000000000000000013b,1607.5310791075929,HYD_0316,17.5111719090501,78.29609383551914,"{""type"":""MultiPoint"",""coordinates"":[]}"
0000000000000000013c,1274.100278395365,HYD_0317,17.511300097931223,78.30550214671587,"{""type"":""MultiPoint"",""coordinates"":[]}"
0000000000000000013d,1630.7273945213758,HYD_0318,17.511428637641245,78.31491157950893,"{""type"":""MultiPoint"",""coordinates"":[]}"
0000000000000000013e,782.7085392214002,HYD_0319,17.511555009556005,78.32432330967174,"{""type"":""MultiPoint"",""coordinates"":[]}"
0000000000000000013f,524.2248011828816,HYD_0320,17.511681697105473,78.33373386234265,"{""type"":""MultiPoint"",""coordinates"":[]}"
00000000000000000140,975.047912448789,HYD_0321,17.511808440001065,78.34314370386979,"{""type"":""MultiPoint"",""coordinates"":[]}"
00000000000000000141,1522.2969270243038,HYD_0322,17.511935149407307,78.35255352127851,"{""type"":""MultiPoint"",""coordinates"":[]}"
00000000000000000142,2080.7872038661562,HYD_0323,17.512060708855238,78.36196443371045,"{""type"":""MultiPoint"",""coordinates"":[]}"
00000000000000000143,1254.6100303163191,HYD_0324,17.512185219013052,78.37137426056398,"{""type"":""MultiPoint"",""coordinates"":[]}"
00000000000000000144,903.1524370428252,HYD_0325,17.51231007904042,78.38078520111999,"{""type"":""MultiPoint"",""coordinates"":[]}"
00000000000000000145,276.4363364015473,HYD_0326,17.512432691552885,78.39019613550386,"{""type"":""MultiPoint"",""coordinates"":[]}"
00000000000000000146,92.27211314711319,HYD_0327,17.51255531551321,78.39960707122708,"{""type"":""MultiPoint"",""coordinates"":[]}"
00000000000000000147,828.7680872180141,HYD_0328,17.512680552002205,78.4090190733573,"{""type"":""MultiPoint"",""coordinates"":[]}"
00000000000000000148,1703.474410832734,HYD_0329,17.51280248444641,78.41843003542078,"{""type"":""MultiPoint"",""coordinates"":[]}"
00000000000000000149,2418.4821040909665,HYD_0330,17.51292581206096,78.4278409389879,"{""type"":""MultiPoint"",""coordinates"":[]}"
0000000000000000014a,3043.85551993375,HYD_0331,17.513047722149295,78.43725189652712,"{""type"":""MultiPoint"",""coordinates"":[]}"
0000000000000000014b,2371.2317661803236,HYD_0332,17.51316881514251,78.44666281330639,"{""type"":""MultiPoint"",""coordinates"":[]}"
0000000000000000014c,1555.934082202748,HYD_0333,17.513288862893692,78.45607488730161,"{""type"":""MultiPoint"",""coordinates"":[]}"
0000000000000000014d,1034.855695775175,HYD_0334,17.513409234107638,78.46548580636838,"{""type"":""MultiPoint"",""coordinates"":[]}"
0000000000000000014e,935.9399211375014,HYD_0335,17.51352965266475,78.47489674178206,"{""type"":""MultiPoint"",""coordinates"":[]}"
0000000000000000014f,1485.179571091856,HYD_0336,17.51365005833817,78.48430988670778,"{""type"":""MultiPoint"",""coordinates"":[]}"
00000000000000000150,2335.5742345171416,HYD_0337,17.51376933289355,78.49372121251211,"{""type"":""MultiPoint"",""coordinates"":[]}"
00000000000000000151,3229.643881348377,HYD_0338,17.513887476897093,78.50313135506292,"{""type"":""MultiPoint"",""coordinates"":[]}"
00000000000000000152,3886.831236346835,HYD_0339,17.514006011305984,78.51254418429265,"{""type"":""MultiPoint"",""coordinates"":[]}"
00000000000000000153,3906.86960098633,HYD_0340,17.514123804468092,78.52195548423016,"{""type"":""MultiPoint"",""coordinates"":[]}"
00000000000000000154,3115.5667208460327,HYD_0341,17.514240503775564,78.53136792187678,"{""type"":""MultiPoint"",""coordinates"":[]}"
00000000000000000155,2436.666752809424,HYD_0342,17.51435715483486,78.5407788387479,"{""type"":""MultiPoint"",""coordinates"":[]}"
00000000000000000156,2021.7540961871707,HYD_0343,17.514473855479913,78.55019128348225,"{""type"":""MultiPoint"",""coordinates"":[]}"
00000000000000000157,2058.1132336290257,HYD_0344,17.514589763186475,78.55960364784248,"{""type"":""MultiPoint"",""coordinates"":[]}"
00000000000000000158,1985.6682600186223,HYD_0345,17.514704609246024,78.56901721889072,"{""type"":""MultiPoint"",""coordinates"":[]}"
00000000000000000159,1582.5459773574662,HYD_0346,17.514820909018866,78.57842925495632,"{""type"":""MultiPoint"",""coordinates"":[]}"
0000000000000000015a,1239.7002518935365,HYD_0347,17.514936124656913,78.58784019286963,"{""type"":""MultiPoint"",""coordinates"":[]}"
0000000000000000015b,1145.9346372714108,HYD_0348,17.515050172082564,78.59725221186379,"{""type"":""MultiPoint"",""coordinates"":[]}"
0000000000000000015c,1400.3388011738668,HYD_0349,17.51516388529184,78.60666539016214,"{""type"":""MultiPoint"",""coordinates"":[]}"
0000000000000000015d,2140.059465556339,HYD_0350,17.515277610836776,78.61607855932253,"{""type"":""MultiPoint"",""coordinates"":[]}"
0000000000000000015e,3032.6421588481526,HYD_0351,17.51539058390415,78.62549097867506,"{""type"":""MultiPoint"",""coordinates"":[]}"
0000000000000000015f,3159.299441265249,HYD_0352,17.515502786592503,78.63490263510114,"{""type"":""MultiPoint"",""coordinates"":[]}"
00000000000000000160,3347.542580324653,HYD_0353,17.515614266392802,78.64431583378574,"{""type"":""MultiPoint"",""coordinates"":[]}"
00000000000000000161,3798.6619889821154,HYD_0354,17.515725741741374,78.65372899035134,"{""type"":""MultiPoint"",""coordinates"":[]}"
00000000000000000162,2486.330784976245,HYD_0355,17.501365211935425,78.23977053931951,"{""type"":""MultiPoint"",""coordinates"":[]}"
00000000000000000163,1665.3042373019662,HYD_0356,17.501495646867216,78.24917889643031,"{""type"":""MultiPoint"",""coordinates"":[]}"
00000000000000000164,1146.304545904082,HYD_0357,17.50162719682406,78.25858837468945,"{""type"":""MultiPoint"",""coordinates"":[]}"
00000000000000000165,982.5022118547263,HYD_0358,17.50175759967152,78.26799668249195,"{""type"":""MultiPoint"",""coordinates"":[]}"
00000000000000000166,1372.7708969154946,HYD_0359,17.50188655957445,78.2774064937512,"{""type"":""MultiPoint"",""coordinates"":[]}"
00000000000000000167,2047.245587653988,HYD_0360,17.502016614900352,78.28681740049099,"{""type"":""MultiPoint"",""coordinates"":[]}"
00000000000000000168,2475.7077163817926,HYD_0361,17.502143332379624,78.29622723687483,"{""type"":""MultiPoint"",""coordinates"":[]}"
00000000000000000169,2273.494199384176,HYD_0362,17.502270421589856,78.30563591390224,"{""type"":""MultiPoint"",""coordinates"":[]}"
0000000000000000016a,2189.9893936385893,HYD_0363,17.50239973007497,78.31504461606491,"{""type"":""MultiPoint"",""coordinates"":[]}"
0000000000000000016b,1591.4352439758582,HYD_0364,17.502527145609328,78.32445443099739,"{""type"":""MultiPoint"",""coordinates"":[]}"
0000000000000000016c,786.4355769803483,HYD_0365,17.502651318678648,78.33386540785419,"{""type"":""MultiPoint"",""coordinates"":[]}"
0000000000000000016d,188.749729047842,HYD_0366,17.502778742829932,78.34327522224164,"{""type"":""MultiPoint"",""coordinates"":[]}"
0000000000000000016e,1184.1717082818425,HYD_0367,17.50290618418939,78.35268503632301,"{""type"":""MultiPoint"",""coordinates"":[]}"
0000000000000000016f,2086.54932510097,HYD_0368,17.50303069363867,78.36209486159322,"{""type"":""MultiPoint"",""coordinates"":[]}"
00000000000000000170,2088.606869875215,HYD_0369,17.503155200799057,78.37150470563768,"{""type"":""MultiPoint"",""coordinates"":[]}"
00000000000000000171,1437.5246438699533,HYD_0370,17.503280756669838,78.38091561958157,"{""type"":""MultiPoint"",""coordinates"":[]}"
00000000000000000172,732.4713788259621,HYD_0371,17.503403019843837,78.39032545374714,"{""type"":""MultiPoint"",""coordinates"":[]}"
00000000000000000173,598.2559313993572,HYD_0372,17.503525654908945,78.39973639182543,"{""type"":""MultiPoint"",""coordinates"":[]}"
00000000000000000174,300.33551535000646,HYD_0373,17.50365050680778,78.40914730141981,"{""type"":""MultiPoint"",""coordinates"":[]}"
00000000000000000175,1172.7175979884803,HYD_0374,17.50377348893361,78.41855709246552,"{""type"":""MultiPoint"",""coordinates"":[]}"
00000000000000000176,2158.3479999372894,HYD_0375,17.503894298703337,78.42796842590008,"{""type"":""MultiPoint"",""coordinates"":[]}"
00000000000000000177,3152.658438760836,HYD_0376,17.504017615607466,78.43737857220813,"{""type"":""MultiPoint"",""coordinates"":[]}"
00000000000000000178,2969.4219809734236,HYD_0377,17.504138789369044,78.44678881242095,"{""type"":""MultiPoint"",""coordinates"":[]}"
00000000000000000179,2369.7755788692916,HYD_0378,17.504259168334755,78.45619971872956,"{""type"":""MultiPoint"",""coordinates"":[]}"
0000000000000000017a,1951.7524505414522,HYD_0379,17.504379550789867,78.4656106582064,"{""type"":""MultiPoint"",""coordinates"":[]}"
0000000000000000017b,1892.0917678144704,HYD_0380,17.50449994619522,78.4750215734311,"{""type"":""MultiPoint"",""coordinates"":[]}"
0000000000000000017c,2267.352483929572,HYD_0381,17.504620734911725,78.484433620978,"{""type"":""MultiPoint"",""coordinates"":[]}"
0000000000000000017d,2896.66649966409,HYD_0382,17.50473816704478,78.49384459808651,"{""type"":""MultiPoint"",""coordinates"":[]}"
0000000000000000017e,3533.2691763610023,HYD_0383,17.5048570298685,78.50325550296536,"{""type"":""MultiPoint"",""coordinates"":[]}"
0000000000000000017f,3925.2111691951213,HYD_0384,17.504974497916518,78.51266643020723,"{""type"":""MultiPoint"",""coordinates"":[]}"
00000000000000000180,3466.6433375561764,HYD_0385,17.50509337899008,78.522077362008,"{""type"":""MultiPoint"",""coordinates"":[]}"
00000000000000000181,2541.8399855650714,HYD_0386,17.50521119484423,78.5314894321048,"{""type"":""MultiPoint"",""coordinates"":[]}"
00000000000000000182,1703.618210085558,HYD_0387,17.50532676224364,78.5409014798119,"{""type"":""MultiPoint"",""coordinates"":[]}"
00000000000000000183,1065.6013325422953,HYD_0388,17.505443388664048,78.55031239117871,"{""type"":""MultiPoint"",""coordinates"":[]}"
00000000000000000184,1133.0551840179166,HYD_0389,17.50555896623543,78.55972445102002,"{""type"":""MultiPoint"",""coordinates"":[]}"
00000000000000000185,1832.1619292006083,HYD_0390,17.5056749353754,78.56913761754225,"{""type"":""MultiPoint"",""coordinates"":[]}"
00000000000000000186,2092.5967675992156,HYD_0391,17.50579088461733,78.57854854949161,"{""type"":""MultiPoint"",""coordinates"":[]}"
00000000000000000187,1109.3008202824954,HYD_0392,17.50590570593532,78.58795983991625,"{""type"":""MultiPoint"",""coordinates"":[]}"
00000000000000000188,175.54981533909114,HYD_0393,17.506019373269574,78.59737222763682,"{""type"":""MultiPoint"",""coordinates"":[]}"
00000000000000000189,822.6361824138093,HYD_0394,17.506133446599435,78.60678503673687,"{""type"":""MultiPoint"",""coordinates"":[]}"
0000000000000000018a,1815.2960197762106,HYD_0395,17.50624680380618,78.61619634475791,"{""type"":""MultiPoint"",""coordinates"":[]}"
0000000000000000018b,2332.6600118297983,HYD_0396,17.506359045701434,78.62560877080266,"{""type"":""MultiPoint"",""coordinates"":[]}"
0000000000000000018c,2160.597878744461,HYD_0397,17.506471245176705,78.63501969174045,"{""type"":""MultiPoint"",""coordinates"":[]}"
0000000000000000018d,2427.5214032077756,HYD_0398,17.506582353523676,78.64443174849575,"{""type"":""MultiPoint"",""coordinates"":[]}"
0000000000000000018e,2983.4948390074837,HYD_0399,17.50669383888477,78.65384491734811,"{""type"":""MultiPoint"",""coordinates"":[]}"
0000000000000000018f,1215.0294533929261,HYD_0400,17.492468195191645,78.24931565072444,"{""type"":""MultiPoint"",""coordinates"":[]}"
00000000000000000190,254.83615140036113,HYD_0401,17.492598588314074,78.25872396715476,"{""type"":""MultiPoint"",""coordinates"":[]}"
00000000000000000191,0.0,HYD_0402,17.49272792159272,78.26813267030246,"{""type"":""MultiPoint"",""coordinates"":[]}"
00000000000000000192,904.4028629412031,HYD_0403,17.492857598190177,78.27754247708148,"{""type"":""MultiPoint"",""coordinates"":[]}"
00000000000000000193,1903.3324499003936,HYD_0404,17.49298658613288,78.28695231027474,"{""type"":""MultiPoint"",""coordinates"":[]}"
00000000000000000194,2902.4631708530846,HYD_0405,17.493114758959837,78.2963606226848,"{""type"":""MultiPoint"",""coordinates"":[]}"
00000000000000000195,2488.2790463037118,HYD_0406,17.49324184237217,78.30577009587334,"{""type"":""MultiPoint"",""coordinates"":[]}"
00000000000000000196,1891.4928687695065,HYD_0407,17.49337003868949,78.31517841438648,"{""type"":""MultiPoint"",""coordinates"":[]}"
00000000000000000197,1349.458955285755,HYD_0408,17.493497124585982,78.32458712061519,"{""type"":""MultiPoint"",""coordinates"":[]}"
00000000000000000198,1281.5301011350498,HYD_0409,17.493623467906115,78.33399653117058,"{""type"":""MultiPoint"",""coordinates"":[]}"
00000000000000000199,693.8161543336726,HYD_0410,17.49375020678789,78.34340713424368,"{""type"":""MultiPoint"",""coordinates"":[]}"
0000000000000000019a,898.3002688034312,HYD_0411,17.493876156931766,78.35281548304744,"{""type"":""MultiPoint"",""coordinates"":[]}"
0000000000000000019b,1208.6837654990431,HYD_0412,17.4940010154407,78.36222417936642,"{""type"":""MultiPoint"",""coordinates"":[]}"
0000000000000000019c,1990.1157175048843,HYD_0413,17.494125868745975,78.37163509270576,"{""type"":""MultiPoint"",""coordinates"":[]}"
0000000000000000019d,2104.547246953326,HYD_0414,17.494250700137986,78.38104604496009,"{""type"":""MultiPoint"",""coordinates"":[]}"
0000000000000000019e,1702.8369615001182,HYD_0415,17.494373351937526,78.39045477184723,"{""type"":""MultiPoint"",""coordinates"":[]}"
0000000000000000019f,1025.119897618969,HYD_0416,17.494496351231227,78.39986456725843,"{""type"":""MultiPoint"",""coordinates"":[]}"
000000000000000001a0,714.9918125632446,HYD_0417,17.494620456750926,78.4092754918604,"{""type"":""MultiPoint"",""coordinates"":[]}"
000000000000000001a1,1358.8968768867949,HYD_0418,17.494743442375416,78.41868529353299,"{""type"":""MultiPoint"",""coordinates"":[]}"
000000000000000001a2,2264.8975779048037,HYD_0419,17.494864197801178,78.42809509941667,"{""type"":""MultiPoint"",""coordinates"":[]}"
000000000000000001a3,3226.5132984578995,HYD_0420,17.49498647386091,78.43750496026603,"{""type"":""MultiPoint"",""coordinates"":[]}"
000000000000000001a4,3743.0163640367123,HYD_0421,17.49510871662681,78.44691478721326,"{""type"":""MultiPoint"",""coordinates"":[]}"
000000000000000001a5,3269.382057387792,HYD_0422,17.495229857671365,78.45632567731823,"{""type"":""MultiPoint"",""coordinates"":[]}"
000000000000000001a6,2917.406319177031,HYD_0423,17.495349887255973,78.4657354934775,"{""type"":""MultiPoint"",""coordinates"":[]}"
000000000000000001a7,2877.8096431222957,HYD_0424,17.495470288094957,78.47514643507365,"{""type"":""MultiPoint"",""coordinates"":[]}"
000000000000000001a8,2591.2964267001835,HYD_0425,17.495589600749753,78.48455776775609,"{""type"":""MultiPoint"",""coordinates"":[]}"
000000000000000001a9,2399.3087652868976,HYD_0426,17.495707725922358,78.49396794868827,"{""type"":""MultiPoint"",""coordinates"":[]}"
000000000000000001aa,2586.0251954136443,HYD_0427,17.495827008487208,78.50337924119714,"{""type"":""MultiPoint"",""coordinates"":[]}"
000000000000000001ab,3100.21917031238,HYD_0428,17.49594552288552,78.51278903598973,"{""type"":""MultiPoint"",""coordinates"":[]}"
000000000000000001ac,3281.588360397549,HYD_0429,17.49606187289698,78.52220038387078,"{""type"":""MultiPoint"",""coordinates"":[]}"
000000000000000001ad,2283.176211645786,HYD_0430,17.496180737680245,78.53161051126544,"{""type"":""MultiPoint"",""coordinates"":[]}"
000000000000000001ae,1286.1275196336346,HYD_0431,17.49629742741412,78.54102297809767,"{""type"":""MultiPoint"",""coordinates"":[]}"
000000000000000001af,307.0029241673552,HYD_0432,17.496413362385653,78.55043391318809,"{""type"":""MultiPoint"",""coordinates"":[]}"
000000000000000001b0,494.01005392353625,HYD_0433,17.496529316942397,78.55984485477187,"{""type"":""MultiPoint"",""coordinates"":[]}"
000000000000000001b1,1490.5135572445115,HYD_0434,17.496645604934624,78.56925687290611,"{""type"":""MultiPoint"",""coordinates"":[]}"
000000000000000001b2,2190.3162097238915,HYD_0435,17.49675973061357,78.5786681844492,"{""type"":""MultiPoint"",""coordinates"":[]}"
000000000000000001b3,1286.0050768198173,HYD_0436,17.49687378718508,78.5880794516242,"{""type"":""MultiPoint"",""coordinates"":[]}"
000000000000000001b4,712.9689976201637,HYD_0437,17.496987849938623,78.59749227132792,"{""type"":""MultiPoint"",""coordinates"":[]}"
000000000000000001b5,1166.666266999424,HYD_0438,17.497100815832752,78.60690246726791,"{""type"":""MultiPoint"",""coordinates"":[]}"
000000000000000001b6,2002.2642569061627,HYD_0439,17.497215250275207,78.61631413596595,"{""type"":""MultiPoint"",""coordinates"":[]}"
000000000000000001b7,1458.3857378169785,HYD_0440,17.49732750483983,78.62572582458395,"{""type"":""MultiPoint"",""coordinates"":[]}"
000000000000000001b8,1163.515686931521,HYD_0441,17.497439727870532,78.63513750237848,"{""type"":""MultiPoint"",""coordinates"":[]}"
000000000000000001b9,1599.7176615948904,HYD_0442,17.49755304813757,78.64454878626618,"{""type"":""MultiPoint"",""coordinates"":[]}"
000000000000000001ba,2258.775225941366,HYD_0443,17.497664157212725,78.6539608501503,"{""type"":""MultiPoint"",""coordinates"":[]}"
000000000000000001bb,3105.542849050632,HYD_0444,17.49777451751634,78.66337440234273,"{""type"":""MultiPoint"",""coordinates"":[]}"
000000000000000001bc,1475.350726638953,HYD_0445,17.48343960813621,78.24945127663457,"{""type"":""MultiPoint"",""coordinates"":[]}"
000000000000000001bd,779.955407506385,HYD_0446,17.48356892925008,78.25885997506612,"{""type"":""MultiPoint"",""coordinates"":[]}"
000000000000000001be,684.058090986661,HYD_0447,17.483698242503845,78.26826867916118,"{""type"":""MultiPoint"",""coordinates"":[]}"
000000000000000001bf,1232.904006120574,HYD_0448,17.483827573583923,78.27767739118305,"{""type"":""MultiPoint"",""coordinates"":[]}"
000000000000000001c0,2106.8925401644465,HYD_0449,17.483956894768323,78.28708610910229,"{""type"":""MultiPoint"",""coordinates"":[]}"
000000000000000001c1,2315.623526985378,HYD_0450,17.48408621097114,78.29649477955601,"{""type"":""MultiPoint"",""coordinates"":[]}"
000000000000000001c2,1598.9369928584658,HYD_0451,17.48421328274646,78.30590349907108,"{""type"":""MultiPoint"",""coordinates"":[]}"
000000000000000001c3,1322.4399683741456,HYD_0452,17.484340707125373,78.315311094355,"{""type"":""MultiPoint"",""coordinates"":[]}"
000000000000000001c4,478.6158867818729,HYD_0453,17.48446744122017,78.3247186998288,"{""type"":""MultiPoint"",""coordinates"":[]}"
000000000000000001c5,527.6990282553845,HYD_0454,17.48459454014711,78.33412737958008,"{""type"":""MultiPoint"",""coordinates"":[]}"
000000000000000001c6,203.99158623879856,HYD_0455,17.484721296129248,78.34353719964591,"{""type"":""MultiPoint"",""coordinates"":[]}"
000000000000000001c7,190.66022700584455,HYD_0456,17.484846492113725,78.35294701933528,"{""type"":""MultiPoint"",""coordinates"":[]}"
000000000000000001c8,751.3748248389803,HYD_0457,17.48497131047948,78.36235570911903,"{""type"":""MultiPoint"",""coordinates"":[]}"
000000000000000001c9,1750.77227874188,HYD_0458,17.485096521874368,78.3717655161716,"{""type"":""MultiPoint"",""coordinates"":[]}"
000000000000000001ca,2750.1692733609393,HYD_0459,17.485221022836935,78.3811753317162,"{""type"":""MultiPoint"",""coordinates"":[]}"
000000000000000001cb,2437.2606888633354,HYD_0460,17.48534365815369,78.39058407559256,"{""type"":""MultiPoint"",""coordinates"":[]}"
000000000000000001cc,1844.847820718806,HYD_0461,17.48546628003109,78.39999276936771,"{""type"":""MultiPoint"",""coordinates"":[]}"
000000000000000001cd,1692.0644023461716,HYD_0462,17.485591487720825,78.40940257453649,"{""type"":""MultiPoint"",""coordinates"":[]}"
000000000000000001ce,2077.271927430338,HYD_0463,17.485713763999627,78.41881238473196,"{""type"":""MultiPoint"",""coordinates"":[]}"
000000000000000001cf,2635.6733495836265,HYD_0464,17.485833816279538,78.42822220786849,"{""type"":""MultiPoint"",""coordinates"":[]}"
000000000000000001d0,3241.448381677736,HYD_0465,17.485956789238823,78.43763204260864,"{""type"":""MultiPoint"",""coordinates"":[]}"
000000000000000001d1,4008.1631451667636,HYD_0466,17.486079757354116,78.44704184488688,"{""type"":""MultiPoint"",""coordinates"":[]}"
000000000000000001d2,4175.854313923099,HYD_0467,17.486199816482372,78.45645165576212,"{""type"":""MultiPoint"",""coordinates"":[]}"
000000000000000001d3,3290.6008743976854,HYD_0468,17.486320228276696,78.46586035871088,"{""type"":""MultiPoint"",""coordinates"":[]}"
000000000000000001d4,2423.481959989948,HYD_0469,17.486439504679733,78.47527169614565,"{""type"":""MultiPoint"",""coordinates"":[]}"
000000000000000001d5,1707.95087928092,HYD_0470,17.486557659933816,78.48468185999211,"{""type"":""MultiPoint"",""coordinates"":[]}"
000000000000000001d6,1399.8505331135384,HYD_0471,17.48667731443321,78.4940920494184,"{""type"":""MultiPoint"",""coordinates"":[]}"
000000000000000001d7,1699.6216760392415,HYD_0472,17.486795876160055,78.50350337980676,"{""type"":""MultiPoint"",""coordinates"":[]}"
000000000000000001d8,2410.919884290318,HYD_0473,17.486914371094198,78.51291241999668,"{""type"":""MultiPoint"",""coordinates"":[]}"
000000000000000001d9,2960.180390752522,HYD_0474,17.48703177319236,78.52232259864682,"{""type"":""MultiPoint"",""coordinates"":[]}"
000000000000000001da,2388.721750429008,HYD_0475,17.487148135198648,78.53173393649259,"{""type"":""MultiPoint"",""coordinates"":[]}"
000000000000000001db,1429.189525473584,HYD_0476,17.487265896311193,78.54114448338582,"{""type"":""MultiPoint"",""coordinates"":[]}"
000000000000000001dc,614.5156192821353,HYD_0477,17.487381473471213,78.55055431975627,"{""type"":""MultiPoint"",""coordinates"":[]}"
000000000000000001dd,842.9780596608381,HYD_0478,17.48749742091034,78.55996524204764,"{""type"":""MultiPoint"",""coordinates"":[]}"
000000000000000001de,1734.9602410880284,HYD_0479,17.48761335737825,78.56937615510412,"{""type"":""MultiPoint"",""coordinates"":[]}"
000000000000000001df,2657.0799200239517,HYD_0480,17.487728164672248,78.5787867003991,"{""type"":""MultiPoint"",""coordinates"":[]}"
000000000000000001e0,2017.5336347231323,HYD_0481,17.48784334055365,78.58819913564176,"{""type"":""MultiPoint"",""coordinates"":[]}"
000000000000000001e1,1710.415841337221,HYD_0482,17.48795633598633,78.59761009099824,"{""type"":""MultiPoint"",""coordinates"":[]}"
000000000000000001e2,1943.7515807398868,HYD_0483,17.48807074101666,78.60702099891719,"{""type"":""MultiPoint"",""coordinates"":[]}"
000000000000000001e3,1834.5669323042807,HYD_0484,17.488183747572457,78.61643195490649,"{""type"":""MultiPoint"",""coordinates"":[]}"
000000000000000001e4,877.7134147054419,HYD_0485,17.48829596225997,78.62584288426645,"{""type"":""MultiPoint"",""coordinates"":[]}"
000000000000000001e5,194.66692404383377,HYD_0486,17.48840819069953,78.63525532284118,"{""type"":""MultiPoint"",""coordinates"":[]}"
000000000000000001e6,870.2970270942096,HYD_0487,17.488520776199522,78.64466587307285,"{""type"":""MultiPoint"",""coordinates"":[]}"
000000000000000001e7,1816.706135237282,HYD_0488,17.488632255861482,78.65407679732812,"{""type"":""MultiPoint"",""coordinates"":[]}"
000000000000000001e8,2800.375456110145,HYD_0489,17.488742942140032,78.66348843837991,"{""type"":""MultiPoint"",""coordinates"":[]}"
000000000000000001e9,2188.8834942730887,HYD_0490,17.474410301442905,78.24958614814803,"{""type"":""MultiPoint"",""coordinates"":[]}"
000000000000000001ea,1679.7761493526098,HYD_0491,17.474539248536885,78.25899375043099,"{""type"":""MultiPoint"",""coordinates"":[]}"
000000000000000001eb,1669.501689564227,HYD_0492,17.474668567558094,78.26840245898015,"{""type"":""MultiPoint"",""coordinates"":[]}"
000000000000000001ec,1974.3340869549024,HYD_0493,17.474797878921592,78.27781117221676,"{""type"":""MultiPoint"",""coordinates"":[]}"
000000000000000001ed,2634.176626436968,HYD_0494,17.47492720837051,78.28721989228258,"{""type"":""MultiPoint"",""coordinates"":[]}"
000000000000000001ee,1867.7637271963376,HYD_0495,17.47505688075409,78.2966274554017,"{""type"":""MultiPoint"",""coordinates"":[]}"
000000000000000001ef,926.4111375939541,HYD_0496,17.47518472157731,78.30603464957827,"{""type"":""MultiPoint"",""coordinates"":[]}"
000000000000000001f0,329.2233687114189,HYD_0497,17.475311459934638,78.31544304907726,"{""type"":""MultiPoint"",""coordinates"":[]}"
000000000000000001f1,493.1881840551049,HYD_0498,17.475437759999227,78.32485022004803,"{""type"":""MultiPoint"",""coordinates"":[]}"
000000000000000001f2,616.2510870013143,HYD_0499,17.475564846853015,78.33425892532934,"{""type"":""MultiPoint"",""coordinates"":[]}"
000000000000000001f3,1058.4086181038047,HYD_0500,17.47569230630894,78.34366872574314,"{""type"":""MultiPoint"",""coordinates"":[]}"
000000000000000001f4,952.0585757551213,HYD_0501,17.475816782135784,78.35307854652784,"{""type"":""MultiPoint"",""coordinates"":[]}"
000000000000000001f5,1198.0420939446124,HYD_0502,17.475941631131764,78.3624872485101,"{""type"":""MultiPoint"",""coordinates"":[]}"
000000000000000001f6,1984.5128843202983,HYD_0503,17.476066494149443,78.37189593768461,"{""type"":""MultiPoint"",""coordinates"":[]}"
000000000000000001f7,2686.0568683796655,HYD_0504,17.476191353477454,78.38130464705715,"{""type"":""MultiPoint"",""coordinates"":[]}"
000000000000000001f8,1879.4246539930211,HYD_0505,17.476313983001724,78.39071336415012,"{""type"":""MultiPoint"",""coordinates"":[]}"
000000000000000001f9,1359.193099059416,HYD_0506,17.47643661073734,78.40012209728232,"{""type"":""MultiPoint"",""coordinates"":[]}"
000000000000000001fa,1446.0963659156116,HYD_0507,17.47656145578494,78.40953080213289,"{""type"":""MultiPoint"",""coordinates"":[]}"
000000000000000001fb,1334.2696568290528,HYD_0508,17.476684090726895,78.41893947599891,"{""type"":""MultiPoint"",""coordinates"":[]}"
000000000000000001fc,1827.9891389139066,HYD_0509,17.476804854009185,78.42834928878491,"{""type"":""MultiPoint"",""coordinates"":[]}"
000000000000000001fd,2627.0502018167867,HYD_0510,17.476925986489476,78.43775951796405,"{""type"":""MultiPoint"",""coordinates"":[]}"
000000000000000001fe,3529.6641272344154,HYD_0511,17.47704859562655,78.44716744139103,"{""type"":""MultiPoint"",""coordinates"":[]}"
000000000000000001ff,3997.5554911476665,HYD_0512,17.477170135649935,78.45657653241844,"{""type"":""MultiPoint"",""coordinates"":[]}"
00000000000000000200,3004.8384572423283,HYD_0513,17.477290529865165,78.46598522383339,"{""type"":""MultiPoint"",""coordinates"":[]}"
00000000000000000201,2018.4687455858473,HYD_0514,17.477408676309057,78.47539615567057,"{""type"":""MultiPoint"",""coordinates"":[]}"
00000000000000000202,1057.3549543951503,HYD_0515,17.477526864698063,78.4848071091847,"{""type"":""MultiPoint"",""coordinates"":[]}"
00000000000000000203,400.45774286900024,HYD_0516,17.477647261079667,78.49421581372006,"{""type"":""MultiPoint"",""coordinates"":[]}"
00000000000000000204,1043.0830895597535,HYD_0517,17.477765789237985,78.50362559621416,"{""type"":""MultiPoint"",""coordinates"":[]}"
00000000000000000205,2002.998808330745,HYD_0518,17.477883574982478,78.51303542402655,"{""type"":""MultiPoint"",""coordinates"":[]}"
00000000000000000206,2140.479926127173,HYD_0519,17.478001380663066,78.52244524725477,"{""type"":""MultiPoint"",""coordinates"":[]}"
00000000000000000207,1649.1138071032397,HYD_0520,17.478118055104666,78.5318561693379,"{""type"":""MultiPoint"",""coordinates"":[]}"
00000000000000000208,1685.1287423847918,HYD_0521,17.478233619299107,78.54126599441183,"{""type"":""MultiPoint"",""coordinates"":[]}"
00000000000000000209,1552.2090258058429,HYD_0522,17.478349565125658,78.55067469066847,"{""type"":""MultiPoint"",""coordinates"":[]}"
0000000000000000020a,1655.9716362968218,HYD_0523,17.478465527798694,78.56008561587869,"{""type"":""MultiPoint"",""coordinates"":[]}"
0000000000000000020b,2252.4477474370487,HYD_0524,17.47858146022833,78.56949656827878,"{""type"":""MultiPoint"",""coordinates"":[]}"
0000000000000000020c,3066.3393064051957,HYD_0525,17.478697742898436,78.57890635861476,"{""type"":""MultiPoint"",""coordinates"":[]}"
0000000000000000020d,2913.0801042979233,HYD_0526,17.478811833763714,78.5883177085402,"{""type"":""MultiPoint"",""coordinates"":[]}"
0000000000000000020e,2695.734623371146,HYD_0527,17.47892623959273,78.59772786959358,"{""type"":""MultiPoint"",""coordinates"":[]}"
0000000000000000020f,1846.5022851928193,HYD_0528,17.479039259263196,78.60713958723997,"{""type"":""MultiPoint"",""coordinates"":[]}"
00000000000000000210,1224.365541742459,HYD_0529,17.479153659431038,78.61654971951447,"{""type"":""MultiPoint"",""coordinates"":[]}"
00000000000000000211,1018.8933919774464,HYD_0530,17.47926589746118,78.6259599341108,"{""type"":""MultiPoint"",""coordinates"":[]}"
00000000000000000212,392.81218880608503,HYD_0531,17.479377384141326,78.63537086967172,"{""type"":""MultiPoint"",""coordinates"":[]}"
00000000000000000213,976.9084810111603,HYD_0532,17.479488884623674,78.64478180924384,"{""type"":""MultiPoint"",""coordinates"":[]}"
00000000000000000214,1870.140841749379,HYD_0533,17.47960035992707,78.65419272986198,"{""type"":""MultiPoint"",""coordinates"":[]}"
00000000000000000215,2835.3027326928263,HYD_0534,17.479711827050597,78.66360366015411,"{""type"":""MultiPoint"",""coordinates"":[]}"
00000000000000000216,3818.290326159005,HYD_0535,17.47982220485549,78.67301499159662,"{""type"":""MultiPoint"",""coordinates"":[]}"
00000000000000000217,3001.410655324224,HYD_0536,17.465381030845872,78.2497217960892,"{""type"":""MultiPoint"",""coordinates"":[]}"
00000000000000000218,2651.632587286343,HYD_0537,17.46551217634095,78.25912863921336,"{""type"":""MultiPoint"",""coordinates"":[]}"
00000000000000000219,2654.705005125467,HYD_0538,17.465641091236016,78.26853622224475,"{""type"":""MultiPoint"",""coordinates"":[]}"
0000000000000000021a,2876.1828797855505,HYD_0539,17.46577043064545,78.2779449320267,"{""type"":""MultiPoint"",""coordinates"":[]}"
0000000000000000021b,2290.15269907518,HYD_0540,17.465898646685538,78.28735403290527,"{""type"":""MultiPoint"",""coordinates"":[]}"
0000000000000000021c,1722.5283667140607,HYD_0541,17.466026816971564,78.29676010762039,"{""type"":""MultiPoint"",""coordinates"":[]}"
0000000000000000021d,892.1550533502552,HYD_0542,17.46615614344337,78.30616660236811,"{""type"":""MultiPoint"",""coordinates"":[]}"
0000000000000000021e,220.95645724708822,HYD_0543,17.466283236591686,78.31557528437992,"{""type"":""MultiPoint"",""coordinates"":[]}"
0000000000000000021f,921.6830837791116,HYD_0544,17.466409199521973,78.32498359813376,"{""type"":""MultiPoint"",""coordinates"":[]}"
00000000000000000220,1417.0294043805666,HYD_0545,17.4665366553298,78.33439194511121,"{""type"":""MultiPoint"",""coordinates"":[]}"
00000000000000000221,2008.1554403836303,HYD_0546,17.466662237366155,78.34379914095504,"{""type"":""MultiPoint"",""coordinates"":[]}"
00000000000000000222,1941.7199992291062,HYD_0547,17.466787100432196,78.3532078386937,"{""type"":""MultiPoint"",""coordinates"":[]}"
00000000000000000223,2073.027635581121,HYD_0548,17.466911954169056,78.36261654986964,"{""type"":""MultiPoint"",""coordinates"":[]}"
00000000000000000224,2607.748680006599,HYD_0549,17.46703684231712,78.3720252728903,"{""type"":""MultiPoint"",""coordinates"":[]}"
00000000000000000225,2363.1492936522245,HYD_0550,17.467161697910438,78.38143396877238,"{""type"":""MultiPoint"",""coordinates"":[]}"
00000000000000000226,1379.1082763331963,HYD_0551,17.46728430835413,78.39084268945207,"{""type"":""MultiPoint"",""coordinates"":[]}"
00000000000000000227,466.30035280571144,HYD_0552,17.46740729442795,78.4002502859397,"{""type"":""MultiPoint"",""coordinates"":[]}"
00000000000000000228,677.5804645163821,HYD_0553,17.467531790379756,78.4096578755348,"{""type"":""MultiPoint"",""coordinates"":[]}"
00000000000000000229,414.84320814193296,HYD_0554,17.467654415325423,78.41906657517306,"{""type"":""MultiPoint"",""coordinates"":[]}"
0000000000000000022a,1314.0619705869785,HYD_0555,17.467774793997226,78.42847526473618,"{""type"":""MultiPoint"",""coordinates"":[]}"
0000000000000000022b,2287.1689676030323,HYD_0556,17.467895171011694,78.43788396648915,"{""type"":""MultiPoint"",""coordinates"":[]}"
0000000000000000022c,3276.2480167554663,HYD_0557,17.468016711648485,78.44729306487102,"{""type"":""MultiPoint"",""coordinates"":[]}"
0000000000000000022d,3929.91854704916,HYD_0558,17.46813820787835,78.4567013792718,"{""type"":""MultiPoint"",""coordinates"":[]}"
0000000000000000022e,3031.6477641479023,HYD_0559,17.46825859325126,78.46611006643477,"{""type"":""MultiPoint"",""coordinates"":[]}"
0000000000000000022f,2058.490204906847,HYD_0560,17.468378251727465,78.47551948583526,"{""type"":""MultiPoint"",""coordinates"":[]}"
00000000000000000230,1132.1225991869228,HYD_0561,17.468496839537202,78.48493086325365,"{""type"":""MultiPoint"",""coordinates"":[]}"
00000000000000000231,569.911079852459,HYD_0562,17.468616484890735,78.49434106534522,"{""type"":""MultiPoint"",""coordinates"":[]}"
00000000000000000232,1133.8494949914395,HYD_0563,17.46873462044655,78.50374897680621,"{""type"":""MultiPoint"",""coordinates"":[]}"
00000000000000000233,2051.748379674432,HYD_0564,17.468852807078992,78.51315843575739,"{""type"":""MultiPoint"",""coordinates"":[]}"
00000000000000000234,1548.8323519698934,HYD_0565,17.468971305987708,78.52256747762816,"{""type"":""MultiPoint"",""coordinates"":[]}"
00000000000000000235,732.7344062716328,HYD_0566,17.46908802186575,78.5319776761487,"{""type"":""MultiPoint"",""coordinates"":[]}"
00000000000000000236,771.0971991794706,HYD_0567,17.469203949032117,78.5413863976895,"{""type"":""MultiPoint"",""coordinates"":[]}"
00000000000000000237,1581.4141944427158,HYD_0568,17.46931953155383,78.55079620461687,"{""type"":""MultiPoint"",""coordinates"":[]}"
00000000000000000238,2531.0487629784107,HYD_0569,17.469436185712496,78.56020711309615,"{""type"":""MultiPoint"",""coordinates"":[]}"
00000000000000000239,3017.0622936101836,HYD_0570,17.46955176054597,78.56961696645088,"{""type"":""MultiPoint"",""coordinates"":[]}"
0000000000000000023a,3664.968211029516,HYD_0571,17.46966658483477,78.57902604431736,"{""type"":""MultiPoint"",""coordinates"":[]}"
0000000000000000023b,3390.0080041000087,HYD_0572,17.46978064810933,78.58843506940865,"{""type"":""MultiPoint"",""coordinates"":[]}"
0000000000000000023c,2399.024998949163,HYD_0573,17.46989366703788,78.59784683254404,"{""type"":""MultiPoint"",""coordinates"":[]}"
0000000000000000023d,1420.6274332390142,HYD_0574,17.470008055873162,78.6072569610008,"{""type"":""MultiPoint"",""coordinates"":[]}"
0000000000000000023e,461.9692029537286,HYD_0575,17.470121392900236,78.61666753832395,"{""type"":""MultiPoint"",""coordinates"":[]}"
0000000000000000023f,155.71321859564185,HYD_0576,17.470233612663527,78.62607697053069,"{""type"":""MultiPoint"",""coordinates"":[]}"
00000000000000000240,1046.429049698955,HYD_0577,17.470345808968755,78.63548790394559,"{""type"":""MultiPoint"",""coordinates"":[]}"
00000000000000000241,1699.3538576719495,HYD_0578,17.47045696844511,78.64489773110103,"{""type"":""MultiPoint"",""coordinates"":[]}"
00000000000000000242,2386.021213802666,HYD_0579,17.470568447819314,78.65430866997103,"{""type"":""MultiPoint"",""coordinates"":[]}"
00000000000000000243,3199.1824947300665,HYD_0580,17.470679923980736,78.66371959629541,"{""type"":""MultiPoint"",""coordinates"":[]}"
00000000000000000244,4095.6128508014353,HYD_0581,17.47079061376735,78.67312903069052,"{""type"":""MultiPoint"",""coordinates"":[]}"
00000000000000000245,3900.542430933995,HYD_0582,17.45635430494826,78.24985856430075,"{""type"":""MultiPoint"",""coordinates"":[]}"
00000000000000000246,3638.4193934077493,HYD_0583,17.45648399661927,78.2592646444137,"{""type"":""MultiPoint"",""coordinates"":[]}"
00000000000000000247,3641.203556219129,HYD_0584,17.456614025416155,78.26867109097921,"{""type"":""MultiPoint"",""coordinates"":[]}"
00000000000000000248,2706.299295560844,HYD_0585,17.45674298366466,78.27807869852684,"{""type"":""MultiPoint"",""coordinates"":[]}"
00000000000000000249,1745.906947129051,HYD_0586,17.45687152542197,78.28748588268644,"{""type"":""MultiPoint"",""coordinates"":[]}"
0000000000000000024a,877.2671406243924,HYD_0587,17.456997917023305,78.29689315323469,"{""type"":""MultiPoint"",""coordinates"":[]}"
0000000000000000024b,672.3040010024366,HYD_0588,17.457126470665937,78.30630036103888,"{""type"":""MultiPoint"",""coordinates"":[]}"
0000000000000000024c,1209.4255619780442,HYD_0589,17.45725392053698,78.31570793608235,"{""type"":""MultiPoint"",""coordinates"":[]}"
0000000000000000024d,1558.8553598599722,HYD_0590,17.457380660603537,78.32511554091279,"{""type"":""MultiPoint"",""coordinates"":[]}"
0000000000000000024e,2298.9818787552986,HYD_0591,17.45750736861292,78.33452312418459,"{""type"":""MultiPoint"",""coordinates"":[]}"
0000000000000000024f,2787.012549876464,HYD_0592,17.457632929732142,78.34392956262909,"{""type"":""MultiPoint"",""coordinates"":[]}"
00000000000000000250,2938.008708168417,HYD_0593,17.457757442473877,78.35333717525572,"{""type"":""MultiPoint"",""coordinates"":[]}"
00000000000000000251,3026.1111817995197,HYD_0594,17.45788230634909,78.36274588898083,"{""type"":""MultiPoint"",""coordinates"":[]}"
00000000000000000252,3257.2586757816093,HYD_0595,17.458007174186193,78.37215458474016,"{""type"":""MultiPoint"",""coordinates"":[]}"
00000000000000000253,2427.9635574349304,HYD_0596,17.45813201861724,78.38156327611713,"{""type"":""MultiPoint"",""coordinates"":[]}"
00000000000000000254,1469.5947483697967,HYD_0597,17.458255001173132,78.39097086076049,"{""type"":""MultiPoint"",""coordinates"":[]}"
00000000000000000255,649.7546713825674,HYD_0598,17.458376894526406,78.40037738565296,"{""type"":""MultiPoint"",""coordinates"":[]}"
00000000000000000256,825.6350699409237,HYD_0599,17.458501008842553,78.40978534222823,"{""type"":""MultiPoint"",""coordinates"":[]}"
00000000000000000257,618.9830268291073,HYD_0600,17.458623616832664,78.41919325132193,"{""type"":""MultiPoint"",""coordinates"":[]}"
00000000000000000258,1391.815325234118,HYD_0601,17.458745114863873,78.42860234405467,"{""type"":""MultiPoint"",""coordinates"":[]}"
00000000000000000259,2332.823453958293,HYD_0602,17.45886550429829,78.43801106365912,"{""type"":""MultiPoint"",""coordinates"":[]}"
0000000000000000025a,3308.3156625866955,HYD_0603,17.458985905592822,78.44741974950057,"{""type"":""MultiPoint"",""coordinates"":[]}"
0000000000000000025b,2981.9415751056918,HYD_0604,17.459106661063355,78.45682732893283,"{""type"":""MultiPoint"",""coordinates"":[]}"
0000000000000000025c,2703.287674094855,HYD_0605,17.459226707705362,78.4662349389608,"{""type"":""MultiPoint"",""coordinates"":[]}"
0000000000000000025d,2524.931346511509,HYD_0606,17.459347126092375,78.47564362919299,"{""type"":""MultiPoint"",""coordinates"":[]}"
0000000000000000025e,1849.0992074212243,HYD_0607,17.459467880556335,78.48505345148881,"{""type"":""MultiPoint"",""coordinates"":[]}"
0000000000000000025f,1569.2171956319378,HYD_0608,17.459585667549337,78.49446327703401,"{""type"":""MultiPoint"",""coordinates"":[]}"
00000000000000000260,1865.8469641469942,HYD_0609,17.459703836638933,78.50387197813589,"{""type"":""MultiPoint"",""coordinates"":[]}"
00000000000000000261,2417.7860611868173,HYD_0610,17.45982199767387,78.51328067404289,"{""type"":""MultiPoint"",""coordinates"":[]}"
00000000000000000262,1430.3744896916123,HYD_0611,17.459939047753203,78.5226897825344,"{""type"":""MultiPoint"",""coordinates"":[]}"
00000000000000000263,494.406594000297,HYD_0612,17.460057191980713,78.5320976910785,"{""type"":""MultiPoint"",""coordinates"":[]}"
00000000000000000264,589.277251849463,HYD_0613,17.460174276276458,78.54150677835591,"{""type"":""MultiPoint"",""coordinates"":[]}"
00000000000000000265,1501.3162400996598,HYD_0614,17.46029020541403,78.55091773423095,"{""type"":""MultiPoint"",""coordinates"":[]}"
00000000000000000266,2481.841675181601,HYD_0615,17.460406151453267,78.56032863744008,"{""type"":""MultiPoint"",""coordinates"":[]}"
00000000000000000267,3473.1496527786985,HYD_0616,17.46052097953687,78.56973773596465,"{""type"":""MultiPoint"",""coordinates"":[]}"
00000000000000000268,3979.349526394188,HYD_0617,17.460634666304898,78.5791456744259,"{""type"":""MultiPoint"",""coordinates"":[]}"
00000000000000000269,3425.811056755632,HYD_0618,17.460749504197167,78.58855475171711,"{""type"":""MultiPoint"",""coordinates"":[]}"
0000000000000000026a,2449.5529107726293,HYD_0619,17.460863571666515,78.59796456039368,"{""type"":""MultiPoint"",""coordinates"":[]}"
0000000000000000026b,1504.3131512136956,HYD_0620,17.46097580943453,78.60737479052989,"{""type"":""MultiPoint"",""coordinates"":[]}"
0000000000000000026c,723.9489328877278,HYD_0621,17.461089120272845,78.61678384908352,"{""type"":""MultiPoint"",""coordinates"":[]}"
0000000000000000026d,535.4491050529996,HYD_0622,17.46120243739199,78.6261951234799,"{""type"":""MultiPoint"",""coordinates"":[]}"
0000000000000000026e,1296.3166657234176,HYD_0623,17.461313556206118,78.63560495074276,"{""type"":""MultiPoint"",""coordinates"":[]}"
0000000000000000026f,2175.449891847243,HYD_0624,17.461425036911486,78.6450136605254,"{""type"":""MultiPoint"",""coordinates"":[]}"
00000000000000000270,3101.3885935752473,HYD_0625,17.461536533090435,78.65442458727344,"{""type"":""MultiPoint"",""coordinates"":[]}"
00000000000000000271,3798.5922481863895,HYD_0626,17.461647999793165,78.6638355466511,"{""type"":""MultiPoint"",""coordinates"":[]}"
00000000000000000272,4579.179166593823,HYD_0627,17.46175838740566,78.67324462016379,"{""type"":""MultiPoint"",""coordinates"":[]}"
00000000000000000273,4839.364279439462,HYD_0628,17.447325378326482,78.24999304188597,"{""type"":""MultiPoint"",""coordinates"":[]}"
00000000000000000274,4630.705398222341,HYD_0629,17.447454687637258,78.25939951845055,"{""type"":""MultiPoint"",""coordinates"":[]}"
00000000000000000275,3650.275718663067,HYD_0630,17.447583987611036,78.2688059880976,"{""type"":""MultiPoint"",""coordinates"":[]}"
00000000000000000276,2655.8875007531788,HYD_0631,17.44771330050847,78.27821247173098,"{""type"":""MultiPoint"",""coordinates"":[]}"
00000000000000000277,1667.435745884392,HYD_0632,17.447842604518794,78.28761896173886,"{""type"":""MultiPoint"",""coordinates"":[]}"
00000000000000000278,710.2693924394468,HYD_0633,17.447969706494252,78.29702542771872,"{""type"":""MultiPoint"",""coordinates"":[]}"
00000000000000000279,475.432606976832,HYD_0634,17.448097160915694,78.30643301663594,"{""type"":""MultiPoint"",""coordinates"":[]}"
0000000000000000027a,1360.9962596224018,HYD_0635,17.448223521880514,78.31583951043716,"{""type"":""MultiPoint"",""coordinates"":[]}"
0000000000000000027b,2335.013201448393,HYD_0636,17.44835096318499,78.32524708266864,"{""type"":""MultiPoint"",""coordinates"":[]}"
0000000000000000027c,2585.6625725062795,HYD_0637,17.448478403366526,78.33465464788286,"{""type"":""MultiPoint"",""coordinates"":[]}"
0000000000000000027d,2189.4932559998256,HYD_0638,17.448602560565295,78.34406116021658,"{""type"":""MultiPoint"",""coordinates"":[]}"
0000000000000000027e,2200.8370486633926,HYD_0639,17.44872813005051,78.3534676069163,"{""type"":""MultiPoint"",""coordinates"":[]}"
0000000000000000027f,2614.0033809416727,HYD_0640,17.44885261285356,78.36287519047669,"{""type"":""MultiPoint"",""coordinates"":[]}"
00000000000000000280,2518.853517417441,HYD_0641,17.448977447310238,78.37228388947521,"{""type"":""MultiPoint"",""coordinates"":[]}"
00000000000000000281,1869.3414715301049,HYD_0642,17.449102671709614,78.38169146636452,"{""type"":""MultiPoint"",""coordinates"":[]}"
00000000000000000282,1609.6135170809816,HYD_0643,17.44922460516776,78.39109796390827,"{""type"":""MultiPoint"",""coordinates"":[]}"
00000000000000000283,1577.6026371663472,HYD_0644,17.449347575461793,78.4005055448124,"{""type"":""MultiPoint"",""coordinates"":[]}"
00000000000000000284,1652.9234179870114,HYD_0645,17.44947018889396,78.4099142580205,"{""type"":""MultiPoint"",""coordinates"":[]}"
00000000000000000285,1554.0156090490916,HYD_0646,17.449593176029058,78.41932180167834,"{""type"":""MultiPoint"",""coordinates"":[]}"
00000000000000000286,2023.7625658989316,HYD_0647,17.449715456781014,78.42872942353539,"{""type"":""MultiPoint"",""coordinates"":[]}"
00000000000000000287,2765.9887005759174,HYD_0648,17.44983584420869,78.43813814515838,"{""type"":""MultiPoint"",""coordinates"":[]}"
00000000000000000288,2739.8187666679287,HYD_0649,17.449956227820746,78.4475468348374,"{""type"":""MultiPoint"",""coordinates"":[]}"
00000000000000000289,2082.9947990805176,HYD_0650,17.450076635836187,78.45695329959865,"{""type"":""MultiPoint"",""coordinates"":[]}"
0000000000000000028a,1742.4779980430383,HYD_0651,17.450197037141194,78.46635979539454,"{""type"":""MultiPoint"",""coordinates"":[]}"
0000000000000000028b,1683.1025759327263,HYD_0652,17.4503174469008,78.47576851155348,"{""type"":""MultiPoint"",""coordinates"":[]}"
0000000000000000028c,1925.4936088533038,HYD_0653,17.45043782429379,78.48517718981705,"{""type"":""MultiPoint"",""coordinates"":[]}"
0000000000000000028d,2302.8256274711953,HYD_0654,17.45055597825362,78.49458587443539,"{""type"":""MultiPoint"",""coordinates"":[]}"
0000000000000000028e,2763.8388555861757,HYD_0655,17.450674147235393,78.50399457780766,"{""type"":""MultiPoint"",""coordinates"":[]}"
0000000000000000028f,2724.1904782499237,HYD_0656,17.450792336788435,78.51340330790481,"{""type"":""MultiPoint"",""coordinates"":[]}"
00000000000000000290,1903.1337530518763,HYD_0657,17.45090825215371,78.52281201723586,"{""type"":""MultiPoint"",""coordinates"":[]}"
00000000000000000291,1349.2053526689288,HYD_0658,17.45102530643353,78.53222109336853,"{""type"":""MultiPoint"",""coordinates"":[]}"
00000000000000000292,1420.1721222193707,HYD_0659,17.451142378379533,78.54162942098466,"{""type"":""MultiPoint"",""coordinates"":[]}"
00000000000000000293,2001.3032184925141,HYD_0660,17.451258683627934,78.55103922757418,"{""type"":""MultiPoint"",""coordinates"":[]}"
00000000000000000294,2812.5919843841425,HYD_0661,17.451374236181298,78.56044903957219,"{""type"":""MultiPoint"",""coordinates"":[]}"
00000000000000000295,2914.7947541748326,HYD_0662,17.45148906628463,78.56985734803804,"{""type"":""MultiPoint"",""coordinates"":[]}"
00000000000000000296,3004.0673228945543,HYD_0663,17.451603885953595,78.5792664545039,"{""type"":""MultiPoint"",""coordinates"":[]}"
00000000000000000297,3396.491549988224,HYD_0664,17.451718681247623,78.58867553426632,"{""type"":""MultiPoint"",""coordinates"":[]}"
00000000000000000298,2871.0559661565003,HYD_0665,17.45183237980061,78.59808345199484,"{""type"":""MultiPoint"",""coordinates"":[]}"
00000000000000000299,2122.7464055205637,HYD_0666,17.451944995999895,78.60749256459103,"{""type"":""MultiPoint"",""coordinates"":[]}"
0000000000000000029a,1608.2356062192591,HYD_0667,17.452057940125272,78.61690278460394,"{""type"":""MultiPoint"",""coordinates"":[]}"
0000000000000000029b,1490.7232885927767,HYD_0668,17.452171279705855,78.62631182439125,"{""type"":""MultiPoint"",""coordinates"":[]}"
0000000000000000029c,1933.8666586764657,HYD_0669,17.452283889377572,78.63572086775417,"{""type"":""MultiPoint"",""coordinates"":[]}"
0000000000000000029d,2690.9169951157123,HYD_0670,17.45239535178159,78.64512960353636,"{""type"":""MultiPoint"",""coordinates"":[]}"
0000000000000000029e,3516.59559717109,HYD_0671,17.45250720567352,78.65453942149652,"{""type"":""MultiPoint"",""coordinates"":[]}"
0000000000000000029f,4406.315103759103,HYD_0672,17.4526168730498,78.66395075294197,"{""type"":""MultiPoint"",""coordinates"":[]}"
000000000000000002a0,5211.717096421232,HYD_0673,17.452726440006487,78.67335978783744,"{""type"":""MultiPoint"",""coordinates"":[]}"
000000000000000002a1,4817.810854865957,HYD_0674,17.438425358263785,78.25953439090635,"{""type"":""MultiPoint"",""coordinates"":[]}"
000000000000000002a2,3865.615430844923,HYD_0675,17.438553957310056,78.26894088429677,"{""type"":""MultiPoint"",""coordinates"":[]}"
000000000000000002a3,2944.781039900434,HYD_0676,17.438683979326687,78.27834735716151,"{""type"":""MultiPoint"",""coordinates"":[]}"
000000000000000002a4,2097.3009997980225,HYD_0677,17.438812915907366,78.28775273002894,"{""type"":""MultiPoint"",""coordinates"":[]}"
000000000000000002a5,1457.0542816136779,HYD_0678,17.438940026744206,78.29715921350787,"{""type"":""MultiPoint"",""coordinates"":[]}"
000000000000000002a6,1358.2285287508037,HYD_0679,17.439067106082618,78.30656567833101,"{""type"":""MultiPoint"",""coordinates"":[]}"
000000000000000002a7,1887.8500556744464,HYD_0680,17.439194184805984,78.31597216832202,"{""type"":""MultiPoint"",""coordinates"":[]}"
000000000000000002a8,2692.2926351208534,HYD_0681,17.43932163535496,78.32537972778998,"{""type"":""MultiPoint"",""coordinates"":[]}"
000000000000000002a9,1843.7306156413533,HYD_0682,17.439448015820997,78.33478621376489,"{""type"":""MultiPoint"",""coordinates"":[]}"
000000000000000002aa,1228.1220098953218,HYD_0683,17.439573590639526,78.34419267826479,"{""type"":""MultiPoint"",""coordinates"":[]}"
000000000000000002ab,1247.506517235335,HYD_0684,17.439697717928368,78.35359916277001,"{""type"":""MultiPoint"",""coordinates"":[]}"
000000000000000002ac,1861.0017141740525,HYD_0685,17.439823280490387,78.36300560346088,"{""type"":""MultiPoint"",""coordinates"":[]}"
000000000000000002ad,1538.7060286207413,HYD_0686,17.439947772224695,78.3724131933213,"{""type"":""MultiPoint"",""coordinates"":[]}"
000000000000000002ae,1105.8624457786796,HYD_0687,17.440072641609692,78.38181970706941,"{""type"":""MultiPoint"",""coordinates"":[]}"
000000000000000002af,611.3720979089637,HYD_0688,17.440195263637644,78.39122617164037,"{""type"":""MultiPoint"",""coordinates"":[]}"
000000000000000002b0,1211.7467207840186,HYD_0689,17.440318236745583,78.4006337330526,"{""type"":""MultiPoint"",""coordinates"":[]}"
000000000000000002b1,2116.178285175347,HYD_0690,17.440440501127927,78.41004133092848,"{""type"":""MultiPoint"",""coordinates"":[]}"
000000000000000002b2,2538.6517318551373,HYD_0691,17.44056277843345,78.41944891365517,"{""type"":""MultiPoint"",""coordinates"":[]}"
000000000000000002b3,2850.347018750983,HYD_0692,17.44068614035778,78.4288553939591,"{""type"":""MultiPoint"",""coordinates"":[]}"
000000000000000002b4,2942.6627085966197,HYD_0693,17.440806171655538,78.43826297884486,"{""type"":""MultiPoint"",""coordinates"":[]}"
000000000000000002b5,2074.9134793752496,HYD_0694,17.44092655365491,78.44767167068552,"{""type"":""MultiPoint"",""coordinates"":[]}"
000000000000000002b6,1335.5413347883762,HYD_0695,17.441046596795243,78.45707927792628,"{""type"":""MultiPoint"",""coordinates"":[]}"
000000000000000002b7,783.2977981796506,HYD_0696,17.441167723696882,78.46648573357773,"{""type"":""MultiPoint"",""coordinates"":[]}"
000000000000000002b8,749.6926670094344,HYD_0697,17.44128776698387,78.47589335634133,"{""type"":""MultiPoint"",""coordinates"":[]}"
000000000000000002b9,976.6487137182605,HYD_0698,17.44140703462042,78.48530244608482,"{""type"":""MultiPoint"",""coordinates"":[]}"
000000000000000002ba,1496.419915577691,HYD_0699,17.441525168525153,78.49471036158863,"{""type"":""MultiPoint"",""coordinates"":[]}"
000000000000000002bb,2263.197560855857,HYD_0700,17.44164374061899,78.50411873905641,"{""type"":""MultiPoint"",""coordinates"":[]}"
000000000000000002bc,3162.6051918811104,HYD_0701,17.44176152070357,78.51352555362541,"{""type"":""MultiPoint"",""coordinates"":[]}"
000000000000000002bd,2682.4261118315662,HYD_0702,17.441878576863708,78.52293464539903,"{""type"":""MultiPoint"",""coordinates"":[]}"
000000000000000002be,2322.6111358732446,HYD_0703,17.4419945110522,78.53234335371256,"{""type"":""MultiPoint"",""coordinates"":[]}"
000000000000000002bf,2364.6853771010265,HYD_0704,17.44211046550517,78.54175204021733,"{""type"":""MultiPoint"",""coordinates"":[]}"
000000000000000002c0,2219.2112452900683,HYD_0705,17.442226412848672,78.55116074821812,"{""type"":""MultiPoint"",""coordinates"":[]}"
000000000000000002c1,2260.92313058528,HYD_0706,17.442342712169143,78.56056831205312,"{""type"":""MultiPoint"",""coordinates"":[]}"
000000000000000002c2,1919.379339177334,HYD_0707,17.442458284026078,78.56997591568904,"{""type"":""MultiPoint"",""coordinates"":[]}"
000000000000000002c3,2052.1893567343336,HYD_0708,17.44257308840437,78.57938499572329,"{""type"":""MultiPoint"",""coordinates"":[]}"
000000000000000002c4,2592.7264746693545,HYD_0709,17.442686746746876,78.58879293615645,"{""type"":""MultiPoint"",""coordinates"":[]}"
000000000000000002c5,3351.440433116155,HYD_0710,17.44280049899462,78.59820241562593,"{""type"":""MultiPoint"",""coordinates"":[]}"
000000000000000002c6,2957.443101833171,HYD_0711,17.44291418431758,78.60761034439662,"{""type"":""MultiPoint"",""coordinates"":[]}"
000000000000000002c7,2553.9704698547257,HYD_0712,17.44302679261847,78.61701944589544,"{""type"":""MultiPoint"",""coordinates"":[]}"
000000000000000002c8,2481.2428144088262,HYD_0713,17.443139377424878,78.62642851729747,"{""type"":""MultiPoint"",""coordinates"":[]}"
000000000000000002c9,2770.1777125682647,HYD_0714,17.443251963875973,78.63583681560918,"{""type"":""MultiPoint"",""coordinates"":[]}"
000000000000000002ca,3345.1326638941555,HYD_0715,17.44336346499629,78.6452455315005,"{""type"":""MultiPoint"",""coordinates"":[]}"
000000000000000002cb,4087.062122235327,HYD_0716,17.443474942922162,78.65465425992457,"{""type"":""MultiPoint"",""coordinates"":[]}"
000000000000000002cc,4898.745306186249,HYD_0717,17.44358564763764,78.664063653415,"{""type"":""MultiPoint"",""coordinates"":[]}"
000000000000000002cd,5748.449820631345,HYD_0718,17.443695665139952,78.67347386945414,"{""type"":""MultiPoint"",""coordinates"":[]}"
000000000000000002ce,5179.564110642262,HYD_0719,17.42939530719182,78.25966929253538,"{""type"":""MultiPoint"",""coordinates"":[]}"
000000000000000002cf,4308.014713358707,HYD_0720,17.429524631449855,78.2690757887434,"{""type"":""MultiPoint"",""coordinates"":[]}"
000000000000000002d0,3505.384505774727,HYD_0721,17.42965394403884,78.27848224834447,"{""type"":""MultiPoint"",""coordinates"":[]}"
000000000000000002d1,2831.040264295937,HYD_0722,17.42978325022436,78.28788649852306,"{""type"":""MultiPoint"",""coordinates"":[]}"
000000000000000002d2,2395.573655357283,HYD_0723,17.42991181070161,78.29729148000489,"{""type"":""MultiPoint"",""coordinates"":[]}"
000000000000000002d3,2336.8636933883186,HYD_0724,17.430038203228552,78.30669873288468,"{""type"":""MultiPoint"",""coordinates"":[]}"
000000000000000002d4,2679.505527348841,HYD_0725,17.43016597046173,78.31610442606035,"{""type"":""MultiPoint"",""coordinates"":[]}"
000000000000000002d5,2449.4351715468506,HYD_0726,17.430292375951908,78.3255116835219,"{""type"":""MultiPoint"",""coordinates"":[]}"
000000000000000002d6,1452.989152126805,HYD_0727,17.43041905334305,78.3349177513944,"{""type"":""MultiPoint"",""coordinates"":[]}"
000000000000000002d7,469.28496959848667,HYD_0728,17.430543524235137,78.34432310662905,"{""type"":""MultiPoint"",""coordinates"":[]}"
000000000000000002d8,516.6159360948179,HYD_0729,17.430668392103527,78.35372957956649,"{""type"":""MultiPoint"",""coordinates"":[]}"
000000000000000002d9,1139.5546037495376,HYD_0730,17.430793250886175,78.36313606576435,"{""type"":""MultiPoint"",""coordinates"":[]}"
000000000000000002da,540.675295063006,HYD_0731,17.43091810102657,78.37254254930087,"{""type"":""MultiPoint"",""coordinates"":[]}"
000000000000000002db,653.6929786205843,HYD_0732,17.431042977952472,78.38194900670226,"{""type"":""MultiPoint"",""coordinates"":[]}"
000000000000000002dc,105.20634974416537,HYD_0733,17.43116556659811,78.39135545887875,"{""type"":""MultiPoint"",""coordinates"":[]}"
000000000000000002dd,864.6086546758819,HYD_0734,17.431288198963482,78.40076194245755,"{""type"":""MultiPoint"",""coordinates"":[]}"
000000000000000002de,1828.772284834865,HYD_0735,17.43141083869212,78.41016843310665,"{""type"":""MultiPoint"",""coordinates"":[]}"
000000000000000002df,1918.3119821408789,HYD_0736,17.43153384950684,78.41957601277838,"{""type"":""MultiPoint"",""coordinates"":[]}"
000000000000000002e0,2143.9529082023178,HYD_0737,17.431655749331384,78.42898250743431,"{""type"":""MultiPoint"",""coordinates"":[]}"
000000000000000002e1,2515.4817157127586,HYD_0738,17.431776839877642,78.43838895907139,"{""type"":""MultiPoint"",""coordinates"":[]}"
000000000000000002e2,1684.0692962934008,HYD_0739,17.431896888002953,78.44779653652544,"{""type"":""MultiPoint"",""coordinates"":[]}"
000000000000000002e3,713.5222971747521,HYD_0740,17.43201726744688,78.45720524072273,"{""type"":""MultiPoint"",""coordinates"":[]}"
000000000000000002e4,0.0,HYD_0741,17.43213766994342,78.4666117215427,"{""type"":""MultiPoint"",""coordinates"":[]}"
000000000000000002e5,273.05767318473386,HYD_0742,17.43225808751125,78.4760182091626,"{""type"":""MultiPoint"",""coordinates"":[]}"
000000000000000002e6,131.44732700558978,HYD_0743,17.432376589448836,78.48542579969666,"{""type"":""MultiPoint"",""coordinates"":[]}"
000000000000000002e7,940.4349447518675,HYD_0744,17.43249438901551,78.49483339561453,"{""type"":""MultiPoint"",""coordinates"":[]}"
000000000000000002e8,1912.1611380942556,HYD_0745,17.43261218979249,78.50424099501913,"{""type"":""MultiPoint"",""coordinates"":[]}"
000000000000000002e9,2902.844070301744,HYD_0746,17.432730716338973,78.51364855705229,"{""type"":""MultiPoint"",""coordinates"":[]}"
000000000000000002ea,3361.6590214817365,HYD_0747,17.432849258096983,78.52305613624105,"{""type"":""MultiPoint"",""coordinates"":[]}"
000000000000000002eb,2475.0984961590316,HYD_0748,17.432964825378853,78.53246373850133,"{""type"":""MultiPoint"",""coordinates"":[]}"
000000000000000002ec,1707.838971428891,HYD_0749,17.43308076425719,78.54187241380903,"{""type"":""MultiPoint"",""coordinates"":[]}"
000000000000000002ed,1227.5589432703632,HYD_0750,17.433196726920148,78.55128114031204,"{""type"":""MultiPoint"",""coordinates"":[]}"
000000000000000002ee,1323.6894293589546,HYD_0751,17.433312662932813,78.56068761172772,"{""type"":""MultiPoint"",""coordinates"":[]}"
000000000000000002ef,932.8460956681713,HYD_0752,17.4334274880502,78.570094475604,"{""type"":""MultiPoint"",""coordinates"":[]}"
000000000000000002f0,1181.6687237574472,HYD_0753,17.433541160612563,78.5795023796664,"{""type"":""MultiPoint"",""coordinates"":[]}"
000000000000000002f1,1976.791887148237,HYD_0754,17.433655996636144,78.58891150366188,"{""type"":""MultiPoint"",""coordinates"":[]}"
000000000000000002f2,2901.2814252007774,HYD_0755,17.433769709940798,78.5983202064226,"{""type"":""MultiPoint"",""coordinates"":[]}"
000000000000000002f3,3842.4887425863794,HYD_0756,17.43388229809668,78.60772929709061,"{""type"":""MultiPoint"",""coordinates"":[]}"
000000000000000002f4,3529.435384724309,HYD_0757,17.433996346185566,78.61713608611929,"{""type"":""MultiPoint"",""coordinates"":[]}"
000000000000000002f5,3476.8684008341647,HYD_0758,17.434108603251957,78.62654404551327,"{""type"":""MultiPoint"",""coordinates"":[]}"
000000000000000002f6,3688.7155705103883,HYD_0759,17.434220040879232,78.63595276919997,"{""type"":""MultiPoint"",""coordinates"":[]}"
000000000000000002f7,4137.964983636086,HYD_0760,17.43433154332325,78.64536149010466,"{""type"":""MultiPoint"",""coordinates"":[]}"
000000000000000002f8,4757.845564611944,HYD_0761,17.434443016165215,78.6547701840013,"{""type"":""MultiPoint"",""coordinates"":[]}"
000000000000000002f9,5490.975907518282,HYD_0762,17.43455340720541,78.66417927456224,"{""type"":""MultiPoint"",""coordinates"":[]}"
000000000000000002fa,6293.145013058422,HYD_0763,17.43466377308708,78.67358760212353,"{""type"":""MultiPoint"",""coordinates"":[]}"
000000000000000002fb,4916.40190216726,HYD_0764,17.420497532177873,78.26921064915031,"{""type"":""MultiPoint"",""coordinates"":[]}"
000000000000000002fc,4230.954980115085,HYD_0765,17.420625372220304,78.2786164136511,"{""type"":""MultiPoint"",""coordinates"":[]}"
000000000000000002fd,3691.70713813891,HYD_0766,17.420753571908897,78.28802027459926,"{""type"":""MultiPoint"",""coordinates"":[]}"
000000000000000002fe,3369.2861934902335,HYD_0767,17.420882886228853,78.29742452452125,"{""type"":""MultiPoint"",""coordinates"":[]}"
000000000000000002ff,2840.1451917149875,HYD_0768,17.42101035278972,78.30682987677453,"{""type"":""MultiPoint"",""coordinates"":[]}"
00000000000000000300,2280.4541697715163,HYD_0769,17.42113672488991,78.31623636427472,"{""type"":""MultiPoint"",""coordinates"":[]}"
00000000000000000301,2064.2419395529637,HYD_0770,17.421264513481933,78.32564283309658,"{""type"":""MultiPoint"",""coordinates"":[]}"
00000000000000000302,1664.235754141795,HYD_0771,17.421388994633823,78.3350481836836,"{""type"":""MultiPoint"",""coordinates"":[]}"
00000000000000000303,937.8868344152106,HYD_0772,17.421513467508426,78.34445353477027,"{""type"":""MultiPoint"",""coordinates"":[]}"
00000000000000000304,987.4786851797745,HYD_0773,17.42163906753497,78.3538600046224,"{""type"":""MultiPoint"",""coordinates"":[]}"
00000000000000000305,815.6107661290641,HYD_0774,17.421763561693997,78.36326537456272,"{""type"":""MultiPoint"",""coordinates"":[]}"
00000000000000000306,0.0,HYD_0775,17.421888408178116,78.37267186002646,"{""type"":""MultiPoint"",""coordinates"":[]}"
00000000000000000307,744.3359000969717,HYD_0776,17.422013287848362,78.38207831332795,"{""type"":""MultiPoint"",""coordinates"":[]}"
00000000000000000308,460.2160599123165,HYD_0777,17.422136249016244,78.39148364487441,"{""type"":""MultiPoint"",""coordinates"":[]}"
00000000000000000309,989.1188849405945,HYD_0778,17.42225817048752,78.40089015161672,"{""type"":""MultiPoint"",""coordinates"":[]}"
0000000000000000030a,1347.5020883389916,HYD_0779,17.422381529618875,78.41029663893599,"{""type"":""MultiPoint"",""coordinates"":[]}"
0000000000000000030b,918.8477271465853,HYD_0780,17.422503447644132,78.41970311678324,"{""type"":""MultiPoint"",""coordinates"":[]}"
0000000000000000030c,1326.5422829615286,HYD_0781,17.42262678059607,78.42910956542802,"{""type"":""MultiPoint"",""coordinates"":[]}"
0000000000000000030d,1659.4479758305763,HYD_0782,17.422746448370873,78.43851608275982,"{""type"":""MultiPoint"",""coordinates"":[]}"
0000000000000000030e,1288.825047129458,HYD_0783,17.422867542118592,78.4479225264058,"{""type"":""MultiPoint"",""coordinates"":[]}"
0000000000000000030f,676.4003661113578,HYD_0784,17.422987593605107,78.45733009491565,"{""type"":""MultiPoint"",""coordinates"":[]}"
00000000000000000310,0.0,HYD_0785,17.423107980775974,78.46673657756301,"{""type"":""MultiPoint"",""coordinates"":[]}"
00000000000000000311,0.0,HYD_0786,17.423227294238284,78.47614345518137,"{""type"":""MultiPoint"",""coordinates"":[]}"
00000000000000000312,0.0,HYD_0787,17.4233454163845,78.48554915980658,"{""type"":""MultiPoint"",""coordinates"":[]}"
00000000000000000313,981.6361017282221,HYD_0788,17.423464697712006,78.49495600621648,"{""type"":""MultiPoint"",""coordinates"":[]}"
00000000000000000314,1981.1317019230491,HYD_0789,17.423583225219808,78.50436358164616,"{""type"":""MultiPoint"",""coordinates"":[]}"
00000000000000000315,2966.5436434379526,HYD_0790,17.42369994352676,78.51377156782279,"{""type"":""MultiPoint"",""coordinates"":[]}"
00000000000000000316,3105.5244851075963,HYD_0791,17.4238177428597,78.52317838544822,"{""type"":""MultiPoint"",""coordinates"":[]}"
00000000000000000317,2114.2989820093158,HYD_0792,17.423935494046724,78.53258522384425,"{""type"":""MultiPoint"",""coordinates"":[]}"
00000000000000000318,1137.5182302394685,HYD_0793,17.424051097351732,78.54199283827207,"{""type"":""MultiPoint"",""coordinates"":[]}"
00000000000000000319,294.43036731633424,HYD_0794,17.42416740591453,78.55140040175148,"{""type"":""MultiPoint"",""coordinates"":[]}"
0000000000000000031a,513.0833019068705,HYD_0795,17.424281518480335,78.56080728346144,"{""type"":""MultiPoint"",""coordinates"":[]}"
0000000000000000031b,223.17958736782464,HYD_0796,17.424395550307054,78.57021409335863,"{""type"":""MultiPoint"",""coordinates"":[]}"
0000000000000000031c,761.8641672339144,HYD_0797,17.424510378743356,78.57962320379441,"{""type"":""MultiPoint"",""coordinates"":[]}"
0000000000000000031d,1758.3377611584626,HYD_0798,17.42462556123233,78.5890311495908,"{""type"":""MultiPoint"",""coordinates"":[]}"
0000000000000000031e,2756.967862914889,HYD_0799,17.42473889991719,78.59843798292519,"{""type"":""MultiPoint"",""coordinates"":[]}"
0000000000000000031f,3756.294782023353,HYD_0800,17.42485150406279,78.60784707661972,"{""type"":""MultiPoint"",""coordinates"":[]}"
00000000000000000320,4515.631433570612,HYD_0801,17.424963743294008,78.61725506934796,"{""type"":""MultiPoint"",""coordinates"":[]}"
00000000000000000321,4474.33614994388,HYD_0802,17.425077067073758,78.62666110419481,"{""type"":""MultiPoint"",""coordinates"":[]}"
00000000000000000322,4640.904720562493,HYD_0803,17.425188163287885,78.63606871543219,"{""type"":""MultiPoint"",""coordinates"":[]}"
00000000000000000323,5005.4257442676435,HYD_0804,17.42529961651333,78.64547743265763,"{""type"":""MultiPoint"",""coordinates"":[]}"
00000000000000000324,5528.907696620284,HYD_0805,17.425411090385268,78.6548861162738,"{""type"":""MultiPoint"",""coordinates"":[]}"
00000000000000000325,6171.0937373168335,HYD_0806,17.425521467360703,78.66429445330459,"{""type"":""MultiPoint"",""coordinates"":[]}"
00000000000000000326,6898.909414092718,HYD_0807,17.425631838519255,78.67370352616044,"{""type"":""MultiPoint"",""coordinates"":[]}"
00000000000000000327,4986.621941093818,HYD_0808,17.411597903443937,78.27874942322673,"{""type"":""MultiPoint"",""coordinates"":[]}"
00000000000000000328,4020.8923917650404,HYD_0809,17.411725010269453,78.2881544200269,"{""type"":""MultiPoint"",""coordinates"":[]}"
00000000000000000329,3076.9108275151575,HYD_0810,17.411853218391986,78.29755828060958,"{""type"":""MultiPoint"",""coordinates"":[]}"
0000000000000000032a,2182.6436914544797,HYD_0811,17.411980326881036,78.3069625532739,"{""type"":""MultiPoint"",""coordinates"":[]}"
0000000000000000032b,1434.4139554159872,HYD_0812,17.412107763402794,78.31636788118048,"{""type"":""MultiPoint"",""coordinates"":[]}"
0000000000000000032c,1064.9579093690134,HYD_0813,17.412234491624982,78.32577325561168,"{""type"":""MultiPoint"",""coordinates"":[]}"
0000000000000000032d,1408.3866473212256,HYD_0814,17.41235896870186,78.33517862350558,"{""type"":""MultiPoint"",""coordinates"":[]}"
0000000000000000032e,1755.5999363035698,HYD_0815,17.412484526372914,78.34458506770363,"{""type"":""MultiPoint"",""coordinates"":[]}"
0000000000000000032f,775.1953414694627,HYD_0816,17.412609016986934,78.35399043458143,"{""type"":""MultiPoint"",""coordinates"":[]}"
00000000000000000330,79.66623248973187,HYD_0817,17.412733882812827,78.36339468317298,"{""type"":""MultiPoint"",""coordinates"":[]}"
00000000000000000331,64.68756463222317,HYD_0818,17.412859101249165,78.37280004759113,"{""type"":""MultiPoint"",""coordinates"":[]}"
00000000000000000332,512.3811543166739,HYD_0819,17.412983255570996,78.38220652375183,"{""type"":""MultiPoint"",""coordinates"":[]}"
00000000000000000333,527.2652650434652,HYD_0820,17.413106227442967,78.39161185784042,"{""type"":""MultiPoint"",""coordinates"":[]}"
00000000000000000334,489.19160031425554,HYD_0821,17.413229193739443,78.40101722981179,"{""type"":""MultiPoint"",""coordinates"":[]}"
00000000000000000335,639.4791376507251,HYD_0822,17.41335111794636,78.41042373258453,"{""type"":""MultiPoint"",""coordinates"":[]}"
00000000000000000336,10.364665127162079,HYD_0823,17.413474454886494,78.41983016389537,"{""type"":""MultiPoint"",""coordinates"":[]}"
00000000000000000337,899.9188255738734,HYD_0824,17.41359673210633,78.42923553451365,"{""type"":""MultiPoint"",""coordinates"":[]}"
00000000000000000338,1085.4892611370572,HYD_0825,17.41371711947909,78.4386420333025,"{""type"":""MultiPoint"",""coordinates"":[]}"
00000000000000000339,292.2851795840198,HYD_0826,17.41383750396866,78.44804850032732,"{""type"":""MultiPoint"",""coordinates"":[]}"
0000000000000000033a,741.3250021428012,HYD_0827,17.413958257875265,78.4574538316998,"{""type"":""MultiPoint"",""coordinates"":[]}"
0000000000000000033b,72.46040999159355,HYD_0828,17.414077970361856,78.46686033258817,"{""type"":""MultiPoint"",""coordinates"":[]}"
0000000000000000033c,0.0,HYD_0829,17.414196825022604,78.47626677599212,"{""type"":""MultiPoint"",""coordinates"":[]}"
0000000000000000033d,629.6680848383486,HYD_0830,17.41431428691313,78.48567329105609,"{""type"":""MultiPoint"",""coordinates"":[]}"
0000000000000000033e,1402.280890928433,HYD_0831,17.41443427516177,78.49508013449258,"{""type"":""MultiPoint"",""coordinates"":[]}"
0000000000000000033f,2219.8769412282063,HYD_0832,17.414551730224186,78.50448584565272,"{""type"":""MultiPoint"",""coordinates"":[]}"
00000000000000000340,3144.455638567408,HYD_0833,17.414669495435955,78.51389268393524,"{""type"":""MultiPoint"",""coordinates"":[]}"
00000000000000000341,3160.1073776298103,HYD_0834,17.41478617397162,78.52330063914846,"{""type"":""MultiPoint"",""coordinates"":[]}"
00000000000000000342,2193.7050146207703,HYD_0835,17.41490323593015,78.53270675355382,"{""type"":""MultiPoint"",""coordinates"":[]}"
00000000000000000343,1279.183862248695,HYD_0836,17.415019195981287,78.54211325495386,"{""type"":""MultiPoint"",""coordinates"":[]}"
00000000000000000344,526.9113790965685,HYD_0837,17.41513512447778,78.55151971229672,"{""type"":""MultiPoint"",""coordinates"":[]}"
00000000000000000345,623.6325856576638,HYD_0838,17.415249945931247,78.56092578380127,"{""type"":""MultiPoint"",""coordinates"":[]}"
00000000000000000346,1083.0138275911352,HYD_0839,17.41536478232454,78.57033487794422,"{""type"":""MultiPoint"",""coordinates"":[]}"
00000000000000000347,1320.5083461762035,HYD_0840,17.41547993752186,78.57974283109807,"{""type"":""MultiPoint"",""coordinates"":[]}"
00000000000000000348,2067.237064217042,HYD_0841,17.41559289576579,78.58914855020414,"{""type"":""MultiPoint"",""coordinates"":[]}"
00000000000000000349,2963.6776218278037,HYD_0842,17.415707008513298,78.5985569248359,"{""type"":""MultiPoint"",""coordinates"":[]}"
0000000000000000034a,3910.3407801243575,HYD_0843,17.415821060338,78.60796372801525,"{""type"":""MultiPoint"",""coordinates"":[]}"
0000000000000000034b,4878.296572153669,HYD_0844,17.415933307627558,78.61737170193712,"{""type"":""MultiPoint"",""coordinates"":[]}"
0000000000000000034c,5472.720879353235,HYD_0845,17.41604442802792,78.62677930422895,"{""type"":""MultiPoint"",""coordinates"":[]}"
0000000000000000034d,5609.628267597462,HYD_0846,17.41615662341973,78.63618576293264,"{""type"":""MultiPoint"",""coordinates"":[]}"
0000000000000000034e,5914.76647569557,HYD_0847,17.416267721977118,78.64559336740352,"{""type"":""MultiPoint"",""coordinates"":[]}"
0000000000000000034f,6363.89876199195,HYD_0848,17.416379196913812,78.65500205602419,"{""type"":""MultiPoint"",""coordinates"":[]}"
00000000000000000350,6929.094108417074,HYD_0849,17.416490667405878,78.66441075206885,"{""type"":""MultiPoint"",""coordinates"":[]}"
00000000000000000351,7584.451110347872,HYD_0850,17.41660141873403,78.6738187085159,"{""type"":""MultiPoint"",""coordinates"":[]}"
00000000000000000352,8308.684242003825,HYD_0851,17.416710305396865,78.68322553544138,"{""type"":""MultiPoint"",""coordinates"":[]}"
00000000000000000353,71.43719363973871,HYD_0852,17.403204811502185,78.3259047822381,"{""type"":""MultiPoint"",""coordinates"":[]}"
00000000000000000354,603.0600062329645,HYD_0853,17.403330028671157,78.33531013858048,"{""type"":""MultiPoint"",""coordinates"":[]}"
00000000000000000355,788.3949317950733,HYD_0854,17.403454507132853,78.34471550935818,"{""type"":""MultiPoint"",""coordinates"":[]}"
00000000000000000356,1142.6803822052455,HYD_0855,17.403579361008138,78.3541197629378,"{""type"":""MultiPoint"",""coordinates"":[]}"
00000000000000000357,988.1214959177695,HYD_0856,17.40370420909608,78.36352401313474,"{""type"":""MultiPoint"",""coordinates"":[]}"
00000000000000000358,893.5531348662327,HYD_0857,17.403829077129327,78.37292826192558,"{""type"":""MultiPoint"",""coordinates"":[]}"
00000000000000000359,1171.6415645100333,HYD_0858,17.40395393395163,78.38233472102813,"{""type"":""MultiPoint"",""coordinates"":[]}"
0000000000000000035a,1330.1081670757542,HYD_0859,17.40407654713406,78.3917411743078,"{""type"":""MultiPoint"",""coordinates"":[]}"
0000000000000000035b,677.9527549465005,HYD_0860,17.4041991639299,78.40114543099487,"{""type"":""MultiPoint"",""coordinates"":[]}"
0000000000000000035c,821.3100424718104,HYD_0861,17.404322154999555,78.41055079163154,"{""type"":""MultiPoint"",""coordinates"":[]}"
0000000000000000035d,990.4470665529365,HYD_0862,17.404443335354635,78.41995652988363,"{""type"":""MultiPoint"",""coordinates"":[]}"
0000000000000000035e,1337.1335622710812,HYD_0863,17.40456556790989,78.42936112413561,"{""type"":""MultiPoint"",""coordinates"":[]}"
0000000000000000035f,1225.5018815147355,HYD_0864,17.404687801447036,78.43876798379692,"{""type"":""MultiPoint"",""coordinates"":[]}"
00000000000000000360,595.8789312538197,HYD_0865,17.40480782476528,78.44817335105972,"{""type"":""MultiPoint"",""coordinates"":[]}"
00000000000000000361,1098.0658942815385,HYD_0866,17.40492823132016,78.45757759805322,"{""type"":""MultiPoint"",""coordinates"":[]}"
00000000000000000362,842.6662717056647,HYD_0867,17.40504752647199,78.46698442794752,"{""type"":""MultiPoint"",""coordinates"":[]}"
00000000000000000363,525.7557514504488,HYD_0868,17.405165681951516,78.47639015545435,"{""type"":""MultiPoint"",""coordinates"":[]}"
00000000000000000364,1183.2347989130692,HYD_0869,17.40528533240519,78.4857958997984,"{""type"":""MultiPoint"",""coordinates"":[]}"
00000000000000000365,2001.8854861468005,HYD_0870,17.405402776938608,78.49520238003826,"{""type"":""MultiPoint"",""coordinates"":[]}"
00000000000000000366,2794.9297244672484,HYD_0871,17.405521657725174,78.50460884635407,"{""type"":""MultiPoint"",""coordinates"":[]}"
00000000000000000367,3391.8256962934215,HYD_0872,17.405639087347016,78.51401533563164,"{""type"":""MultiPoint"",""coordinates"":[]}"
00000000000000000368,2867.155679610575,HYD_0873,17.405755728665277,78.523421765745,"{""type"":""MultiPoint"",""coordinates"":[]}"
00000000000000000369,2633.359120826543,HYD_0874,17.405871336660955,78.53282714559921,"{""type"":""MultiPoint"",""coordinates"":[]}"
0000000000000000036a,1939.520871525636,HYD_0875,17.40598728060822,78.54223362043776,"{""type"":""MultiPoint"",""coordinates"":[]}"
0000000000000000036b,1440.6017821974606,HYD_0876,17.406103202217523,78.55164010390055,"{""type"":""MultiPoint"",""coordinates"":[]}"
0000000000000000036c,1496.9858132833995,HYD_0877,17.406219145134653,78.5610465635799,"{""type"":""MultiPoint"",""coordinates"":[]}"
0000000000000000036d,2037.0285394751625,HYD_0878,17.40633543242645,78.57045413778341,"{""type"":""MultiPoint"",""coordinates"":[]}"
0000000000000000036e,2205.6891473778887,HYD_0879,17.406448431543918,78.5798606285793,"{""type"":""MultiPoint"",""coordinates"":[]}"
0000000000000000036f,2726.5056765839713,HYD_0880,17.406562837898978,78.58926709635061,"{""type"":""MultiPoint"",""coordinates"":[]}"
00000000000000000370,3458.809103291198,HYD_0881,17.40667621067867,78.59867469379094,"{""type"":""MultiPoint"",""coordinates"":[]}"
00000000000000000371,4297.974584137504,HYD_0882,17.406788453186742,78.6080826704093,"{""type"":""MultiPoint"",""coordinates"":[]}"
00000000000000000372,5193.950546947459,HYD_0883,17.40690288315366,78.61748835000374,"{""type"":""MultiPoint"",""coordinates"":[]}"
00000000000000000373,6122.346480697124,HYD_0884,17.407015118198135,78.62689633337034,"{""type"":""MultiPoint"",""coordinates"":[]}"
00000000000000000374,6587.430975419151,HYD_0885,17.407126574776576,78.6363028380905,"{""type"":""MultiPoint"",""coordinates"":[]}"
00000000000000000375,6849.0973363956755,HYD_0886,17.407238052474106,78.64570931023238,"{""type"":""MultiPoint"",""coordinates"":[]}"
00000000000000000376,7240.646527364324,HYD_0887,17.407348414841067,78.6551183868863,"{""type"":""MultiPoint"",""coordinates"":[]}"
00000000000000000377,7742.104286099176,HYD_0888,17.40745913701468,78.66452558891272,"{""type"":""MultiPoint"",""coordinates"":[]}"
00000000000000000378,8333.75836034564,HYD_0889,17.407568774563256,78.67393168905343,"{""type"":""MultiPoint"",""coordinates"":[]}"
00000000000000000379,8997.958620448368,HYD_0890,17.40767840439667,78.6833400131793,"{""type"":""MultiPoint"",""coordinates"":[]}"
0000000000000000037a,178.512413465852,HYD_0891,17.39442485258672,78.34484481974596,"{""type"":""MultiPoint"",""coordinates"":[]}"
0000000000000000037b,825.79263483613,HYD_0892,17.394549688529313,78.35424907481567,"{""type"":""MultiPoint"",""coordinates"":[]}"
0000000000000000037c,1813.3120262818534,HYD_0893,17.394674544653437,78.36365332957926,"{""type"":""MultiPoint"",""coordinates"":[]}"
0000000000000000037d,1884.346854308436,HYD_0894,17.394799400878163,78.37305755842993,"{""type"":""MultiPoint"",""coordinates"":[]}"
0000000000000000037e,2044.9587930449468,HYD_0895,17.39492460987381,78.38246290217194,"{""type"":""MultiPoint"",""coordinates"":[]}"
0000000000000000037f,2082.2058598278536,HYD_0896,17.395046881866907,78.39186827741672,"{""type"":""MultiPoint"",""coordinates"":[]}"
00000000000000000380,1608.724274028969,HYD_0897,17.395169501886976,78.40127253023455,"{""type"":""MultiPoint"",""coordinates"":[]}"
00000000000000000381,1684.6498510757856,HYD_0898,17.395291766137202,78.4106779002752,"{""type"":""MultiPoint"",""coordinates"":[]}"
00000000000000000382,1989.9170824867758,HYD_0899,17.39541250875454,78.42008322673264,"{""type"":""MultiPoint"",""coordinates"":[]}"
00000000000000000383,2182.7244572678246,HYD_0900,17.395535494811803,78.42948858864693,"{""type"":""MultiPoint"",""coordinates"":[]}"
00000000000000000384,1918.9903837518525,HYD_0901,17.39565777355297,78.43889395477999,"{""type"":""MultiPoint"",""coordinates"":[]}"
00000000000000000385,1592.4158863993107,HYD_0902,17.395778170529645,78.4482981866692,"{""type"":""MultiPoint"",""coordinates"":[]}"
00000000000000000386,1840.3406912125017,HYD_0903,17.395897416868703,78.4577028362788,"{""type"":""MultiPoint"",""coordinates"":[]}"
00000000000000000387,1693.1417356152429,HYD_0904,17.39601559890044,78.46710852824998,"{""type"":""MultiPoint"",""coordinates"":[]}"
00000000000000000388,1509.2698604604047,HYD_0905,17.39613492090625,78.4765153854048,"{""type"":""MultiPoint"",""coordinates"":[]}"
00000000000000000389,1856.2120806706475,HYD_0906,17.396255282201864,78.48591963086115,"{""type"":""MultiPoint"",""coordinates"":[]}"
0000000000000000038a,2562.3486565925227,HYD_0907,17.396373817124665,78.4953249775548,"{""type"":""MultiPoint"",""coordinates"":[]}"
0000000000000000038b,3378.7508768527928,HYD_0908,17.396490182045074,78.50473187363961,"{""type"":""MultiPoint"",""coordinates"":[]}"
0000000000000000038c,2692.0231685582194,HYD_0909,17.39660902076301,78.51413756813784,"{""type"":""MultiPoint"",""coordinates"":[]}"
0000000000000000038d,1990.79049146083,HYD_0910,17.396725716853805,78.52354330583431,"{""type"":""MultiPoint"",""coordinates"":[]}"
0000000000000000038e,1636.2784843372854,HYD_0911,17.39684130859683,78.53294865904543,"{""type"":""MultiPoint"",""coordinates"":[]}"
0000000000000000038f,1815.9884849378373,HYD_0912,17.396957952181165,78.54235513909295,"{""type"":""MultiPoint"",""coordinates"":[]}"
00000000000000000390,2422.9196806536934,HYD_0913,17.397073507303702,78.55176050136434,"{""type"":""MultiPoint"",""coordinates"":[]}"
00000000000000000391,2467.9105246359045,HYD_0914,17.39718945728441,78.56116695756859,"{""type"":""MultiPoint"",""coordinates"":[]}"
00000000000000000392,2828.35022959876,HYD_0915,17.397304313786062,78.57057382013389,"{""type"":""MultiPoint"",""coordinates"":[]}"
00000000000000000393,3159.734857090572,HYD_0916,17.397418345001984,78.57997840637952,"{""type"":""MultiPoint"",""coordinates"":[]}"
00000000000000000394,3543.125560763711,HYD_0917,17.39753137800344,78.58938566833052,"{""type"":""MultiPoint"",""coordinates"":[]}"
00000000000000000395,4137.647333911889,HYD_0918,17.397645759086274,78.59879134126251,"{""type"":""MultiPoint"",""coordinates"":[]}"
00000000000000000396,4863.135658883076,HYD_0919,17.397758023512743,78.60819932970595,"{""type"":""MultiPoint"",""coordinates"":[]}"
00000000000000000397,5670.706008057832,HYD_0920,17.397870615835146,78.61760618082519,"{""type"":""MultiPoint"",""coordinates"":[]}"
00000000000000000398,6531.5420936033815,HYD_0921,17.39798321150402,78.62701227593055,"{""type"":""MultiPoint"",""coordinates"":[]}"
00000000000000000399,7427.275106403117,HYD_0922,17.39809467676735,78.63641876214544,"{""type"":""MultiPoint"",""coordinates"":[]}"
0000000000000000039a,7799.817950362347,HYD_0923,17.398206141681065,78.6458252387535,"{""type"":""MultiPoint"",""coordinates"":[]}"
0000000000000000039b,8145.706455887552,HYD_0924,17.39831685979081,78.65523243341394,"{""type"":""MultiPoint"",""coordinates"":[]}"
0000000000000000039c,8594.60527157825,HYD_0925,17.39842653965014,78.66463931471439,"{""type"":""MultiPoint"",""coordinates"":[]}"
0000000000000000039d,9131.124781034652,HYD_0926,17.39853758685407,78.67404614315613,"{""type"":""MultiPoint"",""coordinates"":[]}"
0000000000000000039e,9741.09671605604,HYD_0927,17.398646456834236,78.68345295525822,"{""type"":""MultiPoint"",""coordinates"":[]}"
0000000000000000039f,1433.8284776305184,HYD_0928,17.38552002605427,78.35437837331048,"{""type"":""MultiPoint"",""coordinates"":[]}"
000000000000000003a0,1839.430118098252,HYD_0929,17.385644864361833,78.36378262946823,"{""type"":""MultiPoint"",""coordinates"":[]}"
000000000000000003a1,2563.769366285609,HYD_0930,17.38576971474956,78.3731868625101,"{""type"":""MultiPoint"",""coordinates"":[]}"
000000000000000003a2,2993.182454777155,HYD_0931,17.38589458188155,78.38259111272734,"{""type"":""MultiPoint"",""coordinates"":[]}"
000000000000000003a3,2908.932305675857,HYD_0932,17.38601720693489,78.39199538823287,"{""type"":""MultiPoint"",""coordinates"":[]}"
000000000000000003a4,2591.1605371620894,HYD_0933,17.386139807341465,78.40139961399562,"{""type"":""MultiPoint"",""coordinates"":[]}"
000000000000000003a5,2638.8852452118986,HYD_0934,17.386262782245065,78.41080494360017,"{""type"":""MultiPoint"",""coordinates"":[]}"
000000000000000003a6,2989.2592741848384,HYD_0935,17.386382829408873,78.42021032443618,"{""type"":""MultiPoint"",""coordinates"":[]}"
000000000000000003a7,3120.744836919861,HYD_0936,17.38650435260082,78.42961495651005,"{""type"":""MultiPoint"",""coordinates"":[]}"
000000000000000003a8,2803.9009780606884,HYD_0937,17.386626971272573,78.43901843130902,"{""type"":""MultiPoint"",""coordinates"":[]}"
000000000000000003a9,2591.3029458075002,HYD_0938,17.386747400055967,78.44842343667419,"{""type"":""MultiPoint"",""coordinates"":[]}"
000000000000000003aa,2750.74069877184,HYD_0939,17.386865524517734,78.45782691151567,"{""type"":""MultiPoint"",""coordinates"":[]}"
000000000000000003ab,2618.1744846170773,HYD_0940,17.38698517126497,78.46723264691907,"{""type"":""MultiPoint"",""coordinates"":[]}"
000000000000000003ac,2503.1414345665544,HYD_0941,17.387104877590318,78.4766391199068,"{""type"":""MultiPoint"",""coordinates"":[]}"
000000000000000003ad,2736.720491206354,HYD_0942,17.387224516190066,78.486044849022,"{""type"":""MultiPoint"",""coordinates"":[]}"
000000000000000003ae,3257.2440983867627,HYD_0943,17.387342658170827,78.49544835540414,"{""type"":""MultiPoint"",""coordinates"":[]}"
000000000000000003af,3204.5649969042483,HYD_0944,17.387460069627583,78.50485410319003,"{""type"":""MultiPoint"",""coordinates"":[]}"
000000000000000003b0,2233.1732617174675,HYD_0945,17.38757677373835,78.51425986118451,"{""type"":""MultiPoint"",""coordinates"":[]}"
000000000000000003b1,1305.3909310698598,HYD_0946,17.38769491397306,78.523663307975,"{""type"":""MultiPoint"",""coordinates"":[]}"
000000000000000003b2,646.6806864433088,HYD_0947,17.387811991489063,78.53307015955279,"{""type"":""MultiPoint"",""coordinates"":[]}"
000000000000000003b3,1018.3694213916455,HYD_0948,17.387927928817458,78.54247666305677,"{""type"":""MultiPoint"",""coordinates"":[]}"
000000000000000003b4,1906.083290659683,HYD_0949,17.388042723424043,78.55188129953439,"{""type"":""MultiPoint"",""coordinates"":[]}"
000000000000000003b5,2504.218821096855,HYD_0950,17.388157894255986,78.5612862441383,"{""type"":""MultiPoint"",""coordinates"":[]}"
000000000000000003b6,2468.898747637086,HYD_0951,17.388272017687786,78.57069232131944,"{""type"":""MultiPoint"",""coordinates"":[]}"
000000000000000003b7,2748.315536988179,HYD_0952,17.388387223662452,78.58009807745441,"{""type"":""MultiPoint"",""coordinates"":[]}"
000000000000000003b8,3312.807919722121,HYD_0953,17.388501258629073,78.58950342074986,"{""type"":""MultiPoint"",""coordinates"":[]}"
000000000000000003b9,4048.9956998877537,HYD_0954,17.388613150799628,78.59891028766727,"{""type"":""MultiPoint"",""coordinates"":[]}"
000000000000000003ba,4879.89538128333,HYD_0955,17.388727533391766,78.60831597253919,"{""type"":""MultiPoint"",""coordinates"":[]}"
000000000000000003bb,5764.528480972398,HYD_0956,17.38883979820101,78.61772172720912,"{""type"":""MultiPoint"",""coordinates"":[]}"
000000000000000003bc,6681.710883641983,HYD_0957,17.388951295003345,78.62712822604506,"{""type"":""MultiPoint"",""coordinates"":[]}"
000000000000000003bd,7619.678128426373,HYD_0958,17.389062768968365,78.63653469364273,"{""type"":""MultiPoint"",""coordinates"":[]}"
000000000000000003be,8571.61113221113,HYD_0959,17.389174242728696,78.64594115168961,"{""type"":""MultiPoint"",""coordinates"":[]}"
000000000000000003bf,9070.648212316846,HYD_0960,17.389285718794454,78.6553476430273,"{""type"":""MultiPoint"",""coordinates"":[]}"
000000000000000003c0,9475.792086295362,HYD_0961,17.389396086419115,78.66475451465567,"{""type"":""MultiPoint"",""coordinates"":[]}"
000000000000000003c1,9965.102710271858,HYD_0962,17.389505306533238,78.67416019446574,"{""type"":""MultiPoint"",""coordinates"":[]}"
000000000000000003c2,10526.780660114515,HYD_0963,17.389614942051605,78.6835663130599,"{""type"":""MultiPoint"",""coordinates"":[]}"
000000000000000003c3,971.1561569007456,HYD_0964,17.376366569912,78.34510528976168,"{""type"":""MultiPoint"",""coordinates"":[]}"
000000000000000003c4,487.7574550873193,HYD_0965,17.37649182192997,78.35450918225796,"{""type"":""MultiPoint"",""coordinates"":[]}"
000000000000000003c5,1195.4687034483854,HYD_0966,17.376615202935735,78.36391193796258,"{""type"":""MultiPoint"",""coordinates"":[]}"
000000000000000003c6,2149.089351007412,HYD_0967,17.376740035694976,78.37331617252593,"{""type"":""MultiPoint"",""coordinates"":[]}"
000000000000000003c7,3131.463642150912,HYD_0968,17.37686489164574,78.38272044819958,"{""type"":""MultiPoint"",""coordinates"":[]}"
000000000000000003c8,3819.0748381582334,HYD_0969,17.37698749662439,78.39212469647968,"{""type"":""MultiPoint"",""coordinates"":[]}"
000000000000000003c9,3582.9906236127,HYD_0970,17.37711009999186,78.40152891819925,"{""type"":""MultiPoint"",""coordinates"":[]}"
000000000000000003ca,3617.645814215173,HYD_0971,17.377233104587326,78.4109320387354,"{""type"":""MultiPoint"",""coordinates"":[]}"
000000000000000003cb,3150.1428394329955,HYD_0972,17.377353158406976,78.42033517211688,"{""type"":""MultiPoint"",""coordinates"":[]}"
000000000000000003cc,2835.8575097506196,HYD_0973,17.37747356503864,78.42973941531099,"{""type"":""MultiPoint"",""coordinates"":[]}"
000000000000000003cd,2856.5121313123987,HYD_0974,17.37759509286691,78.43914405647737,"{""type"":""MultiPoint"",""coordinates"":[]}"
000000000000000003ce,3095.0029851782297,HYD_0975,17.377715458402854,78.4485475305445,"{""type"":""MultiPoint"",""coordinates"":[]}"
000000000000000003cf,3402.8752879659114,HYD_0976,17.37783473546229,78.45795214924982,"{""type"":""MultiPoint"",""coordinates"":[]}"
000000000000000003d0,3583.399184008433,HYD_0977,17.37795512795867,78.46735639326994,"{""type"":""MultiPoint"",""coordinates"":[]}"
000000000000000003d1,3500.0764860354425,HYD_0978,17.378075888329107,78.47676173939627,"{""type"":""MultiPoint"",""coordinates"":[]}"
000000000000000003d2,3678.4899834987714,HYD_0979,17.378193720604,78.48616711437282,"{""type"":""MultiPoint"",""coordinates"":[]}"
000000000000000003d3,3841.631929757402,HYD_0980,17.378311887197523,78.49557137243663,"{""type"":""MultiPoint"",""coordinates"":[]}"
000000000000000003d4,3097.8352387436066,HYD_0981,17.37843003209719,78.50497562859229,"{""type"":""MultiPoint"",""coordinates"":[]}"
000000000000000003d5,2168.774937379906,HYD_0982,17.37854559987199,78.51438100550337,"{""type"":""MultiPoint"",""coordinates"":[]}"
000000000000000003d6,1191.7569189896683,HYD_0983,17.378663008988013,78.5237867056635,"{""type"":""MultiPoint"",""coordinates"":[]}"
000000000000000003d7,368.0731010531875,HYD_0984,17.378780443752945,78.53319166768969,"{""type"":""MultiPoint"",""coordinates"":[]}"
000000000000000003d8,879.8544715992858,HYD_0985,17.378896028256115,78.54259703588089,"{""type"":""MultiPoint"",""coordinates"":[]}"
000000000000000003d9,1835.8160185795628,HYD_0986,17.379010810550884,78.55200088249373,"{""type"":""MultiPoint"",""coordinates"":[]}"
000000000000000003da,1550.2491835757285,HYD_0987,17.37912562843514,78.56140551395747,"{""type"":""MultiPoint"",""coordinates"":[]}"
000000000000000003db,1482.247163211823,HYD_0988,17.379241943210083,78.57081088308594,"{""type"":""MultiPoint"",""coordinates"":[]}"
000000000000000003dc,1902.9284616593116,HYD_0989,17.37935604260841,78.58021773182382,"{""type"":""MultiPoint"",""coordinates"":[]}"
000000000000000003dd,2653.7954664735657,HYD_0990,17.379470088547926,78.5896223076475,"{""type"":""MultiPoint"",""coordinates"":[]}"
000000000000000003de,3530.2562714601386,HYD_0991,17.379583046306657,78.59902807266037,"{""type"":""MultiPoint"",""coordinates"":[]}"
000000000000000003df,4458.830242792834,HYD_0992,17.37969529703415,78.60843382224331,"{""type"":""MultiPoint"",""coordinates"":[]}"
000000000000000003e0,5412.706400562598,HYD_0993,17.379807551756752,78.61783880251451,"{""type"":""MultiPoint"",""coordinates"":[]}"
000000000000000003e1,6380.737374353104,HYD_0994,17.37991974121055,78.627245254379,"{""type"":""MultiPoint"",""coordinates"":[]}"
000000000000000003e2,7357.113444538534,HYD_0995,17.38003085210217,78.63665063272371,"{""type"":""MultiPoint"",""coordinates"":[]}"
000000000000000003e3,8339.115033585445,HYD_0996,17.380142334640496,78.64605707229545,"{""type"":""MultiPoint"",""coordinates"":[]}"
000000000000000003e4,9324.886686512891,HYD_0997,17.380253819711434,78.65546354498204,"{""type"":""MultiPoint"",""coordinates"":[]}"
000000000000000003e5,10313.17645634712,HYD_0998,17.38036452139539,78.66486854242002,"{""type"":""MultiPoint"",""coordinates"":[]}"
000000000000000003e6,10827.262721141482,HYD_0999,17.380473075998914,78.67427581874253,"{""type"":""MultiPoint"",""coordinates"":[]}"
000000000000000003e7,11346.290301461797,HYD_1000,17.380582648966037,78.68368036833851,"{""type"":""MultiPoint"",""coordinates"":[]}"
000000000000000003e8,146.54480353245592,HYD_1001,17.36733912060555,78.34523761364912,"{""type"":""MultiPoint"",""coordinates"":[]}"
000000000000000003e9,515.7525155799586,HYD_1002,17.36746288831814,78.35463924078263,"{""type"":""MultiPoint"",""coordinates"":[]}"
000000000000000003ea,1213.469968763086,HYD_1003,17.36758550544186,78.36404125293784,"{""type"":""MultiPoint"",""coordinates"":[]}"
000000000000000003eb,2159.157554384212,HYD_1004,17.367710362354437,78.37344549046043,"{""type"":""MultiPoint"",""coordinates"":[]}"
000000000000000003ec,3138.396917531436,HYD_1005,17.367835220271694,78.38284974668842,"{""type"":""MultiPoint"",""coordinates"":[]}"
000000000000000003ed,4127.279214291331,HYD_1006,17.367958170195223,78.3922528732997,"{""type"":""MultiPoint"",""coordinates"":[]}"
000000000000000003ee,3882.907850634238,HYD_1007,17.3680804326639,78.40165601690593,"{""type"":""MultiPoint"",""coordinates"":[]}"
000000000000000003ef,3033.327116710688,HYD_1008,17.368202709747127,78.41105913167993,"{""type"":""MultiPoint"",""coordinates"":[]}"
000000000000000003f0,2307.0379482208186,HYD_1009,17.36832346947559,78.42046226146651,"{""type"":""MultiPoint"",""coordinates"":[]}"
000000000000000003f1,1855.093127794113,HYD_1010,17.368443888057044,78.42986652266487,"{""type"":""MultiPoint"",""coordinates"":[]}"
000000000000000003f2,1886.4202597405636,HYD_1011,17.36856463840095,78.43926961328923,"{""type"":""MultiPoint"",""coordinates"":[]}"
000000000000000003f3,2114.8514620631563,HYD_1012,17.368684662334445,78.44867275823196,"{""type"":""MultiPoint"",""coordinates"":[]}"
000000000000000003f4,2544.375030309301,HYD_1013,17.36880506103186,78.45807703176895,"{""type"":""MultiPoint"",""coordinates"":[]}"
000000000000000003f5,3236.261857319038,HYD_1014,17.368925429645277,78.46748127030123,"{""type"":""MultiPoint"",""coordinates"":[]}"
000000000000000003f6,4058.4548974641757,HYD_1015,17.369044720799085,78.47688591060925,"{""type"":""MultiPoint"",""coordinates"":[]}"
000000000000000003f7,3885.695023177531,HYD_1016,17.369162894499944,78.48628937973663,"{""type"":""MultiPoint"",""coordinates"":[]}"
000000000000000003f8,3295.495440420604,HYD_1017,17.369281108120255,78.49569439710505,"{""type"":""MultiPoint"",""coordinates"":[]}"
000000000000000003f9,2437.9788294386467,HYD_1018,17.36939926105459,78.50509787127169,"{""type"":""MultiPoint"",""coordinates"":[]}"
000000000000000003fa,1686.0866830586783,HYD_1019,17.369516661857393,78.51450359350295,"{""type"":""MultiPoint"",""coordinates"":[]}"
000000000000000003fb,1277.087752402525,HYD_1020,17.369632235797724,78.52390895505904,"{""type"":""MultiPoint"",""coordinates"":[]}"
000000000000000003fc,1346.5165694128104,HYD_1021,17.369748166120605,78.53331318840353,"{""type"":""MultiPoint"",""coordinates"":[]}"
000000000000000003fd,1584.2609387738098,HYD_1022,17.36986409119656,78.54271742989569,"{""type"":""MultiPoint"",""coordinates"":[]}"
000000000000000003fe,1645.417594637161,HYD_1023,17.369980030845944,78.55212167272633,"{""type"":""MultiPoint"",""coordinates"":[]}"
000000000000000003ff,731.009148799276,HYD_1024,17.370095971210684,78.5615259156655,"{""type"":""MultiPoint"",""coordinates"":[]}"
00000000000000000400,513.4880741964098,HYD_1025,17.3702107904258,78.57093053316648,"{""type"":""MultiPoint"",""coordinates"":[]}"
00000000000000000401,1298.7787455865844,HYD_1026,17.370324821955464,78.58033513178574,"{""type"":""MultiPoint"",""coordinates"":[]}"
00000000000000000402,2260.282516741078,HYD_1027,17.37043820614237,78.58974126692286,"{""type"":""MultiPoint"",""coordinates"":[]}"
00000000000000000403,3244.691895672323,HYD_1028,17.370551896189223,78.59914472542307,"{""type"":""MultiPoint"",""coordinates"":[]}"
00000000000000000404,4236.368604356284,HYD_1029,17.370664149490576,78.6085504932525,"{""type"":""MultiPoint"",""coordinates"":[]}"
00000000000000000405,5231.164053156458,HYD_1030,17.370776353022492,78.61795694314438,"{""type"":""MultiPoint"",""coordinates"":[]}"
00000000000000000406,6227.42164388025,HYD_1031,17.370887472199765,78.62736231077685,"{""type"":""MultiPoint"",""coordinates"":[]}"
00000000000000000407,7224.495986033392,HYD_1032,17.370998948436643,78.63676655632908,"{""type"":""MultiPoint"",""coordinates"":[]}"
00000000000000000408,8222.28029221622,HYD_1033,17.37111077462584,78.64617188631257,"{""type"":""MultiPoint"",""coordinates"":[]}"
00000000000000000409,9220.580468055956,HYD_1034,17.3712215570537,78.65557838235115,"{""type"":""MultiPoint"",""coordinates"":[]}"
0000000000000000040a,10219.086400345683,HYD_1035,17.371332300234204,78.66498414845208,"{""type"":""MultiPoint"",""coordinates"":[]}"
0000000000000000040b,11217.6662427385,HYD_1036,17.371441854959777,78.67438872149594,"{""type"":""MultiPoint"",""coordinates"":[]}"
0000000000000000040c,12192.700575818379,HYD_1037,17.371550767440024,78.68379484545328,"{""type"":""MultiPoint"",""coordinates"":[]}"
0000000000000000040d,1179.700217514512,HYD_1038,17.35843318157982,78.35476858280683,"{""type"":""MultiPoint"",""coordinates"":[]}"
0000000000000000040e,1874.4585189924119,HYD_1039,17.35855582177955,78.36417056717336,"{""type"":""MultiPoint"",""coordinates"":[]}"
0000000000000000040f,2589.0244238476034,HYD_1040,17.35868067557373,78.37357483737897,"{""type"":""MultiPoint"",""coordinates"":[]}"
00000000000000000410,3448.165118438222,HYD_1041,17.35880588343626,78.38297793485121,"{""type"":""MultiPoint"",""coordinates"":[]}"
00000000000000000411,4280.903802592387,HYD_1042,17.358927811585044,78.39237997547416,"{""type"":""MultiPoint"",""coordinates"":[]}"
00000000000000000412,3508.0593524965516,HYD_1043,17.3590507792853,78.40178310020707,"{""type"":""MultiPoint"",""coordinates"":[]}"
00000000000000000413,2566.476872283796,HYD_1044,17.359173745714333,78.41118619756269,"{""type"":""MultiPoint"",""coordinates"":[]}"
00000000000000000414,1648.998617306038,HYD_1045,17.35929380875265,78.42058935103914,"{""type"":""MultiPoint"",""coordinates"":[]}"
00000000000000000415,915.6310029803641,HYD_1046,17.35941420304463,78.4299936219668,"{""type"":""MultiPoint"",""coordinates"":[]}"
00000000000000000416,934.6836903290092,HYD_1047,17.359534569293206,78.4393956051455,"{""type"":""MultiPoint"",""coordinates"":[]}"
00000000000000000417,1168.1585461120712,HYD_1048,17.359655003437297,78.44879762291404,"{""type"":""MultiPoint"",""coordinates"":[]}"
00000000000000000418,1834.6255154514338,HYD_1049,17.359775392287172,78.45820187676141,"{""type"":""MultiPoint"",""coordinates"":[]}"
00000000000000000419,2713.949462798331,HYD_1050,17.35989576556637,78.46760611149459,"{""type"":""MultiPoint"",""coordinates"":[]}"
0000000000000000041a,3655.5528545251605,HYD_1051,17.360013918803435,78.47701035503206,"{""type"":""MultiPoint"",""coordinates"":[]}"
0000000000000000041b,3137.378610483214,HYD_1052,17.360132451146992,78.48641346703913,"{""type"":""MultiPoint"",""coordinates"":[]}"
0000000000000000041c,2494.7315707837297,HYD_1053,17.360250299364992,78.49581661519981,"{""type"":""MultiPoint"",""coordinates"":[]}"
0000000000000000041d,2011.008215509817,HYD_1054,17.360368449374075,78.50522087012851,"{""type"":""MultiPoint"",""coordinates"":[]}"
0000000000000000041e,1060.749502308176,HYD_1055,17.36048661388078,78.51462511513496,"{""type"":""MultiPoint"",""coordinates"":[]}"
0000000000000000041f,293.1951255494458,HYD_1056,17.360602549845662,78.52402934218107,"{""type"":""MultiPoint"",""coordinates"":[]}"
00000000000000000420,602.3593868375435,HYD_1057,17.360718464303286,78.533433564378,"{""type"":""MultiPoint"",""coordinates"":[]}"
00000000000000000421,1437.0884640487511,HYD_1058,17.360834404159448,78.54283782425372,"{""type"":""MultiPoint"",""coordinates"":[]}"
00000000000000000422,1630.711409401613,HYD_1059,17.36095034490165,78.55224208512126,"{""type"":""MultiPoint"",""coordinates"":[]}"
00000000000000000423,700.4648094796374,HYD_1060,17.361065154193962,78.56164668625134,"{""type"":""MultiPoint"",""coordinates"":[]}"
00000000000000000424,504.71811080443246,HYD_1061,17.36117886412216,78.57105018180668,"{""type"":""MultiPoint"",""coordinates"":[]}"
00000000000000000425,1318.1823783650495,HYD_1062,17.36129371313127,78.58045480077767,"{""type"":""MultiPoint"",""coordinates"":[]}"
00000000000000000426,2274.434858759779,HYD_1063,17.361407398907883,78.58985903195848,"{""type"":""MultiPoint"",""coordinates"":[]}"
00000000000000000427,3254.7273214593133,HYD_1064,17.36151999957662,78.59926365773087,"{""type"":""MultiPoint"",""coordinates"":[]}"
00000000000000000428,4244.008702558928,HYD_1065,17.361634072575495,78.60866826733445,"{""type"":""MultiPoint"",""coordinates"":[]}"
00000000000000000429,5237.340892828227,HYD_1066,17.361746311988277,78.6180740027113,"{""type"":""MultiPoint"",""coordinates"":[]}"
0000000000000000042a,6232.559035184791,HYD_1067,17.36185777442746,78.62747826055494,"{""type"":""MultiPoint"",""coordinates"":[]}"
0000000000000000042b,7228.968759933103,HYD_1068,17.361969253510637,78.6368825088215,"{""type"":""MultiPoint"",""coordinates"":[]}"
0000000000000000042c,8226.181633559485,HYD_1069,17.3620796509123,78.64628711279104,"{""type"":""MultiPoint"",""coordinates"":[]}"
0000000000000000042d,9223.94399994949,HYD_1070,17.362190363216815,78.65569209344126,"{""type"":""MultiPoint"",""coordinates"":[]}"
0000000000000000042e,10222.07207964027,HYD_1071,17.3623003553073,78.66509708229223,"{""type"":""MultiPoint"",""coordinates"":[]}"
0000000000000000042f,11220.591111060356,HYD_1072,17.362409241561846,78.6745032233311,"{""type"":""MultiPoint"",""coordinates"":[]}"
00000000000000000430,12219.138618126877,HYD_1073,17.362518814530358,78.68390778702114,"{""type"":""MultiPoint"",""coordinates"":[]}"
00000000000000000431,1654.1631554448156,HYD_1074,17.349404608433566,78.35489747229238,"{""type"":""MultiPoint"",""coordinates"":[]}"
00000000000000000432,1650.1453646454306,HYD_1075,17.34952726625627,78.36430027547614,"{""type"":""MultiPoint"",""coordinates"":[]}"
00000000000000000433,2144.949468415666,HYD_1076,17.349651357174075,78.37370300793434,"{""type"":""MultiPoint"",""coordinates"":[]}"
00000000000000000434,2880.9718361762298,HYD_1077,17.349775479248805,78.3831050560242,"{""type"":""MultiPoint"",""coordinates"":[]}"
00000000000000000435,3688.3209986413967,HYD_1078,17.349898840316058,78.39250703531465,"{""type"":""MultiPoint"",""coordinates"":[]}"
00000000000000000436,3303.1172722429965,HYD_1079,17.350019988554273,78.40191056192715,"{""type"":""MultiPoint"",""coordinates"":[]}"
00000000000000000437,2323.3442391556537,HYD_1080,17.350142231840184,78.41131291889099,"{""type"":""MultiPoint"",""coordinates"":[]}"
00000000000000000438,1352.0680544427194,HYD_1081,17.350264497385297,78.42071533144635,"{""type"":""MultiPoint"",""coordinates"":[]}"
00000000000000000439,354.2684223584817,HYD_1082,17.350384512525157,78.43011845775092,"{""type"":""MultiPoint"",""coordinates"":[]}"
0000000000000000043a,60.75110140639673,HYD_1083,17.35050453489257,78.4395215759466,"{""type"":""MultiPoint"",""coordinates"":[]}"
0000000000000000043b,504.4020386864689,HYD_1084,17.350625667197086,78.44892356803845,"{""type"":""MultiPoint"",""coordinates"":[]}"
0000000000000000043c,1480.8561969448717,HYD_1085,17.350745708535996,78.45832670734319,"{""type"":""MultiPoint"",""coordinates"":[]}"
0000000000000000043d,2388.845015086249,HYD_1086,17.35086499395027,78.46773134561381,"{""type"":""MultiPoint"",""coordinates"":[]}"
0000000000000000043e,3297.5678294922386,HYD_1087,17.35098348834435,78.47713366775213,"{""type"":""MultiPoint"",""coordinates"":[]}"
0000000000000000043f,2566.4086824178416,HYD_1088,17.351102087352626,78.48653610291755,"{""type"":""MultiPoint"",""coordinates"":[]}"
00000000000000000440,1725.9630176521553,HYD_1089,17.351220620047407,78.49593922459731,"{""type"":""MultiPoint"",""coordinates"":[]}"
00000000000000000441,1140.5081745772493,HYD_1090,17.351337674578414,78.50534387601296,"{""type"":""MultiPoint"",""coordinates"":[]}"
00000000000000000442,1043.32863813526,HYD_1091,17.351455045115046,78.51474662352818,"{""type"":""MultiPoint"",""coordinates"":[]}"
00000000000000000443,340.3330591951359,HYD_1092,17.35157173671562,78.52414935144756,"{""type"":""MultiPoint"",""coordinates"":[]}"
00000000000000000444,358.27044852171946,HYD_1093,17.351688794178717,78.53355396932861,"{""type"":""MultiPoint"",""coordinates"":[]}"
00000000000000000445,1040.4815214659975,HYD_1094,17.351804754523833,78.5429582262553,"{""type"":""MultiPoint"",""coordinates"":[]}"
00000000000000000446,1301.8153858149913,HYD_1095,17.35191956404131,78.55236284540054,"{""type"":""MultiPoint"",""coordinates"":[]}"
00000000000000000447,1503.492374529254,HYD_1096,17.352033598123604,78.56176520194727,"{""type"":""MultiPoint"",""coordinates"":[]}"
00000000000000000448,1445.705712934749,HYD_1097,17.35214806695773,78.57116873228665,"{""type"":""MultiPoint"",""coordinates"":[]}"
00000000000000000449,1903.1463721777798,HYD_1098,17.35226290979244,78.58057336281833,"{""type"":""MultiPoint"",""coordinates"":[]}"
0000000000000000044a,2665.131632725368,HYD_1099,17.35237660626206,78.58997681144008,"{""type"":""MultiPoint"",""coordinates"":[]}"
0000000000000000044b,3547.25431129842,HYD_1100,17.35248922296715,78.59938145584978,"{""type"":""MultiPoint"",""coordinates"":[]}"
0000000000000000044c,4479.01482367553,HYD_1101,17.352601821063132,78.608786116008,"{""type"":""MultiPoint"",""coordinates"":[]}"
0000000000000000044d,5430.612207646132,HYD_1102,17.352714398371074,78.61818995545111,"{""type"":""MultiPoint"",""coordinates"":[]}"
0000000000000000044e,6395.866327372433,HYD_1103,17.352825869212463,78.62759419476552,"{""type"":""MultiPoint"",""coordinates"":[]}"
0000000000000000044f,7370.275988483631,HYD_1104,17.35293734343788,78.63699846944071,"{""type"":""MultiPoint"",""coordinates"":[]}"
00000000000000000450,8350.609248867593,HYD_1105,17.353047711854682,78.64640230475041,"{""type"":""MultiPoint"",""coordinates"":[]}"
00000000000000000451,9335.094732715537,HYD_1106,17.353158099318676,78.65580693120212,"{""type"":""MultiPoint"",""coordinates"":[]}"
00000000000000000452,10322.487309210139,HYD_1107,17.353268439532563,78.6652115659268,"{""type"":""MultiPoint"",""coordinates"":[]}"
00000000000000000453,11312.026826886207,HYD_1108,17.35337801940009,78.67461612630466,"{""type"":""MultiPoint"",""coordinates"":[]}"
00000000000000000454,750.8555163236828,HYD_1109,17.340498705881032,78.36442919737814,"{""type"":""MultiPoint"",""coordinates"":[]}"
00000000000000000455,1506.365516066516,HYD_1110,17.340621324311087,78.3738312075804,"{""type"":""MultiPoint"",""coordinates"":[]}"
00000000000000000456,2302.1694723973624,HYD_1111,17.340746164977453,78.38323323654413,"{""type"":""MultiPoint"",""coordinates"":[]}"
00000000000000000457,3145.802913716679,HYD_1112,17.34086878472688,78.39263524057705,"{""type"":""MultiPoint"",""coordinates"":[]}"
00000000000000000458,3273.170282654481,HYD_1113,17.34098918505686,78.40203723054412,"{""type"":""MultiPoint"",""coordinates"":[]}"
00000000000000000459,2281.0831496871165,HYD_1114,17.34111216868482,78.41144038504358,"{""type"":""MultiPoint"",""coordinates"":[]}"
0000000000000000045a,1300.6378775188005,HYD_1115,17.34123407085458,78.42084241188375,"{""type"":""MultiPoint"",""coordinates"":[]}"
0000000000000000045b,421.6514739195189,HYD_1116,17.341355167772,78.43024439678314,"{""type"":""MultiPoint"",""coordinates"":[]}"
0000000000000000045c,112.24164011769518,HYD_1117,17.341475210386502,78.43964752461689,"{""type"":""MultiPoint"",""coordinates"":[]}"
0000000000000000045d,181.07555500135092,HYD_1118,17.341595624861714,78.44904954853232,"{""type"":""MultiPoint"",""coordinates"":[]}"
0000000000000000045e,1098.4552931580508,HYD_1119,17.34171601823684,78.45845156028098,"{""type"":""MultiPoint"",""coordinates"":[]}"
0000000000000000045f,2092.014196699326,HYD_1120,17.34183452996412,78.46785467736227,"{""type"":""MultiPoint"",""coordinates"":[]}"
00000000000000000460,3089.323418538467,HYD_1121,17.34195198428306,78.47725672899355,"{""type"":""MultiPoint"",""coordinates"":[]}"
00000000000000000461,2308.030954089048,HYD_1122,17.342071654947222,78.48666022570947,"{""type"":""MultiPoint"",""coordinates"":[]}"
00000000000000000462,1311.3644441370845,HYD_1123,17.342190165536625,78.49606258123129,"{""type"":""MultiPoint"",""coordinates"":[]}"
00000000000000000463,331.82946032825595,HYD_1124,17.34230684610745,78.50546611758737,"{""type"":""MultiPoint"",""coordinates"":[]}"
00000000000000000464,611.7126405880371,HYD_1125,17.34242242764778,78.5148692529535,"{""type"":""MultiPoint"",""coordinates"":[]}"
00000000000000000465,1070.699962501899,HYD_1126,17.342540208611904,78.52427161122158,"{""type"":""MultiPoint"",""coordinates"":[]}"
00000000000000000466,1065.152699453989,HYD_1127,17.3426569103027,78.5336743823362,"{""type"":""MultiPoint"",""coordinates"":[]}"
00000000000000000467,150.22544634482102,HYD_1128,17.34277283477731,78.54307863354524,"{""type"":""MultiPoint"",""coordinates"":[]}"
00000000000000000468,795.6972354353642,HYD_1129,17.34288801687896,78.55248136437004,"{""type"":""MultiPoint"",""coordinates"":[]}"
00000000000000000469,1794.8234627740123,HYD_1130,17.343002110929508,78.56188378355516,"{""type"":""MultiPoint"",""coordinates"":[]}"
0000000000000000046a,2420.29948214651,HYD_1131,17.343117286142718,78.57128729816814,"{""type"":""MultiPoint"",""coordinates"":[]}"
0000000000000000046b,2739.4890860382757,HYD_1132,17.34323098306583,78.5806907679141,"{""type"":""MultiPoint"",""coordinates"":[]}"
0000000000000000046c,3314.5765252012684,HYD_1133,17.343344718747208,78.59009577641716,"{""type"":""MultiPoint"",""coordinates"":[]}"
0000000000000000046d,4057.6770096454547,HYD_1134,17.343458774872964,78.59949812450633,"{""type"":""MultiPoint"",""coordinates"":[]}"
0000000000000000046e,4893.125652165715,HYD_1135,17.343571027929553,78.60890164351387,"{""type"":""MultiPoint"",""coordinates"":[]}"
0000000000000000046f,5780.9975653977,HYD_1136,17.343682470478967,78.61830589392851,"{""type"":""MultiPoint"",""coordinates"":[]}"
00000000000000000470,6700.412254787812,HYD_1137,17.34379395782925,78.62771013645352,"{""type"":""MultiPoint"",""coordinates"":[]}"
00000000000000000471,7639.993563613148,HYD_1138,17.343905440505086,78.63711439259795,"{""type"":""MultiPoint"",""coordinates"":[]}"
00000000000000000472,8590.417689685582,HYD_1139,17.34401692432182,78.64651863982688,"{""type"":""MultiPoint"",""coordinates"":[]}"
00000000000000000473,9550.272556985003,HYD_1140,17.344127284448582,78.65592323940542,"{""type"":""MultiPoint"",""coordinates"":[]}"
00000000000000000474,10373.283834475214,HYD_1141,17.344236509875937,78.66532671500737,"{""type"":""MultiPoint"",""coordinates"":[]}"
00000000000000000475,98.62436886132286,HYD_1142,17.331469011564447,78.36455851060046,"{""type"":""MultiPoint"",""coordinates"":[]}"
00000000000000000476,916.260258403489,HYD_1143,17.33159164100297,78.37396055405242,"{""type"":""MultiPoint"",""coordinates"":[]}"
00000000000000000477,1762.883325656703,HYD_1144,17.33171684552023,78.3833614247133,"{""type"":""MultiPoint"",""coordinates"":[]}"
00000000000000000478,2615.308026607901,HYD_1145,17.331838745355775,78.39276342999655,"{""type"":""MultiPoint"",""coordinates"":[]}"
00000000000000000479,2982.47989058394,HYD_1146,17.331959865533616,78.40216543230211,"{""type"":""MultiPoint"",""coordinates"":[]}"
0000000000000000047a,2387.882433123432,HYD_1147,17.33208213903919,78.41156632331455,"{""type"":""MultiPoint"",""coordinates"":[]}"
0000000000000000047b,1832.3934978134537,HYD_1148,17.33220474490098,78.42096834834206,"{""type"":""MultiPoint"",""coordinates"":[]}"
0000000000000000047c,1357.9133834594215,HYD_1149,17.332325131524804,78.43037035689576,"{""type"":""MultiPoint"",""coordinates"":[]}"
0000000000000000047d,869.6986736580806,HYD_1150,17.332445542502708,78.43977238603635,"{""type"":""MultiPoint"",""coordinates"":[]}"
0000000000000000047e,527.852766322901,HYD_1151,17.332565932693168,78.44917440456369,"{""type"":""MultiPoint"",""coordinates"":[]}"
0000000000000000047f,1254.5144381030057,HYD_1152,17.332685216021837,78.45857679734706,"{""type"":""MultiPoint"",""coordinates"":[]}"
00000000000000000480,2206.045917278947,HYD_1153,17.33280337545171,78.46797804536712,"{""type"":""MultiPoint"",""coordinates"":[]}"
00000000000000000481,2357.3646414704945,HYD_1154,17.332922648013977,78.47738045624247,"{""type"":""MultiPoint"",""coordinates"":[]}"
00000000000000000482,2452.171921161172,HYD_1155,17.333041175845555,78.48678359323017,"{""type"":""MultiPoint"",""coordinates"":[]}"
00000000000000000483,1551.3588754171792,HYD_1156,17.333158643397386,78.49618558900873,"{""type"":""MultiPoint"",""coordinates"":[]}"
00000000000000000484,893.2321092263184,HYD_1157,17.333277514258825,78.5055875940194,"{""type"":""MultiPoint"",""coordinates"":[]}"
00000000000000000485,1089.774213155274,HYD_1158,17.333393081750483,78.514990731224,"{""type"":""MultiPoint"",""coordinates"":[]}"
00000000000000000486,1855.7716657667622,HYD_1159,17.33350904937448,78.5243927438191,"{""type"":""MultiPoint"",""coordinates"":[]}"
00000000000000000487,1482.225795249911,HYD_1160,17.333624990241468,78.53379475782776,"{""type"":""MultiPoint"",""coordinates"":[]}"
00000000000000000488,950.8754712687133,HYD_1161,17.333740907395136,78.5431990352526,"{""type"":""MultiPoint"",""coordinates"":[]}"
00000000000000000489,1253.0480143508287,HYD_1162,17.333856851142684,78.55260103746282,"{""type"":""MultiPoint"",""coordinates"":[]}"
0000000000000000048a,2039.2440308428347,HYD_1163,17.333971695372206,78.56200342540954,"{""type"":""MultiPoint"",""coordinates"":[]}"
0000000000000000048b,2957.321958751233,HYD_1164,17.334085376313922,78.57140690144304,"{""type"":""MultiPoint"",""coordinates"":[]}"
0000000000000000048c,3658.657428635597,HYD_1165,17.334200554106022,78.58081041665864,"{""type"":""MultiPoint"",""coordinates"":[]}"
0000000000000000048d,4106.965034568208,HYD_1166,17.33431392800642,78.59021354137076,"{""type"":""MultiPoint"",""coordinates"":[]}"
0000000000000000048e,4727.335195297192,HYD_1167,17.33442617429351,78.5996170768922,"{""type"":""MultiPoint"",""coordinates"":[]}"
0000000000000000048f,5461.124916875966,HYD_1168,17.334539458278744,78.60901867893736,"{""type"":""MultiPoint"",""coordinates"":[]}"
00000000000000000490,6054.490311201553,HYD_1169,17.334650572600555,78.6184218172714,"{""type"":""MultiPoint"",""coordinates"":[]}"
00000000000000000491,6684.1224047102505,HYD_1170,17.3347620409201,78.62782608579505,"{""type"":""MultiPoint"",""coordinates"":[]}"
00000000000000000492,7395.7708109898695,HYD_1171,17.334873532057202,78.6372303234003,"{""type"":""MultiPoint"",""coordinates"":[]}"
00000000000000000493,8168.025310875601,HYD_1172,17.334985024553323,78.64663455192073,"{""type"":""MultiPoint"",""coordinates"":[]}"
00000000000000000494,8985.089989465103,HYD_1173,17.335095710911034,78.65603727139333,"{""type"":""MultiPoint"",""coordinates"":[]}"
00000000000000000495,384.906507089552,HYD_1174,17.322561597390745,78.37408873777478,"{""type"":""MultiPoint"",""coordinates"":[]}"
00000000000000000496,1372.0775471230722,HYD_1175,17.322685690811483,78.383490004498,"{""type"":""MultiPoint"",""coordinates"":[]}"
00000000000000000497,2369.450802540443,HYD_1176,17.322808659493607,78.39289010415068,"{""type"":""MultiPoint"",""coordinates"":[]}"
00000000000000000498,2050.4291979643526,HYD_1177,17.32292983644605,78.40229141903701,"{""type"":""MultiPoint"",""coordinates"":[]}"
00000000000000000499,1783.9857130016792,HYD_1178,17.32305210793669,78.41169234333144,"{""type"":""MultiPoint"",""coordinates"":[]}"
0000000000000000049a,977.8535753968142,HYD_1179,17.323175438468468,78.42109431281204,"{""type"":""MultiPoint"",""coordinates"":[]}"
0000000000000000049b,841.1054062369849,HYD_1180,17.323295463168673,78.43049522141595,"{""type"":""MultiPoint"",""coordinates"":[]}"
0000000000000000049c,1442.9539799032555,HYD_1181,17.323415891698858,78.43989723199525,"{""type"":""MultiPoint"",""coordinates"":[]}"
0000000000000000049d,1513.337301599445,HYD_1182,17.323536250140897,78.44929925385117,"{""type"":""MultiPoint"",""coordinates"":[]}"
0000000000000000049e,1865.6968661786746,HYD_1183,17.32365477367103,78.45870015615644,"{""type"":""MultiPoint"",""coordinates"":[]}"
0000000000000000049f,1322.6902963459156,HYD_1184,17.32377222931613,78.46810218182053,"{""type"":""MultiPoint"",""coordinates"":[]}"
000000000000000004a0,1420.3700975172812,HYD_1185,17.323893351256892,78.47750419100042,"{""type"":""MultiPoint"",""coordinates"":[]}"
000000000000000004a1,2019.7560337424259,HYD_1186,17.32401078899551,78.48690624205675,"{""type"":""MultiPoint"",""coordinates"":[]}"
000000000000000004a2,2254.775487349395,HYD_1187,17.324128562492653,78.49630860697391,"{""type"":""MultiPoint"",""coordinates"":[]}"
000000000000000004a3,1864.2892246797967,HYD_1188,17.32424601201534,78.50570984123718,"{""type"":""MultiPoint"",""coordinates"":[]}"
000000000000000004a4,1713.5568732463573,HYD_1189,17.324363797492524,78.51511223954363,"{""type"":""MultiPoint"",""coordinates"":[]}"
000000000000000004a5,999.3059477895544,HYD_1190,17.324479361720638,78.52451313808554,"{""type"":""MultiPoint"",""coordinates"":[]}"
000000000000000004a6,963.788416091957,HYD_1191,17.324595286408908,78.53391514094896,"{""type"":""MultiPoint"",""coordinates"":[]}"
000000000000000004a7,1649.786429902038,HYD_1192,17.32471156629303,78.54331828409302,"{""type"":""MultiPoint"",""coordinates"":[]}"
000000000000000004a8,2118.2118594125413,HYD_1193,17.32482568074478,78.55272071798716,"{""type"":""MultiPoint"",""coordinates"":[]}"
000000000000000004a9,2663.508321040384,HYD_1194,17.324939751677807,78.56212304755257,"{""type"":""MultiPoint"",""coordinates"":[]}"
000000000000000004aa,3417.7983171947317,HYD_1195,17.325054957134117,78.5715265533956,"{""type"":""MultiPoint"",""coordinates"":[]}"
000000000000000004ab,3951.7178273696413,HYD_1196,17.32516908471924,78.58092897648775,"{""type"":""MultiPoint"",""coordinates"":[]}"
000000000000000004ac,3965.89657762042,HYD_1197,17.32528348949572,78.59033019942953,"{""type"":""MultiPoint"",""coordinates"":[]}"
000000000000000004ad,4213.403872209211,HYD_1198,17.325395729007337,78.59973373033759,"{""type"":""MultiPoint"",""coordinates"":[]}"
000000000000000004ae,4666.37597376582,HYD_1199,17.325506828267187,78.60913687889501,"{""type"":""MultiPoint"",""coordinates"":[]}"
000000000000000004af,5272.226602763669,HYD_1200,17.325619014205227,78.61853886344996,"{""type"":""MultiPoint"",""coordinates"":[]}"
000000000000000004b0,5984.6718099703,HYD_1201,17.325730140819577,78.62794201959899,"{""type"":""MultiPoint"",""coordinates"":[]}"
000000000000000004b1,6770.282154578975,HYD_1202,17.32584161890734,78.63734626164253,"{""type"":""MultiPoint"",""coordinates"":[]}"
000000000000000004b2,7606.266049472691,HYD_1203,17.32595345486176,78.64674936535799,"{""type"":""MultiPoint"",""coordinates"":[]}"
000000000000000004b3,8477.599124042998,HYD_1204,17.32606310590043,78.65615176990809,"{""type"":""MultiPoint"",""coordinates"":[]}"
000000000000000004b4,471.47353365039237,HYD_1205,17.313532637007253,78.37421581327045,"{""type"":""MultiPoint"",""coordinates"":[]}"
000000000000000004b5,1220.022806830116,HYD_1206,17.313654555802792,78.38361782095889,"{""type"":""MultiPoint"",""coordinates"":[]}"
000000000000000004b6,1808.8457240027521,HYD_1207,17.31377751955699,78.39301871596474,"{""type"":""MultiPoint"",""coordinates"":[]}"
000000000000000004b7,1166.86167392118,HYD_1208,17.313900155456444,78.40241850928403,"{""type"":""MultiPoint"",""coordinates"":[]}"
000000000000000004b8,846.9797127091305,HYD_1209,17.314022045984853,78.41181979957679,"{""type"":""MultiPoint"",""coordinates"":[]}"
000000000000000004b9,583.5168374286385,HYD_1210,17.314144286041902,78.42121992061607,"{""type"":""MultiPoint"",""coordinates"":[]}"
000000000000000004ba,232.30050421622997,HYD_1211,17.314265804746256,78.43062009398224,"{""type"":""MultiPoint"",""coordinates"":[]}"
000000000000000004bb,1198.1138070994646,HYD_1212,17.314386195143083,78.44002211409978,"{""type"":""MultiPoint"",""coordinates"":[]}"
000000000000000004bc,1551.1991221177889,HYD_1213,17.314505484249747,78.44942448739634,"{""type"":""MultiPoint"",""coordinates"":[]}"
000000000000000004bd,1355.984951658946,HYD_1214,17.314623613627013,78.45882351943256,"{""type"":""MultiPoint"",""coordinates"":[]}"
000000000000000004be,455.9726412624201,HYD_1215,17.31474328611808,78.46822480555589,"{""type"":""MultiPoint"",""coordinates"":[]}"
000000000000000004bf,610.9243084133509,HYD_1216,17.314861868656592,78.47762722217027,"{""type"":""MultiPoint"",""coordinates"":[]}"
000000000000000004c0,1534.4415453124795,HYD_1217,17.314980712649866,78.48702843507303,"{""type"":""MultiPoint"",""coordinates"":[]}"
000000000000000004c1,2516.677872886314,HYD_1218,17.315097390694785,78.49642973567425,"{""type"":""MultiPoint"",""coordinates"":[]}"
000000000000000004c2,2417.741877653645,HYD_1219,17.315214488581294,78.50583216009886,"{""type"":""MultiPoint"",""coordinates"":[]}"
000000000000000004c3,1418.448863035076,HYD_1220,17.31533263944097,78.51523338913924,"{""type"":""MultiPoint"",""coordinates"":[]}"
000000000000000004c4,420.12478000612134,HYD_1221,17.31544930743695,78.52463466147202,"{""type"":""MultiPoint"",""coordinates"":[]}"
000000000000000004c5,325.0750019716023,HYD_1222,17.31556595399572,78.53403666186082,"{""type"":""MultiPoint"",""coordinates"":[]}"
000000000000000004c6,1323.8040116516108,HYD_1223,17.315680443607786,78.54343797611583,"{""type"":""MultiPoint"",""coordinates"":[]}"
000000000000000004c7,2323.182272827919,HYD_1224,17.31579411046936,78.55283920712475,"{""type"":""MultiPoint"",""coordinates"":[]}"
000000000000000004c8,3322.8708569407067,HYD_1225,17.315909299166695,78.56224271807736,"{""type"":""MultiPoint"",""coordinates"":[]}"
000000000000000004c9,3248.846276606108,HYD_1226,17.316023454051464,78.5716451317606,"{""type"":""MultiPoint"",""coordinates"":[]}"
000000000000000004ca,2959.026155596141,HYD_1227,17.31613786444068,78.58104635408156,"{""type"":""MultiPoint"",""coordinates"":[]}"
000000000000000004cb,2977.387601997682,HYD_1228,17.31625087161086,78.59044915483518,"{""type"":""MultiPoint"",""coordinates"":[]}"
000000000000000004cc,3299.9881668237026,HYD_1229,17.31636417825845,78.59985077686827,"{""type"":""MultiPoint"",""coordinates"":[]}"
000000000000000004cd,3861.7656623882963,HYD_1230,17.31647637271409,78.60925352080233,"{""type"":""MultiPoint"",""coordinates"":[]}"
000000000000000004ce,4575.524890942851,HYD_1231,17.31658896667335,78.61865593778504,"{""type"":""MultiPoint"",""coordinates"":[]}"
000000000000000004cf,5381.007415179372,HYD_1232,17.31670045844038,78.62805796096804,"{""type"":""MultiPoint"",""coordinates"":[]}"
000000000000000004d0,6243.003485348293,HYD_1233,17.316812301766756,78.63746107025263,"{""type"":""MultiPoint"",""coordinates"":[]}"
000000000000000004d1,7140.834649438822,HYD_1234,17.31692196644662,78.64686347541907,"{""type"":""MultiPoint"",""coordinates"":[]}"
000000000000000004d2,8062.660610598985,HYD_1235,17.317031553728576,78.65626583122597,"{""type"":""MultiPoint"",""coordinates"":[]}"
000000000000000004d3,513.3568813993787,HYD_1236,17.30450260259573,78.37434402588734,"{""type"":""MultiPoint"",""coordinates"":[]}"
000000000000000004d4,422.1676281597621,HYD_1237,17.304625596501033,78.38374491305437,"{""type"":""MultiPoint"",""coordinates"":[]}"
000000000000000004d5,1400.5666758214497,HYD_1238,17.304747854375613,78.39314580981004,"{""type"":""MultiPoint"",""coordinates"":[]}"
000000000000000004d6,709.8645601170268,HYD_1239,17.304870471237997,78.40254560689378,"{""type"":""MultiPoint"",""coordinates"":[]}"
000000000000000004d7,0.0,HYD_1240,17.304990870429442,78.41194540495168,"{""type"":""MultiPoint"",""coordinates"":[]}"
000000000000000004d8,779.4065198901076,HYD_1241,17.305113489809404,78.42134515980813,"{""type"":""MultiPoint"",""coordinates"":[]}"
000000000000000004d9,1104.2012026721727,HYD_1242,17.30523575010244,78.43074606740649,"{""type"":""MultiPoint"",""coordinates"":[]}"
000000000000000004da,1360.3532489188085,HYD_1243,17.305355751743907,78.4401484622017,"{""type"":""MultiPoint"",""coordinates"":[]}"
000000000000000004db,639.7866507297539,HYD_1244,17.30547354829383,78.44954858789468,"{""type"":""MultiPoint"",""coordinates"":[]}"
000000000000000004dc,558.4184820919345,HYD_1245,17.305592871301815,78.45894876444073,"{""type"":""MultiPoint"",""coordinates"":[]}"
000000000000000004dd,685.679059930487,HYD_1246,17.305713247149715,78.46834854253662,"{""type"":""MultiPoint"",""coordinates"":[]}"
000000000000000004de,714.3567969747502,HYD_1247,17.305831783994076,78.47774942639569,"{""type"":""MultiPoint"",""coordinates"":[]}"
000000000000000004df,1420.5356152722252,HYD_1248,17.305949209282062,78.48715144703122,"{""type"":""MultiPoint"",""coordinates"":[]}"
000000000000000004e0,1651.9576945181961,HYD_1249,17.306067723105397,78.4965523603095,"{""type"":""MultiPoint"",""coordinates"":[]}"
000000000000000004e1,2331.8392446741677,HYD_1250,17.306184040310608,78.50595325682673,"{""type"":""MultiPoint"",""coordinates"":[]}"
000000000000000004e2,1756.7473340639024,HYD_1251,17.306300728410054,78.51535455028645,"{""type"":""MultiPoint"",""coordinates"":[]}"
000000000000000004e3,1111.5649755135687,HYD_1252,17.306417749876644,78.52475617183855,"{""type"":""MultiPoint"",""coordinates"":[]}"
000000000000000004e4,1026.5795731163498,HYD_1253,17.30653368964851,78.53415821123949,"{""type"":""MultiPoint"",""coordinates"":[]}"
000000000000000004e5,1643.3409556699626,HYD_1254,17.306648514653272,78.54355758355511,"{""type"":""MultiPoint"",""coordinates"":[]}"
000000000000000004e6,2519.1385338242353,HYD_1255,17.30676334940778,78.55295997427801,"{""type"":""MultiPoint"",""coordinates"":[]}"
000000000000000004e7,3080.872715645789,HYD_1256,17.306879281634924,78.5623620164794,"{""type"":""MultiPoint"",""coordinates"":[]}"
000000000000000004e8,2386.193855220849,HYD_1257,17.30699334305822,78.5717629056967,"{""type"":""MultiPoint"",""coordinates"":[]}"
000000000000000004e9,1973.1180959781432,HYD_1258,17.307105241439857,78.58116529886281,"{""type"":""MultiPoint"",""coordinates"":[]}"
000000000000000004ea,2000.1841634854864,HYD_1259,17.30721964689625,78.59056651399794,"{""type"":""MultiPoint"",""coordinates"":[]}"
000000000000000004eb,2454.6386130811943,HYD_1260,17.307331895131696,78.5999678292122,"{""type"":""MultiPoint"",""coordinates"":[]}"
000000000000000004ec,3169.9907860056833,HYD_1261,17.307444494813186,78.60937023308367,"{""type"":""MultiPoint"",""coordinates"":[]}"
000000000000000004ed,4008.8235760751018,HYD_1262,17.30755707828247,78.61877186070514,"{""type"":""MultiPoint"",""coordinates"":[]}"
000000000000000004ee,4908.243779772834,HYD_1263,17.30766854280137,78.62817388797069,"{""type"":""MultiPoint"",""coordinates"":[]}"
000000000000000004ef,5840.350202982857,HYD_1264,17.307780031076355,78.63757591479163,"{""type"":""MultiPoint"",""coordinates"":[]}"
000000000000000004f0,6791.618448741855,HYD_1265,17.307890387267232,78.64697753148988,"{""type"":""MultiPoint"",""coordinates"":[]}"
000000000000000004f1,7755.269012694095,HYD_1266,17.308000033416196,78.6563814109364,"{""type"":""MultiPoint"",""coordinates"":[]}"
000000000000000004f2,864.6606086873969,HYD_1267,17.295595539711382,78.38387312147636,"{""type"":""MultiPoint"",""coordinates"":[]}"
000000000000000004f3,1609.5275052765123,HYD_1268,17.295718186722127,78.39327291132865,"{""type"":""MultiPoint"",""coordinates"":[]}"
000000000000000004f4,1164.1264392108537,HYD_1269,17.295840806136127,78.40267268912696,"{""type"":""MultiPoint"",""coordinates"":[]}"
000000000000000004f5,814.4737490315549,HYD_1270,17.29596118604737,78.41207247558192,"{""type"":""MultiPoint"",""coordinates"":[]}"
000000000000000004f6,1316.8684794180629,HYD_1271,17.296082681072175,78.42147264057674,"{""type"":""MultiPoint"",""coordinates"":[]}"
000000000000000004f7,2070.2918515111705,HYD_1272,17.2962045544347,78.43087314484029,"{""type"":""MultiPoint"",""coordinates"":[]}"
000000000000000004f8,1184.6631369518375,HYD_1273,17.29632348038375,78.44027366140769,"{""type"":""MultiPoint"",""coordinates"":[]}"
000000000000000004f9,264.8675655321187,HYD_1274,17.296442790982596,78.44967382220406,"{""type"":""MultiPoint"",""coordinates"":[]}"
000000000000000004fa,176.387560536715,HYD_1275,17.296563176508982,78.45907360792059,"{""type"":""MultiPoint"",""coordinates"":[]}"
000000000000000004fb,1022.1566847590714,HYD_1276,17.29668245626076,78.4684737973198,"{""type"":""MultiPoint"",""coordinates"":[]}"
000000000000000004fc,1040.8451687899399,HYD_1277,17.29680061301956,78.47787279634743,"{""type"":""MultiPoint"",""coordinates"":[]}"
000000000000000004fd,429.3383712464161,HYD_1278,17.296919140650246,78.48727444668681,"{""type"":""MultiPoint"",""coordinates"":[]}"
000000000000000004fe,950.1401872061683,HYD_1279,17.297036926475858,78.49667459785476,"{""type"":""MultiPoint"",""coordinates"":[]}"
000000000000000004ff,1885.6436369459154,HYD_1280,17.297154010340744,78.5060747745346,"{""type"":""MultiPoint"",""coordinates"":[]}"
00000000000000000500,2481.696520487629,HYD_1281,17.2972699319884,78.51547454105305,"{""type"":""MultiPoint"",""coordinates"":[]}"
00000000000000000501,2032.2642073252707,HYD_1282,17.297385852989596,78.52487656567054,"{""type"":""MultiPoint"",""coordinates"":[]}"
00000000000000000502,1987.8281956097328,HYD_1283,17.29750179861438,78.53427858613763,"{""type"":""MultiPoint"",""coordinates"":[]}"
00000000000000000503,2376.3786267990954,HYD_1284,17.29761774458932,78.54367837697514,"{""type"":""MultiPoint"",""coordinates"":[]}"
00000000000000000504,3048.2279559315843,HYD_1285,17.297734065541423,78.55307927083054,"{""type"":""MultiPoint"",""coordinates"":[]}"
00000000000000000505,2574.449789596345,HYD_1286,17.297848159593666,78.56248169207099,"{""type"":""MultiPoint"",""coordinates"":[]}"
00000000000000000506,1682.3038365726827,HYD_1287,17.297962187290924,78.5718817997504,"{""type"":""MultiPoint"",""coordinates"":[]}"
00000000000000000507,1014.9570080202549,HYD_1288,17.298075151162486,78.58128307531578,"{""type"":""MultiPoint"",""coordinates"":[]}"
00000000000000000508,1065.276938571878,HYD_1289,17.298187402381426,78.59068437718857,"{""type"":""MultiPoint"",""coordinates"":[]}"
00000000000000000509,1777.501861578186,HYD_1290,17.29830073207067,78.60008449548923,"{""type"":""MultiPoint"",""coordinates"":[]}"
0000000000000000050a,2680.181844312723,HYD_1291,17.29841404157441,78.609486912115,"{""type"":""MultiPoint"",""coordinates"":[]}"
0000000000000000050b,3633.8042099995328,HYD_1292,17.298525173450468,78.61888779077955,"{""type"":""MultiPoint"",""coordinates"":[]}"
0000000000000000050c,4606.246115016095,HYD_1293,17.29863665996602,78.628289799917,"{""type"":""MultiPoint"",""coordinates"":[]}"
0000000000000000050d,5584.224697966006,HYD_1294,17.298748129017234,78.63769183726396,"{""type"":""MultiPoint"",""coordinates"":[]}"
0000000000000000050e,6568.569127633776,HYD_1295,17.298858861198507,78.64709311586346,"{""type"":""MultiPoint"",""coordinates"":[]}"
0000000000000000050f,7556.880375452829,HYD_1296,17.29896737432882,78.65649436892244,"{""type"":""MultiPoint"",""coordinates"":[]}"
00000000000000000510,1804.062946168413,HYD_1297,17.286565856908613,78.38400019905013,"{""type"":""MultiPoint"",""coordinates"":[]}"
00000000000000000511,2257.7707512797033,HYD_1298,17.28668848658286,78.39339999060739,"{""type"":""MultiPoint"",""coordinates"":[]}"
00000000000000000512,1988.1001788525064,HYD_1299,17.286811117092682,78.40279978642799,"{""type"":""MultiPoint"",""coordinates"":[]}"
00000000000000000513,1805.8442909391856,HYD_1300,17.286931499903034,78.4121995536172,"{""type"":""MultiPoint"",""coordinates"":[]}"
00000000000000000514,2137.13823545649,HYD_1301,17.287051885901942,78.42159933616955,"{""type"":""MultiPoint"",""coordinates"":[]}"
00000000000000000515,2473.9215333098878,HYD_1302,17.28717229712088,78.43099912566426,"{""type"":""MultiPoint"",""coordinates"":[]}"
00000000000000000516,1495.8759632737808,HYD_1303,17.287292703257123,78.4403989065485,"{""type"":""MultiPoint"",""coordinates"":[]}"
00000000000000000517,594.0957121390154,HYD_1304,17.287413103723164,78.44979867741796,"{""type"":""MultiPoint"",""coordinates"":[]}"
00000000000000000518,54.37501757572318,HYD_1305,17.287533864007376,78.459197343491,"{""type"":""MultiPoint"",""coordinates"":[]}"
00000000000000000519,992.4545732649887,HYD_1306,17.28765166284301,78.46859603305187,"{""type"":""MultiPoint"",""coordinates"":[]}"
0000000000000000051a,1026.1780470110866,HYD_1307,17.287769816164506,78.4779958276332,"{""type"":""MultiPoint"",""coordinates"":[]}"
0000000000000000051b,413.68849907908344,HYD_1308,17.28788796940269,78.48739558667934,"{""type"":""MultiPoint"",""coordinates"":[]}"
0000000000000000051c,910.8939105075584,HYD_1309,17.28800612856124,78.49679538204623,"{""type"":""MultiPoint"",""coordinates"":[]}"
0000000000000000051d,1851.455370337338,HYD_1310,17.288123950151387,78.50619629815797,"{""type"":""MultiPoint"",""coordinates"":[]}"
0000000000000000051e,2533.699774103158,HYD_1311,17.288240250562094,78.51559717829805,"{""type"":""MultiPoint"",""coordinates"":[]}"
0000000000000000051f,3002.716877274116,HYD_1312,17.28835654790858,78.52499805402539,"{""type"":""MultiPoint"",""coordinates"":[]}"
00000000000000000520,2972.8705614017,HYD_1313,17.288472148990024,78.53439897630581,"{""type"":""MultiPoint"",""coordinates"":[]}"
00000000000000000521,3254.3958066747377,HYD_1314,17.2885880869493,78.54379876251772,"{""type"":""MultiPoint"",""coordinates"":[]}"
00000000000000000522,3398.1516923240147,HYD_1315,17.288702904715358,78.55319894325679,"{""type"":""MultiPoint"",""coordinates"":[]}"
00000000000000000523,2398.717930752548,HYD_1316,17.288816914432953,78.56259904041619,"{""type"":""MultiPoint"",""coordinates"":[]}"
00000000000000000524,1399.1171643517775,HYD_1317,17.288930295672117,78.5720007198944,"{""type"":""MultiPoint"",""coordinates"":[]}"
00000000000000000525,399.79770286609573,HYD_1318,17.289044021603747,78.58139976504464,"{""type"":""MultiPoint"",""coordinates"":[]}"
00000000000000000526,488.80860355111594,HYD_1319,17.289156237729202,78.59080104609485,"{""type"":""MultiPoint"",""coordinates"":[]}"
00000000000000000527,1486.579526598075,HYD_1320,17.289269558387304,78.60020344259932,"{""type"":""MultiPoint"",""coordinates"":[]}"
00000000000000000528,2485.74009873907,HYD_1321,17.289381805355163,78.60960396021575,"{""type"":""MultiPoint"",""coordinates"":[]}"
00000000000000000529,3485.0425810804018,HYD_1322,17.289493266618756,78.6190037284794,"{""type"":""MultiPoint"",""coordinates"":[]}"
0000000000000000052a,4484.65887625182,HYD_1323,17.289604747608312,78.62840574851921,"{""type"":""MultiPoint"",""coordinates"":[]}"
0000000000000000052b,5484.308450679343,HYD_1324,17.28971622490272,78.63780776734906,"{""type"":""MultiPoint"",""coordinates"":[]}"
0000000000000000052c,6483.694310296068,HYD_1325,17.289826584281805,78.64720716280885,"{""type"":""MultiPoint"",""coordinates"":[]}"
0000000000000000052d,7483.290286555247,HYD_1326,17.289937313498296,78.6566084275004,"{""type"":""MultiPoint"",""coordinates"":[]}"
0000000000000000052e,2210.2435717202934,HYD_1327,17.277536174999568,78.3841272822257,"{""type"":""MultiPoint"",""coordinates"":[]}"
0000000000000000052f,2366.989149265422,HYD_1328,17.277658799309034,78.39352707804265,"{""type"":""MultiPoint"",""coordinates"":[]}"
00000000000000000530,2884.1337240607622,HYD_1329,17.277781782702572,78.4029257435383,"{""type"":""MultiPoint"",""coordinates"":[]}"
00000000000000000531,2802.923679504845,HYD_1330,17.2779018171356,78.41232442649341,"{""type"":""MultiPoint"",""coordinates"":[]}"
00000000000000000532,3026.9830263301924,HYD_1331,17.27802220620425,78.42172418998544,"{""type"":""MultiPoint"",""coordinates"":[]}"
00000000000000000533,2812.588739382231,HYD_1332,17.278142621058244,78.43112397565571,"{""type"":""MultiPoint"",""coordinates"":[]}"
00000000000000000534,1851.1999179468278,HYD_1333,17.278263016573543,78.44052375172843,"{""type"":""MultiPoint"",""coordinates"":[]}"
00000000000000000535,936.9356235556683,HYD_1334,17.278383749933514,78.44992243142555,"{""type"":""MultiPoint"",""coordinates"":[]}"
00000000000000000536,569.4846438101013,HYD_1335,17.278503440699676,78.45932000381168,"{""type"":""MultiPoint"",""coordinates"":[]}"
00000000000000000537,1249.5654074910324,HYD_1336,17.27862198812038,78.46871866154135,"{""type"":""MultiPoint"",""coordinates"":[]}"
00000000000000000538,1694.2649108340988,HYD_1337,17.27874015422481,78.47811845893985,"{""type"":""MultiPoint"",""coordinates"":[]}"
00000000000000000539,1410.1540398857874,HYD_1338,17.278858298648355,78.48751821396337,"{""type"":""MultiPoint"",""coordinates"":[]}"
0000000000000000053a,1643.278804059717,HYD_1339,17.27897534582477,78.49691836162775,"{""type"":""MultiPoint"",""coordinates"":[]}"
0000000000000000053b,1365.634862811335,HYD_1340,17.279092760075248,78.50631888265342,"{""type"":""MultiPoint"",""coordinates"":[]}"
0000000000000000053c,1641.9280539618835,HYD_1341,17.279209447706712,78.5157194077737,"{""type"":""MultiPoint"",""coordinates"":[]}"
0000000000000000053d,2350.626748427538,HYD_1342,17.279326512125316,78.52511957867677,"{""type"":""MultiPoint"",""coordinates"":[]}"
0000000000000000053e,3217.5615907940464,HYD_1343,17.279441329924936,78.53451973608082,"{""type"":""MultiPoint"",""coordinates"":[]}"
0000000000000000053f,4144.6043255646355,HYD_1344,17.279556154427638,78.54391913372305,"{""type"":""MultiPoint"",""coordinates"":[]}"
00000000000000000540,3527.303664059293,HYD_1345,17.27967095397128,78.55331854677036,"{""type"":""MultiPoint"",""coordinates"":[]}"
00000000000000000541,2578.4465000358537,HYD_1346,17.279785767015593,78.56271872346817,"{""type"":""MultiPoint"",""coordinates"":[]}"
00000000000000000542,1689.2121803160405,HYD_1347,17.279899507506247,78.57211851478225,"{""type"":""MultiPoint"",""coordinates"":[]}"
00000000000000000543,1027.97162195785,HYD_1348,17.280012107810677,78.58151868789794,"{""type"":""MultiPoint"",""coordinates"":[]}"
00000000000000000544,1063.3127577287992,HYD_1349,17.28012614923074,78.59091880571496,"{""type"":""MultiPoint"",""coordinates"":[]}"
00000000000000000545,1761.116404186049,HYD_1350,17.280238406085594,78.60032009443192,"{""type"":""MultiPoint"",""coordinates"":[]}"
00000000000000000546,2659.029361324738,HYD_1351,17.280349880930373,78.60971988663596,"{""type"":""MultiPoint"",""coordinates"":[]}"
00000000000000000547,3610.7224793746886,HYD_1352,17.28046134991594,78.61911965099353,"{""type"":""MultiPoint"",""coordinates"":[]}"
00000000000000000548,4582.922930353923,HYD_1353,17.28057317380146,78.62852054603859,"{""type"":""MultiPoint"",""coordinates"":[]}"
00000000000000000549,5564.983411380818,HYD_1354,17.280683939492643,78.63792258167656,"{""type"":""MultiPoint"",""coordinates"":[]}"
0000000000000000054a,6552.256892665286,HYD_1355,17.280795793567787,78.64732349663757,"{""type"":""MultiPoint"",""coordinates"":[]}"
0000000000000000054b,1660.0113423674138,HYD_1356,17.268383871701527,78.37485680658915,"{""type"":""MultiPoint"",""coordinates"":[]}"
0000000000000000054c,1214.5579612823408,HYD_1357,17.268506845049327,78.38425546883333,"{""type"":""MultiPoint"",""coordinates"":[]}"
0000000000000000054d,1480.7040112920452,HYD_1358,17.268629133344284,78.39365414972882,"{""type"":""MultiPoint"",""coordinates"":[]}"
0000000000000000054e,2215.3682890060963,HYD_1359,17.26875139761747,78.4030528477462,"{""type"":""MultiPoint"",""coordinates"":[]}"
0000000000000000054f,3078.5884224386145,HYD_1360,17.268872507500912,78.41245037960839,"{""type"":""MultiPoint"",""coordinates"":[]}"
00000000000000000550,3969.326599903507,HYD_1361,17.268992548124032,78.42184904360532,"{""type"":""MultiPoint"",""coordinates"":[]}"
00000000000000000551,3166.1595950522683,HYD_1362,17.26911294423473,78.43124881782548,"{""type"":""MultiPoint"",""coordinates"":[]}"
00000000000000000552,2340.3447841429884,HYD_1363,17.269233677685577,78.4406474658324,"{""type"":""MultiPoint"",""coordinates"":[]}"
00000000000000000553,1711.1835783763659,HYD_1364,17.269353355210317,78.45004505241144,"{""type"":""MultiPoint"",""coordinates"":[]}"
00000000000000000554,1541.5700467571062,HYD_1365,17.26947299576426,78.45944410966669,"{""type"":""MultiPoint"",""coordinates"":[]}"
00000000000000000555,1925.5127158039932,HYD_1366,17.26959116552037,78.46884311632864,"{""type"":""MultiPoint"",""coordinates"":[]}"
00000000000000000556,2585.695824123941,HYD_1367,17.269709712367526,78.47824256351902,"{""type"":""MultiPoint"",""coordinates"":[]}"
00000000000000000557,1997.331868103899,HYD_1368,17.269827485102308,78.48764045602117,"{""type"":""MultiPoint"",""coordinates"":[]}"
00000000000000000558,1054.925366463528,HYD_1369,17.269944545202257,78.49704060642314,"{""type"":""MultiPoint"",""coordinates"":[]}"
00000000000000000559,372.9596276712614,HYD_1370,17.27006048319202,78.50644039994899,"{""type"":""MultiPoint"",""coordinates"":[]}"
0000000000000000055a,984.9362357189125,HYD_1371,17.270177566101232,78.51584056099512,"{""type"":""MultiPoint"",""coordinates"":[]}"
0000000000000000055b,1947.980405325041,HYD_1372,17.270294588656586,78.5252399566358,"{""type"":""MultiPoint"",""coordinates"":[]}"
0000000000000000055c,2923.115377919226,HYD_1373,17.270409366154755,78.53463936957462,"{""type"":""MultiPoint"",""coordinates"":[]}"
0000000000000000055d,3906.5786265080756,HYD_1374,17.27052458671869,78.54403841907656,"{""type"":""MultiPoint"",""coordinates"":[]}"
0000000000000000055e,3915.999425926303,HYD_1375,17.270640161747743,78.55343710390261,"{""type"":""MultiPoint"",""coordinates"":[]}"
0000000000000000055f,3088.865563204563,HYD_1376,17.27075499776267,78.5628372910654,"{""type"":""MultiPoint"",""coordinates"":[]}"
00000000000000000560,2397.139385490676,HYD_1377,17.27086869085942,78.57223630067757,"{""type"":""MultiPoint"",""coordinates"":[]}"
00000000000000000561,1987.3657932368287,HYD_1378,17.270981303622765,78.58163646369347,"{""type"":""MultiPoint"",""coordinates"":[]}"
00000000000000000562,2005.267026859685,HYD_1379,17.27109389188628,78.5910366235217,"{""type"":""MultiPoint"",""coordinates"":[]}"
00000000000000000563,2447.637187697497,HYD_1380,17.271207588196003,78.60043564690582,"{""type"":""MultiPoint"",""coordinates"":[]}"
00000000000000000564,3155.8878723387224,HYD_1381,17.271320176486373,78.60983581993352,"{""type"":""MultiPoint"",""coordinates"":[]}"
00000000000000000565,3990.8368034400446,HYD_1382,17.27143164808468,78.61923560253292,"{""type"":""MultiPoint"",""coordinates"":[]}"
00000000000000000566,4887.943616847387,HYD_1383,17.27154314493606,78.62863537117357,"{""type"":""MultiPoint"",""coordinates"":[]}"
00000000000000000567,5818.709862037306,HYD_1384,17.271653873185812,78.63803666254323,"{""type"":""MultiPoint"",""coordinates"":[]}"
00000000000000000568,1132.3259328187337,HYD_1385,17.259354544994984,78.37498496771732,"{""type"":""MultiPoint"",""coordinates"":[]}"
00000000000000000569,250.29987308452314,HYD_1386,17.25947646864296,78.38438258876376,"{""type"":""MultiPoint"",""coordinates"":[]}"
0000000000000000056a,846.0512013770107,HYD_1387,17.259599810198385,78.39378011139459,"{""type"":""MultiPoint"",""coordinates"":[]}"
0000000000000000056b,1775.3121741216469,HYD_1388,17.259722090781167,78.40317879049225,"{""type"":""MultiPoint"",""coordinates"":[]}"
0000000000000000056c,2754.0836855785274,HYD_1389,17.25984211140797,78.4125774863856,"{""type"":""MultiPoint"",""coordinates"":[]}"
0000000000000000056d,3743.734864349006,HYD_1390,17.259963219823184,78.42197499262053,"{""type"":""MultiPoint"",""coordinates"":[]}"
0000000000000000056e,3751.3313306775776,HYD_1391,17.26008326171894,78.43137367365581,"{""type"":""MultiPoint"",""coordinates"":[]}"
0000000000000000056f,3086.3205923725764,HYD_1392,17.2602036613192,78.44077122299332,"{""type"":""MultiPoint"",""coordinates"":[]}"
00000000000000000570,2641.1458580990766,HYD_1393,17.260324037154056,78.4501687840271,"{""type"":""MultiPoint"",""coordinates"":[]}"
00000000000000000571,2534.683681817284,HYD_1394,17.26044219098544,78.4595685680813,"{""type"":""MultiPoint"",""coordinates"":[]}"
00000000000000000572,2795.2103960893733,HYD_1395,17.260560719347414,78.46896723215954,"{""type"":""MultiPoint"",""coordinates"":[]}"
00000000000000000573,2983.4536847138584,HYD_1396,17.260678191547843,78.47836480115416,"{""type"":""MultiPoint"",""coordinates"":[]}"
00000000000000000574,2006.674585674639,HYD_1397,17.260796705148575,78.48776347604654,"{""type"":""MultiPoint"",""coordinates"":[]}"
00000000000000000575,1072.6221373116894,HYD_1398,17.26091522170397,78.49716212814275,"{""type"":""MultiPoint"",""coordinates"":[]}"
00000000000000000576,369.1573884309932,HYD_1399,17.261030813793127,78.50656080770831,"{""type"":""MultiPoint"",""coordinates"":[]}"
00000000000000000577,948.1430933189813,HYD_1400,17.261146760471966,78.51596058804986,"{""type"":""MultiPoint"",""coordinates"":[]}"
00000000000000000578,1902.5854202087983,HYD_1401,17.261262688080592,78.52536034989197,"{""type"":""MultiPoint"",""coordinates"":[]}"
00000000000000000579,2887.6405178750256,HYD_1402,17.261378962247733,78.53475902944147,"{""type"":""MultiPoint"",""coordinates"":[]}"
0000000000000000057a,3879.985989503665,HYD_1403,17.261494175807638,78.5441566142343,"{""type"":""MultiPoint"",""coordinates"":[]}"
0000000000000000057b,4497.369903457161,HYD_1404,17.26160939190871,78.55355566117069,"{""type"":""MultiPoint"",""coordinates"":[]}"
0000000000000000057c,3799.113451834621,HYD_1405,17.26172308257131,78.56295468911398,"{""type"":""MultiPoint"",""coordinates"":[]}"
0000000000000000057d,3261.5366977795697,HYD_1406,17.26183681928779,78.5723552352161,"{""type"":""MultiPoint"",""coordinates"":[]}"
0000000000000000057e,2973.3257690588816,HYD_1407,17.261950471972057,78.58175424639192,"{""type"":""MultiPoint"",""coordinates"":[]}"
0000000000000000057f,2984.858869204242,HYD_1408,17.262063089608077,78.59115440969822,"{""type"":""MultiPoint"",""coordinates"":[]}"
00000000000000000580,3298.431625751887,HYD_1409,17.262176067860167,78.60055345494605,"{""type"":""MultiPoint"",""coordinates"":[]}"
00000000000000000581,3853.295341482674,HYD_1410,17.26228828158978,78.6099517603105,"{""type"":""MultiPoint"",""coordinates"":[]}"
00000000000000000582,4562.376270489505,HYD_1411,17.26239976969975,78.61935156163833,"{""type"":""MultiPoint"",""coordinates"":[]}"
00000000000000000583,5364.7770655512,HYD_1412,17.262511252612594,78.6287513193918,"{""type"":""MultiPoint"",""coordinates"":[]}"
00000000000000000584,1083.9785341506686,HYD_1413,17.250324491791837,78.3751132245911,"{""type"":""MultiPoint"",""coordinates"":[]}"
00000000000000000585,436.61073533593594,HYD_1414,17.250447487588065,78.38450965061064,"{""type"":""MultiPoint"",""coordinates"":[]}"
00000000000000000586,906.0175629344466,HYD_1415,17.250569400800565,78.39390721184996,"{""type"":""MultiPoint"",""coordinates"":[]}"
00000000000000000587,1804.3622280853488,HYD_1416,17.250692763262563,78.40330474875014,"{""type"":""MultiPoint"",""coordinates"":[]}"
00000000000000000588,2772.975238725769,HYD_1417,17.250812772213354,78.41270340930056,"{""type"":""MultiPoint"",""coordinates"":[]}"
00000000000000000589,3757.7089369210184,HYD_1418,17.25093318425963,78.42210097067377,"{""type"":""MultiPoint"",""coordinates"":[]}"
0000000000000000058a,4485.316889860662,HYD_1419,17.251053594036694,78.43149853745693,"{""type"":""MultiPoint"",""coordinates"":[]}"
0000000000000000058b,3945.969941312825,HYD_1420,17.251173977919724,78.440896103964,"{""type"":""MultiPoint"",""coordinates"":[]}"
0000000000000000058c,3608.539570764115,HYD_1421,17.251293262614684,78.45029402414433,"{""type"":""MultiPoint"",""coordinates"":[]}"
0000000000000000058d,3531.3769886406762,HYD_1422,17.251411744051342,78.45969191774206,"{""type"":""MultiPoint"",""coordinates"":[]}"
0000000000000000058e,3730.266037360816,HYD_1423,17.25153033687526,78.46908987364905,"{""type"":""MultiPoint"",""coordinates"":[]}"
0000000000000000058f,3307.0259185518476,HYD_1424,17.251649230152882,78.47848741220872,"{""type"":""MultiPoint"",""coordinates"":[]}"
00000000000000000590,2441.629624130259,HYD_1425,17.25176593378183,78.48788648001555,"{""type"":""MultiPoint"",""coordinates"":[]}"
00000000000000000591,1708.0852244930784,HYD_1426,17.251883736586155,78.49728440178342,"{""type"":""MultiPoint"",""coordinates"":[]}"
00000000000000000592,1367.9795911936394,HYD_1427,17.25200151869099,78.50668232566284,"{""type"":""MultiPoint"",""coordinates"":[]}"
00000000000000000593,1640.372765528791,HYD_1428,17.252117097552432,78.51608098458291,"{""type"":""MultiPoint"",""coordinates"":[]}"
00000000000000000594,2326.3158523016014,HYD_1429,17.252233025289733,78.52548076439594,"{""type"":""MultiPoint"",""coordinates"":[]}"
00000000000000000595,3182.750282469393,HYD_1430,17.2523489546369,78.53487833054375,"{""type"":""MultiPoint"",""coordinates"":[]}"
00000000000000000596,4104.42859788785,HYD_1431,17.252463787030894,78.54427628482856,"{""type"":""MultiPoint"",""coordinates"":[]}"
00000000000000000597,5055.887478595085,HYD_1432,17.252577458422714,78.55367530114896,"{""type"":""MultiPoint"",""coordinates"":[]}"
00000000000000000598,4617.534244837268,HYD_1433,17.252692656337263,78.56307434353654,"{""type"":""MultiPoint"",""coordinates"":[]}"
00000000000000000599,4186.522974571791,HYD_1434,17.252806003176076,78.5724730208851,"{""type"":""MultiPoint"",""coordinates"":[]}"
0000000000000000059a,3966.1903221959287,HYD_1435,17.25291860266514,78.58187319096677,"{""type"":""MultiPoint"",""coordinates"":[]}"
0000000000000000059b,3974.392216401986,HYD_1436,17.25303228848131,78.59127220333903,"{""type"":""MultiPoint"",""coordinates"":[]}"
0000000000000000059c,4215.071729285574,HYD_1437,17.253144538902344,78.6006712500769,"{""type"":""MultiPoint"",""coordinates"":[]}"
0000000000000000059d,4662.083947009301,HYD_1438,17.253256765468905,78.61006880302432,"{""type"":""MultiPoint"",""coordinates"":[]}"
0000000000000000059e,5263.305623745257,HYD_1439,17.25336786139452,78.61946748329161,"{""type"":""MultiPoint"",""coordinates"":[]}"
0000000000000000059f,1436.033595117994,HYD_1440,17.24141742133119,78.38463783618572,"{""type"":""MultiPoint"",""coordinates"":[]}"
000000000000000005a0,1673.9491531027281,HYD_1441,17.24153932461158,78.39403466170883,"{""type"":""MultiPoint"",""coordinates"":[]}"
000000000000000005a1,2314.7847153895805,HYD_1442,17.241661210110767,78.40343146624028,"{""type"":""MultiPoint"",""coordinates"":[]}"
000000000000000005a2,3129.104812549294,HYD_1443,17.2417834572264,78.4128293777468,"{""type"":""MultiPoint"",""coordinates"":[]}"
000000000000000005a3,4027.6499106981046,HYD_1444,17.241903506661938,78.42222582388086,"{""type"":""MultiPoint"",""coordinates"":[]}"
000000000000000005a4,4964.979661445584,HYD_1445,17.242023897668123,78.43162337917104,"{""type"":""MultiPoint"",""coordinates"":[]}"
000000000000000005a5,4859.3890030601615,HYD_1446,17.242144293095663,78.44102094849481,"{""type"":""MultiPoint"",""coordinates"":[]}"
000000000000000005a6,4589.746317056338,HYD_1447,17.242262442398907,78.45041850089584,"{""type"":""MultiPoint"",""coordinates"":[]}"
000000000000000005a7,4529.387675060258,HYD_1448,17.242380610059552,78.45981606586989,"{""type"":""MultiPoint"",""coordinates"":[]}"
000000000000000005a8,4666.5813598670475,HYD_1449,17.242500271848495,78.46921286500411,"{""type"":""MultiPoint"",""coordinates"":[]}"
000000000000000005a9,3838.990668777811,HYD_1450,17.24261771210599,78.478609664887,"{""type"":""MultiPoint"",""coordinates"":[]}"
000000000000000005aa,3113.762709310187,HYD_1451,17.24273547717273,78.48800758481222,"{""type"":""MultiPoint"",""coordinates"":[]}"
000000000000000005ab,2579.0338690870603,HYD_1452,17.2428521842721,78.49740667838631,"{""type"":""MultiPoint"",""coordinates"":[]}"
000000000000000005ac,2367.4700105730717,HYD_1453,17.242970352727312,78.50680345665224,"{""type"":""MultiPoint"",""coordinates"":[]}"
000000000000000005ad,2545.6489672737234,HYD_1454,17.243087414139033,78.51620139633094,"{""type"":""MultiPoint"",""coordinates"":[]}"
000000000000000005ae,3033.4885453222473,HYD_1455,17.24320223291114,78.52560157198151,"{""type"":""MultiPoint"",""coordinates"":[]}"
000000000000000005af,3731.0568962596485,HYD_1456,17.243317042634406,78.53499875577916,"{""type"":""MultiPoint"",""coordinates"":[]}"
000000000000000005b0,4542.802730158753,HYD_1457,17.24343185397251,78.54439589906133,"{""type"":""MultiPoint"",""coordinates"":[]}"
000000000000000005b1,5417.810347544727,HYD_1458,17.243547018896486,78.5537949445746,"{""type"":""MultiPoint"",""coordinates"":[]}"
000000000000000005b2,5496.33294805963,HYD_1459,17.24366115188407,78.56319290966601,"{""type"":""MultiPoint"",""coordinates"":[]}"
000000000000000005b3,5139.497109209045,HYD_1460,17.24377520855798,78.57259079337565,"{""type"":""MultiPoint"",""coordinates"":[]}"
000000000000000005b4,4961.638222649178,HYD_1461,17.243888166386096,78.58198985117482,"{""type"":""MultiPoint"",""coordinates"":[]}"
000000000000000005b5,4968.034882957947,HYD_1462,17.24400041259841,78.5913889057105,"{""type"":""MultiPoint"",""coordinates"":[]}"
000000000000000005b6,5162.577193002598,HYD_1463,17.24411301636234,78.60078830346914,"{""type"":""MultiPoint"",""coordinates"":[]}"
000000000000000005b7,5533.665582107459,HYD_1464,17.2442244795028,78.61018584957101,"{""type"":""MultiPoint"",""coordinates"":[]}"
000000000000000005b8,2435.439870972201,HYD_1465,17.232387780481083,78.38476493429293,"{""type"":""MultiPoint"",""coordinates"":[]}"
000000000000000005b9,2582.3272167184423,HYD_1466,17.232507829527197,78.39416139113017,"{""type"":""MultiPoint"",""coordinates"":[]}"
000000000000000005ba,3064.736896559713,HYD_1467,17.23263116899301,78.4035589184899,"{""type"":""MultiPoint"",""coordinates"":[]}"
000000000000000005bb,3727.078616151635,HYD_1468,17.232753430711497,78.41295536646184,"{""type"":""MultiPoint"",""coordinates"":[]}"
000000000000000005bc,4507.902629919059,HYD_1469,17.23287383116931,78.4223506692126,"{""type"":""MultiPoint"",""coordinates"":[]}"
000000000000000005bd,5361.955078517234,HYD_1470,17.232994203734872,78.43174822846139,"{""type"":""MultiPoint"",""coordinates"":[]}"
000000000000000005be,5801.337977293279,HYD_1471,17.233113496755603,78.44114618485057,"{""type"":""MultiPoint"",""coordinates"":[]}"
000000000000000005bf,5577.437160611456,HYD_1472,17.233232031537135,78.4505418622025,"{""type"":""MultiPoint"",""coordinates"":[]}"
000000000000000005c0,5527.836606248782,HYD_1473,17.23335060054442,78.45993981339282,"{""type"":""MultiPoint"",""coordinates"":[]}"
000000000000000005c1,5244.863434961729,HYD_1474,17.23346911944126,78.46933625332152,"{""type"":""MultiPoint"",""coordinates"":[]}"
000000000000000005c2,4524.24865762122,HYD_1475,17.23358763400969,78.4787326803834,"{""type"":""MultiPoint"",""coordinates"":[]}"
000000000000000005c3,3927.69406195431,HYD_1476,17.23370508023158,78.48813023236733,"{""type"":""MultiPoint"",""coordinates"":[]}"
000000000000000005c4,3518.973248598896,HYD_1477,17.233821734862065,78.49752777173897,"{""type"":""MultiPoint"",""coordinates"":[]}"
000000000000000005c5,3367.1333847903193,HYD_1478,17.23393807793068,78.50692575086467,"{""type"":""MultiPoint"",""coordinates"":[]}"
000000000000000005c6,3502.727278212541,HYD_1479,17.23405584114577,78.51632288736646,"{""type"":""MultiPoint"",""coordinates"":[]}"
000000000000000005c7,3871.805335471208,HYD_1480,17.23417029551629,78.52572117936735,"{""type"":""MultiPoint"",""coordinates"":[]}"
000000000000000005c8,4439.62744547794,HYD_1481,17.23428513062188,78.5351191451245,"{""type"":""MultiPoint"",""coordinates"":[]}"
000000000000000005c9,5140.556751430559,HYD_1482,17.234401424615626,78.5445155391553,"{""type"":""MultiPoint"",""coordinates"":[]}"
000000000000000005ca,5927.9799046413045,HYD_1483,17.23451553800584,78.55391350779382,"{""type"":""MultiPoint"",""coordinates"":[]}"
000000000000000005cb,6410.639301255003,HYD_1484,17.234629569427227,78.56331140172529,"{""type"":""MultiPoint"",""coordinates"":[]}"
000000000000000005cc,6107.401947651881,HYD_1485,17.234743655796684,78.57271082094832,"{""type"":""MultiPoint"",""coordinates"":[]}"
000000000000000005cd,5958.551439201835,HYD_1486,17.234856645671194,78.58210764704674,"{""type"":""MultiPoint"",""coordinates"":[]}"
000000000000000005ce,5963.525928538842,HYD_1487,17.234969972099968,78.59150558457958,"{""type"":""MultiPoint"",""coordinates"":[]}"
000000000000000005cf,3434.852491090263,HYD_1488,17.223358114356483,78.38489203842042,"{""type"":""MultiPoint"",""coordinates"":[]}"
000000000000000005d0,3539.9645721247202,HYD_1489,17.223478858346958,78.39428845614141,"{""type"":""MultiPoint"",""coordinates"":[]}"
000000000000000005d1,3905.9882063136915,HYD_1490,17.22360001782234,78.40368525237797,"{""type"":""MultiPoint"",""coordinates"":[]}"
000000000000000005d2,4469.609140737564,HYD_1491,17.223722641042094,78.41307981691234,"{""type"":""MultiPoint"",""coordinates"":[]}"
000000000000000005d3,5139.854227078344,HYD_1492,17.223844153160535,78.42247554351698,"{""type"":""MultiPoint"",""coordinates"":[]}"
000000000000000005d4,5903.303003707286,HYD_1493,17.223963442690962,78.43187346903082,"{""type"":""MultiPoint"",""coordinates"":[]}"
000000000000000005d5,6728.863200320057,HYD_1494,17.224081578321915,78.44127027505898,"{""type"":""MultiPoint"",""coordinates"":[]}"
000000000000000005d6,6568.770423619098,HYD_1495,17.224200890497425,78.45066599167959,"{""type"":""MultiPoint"",""coordinates"":[]}"
000000000000000005d7,6526.4706479586275,HYD_1496,17.2243216288097,78.460062416589,"{""type"":""MultiPoint"",""coordinates"":[]}"
000000000000000005d8,5936.135977335637,HYD_1497,17.224439443448055,78.46945887352562,"{""type"":""MultiPoint"",""coordinates"":[]}"
000000000000000005d9,5310.273057334628,HYD_1498,17.224556134880686,78.47885572422527,"{""type"":""MultiPoint"",""coordinates"":[]}"
000000000000000005da,4812.055054836217,HYD_1499,17.224674990852627,78.4882524822617,"{""type"":""MultiPoint"",""coordinates"":[]}"
000000000000000005db,4484.686486677126,HYD_1500,17.224791702430142,78.49764927645606,"{""type"":""MultiPoint"",""coordinates"":[]}"
000000000000000005dc,4366.6088045683355,HYD_1501,17.224907631005046,78.50704685403784,"{""type"":""MultiPoint"",""coordinates"":[]}"
000000000000000005dd,4474.370249146779,HYD_1502,17.225023563345747,78.51644440699299,"{""type"":""MultiPoint"",""coordinates"":[]}"
000000000000000005de,4772.512886338467,HYD_1503,17.22513988532668,78.52584083545784,"{""type"":""MultiPoint"",""coordinates"":[]}"
000000000000000005df,5243.654833859275,HYD_1504,17.22525510505481,78.53523840238988,"{""type"":""MultiPoint"",""coordinates"":[]}"
000000000000000005e0,5849.127850752591,HYD_1505,17.22537028513895,78.54463522913122,"{""type"":""MultiPoint"",""coordinates"":[]}"
000000000000000005e1,6551.920770427239,HYD_1506,17.225483981831914,78.55403200962965,"{""type"":""MultiPoint"",""coordinates"":[]}"
000000000000000005e2,7324.074719359745,HYD_1507,17.22559915001485,78.56343106331465,"{""type"":""MultiPoint"",""coordinates"":[]}"
000000000000000005e3,7084.142284032733,HYD_1508,17.22571248787947,78.57282751276645,"{""type"":""MultiPoint"",""coordinates"":[]}"
000000000000000005e4,4434.270330719247,HYD_1509,17.214328405436788,78.38501910664472,"{""type"":""MultiPoint"",""coordinates"":[]}"
000000000000000005e5,4515.805049085086,HYD_1510,17.214448785690966,78.39441440874349,"{""type"":""MultiPoint"",""coordinates"":[]}"
000000000000000005e6,4808.128818346358,HYD_1511,17.214569207213014,78.40380972176779,"{""type"":""MultiPoint"",""coordinates"":[]}"
000000000000000005e7,5276.36984362532,HYD_1512,17.214690747880283,78.41320545814251,"{""type"":""MultiPoint"",""coordinates"":[]}"
000000000000000005e8,5874.938879575769,HYD_1513,17.214812251194935,78.42260041821469,"{""type"":""MultiPoint"",""coordinates"":[]}"
000000000000000005e9,6553.17318399914,HYD_1514,17.2149318676739,78.43199645317644,"{""type"":""MultiPoint"",""coordinates"":[]}"
000000000000000005ea,7305.759174743067,HYD_1515,17.21505044263472,78.44139437863566,"{""type"":""MultiPoint"",""coordinates"":[]}"
000000000000000005eb,7562.1054696069905,HYD_1516,17.21517120494772,78.45079083912876,"{""type"":""MultiPoint"",""coordinates"":[]}"
000000000000000005ec,7348.6109706971,HYD_1517,17.21529049537541,78.46018654932959,"{""type"":""MultiPoint"",""coordinates"":[]}"
000000000000000005ed,6705.681106815977,HYD_1518,17.215408624084223,78.46958111576832,"{""type"":""MultiPoint"",""coordinates"":[]}"
000000000000000005ee,6158.444738828795,HYD_1519,17.215526056074435,78.47897794245903,"{""type"":""MultiPoint"",""coordinates"":[]}"
000000000000000005ef,5734.575158271058,HYD_1520,17.215642740186656,78.48837475395362,"{""type"":""MultiPoint"",""coordinates"":[]}"
000000000000000005f0,5462.679037739318,HYD_1521,17.215760532659523,78.49777042714402,"{""type"":""MultiPoint"",""coordinates"":[]}"
000000000000000005f1,5365.96692990758,HYD_1522,17.21587830141144,78.50716835596073,"{""type"":""MultiPoint"",""coordinates"":[]}"
000000000000000005f2,5454.055256560963,HYD_1523,17.215993888635115,78.51656481068305,"{""type"":""MultiPoint"",""coordinates"":[]}"
000000000000000005f3,5706.1602551584165,HYD_1524,17.216109829625857,78.52596013288104,"{""type"":""MultiPoint"",""coordinates"":[]}"
000000000000000005f4,6105.740179095231,HYD_1525,17.21622466774643,78.53535805372864,"{""type"":""MultiPoint"",""coordinates"":[]}"
000000000000000005f5,6633.131731815573,HYD_1526,17.216338352760687,78.54475484386288,"{""type"":""MultiPoint"",""coordinates"":[]}"
000000000000000005f6,7260.356576605091,HYD_1527,17.216453546048637,78.5541516970691,"{""type"":""MultiPoint"",""coordinates"":[]}"
000000000000000005f7,5433.444139383703,HYD_1528,17.20529872311838,78.38514617477746,"{""type"":""MultiPoint"",""coordinates"":[]}"
000000000000000005f8,5500.107681529892,HYD_1529,17.205419136185185,78.39454148731367,"{""type"":""MultiPoint"",""coordinates"":[]}"
000000000000000005f9,5742.512578331968,HYD_1530,17.20553988957982,78.40393570828498,"{""type"":""MultiPoint"",""coordinates"":[]}"
000000000000000005fa,6139.98123827988,HYD_1531,17.20565993858092,78.41332992214195,"{""type"":""MultiPoint"",""coordinates"":[]}"
000000000000000005fb,6664.80688362428,HYD_1532,17.205780345776095,78.42272527839107,"{""type"":""MultiPoint"",""coordinates"":[]}"
000000000000000005fc,7282.741541564895,HYD_1533,17.205900710737986,78.4321205758748,"{""type"":""MultiPoint"",""coordinates"":[]}"
000000000000000005fd,7966.461332521335,HYD_1534,17.20602145502743,78.4415169903525,"{""type"":""MultiPoint"",""coordinates"":[]}"
000000000000000005fe,8556.87351899447,HYD_1535,17.206141520562305,78.45091345965996,"{""type"":""MultiPoint"",""coordinates"":[]}"
000000000000000005ff,8107.356190814817,HYD_1536,17.206259681751682,78.46030878114108,"{""type"":""MultiPoint"",""coordinates"":[]}"
00000000000000000600,7529.3838739806115,HYD_1537,17.20637749146326,78.46970523015942,"{""type"":""MultiPoint"",""coordinates"":[]}"
00000000000000000601,7046.325901307647,HYD_1538,17.20649600796746,78.47910165873225,"{""type"":""MultiPoint"",""coordinates"":[]}"
00000000000000000602,6679.187685955692,HYD_1539,17.20661194853065,78.48849698157515,"{""type"":""MultiPoint"",""coordinates"":[]}"
00000000000000000603,6447.259543872502,HYD_1540,17.20672935850874,78.49789378294568,"{""type"":""MultiPoint"",""coordinates"":[]}"
00000000000000000604,6365.529220430213,HYD_1541,17.206847149184505,78.5072895018258,"{""type"":""MultiPoint"",""coordinates"":[]}"
00000000000000000605,6439.802963829624,HYD_1542,17.20696421847615,78.5166852219396,"{""type"":""MultiPoint"",""coordinates"":[]}"
00000000000000000606,6659.059496669601,HYD_1543,17.207079050165262,78.52608092423675,"{""type"":""MultiPoint"",""coordinates"":[]}"
