date,station_id,station_name,ground_no2_mean,valid_readings,total_readings,coverage_percent
2025-01-01,site_199,"Bollaram Industrial Area, Hyderabad - TSPCB",25.05222222222222,90,96,93.75
2025-01-02,site_199,"Bollaram Industrial Area, Hyderabad - TSPCB",36.71208791208792,91,96,94.79166666666666
2025-01-03,site_199,"Bollaram Industrial Area, Hyderabad - TSPCB",50.42934782608695,92,96,95.83333333333334
2025-01-04,site_199,"Bollaram Industrial Area, Hyderabad - TSPCB",37.40113636363637,88,96,91.66666666666666
2025-01-05,site_199,"Bollaram Industrial Area, Hyderabad - TSPCB",18.784269662921346,89,96,92.70833333333334
2025-01-06,site_199,"Bollaram Industrial Area, Hyderabad - TSPCB",15.702197802197803,91,96,94.79166666666666
2025-01-07,site_199,"Bollaram Industrial Area, Hyderabad - TSPCB",20.22298850574713,87,96,90.625
2025-01-08,site_199,"Bollaram Industrial Area, Hyderabad - TSPCB",,65,96,67.70833333333334
2025-01-09,site_199,"Bollaram Industrial Area, Hyderabad - TSPCB",,42,96,43.75
2025-01-10,site_199,"Bollaram Industrial Area, Hyderabad - TSPCB",19.794117647058822,85,96,88.54166666666666
2025-01-11,site_199,"Bollaram Industrial Area, Hyderabad - TSPCB",13.076086956521738,92,96,95.83333333333334
2025-01-12,site_199,"Bollaram Industrial Area, Hyderabad - TSPCB",9.530434782608696,92,96,95.83333333333334
2025-01-13,site_199,"Bollaram Industrial Area, Hyderabad - TSPCB",11.777380952380952,84,96,87.5
2025-01-14,site_199,"Bollaram Industrial Area, Hyderabad - TSPCB",12.575824175824177,91,96,94.79166666666666
2025-01-15,site_199,"Bollaram Industrial Area, Hyderabad - TSPCB",,36,96,37.5
2025-01-16,site_199,"Bollaram Industrial Area, Hyderabad - TSPCB",,47,96,48.95833333333333
2025-01-17,site_199,"Bollaram Industrial Area, Hyderabad - TSPCB",10.447727272727272,88,96,91.66666666666666
2025-01-18,site_199,"Bollaram Industrial Area, Hyderabad - TSPCB",15.423376623376624,77,96,80.20833333333334
2025-01-19,site_199,"Bollaram Industrial Area, Hyderabad - TSPCB",22.129761904761907,84,96,87.5
2025-01-20,site_199,"Bollaram Industrial Area, Hyderabad - TSPCB",45.96962025316456,79,96,82.29166666666666
2025-01-21,site_199,"Bollaram Industrial Area, Hyderabad - TSPCB",37.84065934065934,91,96,94.79166666666666
2025-01-22,site_199,"Bollaram Industrial Area, Hyderabad - TSPCB",20.892134831460677,89,96,92.70833333333334
2025-01-23,site_199,"Bollaram Industrial Area, Hyderabad - TSPCB",10.069565217391304,92,96,95.83333333333334
2025-01-24,site_199,"Bollaram Industrial Area, Hyderabad - TSPCB",,52,96,54.166666666666664
2025-01-25,site_199,"Bollaram Industrial Area, Hyderabad - TSPCB",,10,96,10.416666666666668
2025-01-26,site_199,"Bollaram Industrial Area, Hyderabad - TSPCB",,28,96,29.166666666666668
2025-01-27,site_199,"Bollaram Industrial Area, Hyderabad - TSPCB",25.996103896103897,77,96,80.20833333333334
2025-01-28,site_199,"Bollaram Industrial Area, Hyderabad - TSPCB",,68,96,70.83333333333334
2025-01-29,site_199,"Bollaram Industrial Area, Hyderabad - TSPCB",,71,96,73.95833333333334
2025-01-30,site_199,"Bollaram Industrial Area, Hyderabad - TSPCB",13.99367088607595,79,96,82.29166666666666
2025-01-31,site_199,"Bollaram Industrial Area, Hyderabad - TSPCB",15.778048780487804,82,96,85.41666666666666
2025-02-01,site_199,"Bollaram Industrial Area, Hyderabad - TSPCB",17.85760869565217,92,96,95.83333333333334
2025-02-02,site_199,"Bollaram Industrial Area, Hyderabad - TSPCB",15.628260869565217,92,96,95.83333333333334
2025-02-03,site_199,"Bollaram Industrial Area, Hyderabad - TSPCB",15.154216867469879,83,96,86.45833333333334
2025-02-04,site_199,"Bollaram Industrial Area, Hyderabad - TSPCB",,63,96,65.625
2025-02-05,site_199,"Bollaram Industrial Area, Hyderabad - TSPCB",,50,96,52.083333333333336
2025-02-06,site_199,"Bollaram Industrial Area, Hyderabad - TSPCB",5.436559139784946,93,96,96.875
2025-02-07,site_199,"Bollaram Industrial Area, Hyderabad - TSPCB",5.8094117647058825,85,96,88.54166666666666
2025-02-08,site_199,"Bollaram Industrial Area, Hyderabad - TSPCB",4.2465753424657535,73,96,76.04166666666666
2025-02-09,site_199,"Bollaram Industrial Area, Hyderabad - TSPCB",3.811363636363636,88,96,91.66666666666666
2025-02-10,site_199,"Bollaram Industrial Area, Hyderabad - TSPCB",4.8675,80,96,83.33333333333334
2025-02-11,site_199,"Bollaram Industrial Area, Hyderabad - TSPCB",,71,96,73.95833333333334
2025-02-12,site_199,"Bollaram Industrial Area, Hyderabad - TSPCB",3.6386666666666665,75,96,78.125
2025-02-13,site_199,"Bollaram Industrial Area, Hyderabad - TSPCB",5.174698795180723,83,96,86.45833333333334
2025-02-14,site_199,"Bollaram Industrial Area, Hyderabad - TSPCB",8.923529411764706,85,96,88.54166666666666
2025-02-15,site_199,"Bollaram Industrial Area, Hyderabad - TSPCB",27.122368421052634,76,96,79.16666666666666
2025-02-16,site_199,"Bollaram Industrial Area, Hyderabad - TSPCB",20.98051948051948,77,96,80.20833333333334
2025-02-17,site_199,"Bollaram Industrial Area, Hyderabad - TSPCB",9.701149425287356,87,96,90.625
2025-02-18,site_199,"Bollaram Industrial Area, Hyderabad - TSPCB",8.60897435897436,78,96,81.25
2025-02-19,site_199,"Bollaram Industrial Area, Hyderabad - TSPCB",13.305000000000001,80,96,83.33333333333334
2025-02-20,site_199,"Bollaram Industrial Area, Hyderabad - TSPCB",13.140449438202246,89,96,92.70833333333334
2025-02-21,site_199,"Bollaram Industrial Area, Hyderabad - TSPCB",18.085869565217394,92,96,95.83333333333334
2025-02-22,site_199,"Bollaram Industrial Area, Hyderabad - TSPCB",18.876543209876544,81,96,84.375
2025-02-23,site_199,"Bollaram Industrial Area, Hyderabad - TSPCB",19.163440860215054,93,96,96.875
2025-02-24,site_199,"Bollaram Industrial Area, Hyderabad - TSPCB",20.475268817204302,93,96,96.875
2025-02-25,site_199,"Bollaram Industrial Area, Hyderabad - TSPCB",17.268817204301076,93,96,96.875
2025-02-26,site_199,"Bollaram Industrial Area, Hyderabad - TSPCB",28.455913978494625,93,96,96.875
2025-02-27,site_199,"Bollaram Industrial Area, Hyderabad - TSPCB",30.207526881720433,93,96,96.875
2025-02-28,site_199,"Bollaram Industrial Area, Hyderabad - TSPCB",35.41234567901235,81,96,84.375
2025-03-01,site_199,"Bollaram Industrial Area, Hyderabad - TSPCB",23.264,75,96,78.125
2025-03-02,site_199,"Bollaram Industrial Area, Hyderabad - TSPCB",26.304347826086957,92,96,95.83333333333334
2025-03-03,site_199,"Bollaram Industrial Area, Hyderabad - TSPCB",32.778260869565216,92,96,95.83333333333334
2025-03-04,site_199,"Bollaram Industrial Area, Hyderabad - TSPCB",35.79871794871795,78,96,81.25
2025-03-05,site_199,"Bollaram Industrial Area, Hyderabad - TSPCB",34.958441558441564,77,96,80.20833333333334
2025-03-06,site_199,"Bollaram Industrial Area, Hyderabad - TSPCB",27.254945054945054,91,96,94.79166666666666
2025-03-07,site_199,"Bollaram Industrial Area, Hyderabad - TSPCB",28.125,76,96,79.16666666666666
2025-03-08,site_199,"Bollaram Industrial Area, Hyderabad - TSPCB",23.701176470588234,85,96,88.54166666666666
2025-03-09,site_199,"Bollaram Industrial Area, Hyderabad - TSPCB",,67,96,69.79166666666666
2025-03-10,site_199,"Bollaram Industrial Area, Hyderabad - TSPCB",26.7,93,96,96.875
2025-03-11,site_199,"Bollaram Industrial Area, Hyderabad - TSPCB",31.637634408602153,93,96,96.875
2025-03-12,site_199,"Bollaram Industrial Area, Hyderabad - TSPCB",30.101075268817205,93,96,96.875
2025-03-13,site_199,"Bollaram Industrial Area, Hyderabad - TSPCB",24.37956989247312,93,96,96.875
2025-03-14,site_199,"Bollaram Industrial Area, Hyderabad - TSPCB",31.2,93,96,96.875
2025-03-15,site_199,"Bollaram Industrial Area, Hyderabad - TSPCB",30.212903225806453,93,96,96.875
2025-03-16,site_199,"Bollaram Industrial Area, Hyderabad - TSPCB",29.64022988505747,87,96,90.625
2025-03-17,site_199,"Bollaram Industrial Area, Hyderabad - TSPCB",29.942857142857147,91,96,94.79166666666666
2025-03-18,site_199,"Bollaram Industrial Area, Hyderabad - TSPCB",28.395604395604394,91,96,94.79166666666666
2025-03-19,site_199,"Bollaram Industrial Area, Hyderabad - TSPCB",,64,96,66.66666666666666
2025-03-20,site_199,"Bollaram Industrial Area, Hyderabad - TSPCB",23.155434782608697,92,96,95.83333333333334
2025-03-21,site_199,"Bollaram Industrial Area, Hyderabad - TSPCB",24.60595238095238,84,96,87.5
2025-03-22,site_199,"Bollaram Industrial Area, Hyderabad - TSPCB",,66,96,68.75
2025-03-23,site_199,"Bollaram Industrial Area, Hyderabad - TSPCB",,0,96,0.0
2025-03-24,site_199,"Bollaram Industrial Area, Hyderabad - TSPCB",,29,96,30.208333333333332
2025-03-25,site_199,"Bollaram Industrial Area, Hyderabad - TSPCB",,58,96,60.416666666666664
2025-03-26,site_199,"Bollaram Industrial Area, Hyderabad - TSPCB",24.68913043478261,92,96,95.83333333333334
2025-03-27,site_199,"Bollaram Industrial Area, Hyderabad - TSPCB",37.92840909090909,88,96,91.66666666666666
2025-03-28,site_199,"Bollaram Industrial Area, Hyderabad - TSPCB",28.13295454545454,88,96,91.66666666666666
2025-03-29,site_199,"Bollaram Industrial Area, Hyderabad - TSPCB",25.12808988764045,89,96,92.70833333333334
2025-03-30,site_199,"Bollaram Industrial Area, Hyderabad - TSPCB",35.08351648351648,91,96,94.79166666666666
2025-03-31,site_199,"Bollaram Industrial Area, Hyderabad - TSPCB",26.214130434782607,92,96,95.83333333333334
2025-04-01,site_199,"Bollaram Industrial Area, Hyderabad - TSPCB",25.808433734939758,83,96,86.45833333333334
2025-04-02,site_199,"Bollaram Industrial Area, Hyderabad - TSPCB",,70,96,72.91666666666666
2025-04-03,site_199,"Bollaram Industrial Area, Hyderabad - TSPCB",30.819354838709675,93,96,96.875
2025-04-04,site_199,"Bollaram Industrial Area, Hyderabad - TSPCB",23.44090909090909,88,96,91.66666666666666
2025-04-05,site_199,"Bollaram Industrial Area, Hyderabad - TSPCB",29.04888888888889,90,96,93.75
2025-04-06,site_199,"Bollaram Industrial Area, Hyderabad - TSPCB",27.19677419354839,93,96,96.875
2025-04-07,site_199,"Bollaram Industrial Area, Hyderabad - TSPCB",30.86333333333333,90,96,93.75
2025-04-08,site_199,"Bollaram Industrial Area, Hyderabad - TSPCB",,68,96,70.83333333333334
2025-04-09,site_199,"Bollaram Industrial Area, Hyderabad - TSPCB",,68,96,70.83333333333334
2025-04-10,site_199,"Bollaram Industrial Area, Hyderabad - TSPCB",35.353658536585364,82,96,85.41666666666666
2025-04-11,site_199,"Bollaram Industrial Area, Hyderabad - TSPCB",28.19120879120879,91,96,94.79166666666666
2025-04-12,site_199,"Bollaram Industrial Area, Hyderabad - TSPCB",31.04065934065934,91,96,94.79166666666666
2025-04-13,site_199,"Bollaram Industrial Area, Hyderabad - TSPCB",29.968181818181815,88,96,91.66666666666666
2025-04-14,site_199,"Bollaram Industrial Area, Hyderabad - TSPCB",26.908602150537636,93,96,96.875
2025-04-15,site_199,"Bollaram Industrial Area, Hyderabad - TSPCB",28.417977528089885,89,96,92.70833333333334
2025-04-16,site_199,"Bollaram Industrial Area, Hyderabad - TSPCB",23.30989010989011,91,96,94.79166666666666
2025-04-17,site_199,"Bollaram Industrial Area, Hyderabad - TSPCB",25.562025316455696,79,96,82.29166666666666
2025-04-18,site_199,"Bollaram Industrial Area, Hyderabad - TSPCB",24.34888888888889,90,96,93.75
2025-04-19,site_199,"Bollaram Industrial Area, Hyderabad - TSPCB",31.225,88,96,91.66666666666666
2025-04-20,site_199,"Bollaram Industrial Area, Hyderabad - TSPCB",21.808602150537634,93,96,96.875
2025-04-21,site_199,"Bollaram Industrial Area, Hyderabad - TSPCB",24.46021505376344,93,96,96.875
2025-04-22,site_199,"Bollaram Industrial Area, Hyderabad - TSPCB",27.95357142857143,84,96,87.5
2025-04-23,site_199,"Bollaram Industrial Area, Hyderabad - TSPCB",29.226136363636364,88,96,91.66666666666666
2025-04-24,site_199,"Bollaram Industrial Area, Hyderabad - TSPCB",28.008791208791212,91,96,94.79166666666666
2025-04-25,site_199,"Bollaram Industrial Area, Hyderabad - TSPCB",,61,96,63.541666666666664
2025-04-26,site_199,"Bollaram Industrial Area, Hyderabad - TSPCB",,70,96,72.91666666666666
2025-04-27,site_199,"Bollaram Industrial Area, Hyderabad - TSPCB",27.678021978021977,91,96,94.79166666666666
2025-04-28,site_199,"Bollaram Industrial Area, Hyderabad - TSPCB",20.404301075268815,93,96,96.875
2025-04-29,site_199,"Bollaram Industrial Area, Hyderabad - TSPCB",29.06153846153846,91,96,94.79166666666666
2025-04-30,site_199,"Bollaram Industrial Area, Hyderabad - TSPCB",25.403260869565216,92,96,95.83333333333334
2025-05-01,site_199,"Bollaram Industrial Area, Hyderabad - TSPCB",24.268478260869564,92,96,95.83333333333334
2025-05-02,site_199,"Bollaram Industrial Area, Hyderabad - TSPCB",34.40561797752809,89,96,92.70833333333334
2025-05-03,site_199,"Bollaram Industrial Area, Hyderabad - TSPCB",25.66344086021505,93,96,96.875
2025-05-04,site_199,"Bollaram Industrial Area, Hyderabad - TSPCB",22.967741935483872,93,96,96.875
2025-05-05,site_199,"Bollaram Industrial Area, Hyderabad - TSPCB",34.33586956521739,92,96,95.83333333333334
2025-05-06,site_199,"Bollaram Industrial Area, Hyderabad - TSPCB",22.558064516129033,93,96,96.875
2025-05-07,site_199,"Bollaram Industrial Area, Hyderabad - TSPCB",31.451612903225808,93,96,96.875
2025-05-08,site_199,"Bollaram Industrial Area, Hyderabad - TSPCB",30.084269662921347,89,96,92.70833333333334
2025-05-09,site_199,"Bollaram Industrial Area, Hyderabad - TSPCB",28.725806451612904,93,96,96.875
2025-05-10,site_199,"Bollaram Industrial Area, Hyderabad - TSPCB",29.18809523809524,84,96,87.5
2025-05-11,site_199,"Bollaram Industrial Area, Hyderabad - TSPCB",,45,96,46.875
2025-05-12,site_199,"Bollaram Industrial Area, Hyderabad - TSPCB",,60,96,62.5
2025-05-13,site_199,"Bollaram Industrial Area, Hyderabad - TSPCB",,51,96,53.125
2025-05-14,site_199,"Bollaram Industrial Area, Hyderabad - TSPCB",26.694565217391304,92,96,95.83333333333334
2025-05-15,site_199,"Bollaram Industrial Area, Hyderabad - TSPCB",29.224175824175827,91,96,94.79166666666666
2025-05-16,site_199,"Bollaram Industrial Area, Hyderabad - TSPCB",,66,96,68.75
2025-05-17,site_199,"Bollaram Industrial Area, Hyderabad - TSPCB",,59,96,61.458333333333336
2025-05-18,site_199,"Bollaram Industrial Area, Hyderabad - TSPCB",26.652173913043477,92,96,95.83333333333334
2025-05-19,site_199,"Bollaram Industrial Area, Hyderabad - TSPCB",30.4,88,96,91.66666666666666
2025-05-20,site_199,"Bollaram Industrial Area, Hyderabad - TSPCB",24.895698924731185,93,96,96.875
2025-05-21,site_199,"Bollaram Industrial Area, Hyderabad - TSPCB",28.61358024691358,81,96,84.375
2025-05-22,site_199,"Bollaram Industrial Area, Hyderabad - TSPCB",31.141463414634146,82,96,85.41666666666666
2025-05-23,site_199,"Bollaram Industrial Area, Hyderabad - TSPCB",25.752688172043012,93,96,96.875
2025-05-24,site_199,"Bollaram Industrial Area, Hyderabad - TSPCB",31.577528089887643,89,96,92.70833333333334
2025-05-25,site_199,"Bollaram Industrial Area, Hyderabad - TSPCB",29.241573033707866,89,96,92.70833333333334
2025-05-26,site_199,"Bollaram Industrial Area, Hyderabad - TSPCB",30.002150537634407,93,96,96.875
2025-05-27,site_199,"Bollaram Industrial Area, Hyderabad - TSPCB",28.833333333333332,93,96,96.875
2025-05-28,site_199,"Bollaram Industrial Area, Hyderabad - TSPCB",30.25698924731183,93,96,96.875
2025-05-29,site_199,"Bollaram Industrial Area, Hyderabad - TSPCB",25.761290322580646,93,96,96.875
2025-05-30,site_199,"Bollaram Industrial Area, Hyderabad - TSPCB",27.08214285714286,84,96,87.5
2025-05-31,site_199,"Bollaram Industrial Area, Hyderabad - TSPCB",29.315584415584418,77,96,80.20833333333334
2025-06-01,site_199,"Bollaram Industrial Area, Hyderabad - TSPCB",26.962365591397848,93,96,96.875
2025-06-02,site_199,"Bollaram Industrial Area, Hyderabad - TSPCB",26.186021505376345,93,96,96.875
2025-06-03,site_199,"Bollaram Industrial Area, Hyderabad - TSPCB",26.074193548387097,93,96,96.875
2025-06-04,site_199,"Bollaram Industrial Area, Hyderabad - TSPCB",35.353488372093025,86,96,89.58333333333334
2025-06-05,site_199,"Bollaram Industrial Area, Hyderabad - TSPCB",39.36941176470588,85,96,88.54166666666666
2025-06-06,site_199,"Bollaram Industrial Area, Hyderabad - TSPCB",26.732258064516127,93,96,96.875
2025-06-07,site_199,"Bollaram Industrial Area, Hyderabad - TSPCB",26.009876543209877,81,96,84.375
2025-06-08,site_199,"Bollaram Industrial Area, Hyderabad - TSPCB",28.162921348314608,89,96,92.70833333333334
2025-06-09,site_199,"Bollaram Industrial Area, Hyderabad - TSPCB",29.28082191780822,73,96,76.04166666666666
2025-06-10,site_199,"Bollaram Industrial Area, Hyderabad - TSPCB",,49,96,51.041666666666664
2025-06-11,site_199,"Bollaram Industrial Area, Hyderabad - TSPCB",30.696666666666665,90,96,93.75
2025-06-12,site_199,"Bollaram Industrial Area, Hyderabad - TSPCB",29.819354838709675,93,96,96.875
2025-06-13,site_199,"Bollaram Industrial Area, Hyderabad - TSPCB",28.586021505376344,93,96,96.875
2025-06-14,site_199,"Bollaram Industrial Area, Hyderabad - TSPCB",24.223684210526315,76,96,79.16666666666666
2025-06-15,site_199,"Bollaram Industrial Area, Hyderabad - TSPCB",26.814285714285713,91,96,94.79166666666666
2025-06-16,site_199,"Bollaram Industrial Area, Hyderabad - TSPCB",,48,96,50.0
2025-06-17,site_199,"Bollaram Industrial Area, Hyderabad - TSPCB",23.35108695652174,92,96,95.83333333333334
2025-06-18,site_199,"Bollaram Industrial Area, Hyderabad - TSPCB",31.07857142857143,84,96,87.5
2025-06-19,site_199,"Bollaram Industrial Area, Hyderabad - TSPCB",25.275000000000002,92,96,95.83333333333334
2025-06-20,site_199,"Bollaram Industrial Area, Hyderabad - TSPCB",,69,96,71.875
2025-06-21,site_199,"Bollaram Industrial Area, Hyderabad - TSPCB",,55,96,57.291666666666664
2025-06-22,site_199,"Bollaram Industrial Area, Hyderabad - TSPCB",27.462637362637363,91,96,94.79166666666666
2025-06-23,site_199,"Bollaram Industrial Area, Hyderabad - TSPCB",27.16774193548387,93,96,96.875
2025-06-24,site_199,"Bollaram Industrial Area, Hyderabad - TSPCB",24.065591397849463,93,96,96.875
2025-06-25,site_199,"Bollaram Industrial Area, Hyderabad - TSPCB",31.093333333333334,90,96,93.75
2025-06-26,site_199,"Bollaram Industrial Area, Hyderabad - TSPCB",40.236781609195404,87,96,90.625
2025-06-27,site_199,"Bollaram Industrial Area, Hyderabad - TSPCB",28.27391304347826,92,96,95.83333333333334
2025-06-28,site_199,"Bollaram Industrial Area, Hyderabad - TSPCB",31.686813186813186,91,96,94.79166666666666
2025-06-29,site_199,"Bollaram Industrial Area, Hyderabad - TSPCB",,59,96,61.458333333333336
2025-06-30,site_199,"Bollaram Industrial Area, Hyderabad - TSPCB",,51,96,53.125
2025-07-01,site_199,"Bollaram Industrial Area, Hyderabad - TSPCB",30.211904761904766,84,96,87.5
2025-07-02,site_199,"Bollaram Industrial Area, Hyderabad - TSPCB",28.067741935483873,93,96,96.875
2025-07-03,site_199,"Bollaram Industrial Area, Hyderabad - TSPCB",34.48202247191011,89,96,92.70833333333334
2025-07-04,site_199,"Bollaram Industrial Area, Hyderabad - TSPCB",26.523376623376624,77,96,80.20833333333334
2025-07-05,site_199,"Bollaram Industrial Area, Hyderabad - TSPCB",29.243820224719098,89,96,92.70833333333334
2025-07-06,site_199,"Bollaram Industrial Area, Hyderabad - TSPCB",25.105376344086025,93,96,96.875
2025-07-07,site_199,"Bollaram Industrial Area, Hyderabad - TSPCB",28.176344086021505,93,96,96.875
2025-07-08,site_199,"Bollaram Industrial Area, Hyderabad - TSPCB",34.673611111111114,72,96,75.0
2025-07-09,site_199,"Bollaram Industrial Area, Hyderabad - TSPCB",25.21505376344086,93,96,96.875
2025-07-10,site_199,"Bollaram Industrial Area, Hyderabad - TSPCB",23.718279569892474,93,96,96.875
2025-07-11,site_199,"Bollaram Industrial Area, Hyderabad - TSPCB",28.54731182795699,93,96,96.875
2025-07-12,site_199,"Bollaram Industrial Area, Hyderabad - TSPCB",25.456666666666667,90,96,93.75
2025-07-13,site_199,"Bollaram Industrial Area, Hyderabad - TSPCB",27.193548387096776,93,96,96.875
2025-07-14,site_199,"Bollaram Industrial Area, Hyderabad - TSPCB",30.123076923076923,91,96,94.79166666666666
2025-07-15,site_199,"Bollaram Industrial Area, Hyderabad - TSPCB",28.125806451612902,93,96,96.875
2025-07-16,site_199,"Bollaram Industrial Area, Hyderabad - TSPCB",29.048780487804876,82,96,85.41666666666666
2025-07-17,site_199,"Bollaram Industrial Area, Hyderabad - TSPCB",30.458227848101263,79,96,82.29166666666666
2025-07-18,site_199,"Bollaram Industrial Area, Hyderabad - TSPCB",,66,96,68.75
2025-07-19,site_199,"Bollaram Industrial Area, Hyderabad - TSPCB",,58,96,60.416666666666664
2025-07-20,site_199,"Bollaram Industrial Area, Hyderabad - TSPCB",25.031868131868134,91,96,94.79166666666666
2025-07-21,site_199,"Bollaram Industrial Area, Hyderabad - TSPCB",34.4320987654321,81,96,84.375
2025-07-22,site_199,"Bollaram Industrial Area, Hyderabad - TSPCB",,60,96,62.5
2025-07-23,site_199,"Bollaram Industrial Area, Hyderabad - TSPCB",24.067741935483873,93,96,96.875
2025-07-24,site_199,"Bollaram Industrial Area, Hyderabad - TSPCB",25.18172043010753,93,96,96.875
2025-07-25,site_199,"Bollaram Industrial Area, Hyderabad - TSPCB",24.320238095238096,84,96,87.5
2025-07-26,site_199,"Bollaram Industrial Area, Hyderabad - TSPCB",33.564516129032256,93,96,96.875
2025-07-27,site_199,"Bollaram Industrial Area, Hyderabad - TSPCB",24.983870967741936,93,96,96.875
2025-07-28,site_199,"Bollaram Industrial Area, Hyderabad - TSPCB",30.934831460674154,89,96,92.70833333333334
2025-07-29,site_199,"Bollaram Industrial Area, Hyderabad - TSPCB",26.211111111111112,90,96,93.75
2025-07-30,site_199,"Bollaram Industrial Area, Hyderabad - TSPCB",29.46153846153846,91,96,94.79166666666666
2025-07-31,site_199,"Bollaram Industrial Area, Hyderabad - TSPCB",28.36818181818182,88,96,91.66666666666666
2025-08-01,site_199,"Bollaram Industrial Area, Hyderabad - TSPCB",27.595604395604393,91,96,94.79166666666666
2025-08-02,site_199,"Bollaram Industrial Area, Hyderabad - TSPCB",,59,96,61.458333333333336
2025-08-03,site_199,"Bollaram Industrial Area, Hyderabad - TSPCB",,0,96,0.0
2025-08-04,site_199,"Bollaram Industrial Area, Hyderabad - TSPCB",,58,96,60.416666666666664
2025-08-05,site_199,"Bollaram Industrial Area, Hyderabad - TSPCB",51.57977528089888,89,96,92.70833333333334
2025-08-06,site_199,"Bollaram Industrial Area, Hyderabad - TSPCB",28.44301075268817,93,96,96.875
2025-08-07,site_199,"Bollaram Industrial Area, Hyderabad - TSPCB",29.27931034482759,87,96,90.625
2025-08-08,site_199,"Bollaram Industrial Area, Hyderabad - TSPCB",28.183870967741935,93,96,96.875
2025-08-09,site_199,"Bollaram Industrial Area, Hyderabad - TSPCB",29.08681318681319,91,96,94.79166666666666
2025-08-10,site_199,"Bollaram Industrial Area, Hyderabad - TSPCB",,63,96,65.625
2025-08-11,site_199,"Bollaram Industrial Area, Hyderabad - TSPCB",,57,96,59.375
2025-08-12,site_199,"Bollaram Industrial Area, Hyderabad - TSPCB",30.568888888888885,90,96,93.75
2025-08-13,site_199,"Bollaram Industrial Area, Hyderabad - TSPCB",23.49462365591398,93,96,96.875
2025-08-14,site_199,"Bollaram Industrial Area, Hyderabad - TSPCB",25.416129032258063,93,96,96.875
2025-08-15,site_199,"Bollaram Industrial Area, Hyderabad - TSPCB",21.166304347826088,92,96,95.83333333333334
2025-08-16,site_199,"Bollaram Industrial Area, Hyderabad - TSPCB",25.176344086021505,93,96,96.875
2025-08-17,site_199,"Bollaram Industrial Area, Hyderabad - TSPCB",27.672043010752688,93,96,96.875
2025-08-18,site_199,"Bollaram Industrial Area, Hyderabad - TSPCB",27.203225806451613,93,96,96.875
2025-08-19,site_199,"Bollaram Industrial Area, Hyderabad - TSPCB",23.628888888888888,90,96,93.75
2025-08-20,site_199,"Bollaram Industrial Area, Hyderabad - TSPCB",35.05866666666667,75,96,78.125
2025-08-21,site_199,"Bollaram Industrial Area, Hyderabad - TSPCB",27.129032258064516,93,96,96.875
2025-08-22,site_199,"Bollaram Industrial Area, Hyderabad - TSPCB",29.706521739130434,92,96,95.83333333333334
2025-08-23,site_199,"Bollaram Industrial Area, Hyderabad - TSPCB",26.18172043010753,93,96,96.875
2025-08-24,site_199,"Bollaram Industrial Area, Hyderabad - TSPCB",25.275280898876403,89,96,92.70833333333334
2025-08-25,site_199,"Bollaram Industrial Area, Hyderabad - TSPCB",30.544086021505375,93,96,96.875
2025-08-26,site_199,"Bollaram Industrial Area, Hyderabad - TSPCB",25.56413043478261,92,96,95.83333333333334
2025-08-27,site_199,"Bollaram Industrial Area, Hyderabad - TSPCB",27.573118279569893,93,96,96.875
2025-08-28,site_199,"Bollaram Industrial Area, Hyderabad - TSPCB",28.58494623655914,93,96,96.875
2025-08-29,site_199,"Bollaram Industrial Area, Hyderabad - TSPCB",24.934408602150537,93,96,96.875
2025-08-30,site_199,"Bollaram Industrial Area, Hyderabad - TSPCB",24.588043478260868,92,96,95.83333333333334
2025-08-31,site_199,"Bollaram Industrial Area, Hyderabad - TSPCB",30.141304347826086,92,96,95.83333333333334
2025-01-01,site_262,"Central University, Hyderabad - TSPCB",26.542222222222225,90,96,93.75
2025-01-02,site_262,"Central University, Hyderabad - TSPCB",38.8989010989011,91,96,94.79166666666666
2025-01-03,site_262,"Central University, Hyderabad - TSPCB",60.97816091954024,87,96,90.625
2025-01-04,site_262,"Central University, Hyderabad - TSPCB",52.142857142857146,91,96,94.79166666666666
2025-01-05,site_262,"Central University, Hyderabad - TSPCB",24.39,90,96,93.75
2025-01-06,site_262,"Central University, Hyderabad - TSPCB",25.77032967032967,91,96,94.79166666666666
2025-01-07,site_262,"Central University, Hyderabad - TSPCB",26.311235955056176,89,96,92.70833333333334
2025-01-08,site_262,"Central University, Hyderabad - TSPCB",56.71,80,96,83.33333333333334
2025-01-09,site_262,"Central University, Hyderabad - TSPCB",44.80659340659341,91,96,94.79166666666666
2025-01-10,site_262,"Central University, Hyderabad - TSPCB",29.439560439560438,91,96,94.79166666666666
2025-01-11,site_262,"Central University, Hyderabad - TSPCB",22.80652173913043,92,96,95.83333333333334
2025-01-12,site_262,"Central University, Hyderabad - TSPCB",22.70537634408602,93,96,96.875
2025-01-13,site_262,"Central University, Hyderabad - TSPCB",24.13010752688172,93,96,96.875
2025-01-14,site_262,"Central University, Hyderabad - TSPCB",21.593548387096774,93,96,96.875
2025-01-15,site_262,"Central University, Hyderabad - TSPCB",25.017204301075267,93,96,96.875
2025-01-16,site_262,"Central University, Hyderabad - TSPCB",18.06774193548387,93,96,96.875
2025-01-17,site_262,"Central University, Hyderabad - TSPCB",31.52258064516129,93,96,96.875
2025-01-18,site_262,"Central University, Hyderabad - TSPCB",31.096739130434784,92,96,95.83333333333334
2025-01-19,site_262,"Central University, Hyderabad - TSPCB",,70,96,72.91666666666666
2025-01-20,site_262,"Central University, Hyderabad - TSPCB",77.84810126582279,79,96,82.29166666666666
2025-01-21,site_262,"Central University, Hyderabad - TSPCB",48.02527472527473,91,96,94.79166666666666
2025-01-22,site_262,"Central University, Hyderabad - TSPCB",37.77096774193548,93,96,96.875
2025-01-23,site_262,"Central University, Hyderabad - TSPCB",23.706451612903223,93,96,96.875
2025-01-24,site_262,"Central University, Hyderabad - TSPCB",26.962365591397848,93,96,96.875
2025-01-25,site_262,"Central University, Hyderabad - TSPCB",19.872043010752687,93,96,96.875
2025-01-26,site_262,"Central University, Hyderabad - TSPCB",29.592473118279568,93,96,96.875
2025-01-27,site_262,"Central University, Hyderabad - TSPCB",28.73333333333333,93,96,96.875
2025-01-28,site_262,"Central University, Hyderabad - TSPCB",29.931182795698923,93,96,96.875
2025-01-29,site_262,"Central University, Hyderabad - TSPCB",22.289247311827957,93,96,96.875
2025-01-30,site_262,"Central University, Hyderabad - TSPCB",23.02258064516129,93,96,96.875
2025-01-31,site_262,"Central University, Hyderabad - TSPCB",26.981521739130436,92,96,95.83333333333334
2025-02-01,site_262,"Central University, Hyderabad - TSPCB",22.24235294117647,85,96,88.54166666666666
2025-02-02,site_262,"Central University, Hyderabad - TSPCB",,41,96,42.70833333333333
2025-02-03,site_262,"Central University, Hyderabad - TSPCB",,52,96,54.166666666666664
2025-02-04,site_262,"Central University, Hyderabad - TSPCB",27.161290322580644,93,96,96.875
2025-02-05,site_262,"Central University, Hyderabad - TSPCB",27.218279569892474,93,96,96.875
2025-02-06,site_262,"Central University, Hyderabad - TSPCB",30.61720430107527,93,96,96.875
2025-02-07,site_262,"Central University, Hyderabad - TSPCB",30.596666666666664,90,96,93.75
2025-02-08,site_262,"Central University, Hyderabad - TSPCB",38.03978494623656,93,96,96.875
2025-02-09,site_262,"Central University, Hyderabad - TSPCB",,39,96,40.625
2025-02-10,site_262,"Central University, Hyderabad - TSPCB",,44,96,45.83333333333333
2025-02-11,site_262,"Central University, Hyderabad - TSPCB",23.263440860215052,93,96,96.875
2025-02-12,site_262,"Central University, Hyderabad - TSPCB",24.43010752688172,93,96,96.875
2025-02-13,site_262,"Central University, Hyderabad - TSPCB",37.72380952380953,84,96,87.5
2025-02-14,site_262,"Central University, Hyderabad - TSPCB",51.91162790697674,86,96,89.58333333333334
2025-02-15,site_262,"Central University, Hyderabad - TSPCB",43.834117647058825,85,96,88.54166666666666
2025-02-16,site_262,"Central University, Hyderabad - TSPCB",,45,96,46.875
2025-02-17,site_262,"Central University, Hyderabad - TSPCB",,50,96,52.083333333333336
2025-02-18,site_262,"Central University, Hyderabad - TSPCB",,59,96,61.458333333333336
2025-02-19,site_262,"Central University, Hyderabad - TSPCB",,51,96,53.125
2025-02-20,site_262,"Central University, Hyderabad - TSPCB",29.35978260869565,92,96,95.83333333333334
2025-02-21,site_262,"Central University, Hyderabad - TSPCB",29.957777777777775,90,96,93.75
2025-02-22,site_262,"Central University, Hyderabad - TSPCB",32.95232558139535,86,96,89.58333333333334
2025-02-23,site_262,"Central University, Hyderabad - TSPCB",,42,96,43.75
2025-02-24,site_262,"Central University, Hyderabad - TSPCB",,35,96,36.45833333333333
2025-02-25,site_262,"Central University, Hyderabad - TSPCB",29.34943820224719,89,96,92.70833333333334
2025-02-26,site_262,"Central University, Hyderabad - TSPCB",,61,96,63.541666666666664
2025-02-27,site_262,"Central University, Hyderabad - TSPCB",,49,96,51.041666666666664
2025-02-28,site_262,"Central University, Hyderabad - TSPCB",29.005555555555556,90,96,93.75
2025-03-01,site_262,"Central University, Hyderabad - TSPCB",25.867391304347827,92,96,95.83333333333334
2025-03-02,site_262,"Central University, Hyderabad - TSPCB",25.317204301075268,93,96,96.875
2025-03-03,site_262,"Central University, Hyderabad - TSPCB",29.254651162790697,86,96,89.58333333333334
2025-03-04,site_262,"Central University, Hyderabad - TSPCB",37.91951219512195,82,96,85.41666666666666
2025-03-05,site_262,"Central University, Hyderabad - TSPCB",57.51363636363636,88,96,91.66666666666666
2025-03-06,site_262,"Central University, Hyderabad - TSPCB",47.53186813186813,91,96,94.79166666666666
2025-03-07,site_262,"Central University, Hyderabad - TSPCB",53.74555555555556,90,96,93.75
2025-03-08,site_262,"Central University, Hyderabad - TSPCB",33.92087912087912,91,96,94.79166666666666
2025-03-09,site_262,"Central University, Hyderabad - TSPCB",,70,96,72.91666666666666
2025-03-10,site_262,"Central University, Hyderabad - TSPCB",17.22289156626506,83,96,86.45833333333334
2025-03-11,site_262,"Central University, Hyderabad - TSPCB",26.006451612903223,93,96,96.875
2025-03-12,site_262,"Central University, Hyderabad - TSPCB",30.811827956989248,93,96,96.875
2025-03-13,site_262,"Central University, Hyderabad - TSPCB",33.391397849462365,93,96,96.875
2025-03-14,site_262,"Central University, Hyderabad - TSPCB",27.752688172043012,93,96,96.875
2025-03-15,site_262,"Central University, Hyderabad - TSPCB",32.28387096774193,93,96,96.875
2025-03-16,site_262,"Central University, Hyderabad - TSPCB",29.010752688172044,93,96,96.875
2025-03-17,site_262,"Central University, Hyderabad - TSPCB",35.93655913978495,93,96,96.875
2025-03-18,site_262,"Central University, Hyderabad - TSPCB",38.62717391304348,92,96,95.83333333333334
2025-03-19,site_262,"Central University, Hyderabad - TSPCB",25.17849462365591,93,96,96.875
2025-03-20,site_262,"Central University, Hyderabad - TSPCB",25.268817204301076,93,96,96.875
2025-03-21,site_262,"Central University, Hyderabad - TSPCB",27.32150537634409,93,96,96.875
2025-03-22,site_262,"Central University, Hyderabad - TSPCB",27.295698924731184,93,96,96.875
2025-03-23,site_262,"Central University, Hyderabad - TSPCB",17.278494623655916,93,96,96.875
2025-03-24,site_262,"Central University, Hyderabad - TSPCB",19.931182795698923,93,96,96.875
2025-03-25,site_262,"Central University, Hyderabad - TSPCB",21.365591397849464,93,96,96.875
2025-03-26,site_262,"Central University, Hyderabad - TSPCB",23.653763440860217,93,96,96.875
2025-03-27,site_262,"Central University, Hyderabad - TSPCB",36.28064516129032,93,96,96.875
2025-03-28,site_262,"Central University, Hyderabad - TSPCB",35.481521739130436,92,96,95.83333333333334
2025-03-29,site_262,"Central University, Hyderabad - TSPCB",33.30537634408602,93,96,96.875
2025-03-30,site_262,"Central University, Hyderabad - TSPCB",37.84623655913978,93,96,96.875
2025-03-31,site_262,"Central University, Hyderabad - TSPCB",32.0445652173913,92,96,95.83333333333334
2025-04-01,site_262,"Central University, Hyderabad - TSPCB",25.83548387096774,93,96,96.875
2025-04-02,site_262,"Central University, Hyderabad - TSPCB",23.102150537634408,93,96,96.875
2025-04-03,site_262,"Central University, Hyderabad - TSPCB",21.79642857142857,84,96,87.5
2025-04-04,site_262,"Central University, Hyderabad - TSPCB",14.059999999999999,80,96,83.33333333333334
2025-04-05,site_262,"Central University, Hyderabad - TSPCB",19.690322580645162,93,96,96.875
2025-04-06,site_262,"Central University, Hyderabad - TSPCB",,34,96,35.41666666666667
2025-04-07,site_262,"Central University, Hyderabad - TSPCB",,51,96,53.125
2025-04-08,site_262,"Central University, Hyderabad - TSPCB",24.432954545454546,88,96,91.66666666666666
2025-04-09,site_262,"Central University, Hyderabad - TSPCB",23.95394736842105,76,96,79.16666666666666
2025-04-10,site_262,"Central University, Hyderabad - TSPCB",24.892473118279568,93,96,96.875
2025-04-11,site_262,"Central University, Hyderabad - TSPCB",18.264044943820224,89,96,92.70833333333334
2025-04-12,site_262,"Central University, Hyderabad - TSPCB",,58,96,60.416666666666664
2025-04-13,site_262,"Central University, Hyderabad - TSPCB",29.03655913978495,93,96,96.875
2025-04-14,site_262,"Central University, Hyderabad - TSPCB",24.33010752688172,93,96,96.875
2025-04-15,site_262,"Central University, Hyderabad - TSPCB",20.911827956989246,93,96,96.875
2025-04-16,site_262,"Central University, Hyderabad - TSPCB",23.722077922077922,77,96,80.20833333333334
2025-04-17,site_262,"Central University, Hyderabad - TSPCB",24.58494623655914,93,96,96.875
2025-04-18,site_262,"Central University, Hyderabad - TSPCB",26.170967741935485,93,96,96.875
2025-04-19,site_262,"Central University, Hyderabad - TSPCB",,56,96,58.333333333333336
2025-04-20,site_262,"Central University, Hyderabad - TSPCB",,0,96,0.0
2025-04-21,site_262,"Central University, Hyderabad - TSPCB",,50,96,52.083333333333336
2025-04-22,site_262,"Central University, Hyderabad - TSPCB",23.534065934065932,91,96,94.79166666666666
2025-04-23,site_262,"Central University, Hyderabad - TSPCB",31.109756097560975,82,96,85.41666666666666
2025-04-24,site_262,"Central University, Hyderabad - TSPCB",21.886666666666667,75,96,78.125
2025-04-25,site_262,"Central University, Hyderabad - TSPCB",,68,96,70.83333333333334
2025-04-26,site_262,"Central University, Hyderabad - TSPCB",,42,96,43.75
2025-04-27,site_262,"Central University, Hyderabad - TSPCB",,70,96,72.91666666666666
2025-04-28,site_262,"Central University, Hyderabad - TSPCB",20.518072289156628,83,96,86.45833333333334
2025-04-29,site_262,"Central University, Hyderabad - TSPCB",20.083695652173912,92,96,95.83333333333334
2025-04-30,site_262,"Central University, Hyderabad - TSPCB",21.846739130434784,92,96,95.83333333333334
2025-05-01,site_262,"Central University, Hyderabad - TSPCB",23.614814814814814,81,96,84.375
2025-05-02,site_262,"Central University, Hyderabad - TSPCB",21.069879518072288,83,96,86.45833333333334
2025-05-03,site_262,"Central University, Hyderabad - TSPCB",20.338709677419356,93,96,96.875
2025-05-04,site_262,"Central University, Hyderabad - TSPCB",29.51505376344086,93,96,96.875
2025-05-05,site_262,"Central University, Hyderabad - TSPCB",19.3953488372093,86,96,89.58333333333334
2025-05-06,site_262,"Central University, Hyderabad - TSPCB",,49,96,51.041666666666664
2025-05-07,site_262,"Central University, Hyderabad - TSPCB",22.921333333333333,75,96,78.125
2025-05-08,site_262,"Central University, Hyderabad - TSPCB",,67,96,69.79166666666666
2025-05-09,site_262,"Central University, Hyderabad - TSPCB",48.68387096774194,93,96,96.875
2025-05-10,site_262,"Central University, Hyderabad - TSPCB",30.9247311827957,93,96,96.875
2025-05-11,site_262,"Central University, Hyderabad - TSPCB",52.403225806451616,93,96,96.875
2025-05-12,site_262,"Central University, Hyderabad - TSPCB",39.19462365591398,93,96,96.875
2025-05-13,site_262,"Central University, Hyderabad - TSPCB",,54,96,56.25
2025-05-14,site_262,"Central University, Hyderabad - TSPCB",36.872043010752684,93,96,96.875
2025-05-15,site_262,"Central University, Hyderabad - TSPCB",39.806451612903224,93,96,96.875
2025-05-16,site_262,"Central University, Hyderabad - TSPCB",42.53010752688172,93,96,96.875
2025-05-17,site_262,"Central University, Hyderabad - TSPCB",33.95675675675676,74,96,77.08333333333334
2025-05-18,site_262,"Central University, Hyderabad - TSPCB",36.7752688172043,93,96,96.875
2025-05-19,site_262,"Central University, Hyderabad - TSPCB",,59,96,61.458333333333336
2025-05-20,site_262,"Central University, Hyderabad - TSPCB",,49,96,51.041666666666664
2025-05-21,site_262,"Central University, Hyderabad - TSPCB",38.232911392405065,79,96,82.29166666666666
2025-05-22,site_262,"Central University, Hyderabad - TSPCB",22.53516483516483,91,96,94.79166666666666
2025-05-23,site_262,"Central University, Hyderabad - TSPCB",36.62758620689655,87,96,90.625
2025-05-24,site_262,"Central University, Hyderabad - TSPCB",25.953763440860214,93,96,96.875
2025-05-25,site_262,"Central University, Hyderabad - TSPCB",,28,96,29.166666666666668
2025-05-26,site_262,"Central University, Hyderabad - TSPCB",,48,96,50.0
2025-05-27,site_262,"Central University, Hyderabad - TSPCB",,63,96,65.625
2025-05-28,site_262,"Central University, Hyderabad - TSPCB",41.31975308641975,81,96,84.375
2025-05-29,site_262,"Central University, Hyderabad - TSPCB",,49,96,51.041666666666664
2025-05-30,site_262,"Central University, Hyderabad - TSPCB",,67,96,69.79166666666666
2025-05-31,site_262,"Central University, Hyderabad - TSPCB",30.857608695652175,92,96,95.83333333333334
2025-06-01,site_262,"Central University, Hyderabad - TSPCB",,62,96,64.58333333333334
2025-06-02,site_262,"Central University, Hyderabad - TSPCB",,37,96,38.54166666666667
2025-06-03,site_262,"Central University, Hyderabad - TSPCB",,40,96,41.66666666666667
2025-06-04,site_262,"Central University, Hyderabad - TSPCB",42.75333333333333,75,96,78.125
2025-06-05,site_262,"Central University, Hyderabad - TSPCB",35.03068181818182,88,96,91.66666666666666
2025-06-06,site_262,"Central University, Hyderabad - TSPCB",45.05698924731183,93,96,96.875
2025-06-07,site_262,"Central University, Hyderabad - TSPCB",44.72043010752688,93,96,96.875
2025-06-08,site_262,"Central University, Hyderabad - TSPCB",39.98064516129032,93,96,96.875
2025-06-09,site_262,"Central University, Hyderabad - TSPCB",33.88924731182796,93,96,96.875
2025-06-10,site_262,"Central University, Hyderabad - TSPCB",59.47380952380953,84,96,87.5
2025-06-11,site_262,"Central University, Hyderabad - TSPCB",37.07741935483871,93,96,96.875
2025-06-12,site_262,"Central University, Hyderabad - TSPCB",,58,96,60.416666666666664
2025-06-13,site_262,"Central University, Hyderabad - TSPCB",,48,96,50.0
2025-06-14,site_262,"Central University, Hyderabad - TSPCB",37.37311827956989,93,96,96.875
2025-06-15,site_262,"Central University, Hyderabad - TSPCB",,41,96,42.70833333333333
2025-06-16,site_262,"Central University, Hyderabad - TSPCB",,46,96,47.91666666666667
2025-06-17,site_262,"Central University, Hyderabad - TSPCB",,41,96,42.70833333333333
2025-06-18,site_262,"Central University, Hyderabad - TSPCB",,47,96,48.95833333333333
2025-06-19,site_262,"Central University, Hyderabad - TSPCB",34.07634408602151,93,96,96.875
2025-06-20,site_262,"Central University, Hyderabad - TSPCB",37.35591397849462,93,96,96.875
2025-06-21,site_262,"Central University, Hyderabad - TSPCB",38.09450549450549,91,96,94.79166666666666
2025-06-22,site_262,"Central University, Hyderabad - TSPCB",33.16774193548387,93,96,96.875
2025-06-23,site_262,"Central University, Hyderabad - TSPCB",41.10987654320988,81,96,84.375
2025-06-24,site_262,"Central University, Hyderabad - TSPCB",35.977777777777774,90,96,93.75
2025-06-25,site_262,"Central University, Hyderabad - TSPCB",24.98494623655914,93,96,96.875
2025-06-26,site_262,"Central University, Hyderabad - TSPCB",40.55161290322581,93,96,96.875
2025-06-27,site_262,"Central University, Hyderabad - TSPCB",,68,96,70.83333333333334
2025-06-28,site_262,"Central University, Hyderabad - TSPCB",,48,96,50.0
2025-06-29,site_262,"Central University, Hyderabad - TSPCB",,56,96,58.333333333333336
2025-06-30,site_262,"Central University, Hyderabad - TSPCB",,30,96,31.25
2025-07-01,site_262,"Central University, Hyderabad - TSPCB",,47,96,48.95833333333333
2025-07-02,site_262,"Central University, Hyderabad - TSPCB",36.51363636363636,88,96,91.66666666666666
2025-07-03,site_262,"Central University, Hyderabad - TSPCB",34.376344086021504,93,96,96.875
2025-07-04,site_262,"Central University, Hyderabad - TSPCB",35.41951219512195,82,96,85.41666666666666
2025-07-05,site_262,"Central University, Hyderabad - TSPCB",25.902173913043477,92,96,95.83333333333334
2025-07-06,site_262,"Central University, Hyderabad - TSPCB",,42,96,43.75
2025-07-07,site_262,"Central University, Hyderabad - TSPCB",,46,96,47.91666666666667
2025-07-08,site_262,"Central University, Hyderabad - TSPCB",36.63225806451613,93,96,96.875
2025-07-09,site_262,"Central University, Hyderabad - TSPCB",37.64301075268818,93,96,96.875
2025-07-10,site_262,"Central University, Hyderabad - TSPCB",29.10967741935484,93,96,96.875
2025-07-11,site_262,"Central University, Hyderabad - TSPCB",37.51397849462366,93,96,96.875
2025-07-12,site_262,"Central University, Hyderabad - TSPCB",37.726190476190474,84,96,87.5
2025-07-13,site_262,"Central University, Hyderabad - TSPCB",,35,96,36.45833333333333
2025-07-14,site_262,"Central University, Hyderabad - TSPCB",,42,96,43.75
2025-07-15,site_262,"Central University, Hyderabad - TSPCB",,56,96,58.333333333333336
2025-07-16,site_262,"Central University, Hyderabad - TSPCB",,45,96,46.875
2025-07-17,site_262,"Central University, Hyderabad - TSPCB",38.920930232558135,86,96,89.58333333333334
2025-07-18,site_262,"Central University, Hyderabad - TSPCB",35.58152173913044,92,96,95.83333333333334
2025-07-19,site_262,"Central University, Hyderabad - TSPCB",35.741573033707866,89,96,92.70833333333334
2025-07-20,site_262,"Central University, Hyderabad - TSPCB",35.9547619047619,84,96,87.5
2025-07-21,site_262,"Central University, Hyderabad - TSPCB",29.36451612903226,93,96,96.875
2025-07-22,site_262,"Central University, Hyderabad - TSPCB",37.70645161290322,93,96,96.875
2025-07-23,site_262,"Central University, Hyderabad - TSPCB",25.03655913978495,93,96,96.875
2025-07-24,site_262,"Central University, Hyderabad - TSPCB",22.251648351648353,91,96,94.79166666666666
2025-07-25,site_262,"Central University, Hyderabad - TSPCB",30.77142857142857,91,96,94.79166666666666
2025-07-26,site_262,"Central University, Hyderabad - TSPCB",37.03225806451613,93,96,96.875
2025-07-27,site_262,"Central University, Hyderabad - TSPCB",42.48279569892473,93,96,96.875
2025-07-28,site_262,"Central University, Hyderabad - TSPCB",34.91182795698925,93,96,96.875
2025-07-29,site_262,"Central University, Hyderabad - TSPCB",34.36521739130435,92,96,95.83333333333334
2025-07-30,site_262,"Central University, Hyderabad - TSPCB",27.278494623655916,93,96,96.875
2025-07-31,site_262,"Central University, Hyderabad - TSPCB",40.1967032967033,91,96,94.79166666666666
2025-08-01,site_262,"Central University, Hyderabad - TSPCB",32.751612903225805,93,96,96.875
2025-08-02,site_262,"Central University, Hyderabad - TSPCB",20.946236559139784,93,96,96.875
2025-08-03,site_262,"Central University, Hyderabad - TSPCB",34.6,93,96,96.875
2025-08-04,site_262,"Central University, Hyderabad - TSPCB",37.59247311827957,93,96,96.875
2025-08-05,site_262,"Central University, Hyderabad - TSPCB",42.72688172043011,93,96,96.875
2025-08-06,site_262,"Central University, Hyderabad - TSPCB",29.368888888888886,90,96,93.75
2025-08-07,site_262,"Central University, Hyderabad - TSPCB",39.53260869565217,92,96,95.83333333333334
2025-08-08,site_262,"Central University, Hyderabad - TSPCB",42.967032967032964,91,96,94.79166666666666
2025-08-09,site_262,"Central University, Hyderabad - TSPCB",33.61290322580645,93,96,96.875
2025-08-10,site_262,"Central University, Hyderabad - TSPCB",34.16195652173913,92,96,95.83333333333334
2025-08-11,site_262,"Central University, Hyderabad - TSPCB",35.69462365591398,93,96,96.875
2025-08-12,site_262,"Central University, Hyderabad - TSPCB",36.336363636363636,88,96,91.66666666666666
2025-08-13,site_262,"Central University, Hyderabad - TSPCB",,50,96,52.083333333333336
2025-08-14,site_262,"Central University, Hyderabad - TSPCB",35.50322580645162,93,96,96.875
2025-08-15,site_262,"Central University, Hyderabad - TSPCB",35.55421686746988,83,96,86.45833333333334
2025-08-16,site_262,"Central University, Hyderabad - TSPCB",32.57956989247312,93,96,96.875
2025-08-17,site_262,"Central University, Hyderabad - TSPCB",36.71397849462366,93,96,96.875
2025-08-18,site_262,"Central University, Hyderabad - TSPCB",42.56344086021505,93,96,96.875
2025-08-19,site_262,"Central University, Hyderabad - TSPCB",24.846153846153847,91,96,94.79166666666666
2025-08-20,site_262,"Central University, Hyderabad - TSPCB",33.05913978494624,93,96,96.875
2025-08-21,site_262,"Central University, Hyderabad - TSPCB",39.28369565217391,92,96,95.83333333333334
2025-08-22,site_262,"Central University, Hyderabad - TSPCB",37.03333333333333,93,96,96.875
2025-08-23,site_262,"Central University, Hyderabad - TSPCB",23.39677419354839,93,96,96.875
2025-08-24,site_262,"Central University, Hyderabad - TSPCB",33.671910112359555,89,96,92.70833333333334
2025-08-25,site_262,"Central University, Hyderabad - TSPCB",,49,96,51.041666666666664
2025-08-26,site_262,"Central University, Hyderabad - TSPCB",,63,96,65.625
2025-08-27,site_262,"Central University, Hyderabad - TSPCB",39.2763440860215,93,96,96.875
2025-08-28,site_262,"Central University, Hyderabad - TSPCB",34.315053763440865,93,96,96.875
2025-08-29,site_262,"Central University, Hyderabad - TSPCB",35.35913978494624,93,96,96.875
2025-08-30,site_262,"Central University, Hyderabad - TSPCB",30.855555555555554,90,96,93.75
2025-08-31,site_262,"Central University, Hyderabad - TSPCB",34.167032967032966,91,96,94.79166666666666
2025-01-01,site_5596,"ECIL Kapra, Hyderabad - TSPCB",17.948333333333334,96,96,100.0
2025-01-02,site_5596,"ECIL Kapra, Hyderabad - TSPCB",17.210106382978722,94,96,97.91666666666666
2025-01-03,site_5596,"ECIL Kapra, Hyderabad - TSPCB",20.351170212765958,94,96,97.91666666666666
2025-01-04,site_5596,"ECIL Kapra, Hyderabad - TSPCB",13.915168539325844,89,96,92.70833333333334
2025-01-05,site_5596,"ECIL Kapra, Hyderabad - TSPCB",18.091684210526317,95,96,98.95833333333334
2025-01-06,site_5596,"ECIL Kapra, Hyderabad - TSPCB",11.191075268817205,93,96,96.875
2025-01-07,site_5596,"ECIL Kapra, Hyderabad - TSPCB",14.731052631578947,95,96,98.95833333333334
2025-01-08,site_5596,"ECIL Kapra, Hyderabad - TSPCB",17.359139784946237,93,96,96.875
2025-01-09,site_5596,"ECIL Kapra, Hyderabad - TSPCB",11.261354166666665,96,96,100.0
2025-01-10,site_5596,"ECIL Kapra, Hyderabad - TSPCB",10.961770833333333,96,96,100.0
2025-01-11,site_5596,"ECIL Kapra, Hyderabad - TSPCB",7.654175824175824,91,96,94.79166666666666
2025-01-12,site_5596,"ECIL Kapra, Hyderabad - TSPCB",10.161263157894735,95,96,98.95833333333334
2025-01-13,site_5596,"ECIL Kapra, Hyderabad - TSPCB",12.882736842105261,95,96,98.95833333333334
2025-01-14,site_5596,"ECIL Kapra, Hyderabad - TSPCB",7.761170212765957,94,96,97.91666666666666
2025-01-15,site_5596,"ECIL Kapra, Hyderabad - TSPCB",9.036458333333334,96,96,100.0
2025-01-16,site_5596,"ECIL Kapra, Hyderabad - TSPCB",11.133958333333332,96,96,100.0
2025-01-17,site_5596,"ECIL Kapra, Hyderabad - TSPCB",15.15483870967742,93,96,96.875
2025-01-18,site_5596,"ECIL Kapra, Hyderabad - TSPCB",7.382948717948718,78,96,81.25
2025-01-19,site_5596,"ECIL Kapra, Hyderabad - TSPCB",13.59421052631579,95,96,98.95833333333334
2025-01-20,site_5596,"ECIL Kapra, Hyderabad - TSPCB",20.97357894736842,95,96,98.95833333333334
2025-01-21,site_5596,"ECIL Kapra, Hyderabad - TSPCB",19.364895833333332,96,96,100.0
2025-01-22,site_5596,"ECIL Kapra, Hyderabad - TSPCB",13.389263157894737,95,96,98.95833333333334
2025-01-23,site_5596,"ECIL Kapra, Hyderabad - TSPCB",10.546458333333334,96,96,100.0
2025-01-24,site_5596,"ECIL Kapra, Hyderabad - TSPCB",10.118631578947369,95,96,98.95833333333334
2025-01-25,site_5596,"ECIL Kapra, Hyderabad - TSPCB",14.298229166666667,96,96,100.0
2025-01-26,site_5596,"ECIL Kapra, Hyderabad - TSPCB",19.451041666666665,96,96,100.0
2025-01-27,site_5596,"ECIL Kapra, Hyderabad - TSPCB",22.555894736842106,95,96,98.95833333333334
2025-01-28,site_5596,"ECIL Kapra, Hyderabad - TSPCB",17.31936842105263,95,96,98.95833333333334
2025-01-29,site_5596,"ECIL Kapra, Hyderabad - TSPCB",11.850833333333334,96,96,100.0
2025-01-30,site_5596,"ECIL Kapra, Hyderabad - TSPCB",7.660842105263158,95,96,98.95833333333334
2025-01-31,site_5596,"ECIL Kapra, Hyderabad - TSPCB",18.934375,96,96,100.0
2025-02-01,site_5596,"ECIL Kapra, Hyderabad - TSPCB",14.054,95,96,98.95833333333334
2025-02-02,site_5596,"ECIL Kapra, Hyderabad - TSPCB",13.8721875,96,96,100.0
2025-02-03,site_5596,"ECIL Kapra, Hyderabad - TSPCB",8.32136842105263,95,96,98.95833333333334
2025-02-04,site_5596,"ECIL Kapra, Hyderabad - TSPCB",22.06127659574468,94,96,97.91666666666666
2025-02-05,site_5596,"ECIL Kapra, Hyderabad - TSPCB",19.716526315789473,95,96,98.95833333333334
2025-02-06,site_5596,"ECIL Kapra, Hyderabad - TSPCB",13.058555555555555,90,96,93.75
2025-02-07,site_5596,"ECIL Kapra, Hyderabad - TSPCB",15.8103125,96,96,100.0
2025-02-08,site_5596,"ECIL Kapra, Hyderabad - TSPCB",19.879270833333333,96,96,100.0
2025-02-09,site_5596,"ECIL Kapra, Hyderabad - TSPCB",15.206842105263158,95,96,98.95833333333334
2025-02-10,site_5596,"ECIL Kapra, Hyderabad - TSPCB",12.663958333333333,96,96,100.0
2025-02-11,site_5596,"ECIL Kapra, Hyderabad - TSPCB",13.315833333333332,96,96,100.0
2025-02-12,site_5596,"ECIL Kapra, Hyderabad - TSPCB",21.538315789473685,95,96,98.95833333333334
2025-02-13,site_5596,"ECIL Kapra, Hyderabad - TSPCB",28.455624999999998,96,96,100.0
2025-02-14,site_5596,"ECIL Kapra, Hyderabad - TSPCB",24.892210526315793,95,96,98.95833333333334
2025-02-15,site_5596,"ECIL Kapra, Hyderabad - TSPCB",30.33395833333333,96,96,100.0
2025-02-16,site_5596,"ECIL Kapra, Hyderabad - TSPCB",20.93357894736842,95,96,98.95833333333334
2025-02-17,site_5596,"ECIL Kapra, Hyderabad - TSPCB",18.609479166666667,96,96,100.0
2025-02-18,site_5596,"ECIL Kapra, Hyderabad - TSPCB",13.952340425531915,94,96,97.91666666666666
2025-02-19,site_5596,"ECIL Kapra, Hyderabad - TSPCB",17.995684210526314,95,96,98.95833333333334
2025-02-20,site_5596,"ECIL Kapra, Hyderabad - TSPCB",12.881263157894738,95,96,98.95833333333334
2025-02-21,site_5596,"ECIL Kapra, Hyderabad - TSPCB",11.672105263157894,95,96,98.95833333333334
2025-02-22,site_5596,"ECIL Kapra, Hyderabad - TSPCB",23.231041666666666,96,96,100.0
2025-02-23,site_5596,"ECIL Kapra, Hyderabad - TSPCB",11.188387096774193,93,96,96.875
2025-02-24,site_5596,"ECIL Kapra, Hyderabad - TSPCB",13.634583333333333,96,96,100.0
2025-02-25,site_5596,"ECIL Kapra, Hyderabad - TSPCB",10.800624999999998,96,96,100.0
2025-02-26,site_5596,"ECIL Kapra, Hyderabad - TSPCB",18.806382978723402,94,96,97.91666666666666
2025-02-27,site_5596,"ECIL Kapra, Hyderabad - TSPCB",15.082916666666668,96,96,100.0
2025-02-28,site_5596,"ECIL Kapra, Hyderabad - TSPCB",15.023333333333333,96,96,100.0
2025-03-01,site_5596,"ECIL Kapra, Hyderabad - TSPCB",15.004791666666668,96,96,100.0
2025-03-02,site_5596,"ECIL Kapra, Hyderabad - TSPCB",17.871979166666666,96,96,100.0
2025-03-03,site_5596,"ECIL Kapra, Hyderabad - TSPCB",31.842083333333335,96,96,100.0
2025-03-04,site_5596,"ECIL Kapra, Hyderabad - TSPCB",33.96375,96,96,100.0
2025-03-05,site_5596,"ECIL Kapra, Hyderabad - TSPCB",29.585624999999997,96,96,100.0
2025-03-06,site_5596,"ECIL Kapra, Hyderabad - TSPCB",28.133750000000003,96,96,100.0
2025-03-07,site_5596,"ECIL Kapra, Hyderabad - TSPCB",32.636874999999996,96,96,100.0
2025-03-08,site_5596,"ECIL Kapra, Hyderabad - TSPCB",29.46821052631579,95,96,98.95833333333334
2025-03-09,site_5596,"ECIL Kapra, Hyderabad - TSPCB",15.453229166666667,96,96,100.0
2025-03-10,site_5596,"ECIL Kapra, Hyderabad - TSPCB",12.276947368421052,95,96,98.95833333333334
2025-03-11,site_5596,"ECIL Kapra, Hyderabad - TSPCB",13.506562500000001,96,96,100.0
2025-03-12,site_5596,"ECIL Kapra, Hyderabad - TSPCB",23.40225806451613,93,96,96.875
2025-03-13,site_5596,"ECIL Kapra, Hyderabad - TSPCB",22.466947368421053,95,96,98.95833333333334
2025-03-14,site_5596,"ECIL Kapra, Hyderabad - TSPCB",22.995729166666667,96,96,100.0
2025-03-15,site_5596,"ECIL Kapra, Hyderabad - TSPCB",11.646842105263158,95,96,98.95833333333334
2025-03-16,site_5596,"ECIL Kapra, Hyderabad - TSPCB",18.8240625,96,96,100.0
2025-03-17,site_5596,"ECIL Kapra, Hyderabad - TSPCB",23.462083333333336,96,96,100.0
2025-03-18,site_5596,"ECIL Kapra, Hyderabad - TSPCB",13.358105263157894,95,96,98.95833333333334
2025-03-19,site_5596,"ECIL Kapra, Hyderabad - TSPCB",14.871914893617022,94,96,97.91666666666666
2025-03-20,site_5596,"ECIL Kapra, Hyderabad - TSPCB",12.073333333333332,96,96,100.0
2025-03-21,site_5596,"ECIL Kapra, Hyderabad - TSPCB",13.899375,96,96,100.0
2025-03-22,site_5596,"ECIL Kapra, Hyderabad - TSPCB",6.632159090909091,88,96,91.66666666666666
2025-03-23,site_5596,"ECIL Kapra, Hyderabad - TSPCB",13.007604166666667,96,96,100.0
2025-03-24,site_5596,"ECIL Kapra, Hyderabad - TSPCB",14.888461538461538,91,96,94.79166666666666
2025-03-25,site_5596,"ECIL Kapra, Hyderabad - TSPCB",17.730208333333334,96,96,100.0
2025-03-26,site_5596,"ECIL Kapra, Hyderabad - TSPCB",25.50842105263158,95,96,98.95833333333334
2025-03-27,site_5596,"ECIL Kapra, Hyderabad - TSPCB",30.273854166666666,96,96,100.0
2025-03-28,site_5596,"ECIL Kapra, Hyderabad - TSPCB",27.269368421052633,95,96,98.95833333333334
2025-03-29,site_5596,"ECIL Kapra, Hyderabad - TSPCB",22.601263157894735,95,96,98.95833333333334
2025-03-30,site_5596,"ECIL Kapra, Hyderabad - TSPCB",14.401684210526316,95,96,98.95833333333334
2025-03-31,site_5596,"ECIL Kapra, Hyderabad - TSPCB",12.560416666666667,96,96,100.0
2025-04-01,site_5596,"ECIL Kapra, Hyderabad - TSPCB",9.667395833333334,96,96,100.0
2025-04-02,site_5596,"ECIL Kapra, Hyderabad - TSPCB",7.886354166666667,96,96,100.0
2025-04-03,site_5596,"ECIL Kapra, Hyderabad - TSPCB",13.194270833333334,96,96,100.0
2025-04-04,site_5596,"ECIL Kapra, Hyderabad - TSPCB",8.678709677419356,93,96,96.875
2025-04-05,site_5596,"ECIL Kapra, Hyderabad - TSPCB",16.779166666666665,96,96,100.0
2025-04-06,site_5596,"ECIL Kapra, Hyderabad - TSPCB",19.729479166666668,96,96,100.0
2025-04-07,site_5596,"ECIL Kapra, Hyderabad - TSPCB",16.419677419354837,93,96,96.875
2025-04-08,site_5596,"ECIL Kapra, Hyderabad - TSPCB",8.565376344086022,93,96,96.875
2025-04-09,site_5596,"ECIL Kapra, Hyderabad - TSPCB",13.8665625,96,96,100.0
2025-04-10,site_5596,"ECIL Kapra, Hyderabad - TSPCB",19.725104166666668,96,96,100.0
2025-04-11,site_5596,"ECIL Kapra, Hyderabad - TSPCB",23.243020833333333,96,96,100.0
2025-04-12,site_5596,"ECIL Kapra, Hyderabad - TSPCB",27.743020833333333,96,96,100.0
2025-04-13,site_5596,"ECIL Kapra, Hyderabad - TSPCB",22.84957894736842,95,96,98.95833333333334
2025-04-14,site_5596,"ECIL Kapra, Hyderabad - TSPCB",17.7234375,96,96,100.0
2025-04-15,site_5596,"ECIL Kapra, Hyderabad - TSPCB",19.380736842105264,95,96,98.95833333333334
2025-04-16,site_5596,"ECIL Kapra, Hyderabad - TSPCB",6.636818181818182,88,96,91.66666666666666
2025-04-17,site_5596,"ECIL Kapra, Hyderabad - TSPCB",14.848958333333334,96,96,100.0
2025-04-18,site_5596,"ECIL Kapra, Hyderabad - TSPCB",13.488854166666668,96,96,100.0
2025-04-19,site_5596,"ECIL Kapra, Hyderabad - TSPCB",24.13915789473684,95,96,98.95833333333334
2025-04-20,site_5596,"ECIL Kapra, Hyderabad - TSPCB",18.230526315789476,95,96,98.95833333333334
2025-04-21,site_5596,"ECIL Kapra, Hyderabad - TSPCB",17.937473684210527,95,96,98.95833333333334
2025-04-22,site_5596,"ECIL Kapra, Hyderabad - TSPCB",19.478817204301073,93,96,96.875
2025-04-23,site_5596,"ECIL Kapra, Hyderabad - TSPCB",15.971684210526314,95,96,98.95833333333334
2025-04-24,site_5596,"ECIL Kapra, Hyderabad - TSPCB",21.315,96,96,100.0
2025-04-25,site_5596,"ECIL Kapra, Hyderabad - TSPCB",15.490210526315789,95,96,98.95833333333334
2025-04-26,site_5596,"ECIL Kapra, Hyderabad - TSPCB",17.295212765957448,94,96,97.91666666666666
2025-04-27,site_5596,"ECIL Kapra, Hyderabad - TSPCB",6.657368421052632,95,96,98.95833333333334
2025-04-28,site_5596,"ECIL Kapra, Hyderabad - TSPCB",14.426875,96,96,100.0
2025-04-29,site_5596,"ECIL Kapra, Hyderabad - TSPCB",12.416344086021505,93,96,96.875
2025-04-30,site_5596,"ECIL Kapra, Hyderabad - TSPCB",16.717604166666668,96,96,100.0
2025-05-01,site_5596,"ECIL Kapra, Hyderabad - TSPCB",9.69957894736842,95,96,98.95833333333334
2025-05-02,site_5596,"ECIL Kapra, Hyderabad - TSPCB",11.347708333333335,96,96,100.0
2025-05-03,site_5596,"ECIL Kapra, Hyderabad - TSPCB",17.91978260869565,92,96,95.83333333333334
2025-05-04,site_5596,"ECIL Kapra, Hyderabad - TSPCB",13.452842105263157,95,96,98.95833333333334
2025-05-05,site_5596,"ECIL Kapra, Hyderabad - TSPCB",17.68,86,96,89.58333333333334
2025-05-06,site_5596,"ECIL Kapra, Hyderabad - TSPCB",,43,96,44.79166666666667
2025-05-07,site_5596,"ECIL Kapra, Hyderabad - TSPCB",14.051521739130434,92,96,95.83333333333334
2025-05-08,site_5596,"ECIL Kapra, Hyderabad - TSPCB",15.136458333333332,96,96,100.0
2025-05-09,site_5596,"ECIL Kapra, Hyderabad - TSPCB",15.166979166666666,96,96,100.0
2025-05-10,site_5596,"ECIL Kapra, Hyderabad - TSPCB",15.708854166666667,96,96,100.0
2025-05-11,site_5596,"ECIL Kapra, Hyderabad - TSPCB",17.5809375,96,96,100.0
2025-05-12,site_5596,"ECIL Kapra, Hyderabad - TSPCB",19.009687500000002,96,96,100.0
2025-05-13,site_5596,"ECIL Kapra, Hyderabad - TSPCB",19.0315625,96,96,100.0
2025-05-14,site_5596,"ECIL Kapra, Hyderabad - TSPCB",16.822083333333335,96,96,100.0
2025-05-15,site_5596,"ECIL Kapra, Hyderabad - TSPCB",18.297083333333333,96,96,100.0
2025-05-16,site_5596,"ECIL Kapra, Hyderabad - TSPCB",22.52095744680851,94,96,97.91666666666666
2025-05-17,site_5596,"ECIL Kapra, Hyderabad - TSPCB",11.391770833333332,96,96,100.0
2025-05-18,site_5596,"ECIL Kapra, Hyderabad - TSPCB",17.652421052631578,95,96,98.95833333333334
2025-05-19,site_5596,"ECIL Kapra, Hyderabad - TSPCB",7.5563736263736265,91,96,94.79166666666666
2025-05-20,site_5596,"ECIL Kapra, Hyderabad - TSPCB",8.428617021276596,94,96,97.91666666666666
2025-05-21,site_5596,"ECIL Kapra, Hyderabad - TSPCB",10.781770833333333,96,96,100.0
2025-05-22,site_5596,"ECIL Kapra, Hyderabad - TSPCB",16.197021276595745,94,96,97.91666666666666
2025-05-23,site_5596,"ECIL Kapra, Hyderabad - TSPCB",14.420631578947368,95,96,98.95833333333334
2025-05-24,site_5596,"ECIL Kapra, Hyderabad - TSPCB",13.213999999999999,95,96,98.95833333333334
2025-05-25,site_5596,"ECIL Kapra, Hyderabad - TSPCB",11.803541666666668,96,96,100.0
2025-05-26,site_5596,"ECIL Kapra, Hyderabad - TSPCB",11.8371875,96,96,100.0
2025-05-27,site_5596,"ECIL Kapra, Hyderabad - TSPCB",14.968645833333333,96,96,100.0
2025-05-28,site_5596,"ECIL Kapra, Hyderabad - TSPCB",9.94304347826087,92,96,95.83333333333334
2025-05-29,site_5596,"ECIL Kapra, Hyderabad - TSPCB",19.8128125,96,96,100.0
2025-05-30,site_5596,"ECIL Kapra, Hyderabad - TSPCB",17.198842105263157,95,96,98.95833333333334
2025-05-31,site_5596,"ECIL Kapra, Hyderabad - TSPCB",16.7821875,96,96,100.0
2025-06-01,site_5596,"ECIL Kapra, Hyderabad - TSPCB",14.884479166666667,96,96,100.0
2025-06-02,site_5596,"ECIL Kapra, Hyderabad - TSPCB",18.544270833333332,96,96,100.0
2025-06-03,site_5596,"ECIL Kapra, Hyderabad - TSPCB",16.465157894736844,95,96,98.95833333333334
2025-06-04,site_5596,"ECIL Kapra, Hyderabad - TSPCB",6.599032258064517,93,96,96.875
2025-06-05,site_5596,"ECIL Kapra, Hyderabad - TSPCB",17.948526315789472,95,96,98.95833333333334
2025-06-06,site_5596,"ECIL Kapra, Hyderabad - TSPCB",21.255208333333332,96,96,100.0
2025-06-07,site_5596,"ECIL Kapra, Hyderabad - TSPCB",22.860105263157894,95,96,98.95833333333334
2025-06-08,site_5596,"ECIL Kapra, Hyderabad - TSPCB",17.629157894736842,95,96,98.95833333333334
2025-06-09,site_5596,"ECIL Kapra, Hyderabad - TSPCB",18.485851063829788,94,96,97.91666666666666
2025-06-10,site_5596,"ECIL Kapra, Hyderabad - TSPCB",,17,96,17.708333333333336
2025-06-11,site_5596,"ECIL Kapra, Hyderabad - TSPCB",,30,96,31.25
2025-06-12,site_5596,"ECIL Kapra, Hyderabad - TSPCB",16.365957446808512,94,96,97.91666666666666
2025-06-13,site_5596,"ECIL Kapra, Hyderabad - TSPCB",8.915052631578947,95,96,98.95833333333334
2025-06-14,site_5596,"ECIL Kapra, Hyderabad - TSPCB",14.787263157894737,95,96,98.95833333333334
2025-06-15,site_5596,"ECIL Kapra, Hyderabad - TSPCB",15.6853125,96,96,100.0
2025-06-16,site_5596,"ECIL Kapra, Hyderabad - TSPCB",12.884814814814815,81,96,84.375
2025-06-17,site_5596,"ECIL Kapra, Hyderabad - TSPCB",,70,96,72.91666666666666
2025-06-18,site_5596,"ECIL Kapra, Hyderabad - TSPCB",14.534895833333332,96,96,100.0
2025-06-19,site_5596,"ECIL Kapra, Hyderabad - TSPCB",9.444666666666667,90,96,93.75
2025-06-20,site_5596,"ECIL Kapra, Hyderabad - TSPCB",16.5703125,96,96,100.0
2025-06-21,site_5596,"ECIL Kapra, Hyderabad - TSPCB",16.183473684210526,95,96,98.95833333333334
2025-06-22,site_5596,"ECIL Kapra, Hyderabad - TSPCB",15.198947368421054,95,96,98.95833333333334
2025-06-23,site_5596,"ECIL Kapra, Hyderabad - TSPCB",16.474791666666665,96,96,100.0
2025-06-24,site_5596,"ECIL Kapra, Hyderabad - TSPCB",15.759894736842107,95,96,98.95833333333334
2025-06-25,site_5596,"ECIL Kapra, Hyderabad - TSPCB",15.166236559139785,93,96,96.875
2025-06-26,site_5596,"ECIL Kapra, Hyderabad - TSPCB",10.287088607594937,79,96,82.29166666666666
2025-06-27,site_5596,"ECIL Kapra, Hyderabad - TSPCB",16.961979166666666,96,96,100.0
2025-06-28,site_5596,"ECIL Kapra, Hyderabad - TSPCB",14.660235294117648,85,96,88.54166666666666
2025-06-29,site_5596,"ECIL Kapra, Hyderabad - TSPCB",13.958229166666667,96,96,100.0
2025-06-30,site_5596,"ECIL Kapra, Hyderabad - TSPCB",14.743085106382978,94,96,97.91666666666666
2025-07-01,site_5596,"ECIL Kapra, Hyderabad - TSPCB",8.474347826086957,92,96,95.83333333333334
2025-07-02,site_5596,"ECIL Kapra, Hyderabad - TSPCB",16.10875,96,96,100.0
2025-07-03,site_5596,"ECIL Kapra, Hyderabad - TSPCB",15.700736842105263,95,96,98.95833333333334
2025-07-04,site_5596,"ECIL Kapra, Hyderabad - TSPCB",14.000645161290322,93,96,96.875
2025-07-05,site_5596,"ECIL Kapra, Hyderabad - TSPCB",15.176842105263157,95,96,98.95833333333334
2025-07-06,site_5596,"ECIL Kapra, Hyderabad - TSPCB",14.023125,96,96,100.0
2025-07-07,site_5596,"ECIL Kapra, Hyderabad - TSPCB",6.998152173913044,92,96,95.83333333333334
2025-07-08,site_5596,"ECIL Kapra, Hyderabad - TSPCB",13.4984375,96,96,100.0
2025-07-09,site_5596,"ECIL Kapra, Hyderabad - TSPCB",15.480729166666668,96,96,100.0
2025-07-10,site_5596,"ECIL Kapra, Hyderabad - TSPCB",14.238936170212765,94,96,97.91666666666666
2025-07-11,site_5596,"ECIL Kapra, Hyderabad - TSPCB",17.717187499999998,96,96,100.0
2025-07-12,site_5596,"ECIL Kapra, Hyderabad - TSPCB",16.620631578947368,95,96,98.95833333333334
2025-07-13,site_5596,"ECIL Kapra, Hyderabad - TSPCB",15.471157894736843,95,96,98.95833333333334
2025-07-14,site_5596,"ECIL Kapra, Hyderabad - TSPCB",16.260421052631578,95,96,98.95833333333334
2025-07-15,site_5596,"ECIL Kapra, Hyderabad - TSPCB",16.96442105263158,95,96,98.95833333333334
2025-07-16,site_5596,"ECIL Kapra, Hyderabad - TSPCB",17.161875,96,96,100.0
2025-07-17,site_5596,"ECIL Kapra, Hyderabad - TSPCB",16.508020833333333,96,96,100.0
2025-07-18,site_5596,"ECIL Kapra, Hyderabad - TSPCB",17.430625,96,96,100.0
2025-07-19,site_5596,"ECIL Kapra, Hyderabad - TSPCB",18.44536842105263,95,96,98.95833333333334
2025-07-20,site_5596,"ECIL Kapra, Hyderabad - TSPCB",16.000416666666666,96,96,100.0
2025-07-21,site_5596,"ECIL Kapra, Hyderabad - TSPCB",18.129894736842104,95,96,98.95833333333334
2025-07-22,site_5596,"ECIL Kapra, Hyderabad - TSPCB",14.99884210526316,95,96,98.95833333333334
2025-07-23,site_5596,"ECIL Kapra, Hyderabad - TSPCB",13.67421052631579,95,96,98.95833333333334
2025-07-24,site_5596,"ECIL Kapra, Hyderabad - TSPCB",14.09,94,96,97.91666666666666
2025-07-25,site_5596,"ECIL Kapra, Hyderabad - TSPCB",16.084374999999998,96,96,100.0
2025-07-26,site_5596,"ECIL Kapra, Hyderabad - TSPCB",15.037916666666668,96,96,100.0
2025-07-27,site_5596,"ECIL Kapra, Hyderabad - TSPCB",12.756770833333334,96,96,100.0
2025-07-28,site_5596,"ECIL Kapra, Hyderabad - TSPCB",13.015684210526317,95,96,98.95833333333334
2025-07-29,site_5596,"ECIL Kapra, Hyderabad - TSPCB",15.0009375,96,96,100.0
2025-07-30,site_5596,"ECIL Kapra, Hyderabad - TSPCB",15.53056179775281,89,96,92.70833333333334
2025-07-31,site_5596,"ECIL Kapra, Hyderabad - TSPCB",12.1846875,96,96,100.0
2025-08-01,site_5596,"ECIL Kapra, Hyderabad - TSPCB",17.146562499999998,96,96,100.0
2025-08-02,site_5596,"ECIL Kapra, Hyderabad - TSPCB",17.664736842105263,95,96,98.95833333333334
2025-08-03,site_5596,"ECIL Kapra, Hyderabad - TSPCB",17.657083333333333,96,96,100.0
2025-08-04,site_5596,"ECIL Kapra, Hyderabad - TSPCB",13.379684210526316,95,96,98.95833333333334
2025-08-05,site_5596,"ECIL Kapra, Hyderabad - TSPCB",14.031666666666666,96,96,100.0
2025-08-06,site_5596,"ECIL Kapra, Hyderabad - TSPCB",11.549270833333333,96,96,100.0
2025-08-07,site_5596,"ECIL Kapra, Hyderabad - TSPCB",14.218125,96,96,100.0
2025-08-08,site_5596,"ECIL Kapra, Hyderabad - TSPCB",17.671041666666667,96,96,100.0
2025-08-09,site_5596,"ECIL Kapra, Hyderabad - TSPCB",16.301684210526318,95,96,98.95833333333334
2025-08-10,site_5596,"ECIL Kapra, Hyderabad - TSPCB",15.509791666666667,96,96,100.0
2025-08-11,site_5596,"ECIL Kapra, Hyderabad - TSPCB",14.630208333333334,96,96,100.0
2025-08-12,site_5596,"ECIL Kapra, Hyderabad - TSPCB",14.015368421052631,95,96,98.95833333333334
2025-08-13,site_5596,"ECIL Kapra, Hyderabad - TSPCB",15.7196875,96,96,100.0
2025-08-14,site_5596,"ECIL Kapra, Hyderabad - TSPCB",,39,96,40.625
2025-08-15,site_5596,"ECIL Kapra, Hyderabad - TSPCB",,51,96,53.125
2025-08-16,site_5596,"ECIL Kapra, Hyderabad - TSPCB",9.777340425531916,94,96,97.91666666666666
2025-08-17,site_5596,"ECIL Kapra, Hyderabad - TSPCB",13.741041666666668,96,96,100.0
2025-08-18,site_5596,"ECIL Kapra, Hyderabad - TSPCB",12.443541666666667,96,96,100.0
2025-08-19,site_5596,"ECIL Kapra, Hyderabad - TSPCB",12.86888888888889,90,96,93.75
2025-08-20,site_5596,"ECIL Kapra, Hyderabad - TSPCB",15.073437499999999,96,96,100.0
2025-08-21,site_5596,"ECIL Kapra, Hyderabad - TSPCB",9.738478260869567,92,96,95.83333333333334
2025-08-22,site_5596,"ECIL Kapra, Hyderabad - TSPCB",15.552736842105263,95,96,98.95833333333334
2025-08-23,site_5596,"ECIL Kapra, Hyderabad - TSPCB",11.541702127659574,94,96,97.91666666666666
2025-08-24,site_5596,"ECIL Kapra, Hyderabad - TSPCB",14.683894736842106,95,96,98.95833333333334
2025-08-25,site_5596,"ECIL Kapra, Hyderabad - TSPCB",16.368958333333335,96,96,100.0
2025-08-26,site_5596,"ECIL Kapra, Hyderabad - TSPCB",14.223684210526315,95,96,98.95833333333334
2025-08-27,site_5596,"ECIL Kapra, Hyderabad - TSPCB",11.450833333333334,96,96,100.0
2025-08-28,site_5596,"ECIL Kapra, Hyderabad - TSPCB",14.793541666666668,96,96,100.0
2025-08-29,site_5596,"ECIL Kapra, Hyderabad - TSPCB",15.713020833333333,96,96,100.0
2025-08-30,site_5596,"ECIL Kapra, Hyderabad - TSPCB",15.788229166666667,96,96,100.0
2025-08-31,site_5596,"ECIL Kapra, Hyderabad - TSPCB",14.2965625,96,96,100.0
2025-01-01,site_251,"ICRISAT Patancheru, Hyderabad - TSPCB",16.293333333333333,90,96,93.75
2025-01-02,site_251,"ICRISAT Patancheru, Hyderabad - TSPCB",16.468131868131866,91,96,94.79166666666666
2025-01-03,site_251,"ICRISAT Patancheru, Hyderabad - TSPCB",17.952272727272728,88,96,91.66666666666666
2025-01-04,site_251,"ICRISAT Patancheru, Hyderabad - TSPCB",18.875342465753427,73,96,76.04166666666666
2025-01-05,site_251,"ICRISAT Patancheru, Hyderabad - TSPCB",12.891011235955055,89,96,92.70833333333334
2025-01-06,site_251,"ICRISAT Patancheru, Hyderabad - TSPCB",12.571739130434782,92,96,95.83333333333334
2025-01-07,site_251,"ICRISAT Patancheru, Hyderabad - TSPCB",11.251111111111111,90,96,93.75
2025-01-08,site_251,"ICRISAT Patancheru, Hyderabad - TSPCB",13.45909090909091,88,96,91.66666666666666
2025-01-09,site_251,"ICRISAT Patancheru, Hyderabad - TSPCB",,70,96,72.91666666666666
2025-01-10,site_251,"ICRISAT Patancheru, Hyderabad - TSPCB",12.734482758620691,87,96,90.625
2025-01-11,site_251,"ICRISAT Patancheru, Hyderabad - TSPCB",11.105681818181818,88,96,91.66666666666666
2025-01-12,site_251,"ICRISAT Patancheru, Hyderabad - TSPCB",11.747191011235955,89,96,92.70833333333334
2025-01-13,site_251,"ICRISAT Patancheru, Hyderabad - TSPCB",13.40111111111111,90,96,93.75
2025-01-14,site_251,"ICRISAT Patancheru, Hyderabad - TSPCB",14.089285714285714,84,96,87.5
2025-01-15,site_251,"ICRISAT Patancheru, Hyderabad - TSPCB",10.565555555555555,90,96,93.75
2025-01-16,site_251,"ICRISAT Patancheru, Hyderabad - TSPCB",12.13695652173913,92,96,95.83333333333334
2025-01-17,site_251,"ICRISAT Patancheru, Hyderabad - TSPCB",12.153846153846153,91,96,94.79166666666666
2025-01-18,site_251,"ICRISAT Patancheru, Hyderabad - TSPCB",14.852222222222222,90,96,93.75
2025-01-19,site_251,"ICRISAT Patancheru, Hyderabad - TSPCB",16.976404494382024,89,96,92.70833333333334
2025-01-20,site_251,"ICRISAT Patancheru, Hyderabad - TSPCB",15.276404494382021,89,96,92.70833333333334
2025-01-21,site_251,"ICRISAT Patancheru, Hyderabad - TSPCB",17.165168539325844,89,96,92.70833333333334
2025-01-22,site_251,"ICRISAT Patancheru, Hyderabad - TSPCB",13.572619047619046,84,96,87.5
2025-01-23,site_251,"ICRISAT Patancheru, Hyderabad - TSPCB",13.420454545454545,88,96,91.66666666666666
2025-01-24,site_251,"ICRISAT Patancheru, Hyderabad - TSPCB",12.494444444444444,90,96,93.75
2025-01-25,site_251,"ICRISAT Patancheru, Hyderabad - TSPCB",9.756818181818183,88,96,91.66666666666666
2025-01-26,site_251,"ICRISAT Patancheru, Hyderabad - TSPCB",12.454444444444446,90,96,93.75
2025-01-27,site_251,"ICRISAT Patancheru, Hyderabad - TSPCB",11.268292682926829,82,96,85.41666666666666
2025-01-28,site_251,"ICRISAT Patancheru, Hyderabad - TSPCB",11.087356321839081,87,96,90.625
2025-01-29,site_251,"ICRISAT Patancheru, Hyderabad - TSPCB",10.572619047619048,84,96,87.5
2025-01-30,site_251,"ICRISAT Patancheru, Hyderabad - TSPCB",11.639999999999999,90,96,93.75
2025-01-31,site_251,"ICRISAT Patancheru, Hyderabad - TSPCB",12.106818181818182,88,96,91.66666666666666
2025-02-01,site_251,"ICRISAT Patancheru, Hyderabad - TSPCB",11.543820224719102,89,96,92.70833333333334
2025-02-02,site_251,"ICRISAT Patancheru, Hyderabad - TSPCB",10.92808988764045,89,96,92.70833333333334
2025-02-03,site_251,"ICRISAT Patancheru, Hyderabad - TSPCB",9.019318181818182,88,96,91.66666666666666
2025-02-04,site_251,"ICRISAT Patancheru, Hyderabad - TSPCB",12.1438202247191,89,96,92.70833333333334
2025-02-05,site_251,"ICRISAT Patancheru, Hyderabad - TSPCB",11.590697674418605,86,96,89.58333333333334
2025-02-06,site_251,"ICRISAT Patancheru, Hyderabad - TSPCB",9.082954545454545,88,96,91.66666666666666
2025-02-07,site_251,"ICRISAT Patancheru, Hyderabad - TSPCB",12.835555555555556,90,96,93.75
2025-02-08,site_251,"ICRISAT Patancheru, Hyderabad - TSPCB",,57,96,59.375
2025-02-09,site_251,"ICRISAT Patancheru, Hyderabad - TSPCB",13.506741573033707,89,96,92.70833333333334
2025-02-10,site_251,"ICRISAT Patancheru, Hyderabad - TSPCB",10.334444444444445,90,96,93.75
2025-02-11,site_251,"ICRISAT Patancheru, Hyderabad - TSPCB",11.374157303370787,89,96,92.70833333333334
2025-02-12,site_251,"ICRISAT Patancheru, Hyderabad - TSPCB",13.81046511627907,86,96,89.58333333333334
2025-02-13,site_251,"ICRISAT Patancheru, Hyderabad - TSPCB",15.978888888888887,90,96,93.75
2025-02-14,site_251,"ICRISAT Patancheru, Hyderabad - TSPCB",16.459340659340658,91,96,94.79166666666666
2025-02-15,site_251,"ICRISAT Patancheru, Hyderabad - TSPCB",15.074444444444445,90,96,93.75
2025-02-16,site_251,"ICRISAT Patancheru, Hyderabad - TSPCB",14.810344827586206,87,96,90.625
2025-02-17,site_251,"ICRISAT Patancheru, Hyderabad - TSPCB",12.814444444444444,90,96,93.75
2025-02-18,site_251,"ICRISAT Patancheru, Hyderabad - TSPCB",10.540909090909091,88,96,91.66666666666666
2025-02-19,site_251,"ICRISAT Patancheru, Hyderabad - TSPCB",10.916483516483517,91,96,94.79166666666666
2025-02-20,site_251,"ICRISAT Patancheru, Hyderabad - TSPCB",12.114285714285716,91,96,94.79166666666666
2025-02-21,site_251,"ICRISAT Patancheru, Hyderabad - TSPCB",11.562068965517241,87,96,90.625
2025-02-22,site_251,"ICRISAT Patancheru, Hyderabad - TSPCB",16.587777777777777,90,96,93.75
2025-02-23,site_251,"ICRISAT Patancheru, Hyderabad - TSPCB",15.137078651685394,89,96,92.70833333333334
2025-02-24,site_251,"ICRISAT Patancheru, Hyderabad - TSPCB",11.803703703703704,81,96,84.375
2025-02-25,site_251,"ICRISAT Patancheru, Hyderabad - TSPCB",10.370114942528737,87,96,90.625
2025-02-26,site_251,"ICRISAT Patancheru, Hyderabad - TSPCB",15.02638888888889,72,96,75.0
2025-02-27,site_251,"ICRISAT Patancheru, Hyderabad - TSPCB",10.517777777777779,90,96,93.75
2025-02-28,site_251,"ICRISAT Patancheru, Hyderabad - TSPCB",10.435955056179775,89,96,92.70833333333334
2025-03-01,site_251,"ICRISAT Patancheru, Hyderabad - TSPCB",10.663529411764706,85,96,88.54166666666666
2025-03-02,site_251,"ICRISAT Patancheru, Hyderabad - TSPCB",11.621111111111112,90,96,93.75
2025-03-03,site_251,"ICRISAT Patancheru, Hyderabad - TSPCB",12.157471264367816,87,96,90.625
2025-03-04,site_251,"ICRISAT Patancheru, Hyderabad - TSPCB",18.104395604395606,91,96,94.79166666666666
2025-03-05,site_251,"ICRISAT Patancheru, Hyderabad - TSPCB",16.34269662921348,89,96,92.70833333333334
2025-03-06,site_251,"ICRISAT Patancheru, Hyderabad - TSPCB",15.530000000000001,80,96,83.33333333333334
2025-03-07,site_251,"ICRISAT Patancheru, Hyderabad - TSPCB",17.20769230769231,91,96,94.79166666666666
2025-03-08,site_251,"ICRISAT Patancheru, Hyderabad - TSPCB",18.866666666666667,87,96,90.625
2025-03-09,site_251,"ICRISAT Patancheru, Hyderabad - TSPCB",13.360975609756096,82,96,85.41666666666666
2025-03-10,site_251,"ICRISAT Patancheru, Hyderabad - TSPCB",8.1,76,96,79.16666666666666
2025-03-11,site_251,"ICRISAT Patancheru, Hyderabad - TSPCB",11.784269662921348,89,96,92.70833333333334
2025-03-12,site_251,"ICRISAT Patancheru, Hyderabad - TSPCB",14.020224719101122,89,96,92.70833333333334
2025-03-13,site_251,"ICRISAT Patancheru, Hyderabad - TSPCB",12.665853658536584,82,96,85.41666666666666
2025-03-14,site_251,"ICRISAT Patancheru, Hyderabad - TSPCB",12.104545454545455,88,96,91.66666666666666
2025-03-15,site_251,"ICRISAT Patancheru, Hyderabad - TSPCB",10.058823529411764,85,96,88.54166666666666
2025-03-16,site_251,"ICRISAT Patancheru, Hyderabad - TSPCB",9.880898876404494,89,96,92.70833333333334
2025-03-17,site_251,"ICRISAT Patancheru, Hyderabad - TSPCB",9.767441860465116,86,96,89.58333333333334
2025-03-18,site_251,"ICRISAT Patancheru, Hyderabad - TSPCB",13.192222222222222,90,96,93.75
2025-03-19,site_251,"ICRISAT Patancheru, Hyderabad - TSPCB",10.772941176470587,85,96,88.54166666666666
2025-03-20,site_251,"ICRISAT Patancheru, Hyderabad - TSPCB",9.920689655172414,87,96,90.625
2025-03-21,site_251,"ICRISAT Patancheru, Hyderabad - TSPCB",8.441772151898734,79,96,82.29166666666666
2025-03-22,site_251,"ICRISAT Patancheru, Hyderabad - TSPCB",,53,96,55.208333333333336
2025-03-23,site_251,"ICRISAT Patancheru, Hyderabad - TSPCB",10.542682926829269,82,96,85.41666666666666
2025-03-24,site_251,"ICRISAT Patancheru, Hyderabad - TSPCB",11.751648351648353,91,96,94.79166666666666
2025-03-25,site_251,"ICRISAT Patancheru, Hyderabad - TSPCB",11.685393258426966,89,96,92.70833333333334
2025-03-26,site_251,"ICRISAT Patancheru, Hyderabad - TSPCB",11.442857142857143,77,96,80.20833333333334
2025-03-27,site_251,"ICRISAT Patancheru, Hyderabad - TSPCB",12.425555555555555,90,96,93.75
2025-03-28,site_251,"ICRISAT Patancheru, Hyderabad - TSPCB",14.4,86,96,89.58333333333334
2025-03-29,site_251,"ICRISAT Patancheru, Hyderabad - TSPCB",14.343181818181819,88,96,91.66666666666666
2025-03-30,site_251,"ICRISAT Patancheru, Hyderabad - TSPCB",9.95,84,96,87.5
2025-03-31,site_251,"ICRISAT Patancheru, Hyderabad - TSPCB",8.8,82,96,85.41666666666666
2025-04-01,site_251,"ICRISAT Patancheru, Hyderabad - TSPCB",11.368888888888888,90,96,93.75
2025-04-02,site_251,"ICRISAT Patancheru, Hyderabad - TSPCB",9.275555555555554,90,96,93.75
2025-04-03,site_251,"ICRISAT Patancheru, Hyderabad - TSPCB",8.115294117647059,85,96,88.54166666666666
2025-04-04,site_251,"ICRISAT Patancheru, Hyderabad - TSPCB",9.401136363636363,88,96,91.66666666666666
2025-04-05,site_251,"ICRISAT Patancheru, Hyderabad - TSPCB",11.80561797752809,89,96,92.70833333333334
2025-04-06,site_251,"ICRISAT Patancheru, Hyderabad - TSPCB",9.836363636363636,88,96,91.66666666666666
2025-04-07,site_251,"ICRISAT Patancheru, Hyderabad - TSPCB",10.50375,80,96,83.33333333333334
2025-04-08,site_251,"ICRISAT Patancheru, Hyderabad - TSPCB",9.62763157894737,76,96,79.16666666666666
2025-04-09,site_251,"ICRISAT Patancheru, Hyderabad - TSPCB",9.419512195121952,82,96,85.41666666666666
2025-04-10,site_251,"ICRISAT Patancheru, Hyderabad - TSPCB",9.51931818181818,88,96,91.66666666666666
2025-04-11,site_251,"ICRISAT Patancheru, Hyderabad - TSPCB",9.65,90,96,93.75
2025-04-12,site_251,"ICRISAT Patancheru, Hyderabad - TSPCB",,49,96,51.041666666666664
2025-04-13,site_251,"ICRISAT Patancheru, Hyderabad - TSPCB",13.798913043478262,92,96,95.83333333333334
2025-04-14,site_251,"ICRISAT Patancheru, Hyderabad - TSPCB",7.8549450549450555,91,96,94.79166666666666
2025-04-15,site_251,"ICRISAT Patancheru, Hyderabad - TSPCB",10.631578947368421,76,96,79.16666666666666
2025-04-16,site_251,"ICRISAT Patancheru, Hyderabad - TSPCB",,70,96,72.91666666666666
2025-04-17,site_251,"ICRISAT Patancheru, Hyderabad - TSPCB",9.086516853932585,89,96,92.70833333333334
2025-04-18,site_251,"ICRISAT Patancheru, Hyderabad - TSPCB",11.43409090909091,88,96,91.66666666666666
2025-04-19,site_251,"ICRISAT Patancheru, Hyderabad - TSPCB",10.035632183908046,87,96,90.625
2025-04-20,site_251,"ICRISAT Patancheru, Hyderabad - TSPCB",9.778571428571428,84,96,87.5
2025-04-21,site_251,"ICRISAT Patancheru, Hyderabad - TSPCB",9.66,90,96,93.75
2025-04-22,site_251,"ICRISAT Patancheru, Hyderabad - TSPCB",,64,96,66.66666666666666
2025-04-23,site_251,"ICRISAT Patancheru, Hyderabad - TSPCB",9.291463414634146,82,96,85.41666666666666
2025-04-24,site_251,"ICRISAT Patancheru, Hyderabad - TSPCB",8.760227272727272,88,96,91.66666666666666
2025-04-25,site_251,"ICRISAT Patancheru, Hyderabad - TSPCB",8.125555555555556,90,96,93.75
2025-04-26,site_251,"ICRISAT Patancheru, Hyderabad - TSPCB",9.585714285714285,91,96,94.79166666666666
2025-04-27,site_251,"ICRISAT Patancheru, Hyderabad - TSPCB",9.532222222222222,90,96,93.75
2025-04-28,site_251,"ICRISAT Patancheru, Hyderabad - TSPCB",5.19080459770115,87,96,90.625
2025-04-29,site_251,"ICRISAT Patancheru, Hyderabad - TSPCB",8.212222222222222,90,96,93.75
2025-04-30,site_251,"ICRISAT Patancheru, Hyderabad - TSPCB",8.659770114942528,87,96,90.625
2025-05-01,site_251,"ICRISAT Patancheru, Hyderabad - TSPCB",9.264935064935065,77,96,80.20833333333334
2025-05-02,site_251,"ICRISAT Patancheru, Hyderabad - TSPCB",7.540909090909091,88,96,91.66666666666666
2025-05-03,site_251,"ICRISAT Patancheru, Hyderabad - TSPCB",7.2,87,96,90.625
2025-05-04,site_251,"ICRISAT Patancheru, Hyderabad - TSPCB",9.822727272727272,88,96,91.66666666666666
2025-05-05,site_251,"ICRISAT Patancheru, Hyderabad - TSPCB",7.713953488372093,86,96,89.58333333333334
2025-05-06,site_251,"ICRISAT Patancheru, Hyderabad - TSPCB",6.387640449438202,89,96,92.70833333333334
2025-05-07,site_251,"ICRISAT Patancheru, Hyderabad - TSPCB",8.420454545454545,88,96,91.66666666666666
2025-05-08,site_251,"ICRISAT Patancheru, Hyderabad - TSPCB",9.284415584415584,77,96,80.20833333333334
2025-05-09,site_251,"ICRISAT Patancheru, Hyderabad - TSPCB",7.843023255813954,86,96,89.58333333333334
2025-05-10,site_251,"ICRISAT Patancheru, Hyderabad - TSPCB",8.678409090909092,88,96,91.66666666666666
2025-05-11,site_251,"ICRISAT Patancheru, Hyderabad - TSPCB",8.71923076923077,78,96,81.25
2025-05-12,site_251,"ICRISAT Patancheru, Hyderabad - TSPCB",9.62967032967033,91,96,94.79166666666666
2025-05-13,site_251,"ICRISAT Patancheru, Hyderabad - TSPCB",10.036263736263736,91,96,94.79166666666666
2025-05-14,site_251,"ICRISAT Patancheru, Hyderabad - TSPCB",10.011111111111111,72,96,75.0
2025-05-15,site_251,"ICRISAT Patancheru, Hyderabad - TSPCB",10.34235294117647,85,96,88.54166666666666
2025-05-16,site_251,"ICRISAT Patancheru, Hyderabad - TSPCB",10.093333333333334,90,96,93.75
2025-05-17,site_251,"ICRISAT Patancheru, Hyderabad - TSPCB",9.739743589743588,78,96,81.25
2025-05-18,site_251,"ICRISAT Patancheru, Hyderabad - TSPCB",9.757777777777777,90,96,93.75
2025-05-19,site_251,"ICRISAT Patancheru, Hyderabad - TSPCB",9.711235955056178,89,96,92.70833333333334
2025-05-20,site_251,"ICRISAT Patancheru, Hyderabad - TSPCB",9.659090909090908,88,96,91.66666666666666
2025-05-21,site_251,"ICRISAT Patancheru, Hyderabad - TSPCB",,71,96,73.95833333333334
2025-05-22,site_251,"ICRISAT Patancheru, Hyderabad - TSPCB",,70,96,72.91666666666666
2025-05-23,site_251,"ICRISAT Patancheru, Hyderabad - TSPCB",4.0329113924050635,79,96,82.29166666666666
2025-05-24,site_251,"ICRISAT Patancheru, Hyderabad - TSPCB",6.77816091954023,87,96,90.625
2025-05-25,site_251,"ICRISAT Patancheru, Hyderabad - TSPCB",7.638461538461538,78,96,81.25
2025-05-26,site_251,"ICRISAT Patancheru, Hyderabad - TSPCB",8.057303370786517,89,96,92.70833333333334
2025-05-27,site_251,"ICRISAT Patancheru, Hyderabad - TSPCB",7.896551724137931,87,96,90.625
2025-05-28,site_251,"ICRISAT Patancheru, Hyderabad - TSPCB",8.737777777777778,90,96,93.75
2025-05-29,site_251,"ICRISAT Patancheru, Hyderabad - TSPCB",6.856179775280899,89,96,92.70833333333334
2025-05-30,site_251,"ICRISAT Patancheru, Hyderabad - TSPCB",7.668292682926829,82,96,85.41666666666666
2025-05-31,site_251,"ICRISAT Patancheru, Hyderabad - TSPCB",4.672727272727273,88,96,91.66666666666666
2025-06-01,site_251,"ICRISAT Patancheru, Hyderabad - TSPCB",5.529545454545455,88,96,91.66666666666666
2025-06-02,site_251,"ICRISAT Patancheru, Hyderabad - TSPCB",5.631460674157303,89,96,92.70833333333334
2025-06-03,site_251,"ICRISAT Patancheru, Hyderabad - TSPCB",5.510989010989011,91,96,94.79166666666666
2025-06-04,site_251,"ICRISAT Patancheru, Hyderabad - TSPCB",5.405494505494505,91,96,94.79166666666666
2025-06-05,site_251,"ICRISAT Patancheru, Hyderabad - TSPCB",7.630864197530864,81,96,84.375
2025-06-06,site_251,"ICRISAT Patancheru, Hyderabad - TSPCB",8.178888888888888,90,96,93.75
2025-06-07,site_251,"ICRISAT Patancheru, Hyderabad - TSPCB",8.192307692307692,91,96,94.79166666666666
2025-06-08,site_251,"ICRISAT Patancheru, Hyderabad - TSPCB",7.85,74,96,77.08333333333334
2025-06-09,site_251,"ICRISAT Patancheru, Hyderabad - TSPCB",7.954545454545454,88,96,91.66666666666666
2025-06-10,site_251,"ICRISAT Patancheru, Hyderabad - TSPCB",7.288636363636363,88,96,91.66666666666666
2025-06-11,site_251,"ICRISAT Patancheru, Hyderabad - TSPCB",7.3125,88,96,91.66666666666666
2025-06-12,site_251,"ICRISAT Patancheru, Hyderabad - TSPCB",,68,96,70.83333333333334
2025-06-13,site_251,"ICRISAT Patancheru, Hyderabad - TSPCB",11.048192771084338,83,96,86.45833333333334
2025-06-14,site_251,"ICRISAT Patancheru, Hyderabad - TSPCB",,68,96,70.83333333333334
2025-06-15,site_251,"ICRISAT Patancheru, Hyderabad - TSPCB",,71,96,73.95833333333334
2025-06-16,site_251,"ICRISAT Patancheru, Hyderabad - TSPCB",5.81685393258427,89,96,92.70833333333334
2025-06-17,site_251,"ICRISAT Patancheru, Hyderabad - TSPCB",5.7561797752808985,89,96,92.70833333333334
2025-06-18,site_251,"ICRISAT Patancheru, Hyderabad - TSPCB",4.918888888888889,90,96,93.75
2025-06-19,site_251,"ICRISAT Patancheru, Hyderabad - TSPCB",5.76625,80,96,83.33333333333334
2025-06-20,site_251,"ICRISAT Patancheru, Hyderabad - TSPCB",,60,96,62.5
2025-06-21,site_251,"ICRISAT Patancheru, Hyderabad - TSPCB",,70,96,72.91666666666666
2025-06-22,site_251,"ICRISAT Patancheru, Hyderabad - TSPCB",5.379310344827586,87,96,90.625
2025-06-23,site_251,"ICRISAT Patancheru, Hyderabad - TSPCB",6.086516853932585,89,96,92.70833333333334
2025-06-24,site_251,"ICRISAT Patancheru, Hyderabad - TSPCB",,71,96,73.95833333333334
2025-06-25,site_251,"ICRISAT Patancheru, Hyderabad - TSPCB",5.031460674157303,89,96,92.70833333333334
2025-06-26,site_251,"ICRISAT Patancheru, Hyderabad - TSPCB",7.474074074074074,81,96,84.375
2025-06-27,site_251,"ICRISAT Patancheru, Hyderabad - TSPCB",5.151648351648352,91,96,94.79166666666666
2025-06-28,site_251,"ICRISAT Patancheru, Hyderabad - TSPCB",6.779518072289157,83,96,86.45833333333334
2025-06-29,site_251,"ICRISAT Patancheru, Hyderabad - TSPCB",,63,96,65.625
2025-06-30,site_251,"ICRISAT Patancheru, Hyderabad - TSPCB",,65,96,67.70833333333334
2025-07-01,site_251,"ICRISAT Patancheru, Hyderabad - TSPCB",6.438888888888889,90,96,93.75
2025-07-02,site_251,"ICRISAT Patancheru, Hyderabad - TSPCB",,54,96,56.25
2025-07-03,site_251,"ICRISAT Patancheru, Hyderabad - TSPCB",9.026666666666667,75,96,78.125
2025-07-04,site_251,"ICRISAT Patancheru, Hyderabad - TSPCB",8.862637362637363,91,96,94.79166666666666
2025-07-05,site_251,"ICRISAT Patancheru, Hyderabad - TSPCB",9.708219178082192,73,96,76.04166666666666
2025-07-06,site_251,"ICRISAT Patancheru, Hyderabad - TSPCB",15.155000000000001,80,96,83.33333333333334
2025-07-07,site_251,"ICRISAT Patancheru, Hyderabad - TSPCB",13.28354430379747,79,96,82.29166666666666
2025-07-08,site_251,"ICRISAT Patancheru, Hyderabad - TSPCB",10.533333333333333,84,96,87.5
2025-07-09,site_251,"ICRISAT Patancheru, Hyderabad - TSPCB",9.435227272727273,88,96,91.66666666666666
2025-07-10,site_251,"ICRISAT Patancheru, Hyderabad - TSPCB",8.629885057471265,87,96,90.625
2025-07-11,site_251,"ICRISAT Patancheru, Hyderabad - TSPCB",7.194186046511627,86,96,89.58333333333334
2025-07-12,site_251,"ICRISAT Patancheru, Hyderabad - TSPCB",7.7465753424657535,73,96,76.04166666666666
2025-07-13,site_251,"ICRISAT Patancheru, Hyderabad - TSPCB",8.516216216216216,74,96,77.08333333333334
2025-07-14,site_251,"ICRISAT Patancheru, Hyderabad - TSPCB",6.780769230769231,78,96,81.25
2025-07-15,site_251,"ICRISAT Patancheru, Hyderabad - TSPCB",,71,96,73.95833333333334
2025-07-16,site_251,"ICRISAT Patancheru, Hyderabad - TSPCB",9.879310344827585,87,96,90.625
2025-07-17,site_251,"ICRISAT Patancheru, Hyderabad - TSPCB",8.790000000000001,90,96,93.75
2025-07-18,site_251,"ICRISAT Patancheru, Hyderabad - TSPCB",,54,96,56.25
2025-07-19,site_251,"ICRISAT Patancheru, Hyderabad - TSPCB",7.379545454545454,88,96,91.66666666666666
2025-07-20,site_251,"ICRISAT Patancheru, Hyderabad - TSPCB",8.218181818181819,88,96,91.66666666666666
2025-07-21,site_251,"ICRISAT Patancheru, Hyderabad - TSPCB",,49,96,51.041666666666664
2025-07-22,site_251,"ICRISAT Patancheru, Hyderabad - TSPCB",9.403571428571428,84,96,87.5
2025-07-23,site_251,"ICRISAT Patancheru, Hyderabad - TSPCB",,64,96,66.66666666666666
2025-07-24,site_251,"ICRISAT Patancheru, Hyderabad - TSPCB",,68,96,70.83333333333334
2025-07-25,site_251,"ICRISAT Patancheru, Hyderabad - TSPCB",,65,96,67.70833333333334
2025-07-26,site_251,"ICRISAT Patancheru, Hyderabad - TSPCB",,71,96,73.95833333333334
2025-07-27,site_251,"ICRISAT Patancheru, Hyderabad - TSPCB",,40,96,41.66666666666667
2025-07-28,site_251,"ICRISAT Patancheru, Hyderabad - TSPCB",8.866233766233767,77,96,80.20833333333334
2025-07-29,site_251,"ICRISAT Patancheru, Hyderabad - TSPCB",6.4584415584415575,77,96,80.20833333333334
2025-07-30,site_251,"ICRISAT Patancheru, Hyderabad - TSPCB",5.318888888888889,90,96,93.75
2025-07-31,site_251,"ICRISAT Patancheru, Hyderabad - TSPCB",6.585542168674699,83,96,86.45833333333334
2025-08-01,site_251,"ICRISAT Patancheru, Hyderabad - TSPCB",7.2444444444444445,90,96,93.75
2025-08-02,site_251,"ICRISAT Patancheru, Hyderabad - TSPCB",5.971621621621622,74,96,77.08333333333334
2025-08-03,site_251,"ICRISAT Patancheru, Hyderabad - TSPCB",7.7671052631578945,76,96,79.16666666666666
2025-08-04,site_251,"ICRISAT Patancheru, Hyderabad - TSPCB",5.317441860465117,86,96,89.58333333333334
2025-08-05,site_251,"ICRISAT Patancheru, Hyderabad - TSPCB",8.86043956043956,91,96,94.79166666666666
2025-08-06,site_251,"ICRISAT Patancheru, Hyderabad - TSPCB",9.675555555555556,90,96,93.75
2025-08-07,site_251,"ICRISAT Patancheru, Hyderabad - TSPCB",9.17159090909091,88,96,91.66666666666666
2025-08-08,site_251,"ICRISAT Patancheru, Hyderabad - TSPCB",9.613924050632912,79,96,82.29166666666666
2025-08-09,site_251,"ICRISAT Patancheru, Hyderabad - TSPCB",9.8375,80,96,83.33333333333334
2025-08-10,site_251,"ICRISAT Patancheru, Hyderabad - TSPCB",7.654545454545454,77,96,80.20833333333334
2025-08-11,site_251,"ICRISAT Patancheru, Hyderabad - TSPCB",7.81875,80,96,83.33333333333334
2025-08-12,site_251,"ICRISAT Patancheru, Hyderabad - TSPCB",3.791566265060241,83,96,86.45833333333334
2025-08-13,site_251,"ICRISAT Patancheru, Hyderabad - TSPCB",5.9375,72,96,75.0
2025-08-14,site_251,"ICRISAT Patancheru, Hyderabad - TSPCB",5.634246575342466,73,96,76.04166666666666
2025-08-15,site_251,"ICRISAT Patancheru, Hyderabad - TSPCB",5.407692307692308,78,96,81.25
2025-08-16,site_251,"ICRISAT Patancheru, Hyderabad - TSPCB",4.925806451612903,93,96,96.875
2025-08-17,site_251,"ICRISAT Patancheru, Hyderabad - TSPCB",,70,96,72.91666666666666
2025-08-18,site_251,"ICRISAT Patancheru, Hyderabad - TSPCB",4.607792207792208,77,96,80.20833333333334
2025-08-19,site_251,"ICRISAT Patancheru, Hyderabad - TSPCB",4.673333333333333,75,96,78.125
2025-08-20,site_251,"ICRISAT Patancheru, Hyderabad - TSPCB",3.9,76,96,79.16666666666666
2025-08-21,site_251,"ICRISAT Patancheru, Hyderabad - TSPCB",3.9054054054054053,74,96,77.08333333333334
2025-08-22,site_251,"ICRISAT Patancheru, Hyderabad - TSPCB",3.5136363636363637,88,96,91.66666666666666
2025-08-23,site_251,"ICRISAT Patancheru, Hyderabad - TSPCB",4.198717948717949,78,96,81.25
2025-08-24,site_251,"ICRISAT Patancheru, Hyderabad - TSPCB",,55,96,57.291666666666664
2025-08-25,site_251,"ICRISAT Patancheru, Hyderabad - TSPCB",3.9877777777777776,90,96,93.75
2025-08-26,site_251,"ICRISAT Patancheru, Hyderabad - TSPCB",4.69080459770115,87,96,90.625
2025-08-27,site_251,"ICRISAT Patancheru, Hyderabad - TSPCB",4.671910112359551,89,96,92.70833333333334
2025-08-28,site_251,"ICRISAT Patancheru, Hyderabad - TSPCB",5.046666666666667,90,96,93.75
2025-08-29,site_251,"ICRISAT Patancheru, Hyderabad - TSPCB",3.640449438202247,89,96,92.70833333333334
2025-08-30,site_251,"ICRISAT Patancheru, Hyderabad - TSPCB",,71,96,73.95833333333334
2025-08-31,site_251,"ICRISAT Patancheru, Hyderabad - TSPCB",,62,96,64.58333333333334
2025-01-01,site_275,"IDA Pashamylaram, Hyderabad - TSPCB",45.174193548387095,93,96,96.875
2025-01-02,site_275,"IDA Pashamylaram, Hyderabad - TSPCB",46.616129032258065,93,96,96.875
2025-01-03,site_275,"IDA Pashamylaram, Hyderabad - TSPCB",50.20537634408603,93,96,96.875
2025-01-04,site_275,"IDA Pashamylaram, Hyderabad - TSPCB",52.751612903225805,93,96,96.875
2025-01-05,site_275,"IDA Pashamylaram, Hyderabad - TSPCB",41.63010752688172,93,96,96.875
2025-01-06,site_275,"IDA Pashamylaram, Hyderabad - TSPCB",40.51397849462366,93,96,96.875
2025-01-07,site_275,"IDA Pashamylaram, Hyderabad - TSPCB",45.06021505376344,93,96,96.875
2025-01-08,site_275,"IDA Pashamylaram, Hyderabad - TSPCB",47.18387096774194,93,96,96.875
2025-01-09,site_275,"IDA Pashamylaram, Hyderabad - TSPCB",45.26129032258065,93,96,96.875
2025-01-10,site_275,"IDA Pashamylaram, Hyderabad - TSPCB",41.2989247311828,93,96,96.875
2025-01-11,site_275,"IDA Pashamylaram, Hyderabad - TSPCB",35.596774193548384,93,96,96.875
2025-01-12,site_275,"IDA Pashamylaram, Hyderabad - TSPCB",34.79032258064516,93,96,96.875
2025-01-13,site_275,"IDA Pashamylaram, Hyderabad - TSPCB",39.494623655913976,93,96,96.875
2025-01-14,site_275,"IDA Pashamylaram, Hyderabad - TSPCB",39.61397849462365,93,96,96.875
2025-01-15,site_275,"IDA Pashamylaram, Hyderabad - TSPCB",37.67204301075269,93,96,96.875
2025-01-16,site_275,"IDA Pashamylaram, Hyderabad - TSPCB",39.01428571428572,91,96,94.79166666666666
2025-01-17,site_275,"IDA Pashamylaram, Hyderabad - TSPCB",43.16774193548387,93,96,96.875
2025-01-18,site_275,"IDA Pashamylaram, Hyderabad - TSPCB",44.00108695652174,92,96,95.83333333333334
2025-01-19,site_275,"IDA Pashamylaram, Hyderabad - TSPCB",47.67173913043479,92,96,95.83333333333334
2025-01-20,site_275,"IDA Pashamylaram, Hyderabad - TSPCB",47.24731182795699,93,96,96.875
2025-01-21,site_275,"IDA Pashamylaram, Hyderabad - TSPCB",44.05652173913043,92,96,95.83333333333334
2025-01-22,site_275,"IDA Pashamylaram, Hyderabad - TSPCB",43.99247311827957,93,96,96.875
2025-01-23,site_275,"IDA Pashamylaram, Hyderabad - TSPCB",36.473626373626374,91,96,94.79166666666666
2025-01-24,site_275,"IDA Pashamylaram, Hyderabad - TSPCB",36.251648351648356,91,96,94.79166666666666
2025-01-25,site_275,"IDA Pashamylaram, Hyderabad - TSPCB",39.12173913043478,92,96,95.83333333333334
2025-01-26,site_275,"IDA Pashamylaram, Hyderabad - TSPCB",42.259139784946235,93,96,96.875
2025-01-27,site_275,"IDA Pashamylaram, Hyderabad - TSPCB",41.199999999999996,93,96,96.875
2025-01-28,site_275,"IDA Pashamylaram, Hyderabad - TSPCB",40.85268817204301,93,96,96.875
2025-01-29,site_275,"IDA Pashamylaram, Hyderabad - TSPCB",37.917391304347824,92,96,95.83333333333334
2025-01-30,site_275,"IDA Pashamylaram, Hyderabad - TSPCB",36.844086021505376,93,96,96.875
2025-01-31,site_275,"IDA Pashamylaram, Hyderabad - TSPCB",36.82065217391305,92,96,95.83333333333334
2025-02-01,site_275,"IDA Pashamylaram, Hyderabad - TSPCB",37.37849462365591,93,96,96.875
2025-02-02,site_275,"IDA Pashamylaram, Hyderabad - TSPCB",36.53010752688172,93,96,96.875
2025-02-03,site_275,"IDA Pashamylaram, Hyderabad - TSPCB",37.046236559139786,93,96,96.875
2025-02-04,site_275,"IDA Pashamylaram, Hyderabad - TSPCB",36.90537634408602,93,96,96.875
2025-02-05,site_275,"IDA Pashamylaram, Hyderabad - TSPCB",38.71182795698925,93,96,96.875
2025-02-06,site_275,"IDA Pashamylaram, Hyderabad - TSPCB",35.418279569892476,93,96,96.875
2025-02-07,site_275,"IDA Pashamylaram, Hyderabad - TSPCB",42.994623655913976,93,96,96.875
2025-02-08,site_275,"IDA Pashamylaram, Hyderabad - TSPCB",43.33870967741935,93,96,96.875
2025-02-09,site_275,"IDA Pashamylaram, Hyderabad - TSPCB",43.31290322580645,93,96,96.875
2025-02-10,site_275,"IDA Pashamylaram, Hyderabad - TSPCB",37.71397849462366,93,96,96.875
2025-02-11,site_275,"IDA Pashamylaram, Hyderabad - TSPCB",38.08279569892473,93,96,96.875
2025-02-12,site_275,"IDA Pashamylaram, Hyderabad - TSPCB",42.345454545454544,88,96,91.66666666666666
2025-02-13,site_275,"IDA Pashamylaram, Hyderabad - TSPCB",,51,96,53.125
2025-02-14,site_275,"IDA Pashamylaram, Hyderabad - TSPCB",50.73225806451613,93,96,96.875
2025-02-15,site_275,"IDA Pashamylaram, Hyderabad - TSPCB",47.809999999999995,90,96,93.75
2025-02-16,site_275,"IDA Pashamylaram, Hyderabad - TSPCB",45.998913043478254,92,96,95.83333333333334
2025-02-17,site_275,"IDA Pashamylaram, Hyderabad - TSPCB",41.39354838709677,93,96,96.875
2025-02-18,site_275,"IDA Pashamylaram, Hyderabad - TSPCB",43.29677419354839,93,96,96.875
2025-02-19,site_275,"IDA Pashamylaram, Hyderabad - TSPCB",43.45434782608696,92,96,95.83333333333334
2025-02-20,site_275,"IDA Pashamylaram, Hyderabad - TSPCB",41.220652173913045,92,96,95.83333333333334
2025-02-21,site_275,"IDA Pashamylaram, Hyderabad - TSPCB",40.92795698924731,93,96,96.875
2025-02-22,site_275,"IDA Pashamylaram, Hyderabad - TSPCB",43.4,92,96,95.83333333333334
2025-02-23,site_275,"IDA Pashamylaram, Hyderabad - TSPCB",43.95652173913044,92,96,95.83333333333334
2025-02-24,site_275,"IDA Pashamylaram, Hyderabad - TSPCB",40.301086956521736,92,96,95.83333333333334
2025-02-25,site_275,"IDA Pashamylaram, Hyderabad - TSPCB",41.118478260869566,92,96,95.83333333333334
2025-02-26,site_275,"IDA Pashamylaram, Hyderabad - TSPCB",43.40430107526882,93,96,96.875
2025-02-27,site_275,"IDA Pashamylaram, Hyderabad - TSPCB",38.69247311827957,93,96,96.875
2025-02-28,site_275,"IDA Pashamylaram, Hyderabad - TSPCB",40.24021739130435,92,96,95.83333333333334
2025-03-01,site_275,"IDA Pashamylaram, Hyderabad - TSPCB",37.84347826086957,92,96,95.83333333333334
2025-03-02,site_275,"IDA Pashamylaram, Hyderabad - TSPCB",,2,96,2.083333333333333
2025-03-03,site_275,"IDA Pashamylaram, Hyderabad - TSPCB",,46,96,47.91666666666667
2025-03-04,site_275,"IDA Pashamylaram, Hyderabad - TSPCB",53.77173913043478,92,96,95.83333333333334
2025-03-05,site_275,"IDA Pashamylaram, Hyderabad - TSPCB",,40,96,41.66666666666667
2025-03-06,site_275,"IDA Pashamylaram, Hyderabad - TSPCB",,0,96,0.0
2025-03-07,site_275,"IDA Pashamylaram, Hyderabad - TSPCB",,46,96,47.91666666666667
2025-03-08,site_275,"IDA Pashamylaram, Hyderabad - TSPCB",45.740659340659334,91,96,94.79166666666666
2025-03-09,site_275,"IDA Pashamylaram, Hyderabad - TSPCB",40.172826086956526,92,96,95.83333333333334
2025-03-10,site_275,"IDA Pashamylaram, Hyderabad - TSPCB",34.766666666666666,93,96,96.875
2025-03-11,site_275,"IDA Pashamylaram, Hyderabad - TSPCB",36.19032258064516,93,96,96.875
2025-03-12,site_275,"IDA Pashamylaram, Hyderabad - TSPCB",40.275,92,96,95.83333333333334
2025-03-13,site_275,"IDA Pashamylaram, Hyderabad - TSPCB",41.806451612903224,93,96,96.875
2025-03-14,site_275,"IDA Pashamylaram, Hyderabad - TSPCB",36.90888888888889,90,96,93.75
2025-03-15,site_275,"IDA Pashamylaram, Hyderabad - TSPCB",,4,96,4.166666666666666
2025-03-16,site_275,"IDA Pashamylaram, Hyderabad - TSPCB",,0,96,0.0
2025-03-17,site_275,"IDA Pashamylaram, Hyderabad - TSPCB",,45,96,46.875
2025-03-18,site_275,"IDA Pashamylaram, Hyderabad - TSPCB",40.29139784946236,93,96,96.875
2025-03-19,site_275,"IDA Pashamylaram, Hyderabad - TSPCB",31.63010752688172,93,96,96.875
2025-03-20,site_275,"IDA Pashamylaram, Hyderabad - TSPCB",28.177419354838708,93,96,96.875
2025-03-21,site_275,"IDA Pashamylaram, Hyderabad - TSPCB",30.608602150537635,93,96,96.875
2025-03-22,site_275,"IDA Pashamylaram, Hyderabad - TSPCB",29.94301075268817,93,96,96.875
2025-03-23,site_275,"IDA Pashamylaram, Hyderabad - TSPCB",31.72826086956522,92,96,95.83333333333334
2025-03-24,site_275,"IDA Pashamylaram, Hyderabad - TSPCB",33.47849462365591,93,96,96.875
2025-03-25,site_275,"IDA Pashamylaram, Hyderabad - TSPCB",,70,96,72.91666666666666
2025-03-26,site_275,"IDA Pashamylaram, Hyderabad - TSPCB",235.54999999999998,92,96,95.83333333333334
2025-03-27,site_275,"IDA Pashamylaram, Hyderabad - TSPCB",50.60322580645162,93,96,96.875
2025-03-28,site_275,"IDA Pashamylaram, Hyderabad - TSPCB",54.534408602150535,93,96,96.875
2025-03-29,site_275,"IDA Pashamylaram, Hyderabad - TSPCB",51.755913978494625,93,96,96.875
2025-03-30,site_275,"IDA Pashamylaram, Hyderabad - TSPCB",41.107317073170734,82,96,85.41666666666666
2025-03-31,site_275,"IDA Pashamylaram, Hyderabad - TSPCB",,49,96,51.041666666666664
2025-04-01,site_275,"IDA Pashamylaram, Hyderabad - TSPCB",38.18888888888889,90,96,93.75
2025-04-02,site_275,"IDA Pashamylaram, Hyderabad - TSPCB",36.41075268817204,93,96,96.875
2025-04-03,site_275,"IDA Pashamylaram, Hyderabad - TSPCB",28.18172043010753,93,96,96.875
2025-04-04,site_275,"IDA Pashamylaram, Hyderabad - TSPCB",28.408602150537636,93,96,96.875
2025-04-05,site_275,"IDA Pashamylaram, Hyderabad - TSPCB",34.148387096774194,93,96,96.875
2025-04-06,site_275,"IDA Pashamylaram, Hyderabad - TSPCB",34.55591397849462,93,96,96.875
2025-04-07,site_275,"IDA Pashamylaram, Hyderabad - TSPCB",34.55913978494624,93,96,96.875
2025-04-08,site_275,"IDA Pashamylaram, Hyderabad - TSPCB",32.0,93,96,96.875
2025-04-09,site_275,"IDA Pashamylaram, Hyderabad - TSPCB",29.431325301204822,83,96,86.45833333333334
2025-04-10,site_275,"IDA Pashamylaram, Hyderabad - TSPCB",33.87741935483871,93,96,96.875
2025-04-11,site_275,"IDA Pashamylaram, Hyderabad - TSPCB",35.04516129032258,93,96,96.875
2025-04-12,site_275,"IDA Pashamylaram, Hyderabad - TSPCB",42.03010752688172,93,96,96.875
2025-04-13,site_275,"IDA Pashamylaram, Hyderabad - TSPCB",49.02043010752688,93,96,96.875
2025-04-14,site_275,"IDA Pashamylaram, Hyderabad - TSPCB",35.205555555555556,90,96,93.75
2025-04-15,site_275,"IDA Pashamylaram, Hyderabad - TSPCB",31.655913978494624,93,96,96.875
2025-04-16,site_275,"IDA Pashamylaram, Hyderabad - TSPCB",26.122826086956525,92,96,95.83333333333334
2025-04-17,site_275,"IDA Pashamylaram, Hyderabad - TSPCB",27.517391304347825,92,96,95.83333333333334
2025-04-18,site_275,"IDA Pashamylaram, Hyderabad - TSPCB",29.381720430107528,93,96,96.875
2025-04-19,site_275,"IDA Pashamylaram, Hyderabad - TSPCB",30.125,92,96,95.83333333333334
2025-04-20,site_275,"IDA Pashamylaram, Hyderabad - TSPCB",29.838709677419356,93,96,96.875
2025-04-21,site_275,"IDA Pashamylaram, Hyderabad - TSPCB",29.057608695652174,92,96,95.83333333333334
2025-04-22,site_275,"IDA Pashamylaram, Hyderabad - TSPCB",,64,96,66.66666666666666
2025-04-23,site_275,"IDA Pashamylaram, Hyderabad - TSPCB",29.866666666666667,93,96,96.875
2025-04-24,site_275,"IDA Pashamylaram, Hyderabad - TSPCB",28.85483870967742,93,96,96.875
2025-04-25,site_275,"IDA Pashamylaram, Hyderabad - TSPCB",28.87849462365591,93,96,96.875
2025-04-26,site_275,"IDA Pashamylaram, Hyderabad - TSPCB",35.66989247311828,93,96,96.875
2025-04-27,site_275,"IDA Pashamylaram, Hyderabad - TSPCB",,38,96,39.58333333333333
2025-04-28,site_275,"IDA Pashamylaram, Hyderabad - TSPCB",,41,96,42.70833333333333
2025-04-29,site_275,"IDA Pashamylaram, Hyderabad - TSPCB",24.10217391304348,92,96,95.83333333333334
2025-04-30,site_275,"IDA Pashamylaram, Hyderabad - TSPCB",26.846739130434784,92,96,95.83333333333334
2025-05-01,site_275,"IDA Pashamylaram, Hyderabad - TSPCB",22.172826086956523,92,96,95.83333333333334
2025-05-02,site_275,"IDA Pashamylaram, Hyderabad - TSPCB",23.773118279569893,93,96,96.875
2025-05-03,site_275,"IDA Pashamylaram, Hyderabad - TSPCB",27.10645161290323,93,96,96.875
2025-05-04,site_275,"IDA Pashamylaram, Hyderabad - TSPCB",29.047826086956523,92,96,95.83333333333334
2025-05-05,site_275,"IDA Pashamylaram, Hyderabad - TSPCB",26.15268817204301,93,96,96.875
2025-05-06,site_275,"IDA Pashamylaram, Hyderabad - TSPCB",30.078494623655917,93,96,96.875
2025-05-07,site_275,"IDA Pashamylaram, Hyderabad - TSPCB",32.640277777777776,72,96,75.0
2025-05-08,site_275,"IDA Pashamylaram, Hyderabad - TSPCB",,51,96,53.125
2025-05-09,site_275,"IDA Pashamylaram, Hyderabad - TSPCB",30.133695652173916,92,96,95.83333333333334
2025-05-10,site_275,"IDA Pashamylaram, Hyderabad - TSPCB",31.343010752688173,93,96,96.875
2025-05-11,site_275,"IDA Pashamylaram, Hyderabad - TSPCB",,64,96,66.66666666666666
2025-05-12,site_275,"IDA Pashamylaram, Hyderabad - TSPCB",,57,96,59.375
2025-05-13,site_275,"IDA Pashamylaram, Hyderabad - TSPCB",24.086021505376344,93,96,96.875
2025-05-14,site_275,"IDA Pashamylaram, Hyderabad - TSPCB",28.36629213483146,89,96,92.70833333333334
2025-05-15,site_275,"IDA Pashamylaram, Hyderabad - TSPCB",22.982608695652175,92,96,95.83333333333334
2025-05-16,site_275,"IDA Pashamylaram, Hyderabad - TSPCB",26.3,93,96,96.875
2025-05-17,site_275,"IDA Pashamylaram, Hyderabad - TSPCB",26.055434782608696,92,96,95.83333333333334
2025-05-18,site_275,"IDA Pashamylaram, Hyderabad - TSPCB",26.117391304347827,92,96,95.83333333333334
2025-05-19,site_275,"IDA Pashamylaram, Hyderabad - TSPCB",24.993548387096777,93,96,96.875
2025-05-20,site_275,"IDA Pashamylaram, Hyderabad - TSPCB",22.75483870967742,93,96,96.875
2025-05-21,site_275,"IDA Pashamylaram, Hyderabad - TSPCB",21.23478260869565,92,96,95.83333333333334
2025-05-22,site_275,"IDA Pashamylaram, Hyderabad - TSPCB",14.711827956989248,93,96,96.875
2025-05-23,site_275,"IDA Pashamylaram, Hyderabad - TSPCB",15.418279569892475,93,96,96.875
2025-05-24,site_275,"IDA Pashamylaram, Hyderabad - TSPCB",17.913978494623656,93,96,96.875
2025-05-25,site_275,"IDA Pashamylaram, Hyderabad - TSPCB",25.933333333333334,93,96,96.875
2025-05-26,site_275,"IDA Pashamylaram, Hyderabad - TSPCB",23.189247311827955,93,96,96.875
2025-05-27,site_275,"IDA Pashamylaram, Hyderabad - TSPCB",23.49462365591398,93,96,96.875
2025-05-28,site_275,"IDA Pashamylaram, Hyderabad - TSPCB",,71,96,73.95833333333334
2025-05-29,site_275,"IDA Pashamylaram, Hyderabad - TSPCB",26.075,92,96,95.83333333333334
2025-05-30,site_275,"IDA Pashamylaram, Hyderabad - TSPCB",22.68494623655914,93,96,96.875
2025-05-31,site_275,"IDA Pashamylaram, Hyderabad - TSPCB",20.741304347826087,92,96,95.83333333333334
2025-06-01,site_275,"IDA Pashamylaram, Hyderabad - TSPCB",21.898924731182795,93,96,96.875
2025-06-02,site_275,"IDA Pashamylaram, Hyderabad - TSPCB",20.076344086021503,93,96,96.875
2025-06-03,site_275,"IDA Pashamylaram, Hyderabad - TSPCB",20.97204301075269,93,96,96.875
2025-06-04,site_275,"IDA Pashamylaram, Hyderabad - TSPCB",21.905376344086022,93,96,96.875
2025-06-05,site_275,"IDA Pashamylaram, Hyderabad - TSPCB",25.625806451612902,93,96,96.875
2025-06-06,site_275,"IDA Pashamylaram, Hyderabad - TSPCB",25.795604395604396,91,96,94.79166666666666
2025-06-07,site_275,"IDA Pashamylaram, Hyderabad - TSPCB",23.412903225806453,93,96,96.875
2025-06-08,site_275,"IDA Pashamylaram, Hyderabad - TSPCB",23.80860215053763,93,96,96.875
2025-06-09,site_275,"IDA Pashamylaram, Hyderabad - TSPCB",26.937634408602147,93,96,96.875
2025-06-10,site_275,"IDA Pashamylaram, Hyderabad - TSPCB",29.849462365591396,93,96,96.875
2025-06-11,site_275,"IDA Pashamylaram, Hyderabad - TSPCB",31.526373626373626,91,96,94.79166666666666
2025-06-12,site_275,"IDA Pashamylaram, Hyderabad - TSPCB",30.95434782608696,92,96,95.83333333333334
2025-06-13,site_275,"IDA Pashamylaram, Hyderabad - TSPCB",25.065591397849463,93,96,96.875
2025-06-14,site_275,"IDA Pashamylaram, Hyderabad - TSPCB",23.43978494623656,93,96,96.875
2025-06-15,site_275,"IDA Pashamylaram, Hyderabad - TSPCB",17.776344086021506,93,96,96.875
2025-06-16,site_275,"IDA Pashamylaram, Hyderabad - TSPCB",20.696703296703298,91,96,94.79166666666666
2025-06-17,site_275,"IDA Pashamylaram, Hyderabad - TSPCB",20.311827956989248,93,96,96.875
2025-06-18,site_275,"IDA Pashamylaram, Hyderabad - TSPCB",20.43804347826087,92,96,95.83333333333334
2025-06-19,site_275,"IDA Pashamylaram, Hyderabad - TSPCB",17.50126582278481,79,96,82.29166666666666
2025-06-20,site_275,"IDA Pashamylaram, Hyderabad - TSPCB",20.10111111111111,90,96,93.75
2025-06-21,site_275,"IDA Pashamylaram, Hyderabad - TSPCB",17.599999999999998,93,96,96.875
2025-06-22,site_275,"IDA Pashamylaram, Hyderabad - TSPCB",17.489247311827956,93,96,96.875
2025-06-23,site_275,"IDA Pashamylaram, Hyderabad - TSPCB",16.577108433734942,83,96,86.45833333333334
2025-06-24,site_275,"IDA Pashamylaram, Hyderabad - TSPCB",17.50967741935484,93,96,96.875
2025-06-25,site_275,"IDA Pashamylaram, Hyderabad - TSPCB",17.97888888888889,90,96,93.75
2025-06-26,site_275,"IDA Pashamylaram, Hyderabad - TSPCB",20.208791208791208,91,96,94.79166666666666
2025-06-27,site_275,"IDA Pashamylaram, Hyderabad - TSPCB",21.45108695652174,92,96,95.83333333333334
2025-06-28,site_275,"IDA Pashamylaram, Hyderabad - TSPCB",20.481521739130436,92,96,95.83333333333334
2025-06-29,site_275,"IDA Pashamylaram, Hyderabad - TSPCB",20.027173913043477,92,96,95.83333333333334
2025-06-30,site_275,"IDA Pashamylaram, Hyderabad - TSPCB",21.116666666666667,90,96,93.75
2025-07-01,site_275,"IDA Pashamylaram, Hyderabad - TSPCB",17.40434782608696,92,96,95.83333333333334
2025-07-02,site_275,"IDA Pashamylaram, Hyderabad - TSPCB",19.686813186813186,91,96,94.79166666666666
2025-07-03,site_275,"IDA Pashamylaram, Hyderabad - TSPCB",17.408602150537636,93,96,96.875
2025-07-04,site_275,"IDA Pashamylaram, Hyderabad - TSPCB",18.323655913978495,93,96,96.875
2025-07-05,site_275,"IDA Pashamylaram, Hyderabad - TSPCB",,57,96,59.375
2025-07-06,site_275,"IDA Pashamylaram, Hyderabad - TSPCB",17.338043478260868,92,96,95.83333333333334
2025-07-07,site_275,"IDA Pashamylaram, Hyderabad - TSPCB",19.06451612903226,93,96,96.875
2025-07-08,site_275,"IDA Pashamylaram, Hyderabad - TSPCB",22.096739130434784,92,96,95.83333333333334
2025-07-09,site_275,"IDA Pashamylaram, Hyderabad - TSPCB",22.753333333333334,90,96,93.75
2025-07-10,site_275,"IDA Pashamylaram, Hyderabad - TSPCB",26.561290322580643,93,96,96.875
2025-07-11,site_275,"IDA Pashamylaram, Hyderabad - TSPCB",28.397849462365592,93,96,96.875
2025-07-12,site_275,"IDA Pashamylaram, Hyderabad - TSPCB",26.63225806451613,93,96,96.875
2025-07-13,site_275,"IDA Pashamylaram, Hyderabad - TSPCB",24.357608695652175,92,96,95.83333333333334
2025-07-14,site_275,"IDA Pashamylaram, Hyderabad - TSPCB",19.889130434782608,92,96,95.83333333333334
2025-07-15,site_275,"IDA Pashamylaram, Hyderabad - TSPCB",22.095604395604397,91,96,94.79166666666666
2025-07-16,site_275,"IDA Pashamylaram, Hyderabad - TSPCB",29.081720430107527,93,96,96.875
2025-07-17,site_275,"IDA Pashamylaram, Hyderabad - TSPCB",30.419565217391302,92,96,95.83333333333334
2025-07-18,site_275,"IDA Pashamylaram, Hyderabad - TSPCB",28.31847826086957,92,96,95.83333333333334
2025-07-19,site_275,"IDA Pashamylaram, Hyderabad - TSPCB",,57,96,59.375
2025-07-20,site_275,"IDA Pashamylaram, Hyderabad - TSPCB",,0,96,0.0
2025-07-21,site_275,"IDA Pashamylaram, Hyderabad - TSPCB",,49,96,51.041666666666664
2025-07-22,site_275,"IDA Pashamylaram, Hyderabad - TSPCB",19.105494505494505,91,96,94.79166666666666
2025-07-23,site_275,"IDA Pashamylaram, Hyderabad - TSPCB",13.104395604395604,91,96,94.79166666666666
2025-07-24,site_275,"IDA Pashamylaram, Hyderabad - TSPCB",12.408695652173913,92,96,95.83333333333334
2025-07-25,site_275,"IDA Pashamylaram, Hyderabad - TSPCB",,46,96,47.91666666666667
2025-07-26,site_275,"IDA Pashamylaram, Hyderabad - TSPCB",,1,96,1.0416666666666665
2025-07-27,site_275,"IDA Pashamylaram, Hyderabad - TSPCB",,0,96,0.0
2025-07-28,site_275,"IDA Pashamylaram, Hyderabad - TSPCB",,30,96,31.25
2025-07-29,site_275,"IDA Pashamylaram, Hyderabad - TSPCB",15.08494623655914,93,96,96.875
2025-07-30,site_275,"IDA Pashamylaram, Hyderabad - TSPCB",13.98913043478261,92,96,95.83333333333334
2025-07-31,site_275,"IDA Pashamylaram, Hyderabad - TSPCB",15.113333333333333,90,96,93.75
2025-08-01,site_275,"IDA Pashamylaram, Hyderabad - TSPCB",19.61098901098901,91,96,94.79166666666666
2025-08-02,site_275,"IDA Pashamylaram, Hyderabad - TSPCB",24.344565217391303,92,96,95.83333333333334
2025-08-03,site_275,"IDA Pashamylaram, Hyderabad - TSPCB",26.994565217391305,92,96,95.83333333333334
2025-08-04,site_275,"IDA Pashamylaram, Hyderabad - TSPCB",20.72258064516129,93,96,96.875
2025-08-05,site_275,"IDA Pashamylaram, Hyderabad - TSPCB",21.62391304347826,92,96,95.83333333333334
2025-08-06,site_275,"IDA Pashamylaram, Hyderabad - TSPCB",16.912087912087912,91,96,94.79166666666666
2025-08-07,site_275,"IDA Pashamylaram, Hyderabad - TSPCB",17.913978494623656,93,96,96.875
2025-08-08,site_275,"IDA Pashamylaram, Hyderabad - TSPCB",,68,96,70.83333333333334
2025-08-09,site_275,"IDA Pashamylaram, Hyderabad - TSPCB",15.797849462365592,93,96,96.875
2025-08-10,site_275,"IDA Pashamylaram, Hyderabad - TSPCB",11.249462365591398,93,96,96.875
2025-08-11,site_275,"IDA Pashamylaram, Hyderabad - TSPCB",8.972527472527473,91,96,94.79166666666666
2025-08-12,site_275,"IDA Pashamylaram, Hyderabad - TSPCB",7.603846153846154,78,96,81.25
2025-08-13,site_275,"IDA Pashamylaram, Hyderabad - TSPCB",8.80126582278481,79,96,82.29166666666666
2025-08-14,site_275,"IDA Pashamylaram, Hyderabad - TSPCB",11.36195652173913,92,96,95.83333333333334
2025-08-15,site_275,"IDA Pashamylaram, Hyderabad - TSPCB",27.089130434782607,92,96,95.83333333333334
2025-08-16,site_275,"IDA Pashamylaram, Hyderabad - TSPCB",13.146739130434783,92,96,95.83333333333334
2025-08-17,site_275,"IDA Pashamylaram, Hyderabad - TSPCB",12.171739130434782,92,96,95.83333333333334
2025-08-18,site_275,"IDA Pashamylaram, Hyderabad - TSPCB",8.067391304347826,92,96,95.83333333333334
2025-08-19,site_275,"IDA Pashamylaram, Hyderabad - TSPCB",4.181521739130434,92,96,95.83333333333334
2025-08-20,site_275,"IDA Pashamylaram, Hyderabad - TSPCB",6.958064516129032,93,96,96.875
2025-08-21,site_275,"IDA Pashamylaram, Hyderabad - TSPCB",11.609677419354838,93,96,96.875
2025-08-22,site_275,"IDA Pashamylaram, Hyderabad - TSPCB",13.686021505376344,93,96,96.875
2025-08-23,site_275,"IDA Pashamylaram, Hyderabad - TSPCB",15.119565217391305,92,96,95.83333333333334
2025-08-24,site_275,"IDA Pashamylaram, Hyderabad - TSPCB",15.168131868131868,91,96,94.79166666666666
2025-08-25,site_275,"IDA Pashamylaram, Hyderabad - TSPCB",14.878494623655914,93,96,96.875
2025-08-26,site_275,"IDA Pashamylaram, Hyderabad - TSPCB",15.20752688172043,93,96,96.875
2025-08-27,site_275,"IDA Pashamylaram, Hyderabad - TSPCB",8.970967741935484,93,96,96.875
2025-08-28,site_275,"IDA Pashamylaram, Hyderabad - TSPCB",,53,96,55.208333333333336
2025-08-29,site_275,"IDA Pashamylaram, Hyderabad - TSPCB",,67,96,69.79166666666666
2025-08-30,site_275,"IDA Pashamylaram, Hyderabad - TSPCB",,0,96,0.0
2025-08-31,site_275,"IDA Pashamylaram, Hyderabad - TSPCB",,0,96,0.0
2025-01-01,site_5597,"IITH Kandi, Hyderabad - TSPCB",10.356842105263159,95,96,98.95833333333334
2025-01-02,site_5597,"IITH Kandi, Hyderabad - TSPCB",,51,96,53.125
2025-01-03,site_5597,"IITH Kandi, Hyderabad - TSPCB",,0,96,0.0
2025-01-04,site_5597,"IITH Kandi, Hyderabad - TSPCB",,44,96,45.83333333333333
2025-01-05,site_5597,"IITH Kandi, Hyderabad - TSPCB",8.349263157894736,95,96,98.95833333333334
2025-01-06,site_5597,"IITH Kandi, Hyderabad - TSPCB",7.963020833333334,96,96,100.0
2025-01-07,site_5597,"IITH Kandi, Hyderabad - TSPCB",8.862210526315788,95,96,98.95833333333334
2025-01-08,site_5597,"IITH Kandi, Hyderabad - TSPCB",9.986595744680852,94,96,97.91666666666666
2025-01-09,site_5597,"IITH Kandi, Hyderabad - TSPCB",10.1225,96,96,100.0
2025-01-10,site_5597,"IITH Kandi, Hyderabad - TSPCB",10.3215625,96,96,100.0
2025-01-11,site_5597,"IITH Kandi, Hyderabad - TSPCB",9.6928125,96,96,100.0
2025-01-12,site_5597,"IITH Kandi, Hyderabad - TSPCB",8.266354166666668,96,96,100.0
2025-01-13,site_5597,"IITH Kandi, Hyderabad - TSPCB",,42,96,43.75
2025-01-14,site_5597,"IITH Kandi, Hyderabad - TSPCB",,0,96,0.0
2025-01-15,site_5597,"IITH Kandi, Hyderabad - TSPCB",,0,96,0.0
2025-01-16,site_5597,"IITH Kandi, Hyderabad - TSPCB",,44,96,45.83333333333333
2025-01-17,site_5597,"IITH Kandi, Hyderabad - TSPCB",,48,96,50.0
2025-01-18,site_5597,"IITH Kandi, Hyderabad - TSPCB",,47,96,48.95833333333333
2025-01-19,site_5597,"IITH Kandi, Hyderabad - TSPCB",7.568105263157895,95,96,98.95833333333334
2025-01-20,site_5597,"IITH Kandi, Hyderabad - TSPCB",6.8815625,96,96,100.0
2025-01-21,site_5597,"IITH Kandi, Hyderabad - TSPCB",7.842315789473684,95,96,98.95833333333334
2025-01-22,site_5597,"IITH Kandi, Hyderabad - TSPCB",9.556041666666667,96,96,100.0
2025-01-23,site_5597,"IITH Kandi, Hyderabad - TSPCB",8.524270833333334,96,96,100.0
2025-01-24,site_5597,"IITH Kandi, Hyderabad - TSPCB",9.2603125,96,96,100.0
2025-01-25,site_5597,"IITH Kandi, Hyderabad - TSPCB",10.789473684210526,95,96,98.95833333333334
2025-01-26,site_5597,"IITH Kandi, Hyderabad - TSPCB",,55,96,57.291666666666664
2025-01-27,site_5597,"IITH Kandi, Hyderabad - TSPCB",,27,96,28.125
2025-01-28,site_5597,"IITH Kandi, Hyderabad - TSPCB",,59,96,61.458333333333336
2025-01-29,site_5597,"IITH Kandi, Hyderabad - TSPCB",9.054148936170213,94,96,97.91666666666666
2025-01-30,site_5597,"IITH Kandi, Hyderabad - TSPCB",11.43063157894737,95,96,98.95833333333334
2025-01-31,site_5597,"IITH Kandi, Hyderabad - TSPCB",11.382340425531915,94,96,97.91666666666666
2025-02-01,site_5597,"IITH Kandi, Hyderabad - TSPCB",10.702947368421052,95,96,98.95833333333334
2025-02-02,site_5597,"IITH Kandi, Hyderabad - TSPCB",7.994479166666667,96,96,100.0
2025-02-03,site_5597,"IITH Kandi, Hyderabad - TSPCB",6.4269791666666665,96,96,100.0
2025-02-04,site_5597,"IITH Kandi, Hyderabad - TSPCB",,43,96,44.79166666666667
2025-02-05,site_5597,"IITH Kandi, Hyderabad - TSPCB",,51,96,53.125
2025-02-06,site_5597,"IITH Kandi, Hyderabad - TSPCB",9.61063829787234,94,96,97.91666666666666
2025-02-07,site_5597,"IITH Kandi, Hyderabad - TSPCB",9.9078125,96,96,100.0
2025-02-08,site_5597,"IITH Kandi, Hyderabad - TSPCB",10.0028125,96,96,100.0
2025-02-09,site_5597,"IITH Kandi, Hyderabad - TSPCB",,26,96,27.083333333333332
2025-02-10,site_5597,"IITH Kandi, Hyderabad - TSPCB",,49,96,51.041666666666664
2025-02-11,site_5597,"IITH Kandi, Hyderabad - TSPCB",8.469583333333334,96,96,100.0
2025-02-12,site_5597,"IITH Kandi, Hyderabad - TSPCB",10.065268817204302,93,96,96.875
2025-02-13,site_5597,"IITH Kandi, Hyderabad - TSPCB",11.879787234042555,94,96,97.91666666666666
2025-02-14,site_5597,"IITH Kandi, Hyderabad - TSPCB",11.559555555555555,90,96,93.75
2025-02-15,site_5597,"IITH Kandi, Hyderabad - TSPCB",10.200697674418604,86,96,89.58333333333334
2025-02-16,site_5597,"IITH Kandi, Hyderabad - TSPCB",8.4859375,96,96,100.0
2025-02-17,site_5597,"IITH Kandi, Hyderabad - TSPCB",7.688297872340426,94,96,97.91666666666666
2025-02-18,site_5597,"IITH Kandi, Hyderabad - TSPCB",9.358854166666667,96,96,100.0
2025-02-19,site_5597,"IITH Kandi, Hyderabad - TSPCB",10.877291666666666,96,96,100.0
2025-02-20,site_5597,"IITH Kandi, Hyderabad - TSPCB",11.974086021505375,93,96,96.875
2025-02-21,site_5597,"IITH Kandi, Hyderabad - TSPCB",12.229166666666666,96,96,100.0
2025-02-22,site_5597,"IITH Kandi, Hyderabad - TSPCB",10.266526315789474,95,96,98.95833333333334
2025-02-23,site_5597,"IITH Kandi, Hyderabad - TSPCB",8.372604166666667,96,96,100.0
2025-02-24,site_5597,"IITH Kandi, Hyderabad - TSPCB",8.863229166666667,96,96,100.0
2025-02-25,site_5597,"IITH Kandi, Hyderabad - TSPCB",10.112553191489361,94,96,97.91666666666666
2025-02-26,site_5597,"IITH Kandi, Hyderabad - TSPCB",9.742043010752688,93,96,96.875
2025-02-27,site_5597,"IITH Kandi, Hyderabad - TSPCB",8.534367816091954,87,96,90.625
2025-02-28,site_5597,"IITH Kandi, Hyderabad - TSPCB",,67,96,69.79166666666666
2025-03-01,site_5597,"IITH Kandi, Hyderabad - TSPCB",10.380760869565217,92,96,95.83333333333334
2025-03-02,site_5597,"IITH Kandi, Hyderabad - TSPCB",11.300104166666666,96,96,100.0
2025-03-03,site_5597,"IITH Kandi, Hyderabad - TSPCB",9.053645833333333,96,96,100.0
2025-03-04,site_5597,"IITH Kandi, Hyderabad - TSPCB",8.159791666666667,96,96,100.0
2025-03-05,site_5597,"IITH Kandi, Hyderabad - TSPCB",9.179062499999999,96,96,100.0
2025-03-06,site_5597,"IITH Kandi, Hyderabad - TSPCB",10.753124999999999,96,96,100.0
2025-03-07,site_5597,"IITH Kandi, Hyderabad - TSPCB",10.524583333333334,96,96,100.0
2025-03-08,site_5597,"IITH Kandi, Hyderabad - TSPCB",8.946770833333334,96,96,100.0
2025-03-09,site_5597,"IITH Kandi, Hyderabad - TSPCB",8.41235294117647,85,96,88.54166666666666
2025-03-10,site_5597,"IITH Kandi, Hyderabad - TSPCB",7.616458333333333,96,96,100.0
2025-03-11,site_5597,"IITH Kandi, Hyderabad - TSPCB",6.120833333333334,96,96,100.0
2025-03-12,site_5597,"IITH Kandi, Hyderabad - TSPCB",8.366962025316456,79,96,82.29166666666666
2025-03-13,site_5597,"IITH Kandi, Hyderabad - TSPCB",,0,96,0.0
2025-03-14,site_5597,"IITH Kandi, Hyderabad - TSPCB",,59,96,61.458333333333336
2025-03-15,site_5597,"IITH Kandi, Hyderabad - TSPCB",11.895473684210526,95,96,98.95833333333334
2025-03-16,site_5597,"IITH Kandi, Hyderabad - TSPCB",14.4609375,96,96,100.0
2025-03-17,site_5597,"IITH Kandi, Hyderabad - TSPCB",15.464893617021277,94,96,97.91666666666666
2025-03-18,site_5597,"IITH Kandi, Hyderabad - TSPCB",15.028333333333334,96,96,100.0
2025-03-19,site_5597,"IITH Kandi, Hyderabad - TSPCB",14.629787234042555,94,96,97.91666666666666
2025-03-20,site_5597,"IITH Kandi, Hyderabad - TSPCB",14.749148936170213,94,96,97.91666666666666
2025-03-21,site_5597,"IITH Kandi, Hyderabad - TSPCB",14.567291666666668,96,96,100.0
2025-03-22,site_5597,"IITH Kandi, Hyderabad - TSPCB",13.75741935483871,93,96,96.875
2025-03-23,site_5597,"IITH Kandi, Hyderabad - TSPCB",,70,96,72.91666666666666
2025-03-24,site_5597,"IITH Kandi, Hyderabad - TSPCB",12.610638297872342,94,96,97.91666666666666
2025-03-25,site_5597,"IITH Kandi, Hyderabad - TSPCB",11.5928125,96,96,100.0
2025-03-26,site_5597,"IITH Kandi, Hyderabad - TSPCB",13.391354166666666,96,96,100.0
2025-03-27,site_5597,"IITH Kandi, Hyderabad - TSPCB",15.242947368421051,95,96,98.95833333333334
2025-03-28,site_5597,"IITH Kandi, Hyderabad - TSPCB",14.949473684210528,95,96,98.95833333333334
2025-03-29,site_5597,"IITH Kandi, Hyderabad - TSPCB",12.56357894736842,95,96,98.95833333333334
2025-03-30,site_5597,"IITH Kandi, Hyderabad - TSPCB",10.743958333333333,96,96,100.0
2025-03-31,site_5597,"IITH Kandi, Hyderabad - TSPCB",10.73159574468085,94,96,97.91666666666666
2025-04-01,site_5597,"IITH Kandi, Hyderabad - TSPCB",11.380833333333333,96,96,100.0
2025-04-02,site_5597,"IITH Kandi, Hyderabad - TSPCB",12.7159375,96,96,100.0
2025-04-03,site_5597,"IITH Kandi, Hyderabad - TSPCB",13.779565217391305,92,96,95.83333333333334
2025-04-04,site_5597,"IITH Kandi, Hyderabad - TSPCB",13.541153846153847,78,96,81.25
2025-04-05,site_5597,"IITH Kandi, Hyderabad - TSPCB",12.878124999999999,96,96,100.0
2025-04-06,site_5597,"IITH Kandi, Hyderabad - TSPCB",13.340967741935485,93,96,96.875
2025-04-07,site_5597,"IITH Kandi, Hyderabad - TSPCB",13.425052631578946,95,96,98.95833333333334
2025-04-08,site_5597,"IITH Kandi, Hyderabad - TSPCB",13.755208333333334,96,96,100.0
2025-04-09,site_5597,"IITH Kandi, Hyderabad - TSPCB",13.198241758241759,91,96,94.79166666666666
2025-04-10,site_5597,"IITH Kandi, Hyderabad - TSPCB",12.705813953488372,86,96,89.58333333333334
2025-04-11,site_5597,"IITH Kandi, Hyderabad - TSPCB",12.563111111111112,90,96,93.75
2025-04-12,site_5597,"IITH Kandi, Hyderabad - TSPCB",12.61968085106383,94,96,97.91666666666666
2025-04-13,site_5597,"IITH Kandi, Hyderabad - TSPCB",11.264731182795698,93,96,96.875
2025-04-14,site_5597,"IITH Kandi, Hyderabad - TSPCB",11.522631578947369,95,96,98.95833333333334
2025-04-15,site_5597,"IITH Kandi, Hyderabad - TSPCB",12.411170212765958,94,96,97.91666666666666
2025-04-16,site_5597,"IITH Kandi, Hyderabad - TSPCB",10.942083333333334,96,96,100.0
2025-04-17,site_5597,"IITH Kandi, Hyderabad - TSPCB",9.321875,96,96,100.0
2025-04-18,site_5597,"IITH Kandi, Hyderabad - TSPCB",10.441354166666667,96,96,100.0
2025-04-19,site_5597,"IITH Kandi, Hyderabad - TSPCB",11.844886363636363,88,96,91.66666666666666
2025-04-20,site_5597,"IITH Kandi, Hyderabad - TSPCB",13.562127659574466,94,96,97.91666666666666
2025-04-21,site_5597,"IITH Kandi, Hyderabad - TSPCB",12.833406593406593,91,96,94.79166666666666
2025-04-22,site_5597,"IITH Kandi, Hyderabad - TSPCB",10.09442105263158,95,96,98.95833333333334
2025-04-23,site_5597,"IITH Kandi, Hyderabad - TSPCB",8.648947368421052,95,96,98.95833333333334
2025-04-24,site_5597,"IITH Kandi, Hyderabad - TSPCB",,42,96,43.75
2025-04-25,site_5597,"IITH Kandi, Hyderabad - TSPCB",,55,96,57.291666666666664
2025-04-26,site_5597,"IITH Kandi, Hyderabad - TSPCB",10.289263157894737,95,96,98.95833333333334
2025-04-27,site_5597,"IITH Kandi, Hyderabad - TSPCB",9.311785714285715,84,96,87.5
2025-04-28,site_5597,"IITH Kandi, Hyderabad - TSPCB",8.919157894736843,95,96,98.95833333333334
2025-04-29,site_5597,"IITH Kandi, Hyderabad - TSPCB",9.22,96,96,100.0
2025-04-30,site_5597,"IITH Kandi, Hyderabad - TSPCB",10.523085106382979,94,96,97.91666666666666
2025-05-01,site_5597,"IITH Kandi, Hyderabad - TSPCB",10.522234042553192,94,96,97.91666666666666
2025-05-02,site_5597,"IITH Kandi, Hyderabad - TSPCB",9.951827956989247,93,96,96.875
2025-05-03,site_5597,"IITH Kandi, Hyderabad - TSPCB",9.731458333333334,96,96,100.0
2025-05-04,site_5597,"IITH Kandi, Hyderabad - TSPCB",9.877578947368422,95,96,98.95833333333334
2025-05-05,site_5597,"IITH Kandi, Hyderabad - TSPCB",10.909687499999999,96,96,100.0
2025-05-06,site_5597,"IITH Kandi, Hyderabad - TSPCB",10.141789473684211,95,96,98.95833333333334
2025-05-07,site_5597,"IITH Kandi, Hyderabad - TSPCB",11.0296875,96,96,100.0
2025-05-08,site_5597,"IITH Kandi, Hyderabad - TSPCB",12.370212765957445,94,96,97.91666666666666
2025-05-09,site_5597,"IITH Kandi, Hyderabad - TSPCB",10.492916666666668,96,96,100.0
2025-05-10,site_5597,"IITH Kandi, Hyderabad - TSPCB",10.133297872340425,94,96,97.91666666666666
2025-05-11,site_5597,"IITH Kandi, Hyderabad - TSPCB",10.221041666666666,96,96,100.0
2025-05-12,site_5597,"IITH Kandi, Hyderabad - TSPCB",9.087291666666667,96,96,100.0
2025-05-13,site_5597,"IITH Kandi, Hyderabad - TSPCB",8.990208333333333,96,96,100.0
2025-05-14,site_5597,"IITH Kandi, Hyderabad - TSPCB",11.998494623655914,93,96,96.875
2025-05-15,site_5597,"IITH Kandi, Hyderabad - TSPCB",11.41463157894737,95,96,98.95833333333334
2025-05-16,site_5597,"IITH Kandi, Hyderabad - TSPCB",11.238124999999998,96,96,100.0
2025-05-17,site_5597,"IITH Kandi, Hyderabad - TSPCB",10.771875,96,96,100.0
2025-05-18,site_5597,"IITH Kandi, Hyderabad - TSPCB",11.297340425531916,94,96,97.91666666666666
2025-05-19,site_5597,"IITH Kandi, Hyderabad - TSPCB",11.113118279569893,93,96,96.875
2025-05-20,site_5597,"IITH Kandi, Hyderabad - TSPCB",11.607157894736842,95,96,98.95833333333334
2025-05-21,site_5597,"IITH Kandi, Hyderabad - TSPCB",10.802999999999999,90,96,93.75
2025-05-22,site_5597,"IITH Kandi, Hyderabad - TSPCB",9.605104166666667,96,96,100.0
2025-05-23,site_5597,"IITH Kandi, Hyderabad - TSPCB",10.05042105263158,95,96,98.95833333333334
2025-05-24,site_5597,"IITH Kandi, Hyderabad - TSPCB",10.175374999999999,80,96,83.33333333333334
2025-05-25,site_5597,"IITH Kandi, Hyderabad - TSPCB",11.243478260869566,92,96,95.83333333333334
2025-05-26,site_5597,"IITH Kandi, Hyderabad - TSPCB",10.427052631578947,95,96,98.95833333333334
2025-05-27,site_5597,"IITH Kandi, Hyderabad - TSPCB",10.214479166666667,96,96,100.0
2025-05-28,site_5597,"IITH Kandi, Hyderabad - TSPCB",10.208064516129033,93,96,96.875
2025-05-29,site_5597,"IITH Kandi, Hyderabad - TSPCB",12.731875,96,96,100.0
2025-05-30,site_5597,"IITH Kandi, Hyderabad - TSPCB",10.518958333333334,96,96,100.0
2025-05-31,site_5597,"IITH Kandi, Hyderabad - TSPCB",10.720842105263158,95,96,98.95833333333334
2025-06-01,site_5597,"IITH Kandi, Hyderabad - TSPCB",11.920833333333334,96,96,100.0
2025-06-02,site_5597,"IITH Kandi, Hyderabad - TSPCB",11.19421052631579,95,96,98.95833333333334
2025-06-03,site_5597,"IITH Kandi, Hyderabad - TSPCB",10.244375,96,96,100.0
2025-06-04,site_5597,"IITH Kandi, Hyderabad - TSPCB",10.51757894736842,95,96,98.95833333333334
2025-06-05,site_5597,"IITH Kandi, Hyderabad - TSPCB",9.736881720430107,93,96,96.875
2025-06-06,site_5597,"IITH Kandi, Hyderabad - TSPCB",9.227956989247312,93,96,96.875
2025-06-07,site_5597,"IITH Kandi, Hyderabad - TSPCB",8.98611111111111,90,96,93.75
2025-06-08,site_5597,"IITH Kandi, Hyderabad - TSPCB",8.597604166666667,96,96,100.0
2025-06-09,site_5597,"IITH Kandi, Hyderabad - TSPCB",9.240526315789474,95,96,98.95833333333334
2025-06-10,site_5597,"IITH Kandi, Hyderabad - TSPCB",8.971041666666666,96,96,100.0
2025-06-11,site_5597,"IITH Kandi, Hyderabad - TSPCB",10.5471875,96,96,100.0
2025-06-12,site_5597,"IITH Kandi, Hyderabad - TSPCB",,70,96,72.91666666666666
2025-06-13,site_5597,"IITH Kandi, Hyderabad - TSPCB",10.020729166666667,96,96,100.0
2025-06-14,site_5597,"IITH Kandi, Hyderabad - TSPCB",13.120957446808509,94,96,97.91666666666666
2025-06-15,site_5597,"IITH Kandi, Hyderabad - TSPCB",14.326145833333333,96,96,100.0
2025-06-16,site_5597,"IITH Kandi, Hyderabad - TSPCB",13.113541666666668,96,96,100.0
2025-06-17,site_5597,"IITH Kandi, Hyderabad - TSPCB",12.998,95,96,98.95833333333334
2025-06-18,site_5597,"IITH Kandi, Hyderabad - TSPCB",9.2153125,96,96,100.0
2025-06-19,site_5597,"IITH Kandi, Hyderabad - TSPCB",9.401770833333334,96,96,100.0
2025-06-20,site_5597,"IITH Kandi, Hyderabad - TSPCB",9.23627659574468,94,96,97.91666666666666
2025-06-21,site_5597,"IITH Kandi, Hyderabad - TSPCB",11.219545454545456,88,96,91.66666666666666
2025-06-22,site_5597,"IITH Kandi, Hyderabad - TSPCB",11.219473684210525,95,96,98.95833333333334
2025-06-23,site_5597,"IITH Kandi, Hyderabad - TSPCB",11.2046875,96,96,100.0
2025-06-24,site_5597,"IITH Kandi, Hyderabad - TSPCB",9.981666666666667,96,96,100.0
2025-06-25,site_5597,"IITH Kandi, Hyderabad - TSPCB",9.686041666666666,96,96,100.0
2025-06-26,site_5597,"IITH Kandi, Hyderabad - TSPCB",9.844999999999999,90,96,93.75
2025-06-27,site_5597,"IITH Kandi, Hyderabad - TSPCB",9.693229166666667,96,96,100.0
2025-06-28,site_5597,"IITH Kandi, Hyderabad - TSPCB",8.508723404255319,94,96,97.91666666666666
2025-06-29,site_5597,"IITH Kandi, Hyderabad - TSPCB",8.700531914893617,94,96,97.91666666666666
2025-06-30,site_5597,"IITH Kandi, Hyderabad - TSPCB",8.607204301075269,93,96,96.875
2025-07-01,site_5597,"IITH Kandi, Hyderabad - TSPCB",8.19978494623656,93,96,96.875
2025-07-02,site_5597,"IITH Kandi, Hyderabad - TSPCB",11.481875,96,96,100.0
2025-07-03,site_5597,"IITH Kandi, Hyderabad - TSPCB",13.441770833333335,96,96,100.0
2025-07-04,site_5597,"IITH Kandi, Hyderabad - TSPCB",11.257052631578949,95,96,98.95833333333334
2025-07-05,site_5597,"IITH Kandi, Hyderabad - TSPCB",11.790947368421053,95,96,98.95833333333334
2025-07-06,site_5597,"IITH Kandi, Hyderabad - TSPCB",12.936979166666667,96,96,100.0
2025-07-07,site_5597,"IITH Kandi, Hyderabad - TSPCB",13.707840909090908,88,96,91.66666666666666
2025-07-08,site_5597,"IITH Kandi, Hyderabad - TSPCB",,58,96,60.416666666666664
2025-07-09,site_5597,"IITH Kandi, Hyderabad - TSPCB",13.906041666666667,96,96,100.0
2025-07-10,site_5597,"IITH Kandi, Hyderabad - TSPCB",10.481860465116279,86,96,89.58333333333334
2025-07-11,site_5597,"IITH Kandi, Hyderabad - TSPCB",9.416627906976744,86,96,89.58333333333334
2025-07-12,site_5597,"IITH Kandi, Hyderabad - TSPCB",,65,96,67.70833333333334
2025-07-13,site_5597,"IITH Kandi, Hyderabad - TSPCB",,0,96,0.0
2025-07-14,site_5597,"IITH Kandi, Hyderabad - TSPCB",,60,96,62.5
2025-07-15,site_5597,"IITH Kandi, Hyderabad - TSPCB",9.378736842105264,95,96,98.95833333333334
2025-07-16,site_5597,"IITH Kandi, Hyderabad - TSPCB",11.504583333333334,96,96,100.0
2025-07-17,site_5597,"IITH Kandi, Hyderabad - TSPCB",10.641250000000001,96,96,100.0
2025-07-18,site_5597,"IITH Kandi, Hyderabad - TSPCB",12.030736842105265,95,96,98.95833333333334
2025-07-19,site_5597,"IITH Kandi, Hyderabad - TSPCB",,62,96,64.58333333333334
2025-07-20,site_5597,"IITH Kandi, Hyderabad - TSPCB",12.387999999999998,95,96,98.95833333333334
2025-07-21,site_5597,"IITH Kandi, Hyderabad - TSPCB",,70,96,72.91666666666666
2025-07-22,site_5597,"IITH Kandi, Hyderabad - TSPCB",16.23357894736842,95,96,98.95833333333334
2025-07-23,site_5597,"IITH Kandi, Hyderabad - TSPCB",14.923617021276595,94,96,97.91666666666666
2025-07-24,site_5597,"IITH Kandi, Hyderabad - TSPCB",12.92858695652174,92,96,95.83333333333334
2025-07-25,site_5597,"IITH Kandi, Hyderabad - TSPCB",,20,96,20.833333333333336
2025-07-26,site_5597,"IITH Kandi, Hyderabad - TSPCB",13.384315789473684,95,96,98.95833333333334
2025-07-27,site_5597,"IITH Kandi, Hyderabad - TSPCB",11.509263157894738,95,96,98.95833333333334
2025-07-28,site_5597,"IITH Kandi, Hyderabad - TSPCB",8.760736842105263,95,96,98.95833333333334
2025-07-29,site_5597,"IITH Kandi, Hyderabad - TSPCB",12.154791666666666,96,96,100.0
2025-07-30,site_5597,"IITH Kandi, Hyderabad - TSPCB",12.247297297297298,74,96,77.08333333333334
2025-07-31,site_5597,"IITH Kandi, Hyderabad - TSPCB",,67,96,69.79166666666666
2025-08-01,site_5597,"IITH Kandi, Hyderabad - TSPCB",,67,96,69.79166666666666
2025-08-02,site_5597,"IITH Kandi, Hyderabad - TSPCB",,63,96,65.625
2025-08-03,site_5597,"IITH Kandi, Hyderabad - TSPCB",10.754109589041095,73,96,76.04166666666666
2025-08-04,site_5597,"IITH Kandi, Hyderabad - TSPCB",,48,96,50.0
2025-08-05,site_5597,"IITH Kandi, Hyderabad - TSPCB",11.81968085106383,94,96,97.91666666666666
2025-08-06,site_5597,"IITH Kandi, Hyderabad - TSPCB",,70,96,72.91666666666666
2025-08-07,site_5597,"IITH Kandi, Hyderabad - TSPCB",,64,96,66.66666666666666
2025-08-08,site_5597,"IITH Kandi, Hyderabad - TSPCB",12.708541666666667,96,96,100.0
2025-08-09,site_5597,"IITH Kandi, Hyderabad - TSPCB",14.939787234042551,94,96,97.91666666666666
2025-08-10,site_5597,"IITH Kandi, Hyderabad - TSPCB",12.61484210526316,95,96,98.95833333333334
2025-08-11,site_5597,"IITH Kandi, Hyderabad - TSPCB",11.898191489361702,94,96,97.91666666666666
2025-08-12,site_5597,"IITH Kandi, Hyderabad - TSPCB",11.215714285714286,91,96,94.79166666666666
2025-08-13,site_5597,"IITH Kandi, Hyderabad - TSPCB",11.170416666666666,96,96,100.0
2025-08-14,site_5597,"IITH Kandi, Hyderabad - TSPCB",12.306914893617021,94,96,97.91666666666666
2025-08-15,site_5597,"IITH Kandi, Hyderabad - TSPCB",,42,96,43.75
2025-08-16,site_5597,"IITH Kandi, Hyderabad - TSPCB",,56,96,58.333333333333336
2025-08-17,site_5597,"IITH Kandi, Hyderabad - TSPCB",11.589062499999999,96,96,100.0
2025-08-18,site_5597,"IITH Kandi, Hyderabad - TSPCB",11.302604166666667,96,96,100.0
2025-08-19,site_5597,"IITH Kandi, Hyderabad - TSPCB",12.620493827160495,81,96,84.375
2025-08-20,site_5597,"IITH Kandi, Hyderabad - TSPCB",15.961279069767443,86,96,89.58333333333334
2025-08-21,site_5597,"IITH Kandi, Hyderabad - TSPCB",,54,96,56.25
2025-08-22,site_5597,"IITH Kandi, Hyderabad - TSPCB",,59,96,61.458333333333336
2025-08-23,site_5597,"IITH Kandi, Hyderabad - TSPCB",8.150105263157895,95,96,98.95833333333334
2025-08-24,site_5597,"IITH Kandi, Hyderabad - TSPCB",8.154130434782608,92,96,95.83333333333334
2025-08-25,site_5597,"IITH Kandi, Hyderabad - TSPCB",8.165263157894737,95,96,98.95833333333334
2025-08-26,site_5597,"IITH Kandi, Hyderabad - TSPCB",10.212105263157895,95,96,98.95833333333334
2025-08-27,site_5597,"IITH Kandi, Hyderabad - TSPCB",,65,96,67.70833333333334
2025-08-28,site_5597,"IITH Kandi, Hyderabad - TSPCB",11.844698795180722,83,96,86.45833333333334
2025-08-29,site_5597,"IITH Kandi, Hyderabad - TSPCB",,0,96,0.0
2025-08-30,site_5597,"IITH Kandi, Hyderabad - TSPCB",,66,96,68.75
2025-08-31,site_5597,"IITH Kandi, Hyderabad - TSPCB",12.122604166666667,96,96,100.0
2025-01-01,site_5604,"Kokapet, Hyderabad - TSPCB",7.407659574468085,94,96,97.91666666666666
2025-01-02,site_5604,"Kokapet, Hyderabad - TSPCB",11.256344086021505,93,96,96.875
2025-01-03,site_5604,"Kokapet, Hyderabad - TSPCB",,34,96,35.41666666666667
2025-01-04,site_5604,"Kokapet, Hyderabad - TSPCB",,24,96,25.0
2025-01-05,site_5604,"Kokapet, Hyderabad - TSPCB",,0,96,0.0
2025-01-06,site_5604,"Kokapet, Hyderabad - TSPCB",,47,96,48.95833333333333
2025-01-07,site_5604,"Kokapet, Hyderabad - TSPCB",,55,96,57.291666666666664
2025-01-08,site_5604,"Kokapet, Hyderabad - TSPCB",8.281578947368422,95,96,98.95833333333334
2025-01-09,site_5604,"Kokapet, Hyderabad - TSPCB",7.944166666666666,84,96,87.5
2025-01-10,site_5604,"Kokapet, Hyderabad - TSPCB",,59,96,61.458333333333336
2025-01-11,site_5604,"Kokapet, Hyderabad - TSPCB",7.876,75,96,78.125
2025-01-12,site_5604,"Kokapet, Hyderabad - TSPCB",,56,96,58.333333333333336
2025-01-13,site_5604,"Kokapet, Hyderabad - TSPCB",8.841702127659575,94,96,97.91666666666666
2025-01-14,site_5604,"Kokapet, Hyderabad - TSPCB",9.242708333333333,96,96,100.0
2025-01-15,site_5604,"Kokapet, Hyderabad - TSPCB",9.271875,96,96,100.0
2025-01-16,site_5604,"Kokapet, Hyderabad - TSPCB",9.26375,96,96,100.0
2025-01-17,site_5604,"Kokapet, Hyderabad - TSPCB",9.754352941176471,85,96,88.54166666666666
2025-01-18,site_5604,"Kokapet, Hyderabad - TSPCB",9.71,95,96,98.95833333333334
2025-01-19,site_5604,"Kokapet, Hyderabad - TSPCB",8.84164705882353,85,96,88.54166666666666
2025-01-20,site_5604,"Kokapet, Hyderabad - TSPCB",7.747263157894737,95,96,98.95833333333334
2025-01-21,site_5604,"Kokapet, Hyderabad - TSPCB",8.010625,96,96,100.0
2025-01-22,site_5604,"Kokapet, Hyderabad - TSPCB",9.356354166666668,96,96,100.0
2025-01-23,site_5604,"Kokapet, Hyderabad - TSPCB",,49,96,51.041666666666664
2025-01-24,site_5604,"Kokapet, Hyderabad - TSPCB",,19,96,19.791666666666664
2025-01-25,site_5604,"Kokapet, Hyderabad - TSPCB",12.338191489361702,94,96,97.91666666666666
2025-01-26,site_5604,"Kokapet, Hyderabad - TSPCB",12.352812499999999,96,96,100.0
2025-01-27,site_5604,"Kokapet, Hyderabad - TSPCB",12.151874999999999,96,96,100.0
2025-01-28,site_5604,"Kokapet, Hyderabad - TSPCB",,47,96,48.95833333333333
2025-01-29,site_5604,"Kokapet, Hyderabad - TSPCB",,41,96,42.70833333333333
2025-01-30,site_5604,"Kokapet, Hyderabad - TSPCB",,0,96,0.0
2025-01-31,site_5604,"Kokapet, Hyderabad - TSPCB",,29,96,30.208333333333332
2025-02-01,site_5604,"Kokapet, Hyderabad - TSPCB",,19,96,19.791666666666664
2025-02-02,site_5604,"Kokapet, Hyderabad - TSPCB",,0,96,0.0
2025-02-03,site_5604,"Kokapet, Hyderabad - TSPCB",,0,96,0.0
2025-02-04,site_5604,"Kokapet, Hyderabad - TSPCB",,32,96,33.33333333333333
2025-02-05,site_5604,"Kokapet, Hyderabad - TSPCB",,52,96,54.166666666666664
2025-02-06,site_5604,"Kokapet, Hyderabad - TSPCB",,44,96,45.83333333333333
2025-02-07,site_5604,"Kokapet, Hyderabad - TSPCB",12.076145833333333,96,96,100.0
2025-02-08,site_5604,"Kokapet, Hyderabad - TSPCB",13.370215053763442,93,96,96.875
2025-02-09,site_5604,"Kokapet, Hyderabad - TSPCB",11.174105263157895,95,96,98.95833333333334
2025-02-10,site_5604,"Kokapet, Hyderabad - TSPCB",9.952688172043011,93,96,96.875
2025-02-11,site_5604,"Kokapet, Hyderabad - TSPCB",11.339479166666665,96,96,100.0
2025-02-12,site_5604,"Kokapet, Hyderabad - TSPCB",13.09712765957447,94,96,97.91666666666666
2025-02-13,site_5604,"Kokapet, Hyderabad - TSPCB",11.517111111111111,90,96,93.75
2025-02-14,site_5604,"Kokapet, Hyderabad - TSPCB",13.239157894736842,95,96,98.95833333333334
2025-02-15,site_5604,"Kokapet, Hyderabad - TSPCB",13.00357894736842,95,96,98.95833333333334
2025-02-16,site_5604,"Kokapet, Hyderabad - TSPCB",12.007472527472528,91,96,94.79166666666666
2025-02-17,site_5604,"Kokapet, Hyderabad - TSPCB",10.762526315789474,95,96,98.95833333333334
2025-02-18,site_5604,"Kokapet, Hyderabad - TSPCB",9.044333333333334,90,96,93.75
2025-02-19,site_5604,"Kokapet, Hyderabad - TSPCB",10.141145833333333,96,96,100.0
2025-02-20,site_5604,"Kokapet, Hyderabad - TSPCB",10.355368421052631,95,96,98.95833333333334
2025-02-21,site_5604,"Kokapet, Hyderabad - TSPCB",10.444687499999999,96,96,100.0
2025-02-22,site_5604,"Kokapet, Hyderabad - TSPCB",10.8278125,96,96,100.0
2025-02-23,site_5604,"Kokapet, Hyderabad - TSPCB",10.083936170212766,94,96,97.91666666666666
2025-02-24,site_5604,"Kokapet, Hyderabad - TSPCB",11.606489361702128,94,96,97.91666666666666
2025-02-25,site_5604,"Kokapet, Hyderabad - TSPCB",9.01494623655914,93,96,96.875
2025-02-26,site_5604,"Kokapet, Hyderabad - TSPCB",7.8453124999999995,96,96,100.0
2025-02-27,site_5604,"Kokapet, Hyderabad - TSPCB",7.893191489361702,94,96,97.91666666666666
2025-02-28,site_5604,"Kokapet, Hyderabad - TSPCB",7.8821176470588235,85,96,88.54166666666666
2025-03-01,site_5604,"Kokapet, Hyderabad - TSPCB",8.910869565217391,92,96,95.83333333333334
2025-03-02,site_5604,"Kokapet, Hyderabad - TSPCB",9.346105263157895,95,96,98.95833333333334
2025-03-03,site_5604,"Kokapet, Hyderabad - TSPCB",9.8565625,96,96,100.0
2025-03-04,site_5604,"Kokapet, Hyderabad - TSPCB",11.879791666666668,96,96,100.0
2025-03-05,site_5604,"Kokapet, Hyderabad - TSPCB",11.935263157894736,95,96,98.95833333333334
2025-03-06,site_5604,"Kokapet, Hyderabad - TSPCB",11.201382978723405,94,96,97.91666666666666
2025-03-07,site_5604,"Kokapet, Hyderabad - TSPCB",10.859895833333333,96,96,100.0
2025-03-08,site_5604,"Kokapet, Hyderabad - TSPCB",10.88515789473684,95,96,98.95833333333334
2025-03-09,site_5604,"Kokapet, Hyderabad - TSPCB",10.461458333333333,96,96,100.0
2025-03-10,site_5604,"Kokapet, Hyderabad - TSPCB",10.647083333333333,96,96,100.0
2025-03-11,site_5604,"Kokapet, Hyderabad - TSPCB",10.922708333333333,96,96,100.0
2025-03-12,site_5604,"Kokapet, Hyderabad - TSPCB",10.150104166666667,96,96,100.0
2025-03-13,site_5604,"Kokapet, Hyderabad - TSPCB",10.73531914893617,94,96,97.91666666666666
2025-03-14,site_5604,"Kokapet, Hyderabad - TSPCB",11.673297872340425,94,96,97.91666666666666
2025-03-15,site_5604,"Kokapet, Hyderabad - TSPCB",11.880444444444445,90,96,93.75
2025-03-16,site_5604,"Kokapet, Hyderabad - TSPCB",11.373548387096774,93,96,96.875
2025-03-17,site_5604,"Kokapet, Hyderabad - TSPCB",10.961304347826086,92,96,95.83333333333334
2025-03-18,site_5604,"Kokapet, Hyderabad - TSPCB",11.705833333333333,96,96,100.0
2025-03-19,site_5604,"Kokapet, Hyderabad - TSPCB",11.641758241758243,91,96,94.79166666666666
2025-03-20,site_5604,"Kokapet, Hyderabad - TSPCB",11.557473684210526,95,96,98.95833333333334
2025-03-21,site_5604,"Kokapet, Hyderabad - TSPCB",12.129462365591397,93,96,96.875
2025-03-22,site_5604,"Kokapet, Hyderabad - TSPCB",11.764117647058825,85,96,88.54166666666666
2025-03-23,site_5604,"Kokapet, Hyderabad - TSPCB",12.2521875,96,96,100.0
2025-03-24,site_5604,"Kokapet, Hyderabad - TSPCB",12.267096774193547,93,96,96.875
2025-03-25,site_5604,"Kokapet, Hyderabad - TSPCB",13.536914893617022,94,96,97.91666666666666
2025-03-26,site_5604,"Kokapet, Hyderabad - TSPCB",15.03842105263158,95,96,98.95833333333334
2025-03-27,site_5604,"Kokapet, Hyderabad - TSPCB",12.779375,96,96,100.0
2025-03-28,site_5604,"Kokapet, Hyderabad - TSPCB",12.801473684210528,95,96,98.95833333333334
2025-03-29,site_5604,"Kokapet, Hyderabad - TSPCB",12.239166666666668,96,96,100.0
2025-03-30,site_5604,"Kokapet, Hyderabad - TSPCB",10.7975,96,96,100.0
2025-03-31,site_5604,"Kokapet, Hyderabad - TSPCB",10.442708333333334,96,96,100.0
2025-04-01,site_5604,"Kokapet, Hyderabad - TSPCB",11.120967741935484,93,96,96.875
2025-04-02,site_5604,"Kokapet, Hyderabad - TSPCB",10.770659340659341,91,96,94.79166666666666
2025-04-03,site_5604,"Kokapet, Hyderabad - TSPCB",12.381034482758622,87,96,90.625
2025-04-04,site_5604,"Kokapet, Hyderabad - TSPCB",14.695473684210526,95,96,98.95833333333334
2025-04-05,site_5604,"Kokapet, Hyderabad - TSPCB",14.656979166666666,96,96,100.0
2025-04-06,site_5604,"Kokapet, Hyderabad - TSPCB",14.665957446808509,94,96,97.91666666666666
2025-04-07,site_5604,"Kokapet, Hyderabad - TSPCB",13.357894736842105,95,96,98.95833333333334
2025-04-08,site_5604,"Kokapet, Hyderabad - TSPCB",10.893541666666666,96,96,100.0
2025-04-09,site_5604,"Kokapet, Hyderabad - TSPCB",10.93659574468085,94,96,97.91666666666666
2025-04-10,site_5604,"Kokapet, Hyderabad - TSPCB",11.0959375,96,96,100.0
2025-04-11,site_5604,"Kokapet, Hyderabad - TSPCB",10.767142857142858,91,96,94.79166666666666
2025-04-12,site_5604,"Kokapet, Hyderabad - TSPCB",10.807976190476191,84,96,87.5
2025-04-13,site_5604,"Kokapet, Hyderabad - TSPCB",10.771041666666667,96,96,100.0
2025-04-14,site_5604,"Kokapet, Hyderabad - TSPCB",11.475698924731184,93,96,96.875
2025-04-15,site_5604,"Kokapet, Hyderabad - TSPCB",12.14244680851064,94,96,97.91666666666666
2025-04-16,site_5604,"Kokapet, Hyderabad - TSPCB",12.415744680851063,94,96,97.91666666666666
2025-04-17,site_5604,"Kokapet, Hyderabad - TSPCB",11.420947368421052,95,96,98.95833333333334
2025-04-18,site_5604,"Kokapet, Hyderabad - TSPCB",11.393804347826087,92,96,95.83333333333334
2025-04-19,site_5604,"Kokapet, Hyderabad - TSPCB",12.073578947368421,95,96,98.95833333333334
2025-04-20,site_5604,"Kokapet, Hyderabad - TSPCB",11.65468085106383,94,96,97.91666666666666
2025-04-21,site_5604,"Kokapet, Hyderabad - TSPCB",11.114565217391304,92,96,95.83333333333334
2025-04-22,site_5604,"Kokapet, Hyderabad - TSPCB",11.511894736842107,95,96,98.95833333333334
2025-04-23,site_5604,"Kokapet, Hyderabad - TSPCB",11.438133333333333,75,96,78.125
2025-04-24,site_5604,"Kokapet, Hyderabad - TSPCB",11.331098901098903,91,96,94.79166666666666
2025-04-25,site_5604,"Kokapet, Hyderabad - TSPCB",11.343571428571428,84,96,87.5
2025-04-26,site_5604,"Kokapet, Hyderabad - TSPCB",11.402444444444445,90,96,93.75
2025-04-27,site_5604,"Kokapet, Hyderabad - TSPCB",11.713541666666666,96,96,100.0
2025-04-28,site_5604,"Kokapet, Hyderabad - TSPCB",10.832027027027028,74,96,77.08333333333334
2025-04-29,site_5604,"Kokapet, Hyderabad - TSPCB",11.728588235294117,85,96,88.54166666666666
2025-04-30,site_5604,"Kokapet, Hyderabad - TSPCB",11.296052631578947,76,96,79.16666666666666
2025-05-01,site_5604,"Kokapet, Hyderabad - TSPCB",11.113417721518989,79,96,82.29166666666666
2025-05-02,site_5604,"Kokapet, Hyderabad - TSPCB",11.139310344827587,87,96,90.625
2025-05-03,site_5604,"Kokapet, Hyderabad - TSPCB",,71,96,73.95833333333334
2025-05-04,site_5604,"Kokapet, Hyderabad - TSPCB",,67,96,69.79166666666666
2025-05-05,site_5604,"Kokapet, Hyderabad - TSPCB",10.812823529411766,85,96,88.54166666666666
2025-05-06,site_5604,"Kokapet, Hyderabad - TSPCB",11.629791666666668,96,96,100.0
2025-05-07,site_5604,"Kokapet, Hyderabad - TSPCB",11.52010752688172,93,96,96.875
2025-05-08,site_5604,"Kokapet, Hyderabad - TSPCB",12.470117647058824,85,96,88.54166666666666
2025-05-09,site_5604,"Kokapet, Hyderabad - TSPCB",,47,96,48.95833333333333
2025-05-10,site_5604,"Kokapet, Hyderabad - TSPCB",,0,96,0.0
2025-05-11,site_5604,"Kokapet, Hyderabad - TSPCB",,0,96,0.0
2025-05-12,site_5604,"Kokapet, Hyderabad - TSPCB",,25,96,26.041666666666668
2025-05-13,site_5604,"Kokapet, Hyderabad - TSPCB",10.608736842105264,95,96,98.95833333333334
2025-05-14,site_5604,"Kokapet, Hyderabad - TSPCB",,42,96,43.75
2025-05-15,site_5604,"Kokapet, Hyderabad - TSPCB",,0,96,0.0
2025-05-16,site_5604,"Kokapet, Hyderabad - TSPCB",,0,96,0.0
2025-05-17,site_5604,"Kokapet, Hyderabad - TSPCB",,20,96,20.833333333333336
2025-05-18,site_5604,"Kokapet, Hyderabad - TSPCB",9.702708333333334,96,96,100.0
2025-05-19,site_5604,"Kokapet, Hyderabad - TSPCB",9.745866666666668,75,96,78.125
2025-05-20,site_5604,"Kokapet, Hyderabad - TSPCB",10.548936170212766,94,96,97.91666666666666
2025-05-21,site_5604,"Kokapet, Hyderabad - TSPCB",10.30178947368421,95,96,98.95833333333334
2025-05-22,site_5604,"Kokapet, Hyderabad - TSPCB",9.711368421052631,95,96,98.95833333333334
2025-05-23,site_5604,"Kokapet, Hyderabad - TSPCB",10.398229166666667,96,96,100.0
2025-05-24,site_5604,"Kokapet, Hyderabad - TSPCB",10.979638554216868,83,96,86.45833333333334
2025-05-25,site_5604,"Kokapet, Hyderabad - TSPCB",10.131397849462365,93,96,96.875
2025-05-26,site_5604,"Kokapet, Hyderabad - TSPCB",9.909186046511628,86,96,89.58333333333334
2025-05-27,site_5604,"Kokapet, Hyderabad - TSPCB",10.448709677419355,93,96,96.875
2025-05-28,site_5604,"Kokapet, Hyderabad - TSPCB",10.8575,96,96,100.0
2025-05-29,site_5604,"Kokapet, Hyderabad - TSPCB",10.694479166666667,96,96,100.0
2025-05-30,site_5604,"Kokapet, Hyderabad - TSPCB",9.967446808510637,94,96,97.91666666666666
2025-05-31,site_5604,"Kokapet, Hyderabad - TSPCB",10.051770833333334,96,96,100.0
2025-06-01,site_5604,"Kokapet, Hyderabad - TSPCB",10.223473684210527,95,96,98.95833333333334
2025-06-02,site_5604,"Kokapet, Hyderabad - TSPCB",11.3818085106383,94,96,97.91666666666666
2025-06-03,site_5604,"Kokapet, Hyderabad - TSPCB",12.088947368421053,95,96,98.95833333333334
2025-06-04,site_5604,"Kokapet, Hyderabad - TSPCB",10.770105263157895,95,96,98.95833333333334
2025-06-05,site_5604,"Kokapet, Hyderabad - TSPCB",11.213052631578947,95,96,98.95833333333334
2025-06-06,site_5604,"Kokapet, Hyderabad - TSPCB",11.286702127659575,94,96,97.91666666666666
2025-06-07,site_5604,"Kokapet, Hyderabad - TSPCB",11.973541666666668,96,96,100.0
2025-06-08,site_5604,"Kokapet, Hyderabad - TSPCB",10.750315789473683,95,96,98.95833333333334
2025-06-09,site_5604,"Kokapet, Hyderabad - TSPCB",11.532584269662923,89,96,92.70833333333334
2025-06-10,site_5604,"Kokapet, Hyderabad - TSPCB",10.973125000000001,96,96,100.0
2025-06-11,site_5604,"Kokapet, Hyderabad - TSPCB",11.090842105263157,95,96,98.95833333333334
2025-06-12,site_5604,"Kokapet, Hyderabad - TSPCB",11.138369565217392,92,96,95.83333333333334
2025-06-13,site_5604,"Kokapet, Hyderabad - TSPCB",11.1009375,96,96,100.0
2025-06-14,site_5604,"Kokapet, Hyderabad - TSPCB",11.106739130434784,92,96,95.83333333333334
2025-06-15,site_5604,"Kokapet, Hyderabad - TSPCB",10.504193548387097,93,96,96.875
2025-06-16,site_5604,"Kokapet, Hyderabad - TSPCB",10.260625,96,96,100.0
2025-06-17,site_5604,"Kokapet, Hyderabad - TSPCB",11.281263157894736,95,96,98.95833333333334
2025-06-18,site_5604,"Kokapet, Hyderabad - TSPCB",11.511249999999999,96,96,100.0
2025-06-19,site_5604,"Kokapet, Hyderabad - TSPCB",10.927473684210526,95,96,98.95833333333334
2025-06-20,site_5604,"Kokapet, Hyderabad - TSPCB",10.41054347826087,92,96,95.83333333333334
2025-06-21,site_5604,"Kokapet, Hyderabad - TSPCB",11.576105263157896,95,96,98.95833333333334
2025-06-22,site_5604,"Kokapet, Hyderabad - TSPCB",12.205208333333333,96,96,100.0
2025-06-23,site_5604,"Kokapet, Hyderabad - TSPCB",10.712105263157895,95,96,98.95833333333334
2025-06-24,site_5604,"Kokapet, Hyderabad - TSPCB",10.182234042553192,94,96,97.91666666666666
2025-06-25,site_5604,"Kokapet, Hyderabad - TSPCB",10.857395833333333,96,96,100.0
2025-06-26,site_5604,"Kokapet, Hyderabad - TSPCB",10.704042553191488,94,96,97.91666666666666
2025-06-27,site_5604,"Kokapet, Hyderabad - TSPCB",12.841157894736844,95,96,98.95833333333334
2025-06-28,site_5604,"Kokapet, Hyderabad - TSPCB",13.282499999999999,96,96,100.0
2025-06-29,site_5604,"Kokapet, Hyderabad - TSPCB",10.440631578947368,95,96,98.95833333333334
2025-06-30,site_5604,"Kokapet, Hyderabad - TSPCB",8.943076923076923,91,96,94.79166666666666
2025-07-01,site_5604,"Kokapet, Hyderabad - TSPCB",11.722499999999998,96,96,100.0
2025-07-02,site_5604,"Kokapet, Hyderabad - TSPCB",12.55578947368421,95,96,98.95833333333334
2025-07-03,site_5604,"Kokapet, Hyderabad - TSPCB",12.485208333333333,96,96,100.0
2025-07-04,site_5604,"Kokapet, Hyderabad - TSPCB",11.58031914893617,94,96,97.91666666666666
2025-07-05,site_5604,"Kokapet, Hyderabad - TSPCB",11.138645833333333,96,96,100.0
2025-07-06,site_5604,"Kokapet, Hyderabad - TSPCB",11.246451612903227,93,96,96.875
2025-07-07,site_5604,"Kokapet, Hyderabad - TSPCB",11.161808510638298,94,96,97.91666666666666
2025-07-08,site_5604,"Kokapet, Hyderabad - TSPCB",10.893578947368422,95,96,98.95833333333334
2025-07-09,site_5604,"Kokapet, Hyderabad - TSPCB",10.411304347826087,92,96,95.83333333333334
2025-07-10,site_5604,"Kokapet, Hyderabad - TSPCB",10.143263157894737,95,96,98.95833333333334
2025-07-11,site_5604,"Kokapet, Hyderabad - TSPCB",10.882340425531915,94,96,97.91666666666666
2025-07-12,site_5604,"Kokapet, Hyderabad - TSPCB",12.04778947368421,95,96,98.95833333333334
2025-07-13,site_5604,"Kokapet, Hyderabad - TSPCB",12.02736842105263,95,96,98.95833333333334
2025-07-14,site_5604,"Kokapet, Hyderabad - TSPCB",12.654583333333333,96,96,100.0
2025-07-15,site_5604,"Kokapet, Hyderabad - TSPCB",,67,96,69.79166666666666
2025-07-16,site_5604,"Kokapet, Hyderabad - TSPCB",,59,96,61.458333333333336
2025-07-17,site_5604,"Kokapet, Hyderabad - TSPCB",,51,96,53.125
2025-07-18,site_5604,"Kokapet, Hyderabad - TSPCB",11.398842105263158,95,96,98.95833333333334
2025-07-19,site_5604,"Kokapet, Hyderabad - TSPCB",11.423723404255318,94,96,97.91666666666666
2025-07-20,site_5604,"Kokapet, Hyderabad - TSPCB",11.244270833333333,96,96,100.0
2025-07-21,site_5604,"Kokapet, Hyderabad - TSPCB",10.034166666666666,96,96,100.0
2025-07-22,site_5604,"Kokapet, Hyderabad - TSPCB",10.814893617021276,94,96,97.91666666666666
2025-07-23,site_5604,"Kokapet, Hyderabad - TSPCB",10.730842105263157,95,96,98.95833333333334
2025-07-24,site_5604,"Kokapet, Hyderabad - TSPCB",10.3709375,96,96,100.0
2025-07-25,site_5604,"Kokapet, Hyderabad - TSPCB",8.3496875,96,96,100.0
2025-07-26,site_5604,"Kokapet, Hyderabad - TSPCB",8.285729166666666,96,96,100.0
2025-07-27,site_5604,"Kokapet, Hyderabad - TSPCB",10.699139784946237,93,96,96.875
2025-07-28,site_5604,"Kokapet, Hyderabad - TSPCB",10.8259375,96,96,100.0
2025-07-29,site_5604,"Kokapet, Hyderabad - TSPCB",10.252291666666666,96,96,100.0
2025-07-30,site_5604,"Kokapet, Hyderabad - TSPCB",10.62642105263158,95,96,98.95833333333334
2025-07-31,site_5604,"Kokapet, Hyderabad - TSPCB",12.051562500000001,96,96,100.0
2025-08-01,site_5604,"Kokapet, Hyderabad - TSPCB",12.84421052631579,95,96,98.95833333333334
2025-08-02,site_5604,"Kokapet, Hyderabad - TSPCB",11.124895833333333,96,96,100.0
2025-08-03,site_5604,"Kokapet, Hyderabad - TSPCB",11.623645833333333,96,96,100.0
2025-08-04,site_5604,"Kokapet, Hyderabad - TSPCB",12.106421052631578,95,96,98.95833333333334
2025-08-05,site_5604,"Kokapet, Hyderabad - TSPCB",,45,96,46.875
2025-08-06,site_5604,"Kokapet, Hyderabad - TSPCB",13.199041095890411,73,96,76.04166666666666
2025-08-07,site_5604,"Kokapet, Hyderabad - TSPCB",12.076382978723405,94,96,97.91666666666666
2025-08-08,site_5604,"Kokapet, Hyderabad - TSPCB",11.430416666666666,96,96,100.0
2025-08-09,site_5604,"Kokapet, Hyderabad - TSPCB",11.75290322580645,93,96,96.875
2025-08-10,site_5604,"Kokapet, Hyderabad - TSPCB",12.517604166666667,96,96,100.0
2025-08-11,site_5604,"Kokapet, Hyderabad - TSPCB",11.4834375,96,96,100.0
2025-08-12,site_5604,"Kokapet, Hyderabad - TSPCB",9.686129032258064,93,96,96.875
2025-08-13,site_5604,"Kokapet, Hyderabad - TSPCB",10.011473684210527,95,96,98.95833333333334
2025-08-14,site_5604,"Kokapet, Hyderabad - TSPCB",11.000947368421052,95,96,98.95833333333334
2025-08-15,site_5604,"Kokapet, Hyderabad - TSPCB",12.908526315789473,95,96,98.95833333333334
2025-08-16,site_5604,"Kokapet, Hyderabad - TSPCB",12.8503125,96,96,100.0
2025-08-17,site_5604,"Kokapet, Hyderabad - TSPCB",12.275789473684211,95,96,98.95833333333334
2025-08-18,site_5604,"Kokapet, Hyderabad - TSPCB",10.042708333333334,96,96,100.0
2025-08-19,site_5604,"Kokapet, Hyderabad - TSPCB",10.100568181818183,88,96,91.66666666666666
2025-08-20,site_5604,"Kokapet, Hyderabad - TSPCB",10.401935483870968,93,96,96.875
2025-08-21,site_5604,"Kokapet, Hyderabad - TSPCB",10.455473684210526,95,96,98.95833333333334
2025-08-22,site_5604,"Kokapet, Hyderabad - TSPCB",11.072947368421053,95,96,98.95833333333334
2025-08-23,site_5604,"Kokapet, Hyderabad - TSPCB",12.355274725274725,91,96,94.79166666666666
2025-08-24,site_5604,"Kokapet, Hyderabad - TSPCB",13.692842105263157,95,96,98.95833333333334
2025-08-25,site_5604,"Kokapet, Hyderabad - TSPCB",12.510326086956523,92,96,95.83333333333334
2025-08-26,site_5604,"Kokapet, Hyderabad - TSPCB",10.401411764705882,85,96,88.54166666666666
2025-08-27,site_5604,"Kokapet, Hyderabad - TSPCB",9.554479166666667,96,96,100.0
2025-08-28,site_5604,"Kokapet, Hyderabad - TSPCB",9.955744680851064,94,96,97.91666666666666
2025-08-29,site_5604,"Kokapet, Hyderabad - TSPCB",10.200315789473684,95,96,98.95833333333334
2025-08-30,site_5604,"Kokapet, Hyderabad - TSPCB",10.855520833333335,96,96,100.0
2025-08-31,site_5604,"Kokapet, Hyderabad - TSPCB",10.40375,96,96,100.0
2025-01-01,site_5599,"Kompally Municipal Office, Hyderabad - TSPCB",8.09595744680851,94,96,97.91666666666666
2025-01-02,site_5599,"Kompally Municipal Office, Hyderabad - TSPCB",8.740212765957446,94,96,97.91666666666666
2025-01-03,site_5599,"Kompally Municipal Office, Hyderabad - TSPCB",10.673118279569893,93,96,96.875
2025-01-04,site_5599,"Kompally Municipal Office, Hyderabad - TSPCB",12.0175,84,96,87.5
2025-01-05,site_5599,"Kompally Municipal Office, Hyderabad - TSPCB",9.203578947368422,95,96,98.95833333333334
2025-01-06,site_5599,"Kompally Municipal Office, Hyderabad - TSPCB",7.6571428571428575,77,96,80.20833333333334
2025-01-07,site_5599,"Kompally Municipal Office, Hyderabad - TSPCB",9.11418918918919,74,96,77.08333333333334
2025-01-08,site_5599,"Kompally Municipal Office, Hyderabad - TSPCB",,61,96,63.541666666666664
2025-01-09,site_5599,"Kompally Municipal Office, Hyderabad - TSPCB",8.70063829787234,94,96,97.91666666666666
2025-01-10,site_5599,"Kompally Municipal Office, Hyderabad - TSPCB",,53,96,55.208333333333336
2025-01-11,site_5599,"Kompally Municipal Office, Hyderabad - TSPCB",,18,96,18.75
2025-01-12,site_5599,"Kompally Municipal Office, Hyderabad - TSPCB",,55,96,57.291666666666664
2025-01-13,site_5599,"Kompally Municipal Office, Hyderabad - TSPCB",6.132765957446809,94,96,97.91666666666666
2025-01-14,site_5599,"Kompally Municipal Office, Hyderabad - TSPCB",7.150416666666666,96,96,100.0
2025-01-15,site_5599,"Kompally Municipal Office, Hyderabad - TSPCB",9.019166666666667,96,96,100.0
2025-01-16,site_5599,"Kompally Municipal Office, Hyderabad - TSPCB",9.74035294117647,85,96,88.54166666666666
2025-01-17,site_5599,"Kompally Municipal Office, Hyderabad - TSPCB",,61,96,63.541666666666664
2025-01-18,site_5599,"Kompally Municipal Office, Hyderabad - TSPCB",11.333125,96,96,100.0
2025-01-19,site_5599,"Kompally Municipal Office, Hyderabad - TSPCB",8.485913978494622,93,96,96.875
2025-01-20,site_5599,"Kompally Municipal Office, Hyderabad - TSPCB",8.417052631578947,95,96,98.95833333333334
2025-01-21,site_5599,"Kompally Municipal Office, Hyderabad - TSPCB",10.257333333333333,75,96,78.125
2025-01-22,site_5599,"Kompally Municipal Office, Hyderabad - TSPCB",11.895531914893617,94,96,97.91666666666666
2025-01-23,site_5599,"Kompally Municipal Office, Hyderabad - TSPCB",11.825168539325844,89,96,92.70833333333334
2025-01-24,site_5599,"Kompally Municipal Office, Hyderabad - TSPCB",,44,96,45.83333333333333
2025-01-25,site_5599,"Kompally Municipal Office, Hyderabad - TSPCB",,29,96,30.208333333333332
2025-01-26,site_5599,"Kompally Municipal Office, Hyderabad - TSPCB",9.626631578947368,95,96,98.95833333333334
2025-01-27,site_5599,"Kompally Municipal Office, Hyderabad - TSPCB",9.155368421052632,95,96,98.95833333333334
2025-01-28,site_5599,"Kompally Municipal Office, Hyderabad - TSPCB",9.032708333333334,96,96,100.0
2025-01-29,site_5599,"Kompally Municipal Office, Hyderabad - TSPCB",10.418645833333334,96,96,100.0
2025-01-30,site_5599,"Kompally Municipal Office, Hyderabad - TSPCB",11.821098901098901,91,96,94.79166666666666
2025-01-31,site_5599,"Kompally Municipal Office, Hyderabad - TSPCB",11.257096774193549,93,96,96.875
2025-02-01,site_5599,"Kompally Municipal Office, Hyderabad - TSPCB",11.71588888888889,90,96,93.75
2025-02-02,site_5599,"Kompally Municipal Office, Hyderabad - TSPCB",,47,96,48.95833333333333
2025-02-03,site_5599,"Kompally Municipal Office, Hyderabad - TSPCB",,19,96,19.791666666666664
2025-02-04,site_5599,"Kompally Municipal Office, Hyderabad - TSPCB",7.218541666666667,96,96,100.0
2025-02-05,site_5599,"Kompally Municipal Office, Hyderabad - TSPCB",9.068829787234042,94,96,97.91666666666666
2025-02-06,site_5599,"Kompally Municipal Office, Hyderabad - TSPCB",9.80875,96,96,100.0
2025-02-07,site_5599,"Kompally Municipal Office, Hyderabad - TSPCB",11.011397849462366,93,96,96.875
2025-02-08,site_5599,"Kompally Municipal Office, Hyderabad - TSPCB",11.128641975308641,81,96,84.375
2025-02-09,site_5599,"Kompally Municipal Office, Hyderabad - TSPCB",8.665578947368422,95,96,98.95833333333334
2025-02-10,site_5599,"Kompally Municipal Office, Hyderabad - TSPCB",7.798421052631579,95,96,98.95833333333334
2025-02-11,site_5599,"Kompally Municipal Office, Hyderabad - TSPCB",9.783617021276596,94,96,97.91666666666666
2025-02-12,site_5599,"Kompally Municipal Office, Hyderabad - TSPCB",11.203541666666666,96,96,100.0
2025-02-13,site_5599,"Kompally Municipal Office, Hyderabad - TSPCB",13.730638297872341,94,96,97.91666666666666
2025-02-14,site_5599,"Kompally Municipal Office, Hyderabad - TSPCB",11.50156626506024,83,96,86.45833333333334
2025-02-15,site_5599,"Kompally Municipal Office, Hyderabad - TSPCB",9.932666666666668,90,96,93.75
2025-02-16,site_5599,"Kompally Municipal Office, Hyderabad - TSPCB",9.446404494382023,89,96,92.70833333333334
2025-02-17,site_5599,"Kompally Municipal Office, Hyderabad - TSPCB",8.941578947368422,95,96,98.95833333333334
2025-02-18,site_5599,"Kompally Municipal Office, Hyderabad - TSPCB",9.875894736842106,95,96,98.95833333333334
2025-02-19,site_5599,"Kompally Municipal Office, Hyderabad - TSPCB",10.835714285714285,84,96,87.5
2025-02-20,site_5599,"Kompally Municipal Office, Hyderabad - TSPCB",12.23567901234568,81,96,84.375
2025-02-21,site_5599,"Kompally Municipal Office, Hyderabad - TSPCB",12.4634375,96,96,100.0
2025-02-22,site_5599,"Kompally Municipal Office, Hyderabad - TSPCB",,70,96,72.91666666666666
2025-02-23,site_5599,"Kompally Municipal Office, Hyderabad - TSPCB",9.74,95,96,98.95833333333334
2025-02-24,site_5599,"Kompally Municipal Office, Hyderabad - TSPCB",9.982395833333333,96,96,100.0
2025-02-25,site_5599,"Kompally Municipal Office, Hyderabad - TSPCB",9.566666666666666,96,96,100.0
2025-02-26,site_5599,"Kompally Municipal Office, Hyderabad - TSPCB",8.893617021276595,94,96,97.91666666666666
2025-02-27,site_5599,"Kompally Municipal Office, Hyderabad - TSPCB",8.652073170731708,82,96,85.41666666666666
2025-02-28,site_5599,"Kompally Municipal Office, Hyderabad - TSPCB",8.04934065934066,91,96,94.79166666666666
2025-03-01,site_5599,"Kompally Municipal Office, Hyderabad - TSPCB",9.922444444444444,90,96,93.75
2025-03-02,site_5599,"Kompally Municipal Office, Hyderabad - TSPCB",10.454270833333334,96,96,100.0
2025-03-03,site_5599,"Kompally Municipal Office, Hyderabad - TSPCB",8.50978947368421,95,96,98.95833333333334
2025-03-04,site_5599,"Kompally Municipal Office, Hyderabad - TSPCB",9.80225806451613,93,96,96.875
2025-03-05,site_5599,"Kompally Municipal Office, Hyderabad - TSPCB",9.030602409638554,83,96,86.45833333333334
2025-03-06,site_5599,"Kompally Municipal Office, Hyderabad - TSPCB",8.299574468085106,94,96,97.91666666666666
2025-03-07,site_5599,"Kompally Municipal Office, Hyderabad - TSPCB",9.480760869565218,92,96,95.83333333333334
2025-03-08,site_5599,"Kompally Municipal Office, Hyderabad - TSPCB",9.12554054054054,74,96,77.08333333333334
2025-03-09,site_5599,"Kompally Municipal Office, Hyderabad - TSPCB",6.2253125,96,96,100.0
2025-03-10,site_5599,"Kompally Municipal Office, Hyderabad - TSPCB",5.739684210526316,95,96,98.95833333333334
2025-03-11,site_5599,"Kompally Municipal Office, Hyderabad - TSPCB",7.2927368421052625,95,96,98.95833333333334
2025-03-12,site_5599,"Kompally Municipal Office, Hyderabad - TSPCB",9.847849462365591,93,96,96.875
2025-03-13,site_5599,"Kompally Municipal Office, Hyderabad - TSPCB",11.097340425531916,94,96,97.91666666666666
2025-03-14,site_5599,"Kompally Municipal Office, Hyderabad - TSPCB",11.111473684210525,95,96,98.95833333333334
2025-03-15,site_5599,"Kompally Municipal Office, Hyderabad - TSPCB",12.083695652173914,92,96,95.83333333333334
2025-03-16,site_5599,"Kompally Municipal Office, Hyderabad - TSPCB",,62,96,64.58333333333334
2025-03-17,site_5599,"Kompally Municipal Office, Hyderabad - TSPCB",14.603522727272729,88,96,91.66666666666666
2025-03-18,site_5599,"Kompally Municipal Office, Hyderabad - TSPCB",15.842916666666667,96,96,100.0
2025-03-19,site_5599,"Kompally Municipal Office, Hyderabad - TSPCB",9.954719101123596,89,96,92.70833333333334
2025-03-20,site_5599,"Kompally Municipal Office, Hyderabad - TSPCB",9.726736842105263,95,96,98.95833333333334
2025-03-21,site_5599,"Kompally Municipal Office, Hyderabad - TSPCB",10.824431818181818,88,96,91.66666666666666
2025-03-22,site_5599,"Kompally Municipal Office, Hyderabad - TSPCB",11.911264367816091,87,96,90.625
2025-03-23,site_5599,"Kompally Municipal Office, Hyderabad - TSPCB",10.244130434782608,92,96,95.83333333333334
2025-03-24,site_5599,"Kompally Municipal Office, Hyderabad - TSPCB",7.839080459770115,87,96,90.625
2025-03-25,site_5599,"Kompally Municipal Office, Hyderabad - TSPCB",9.744533333333333,75,96,78.125
2025-03-26,site_5599,"Kompally Municipal Office, Hyderabad - TSPCB",9.964533333333334,75,96,78.125
2025-03-27,site_5599,"Kompally Municipal Office, Hyderabad - TSPCB",,57,96,59.375
2025-03-28,site_5599,"Kompally Municipal Office, Hyderabad - TSPCB",10.731411764705882,85,96,88.54166666666666
2025-03-29,site_5599,"Kompally Municipal Office, Hyderabad - TSPCB",10.207865168539326,89,96,92.70833333333334
2025-03-30,site_5599,"Kompally Municipal Office, Hyderabad - TSPCB",8.309791666666667,96,96,100.0
2025-03-31,site_5599,"Kompally Municipal Office, Hyderabad - TSPCB",,59,96,61.458333333333336
2025-04-01,site_5599,"Kompally Municipal Office, Hyderabad - TSPCB",,57,96,59.375
2025-04-02,site_5599,"Kompally Municipal Office, Hyderabad - TSPCB",11.720652173913043,92,96,95.83333333333334
2025-04-03,site_5599,"Kompally Municipal Office, Hyderabad - TSPCB",11.206382978723406,94,96,97.91666666666666
2025-04-04,site_5599,"Kompally Municipal Office, Hyderabad - TSPCB",11.860315789473685,95,96,98.95833333333334
2025-04-05,site_5599,"Kompally Municipal Office, Hyderabad - TSPCB",,69,96,71.875
2025-04-06,site_5599,"Kompally Municipal Office, Hyderabad - TSPCB",14.790113636363635,88,96,91.66666666666666
2025-04-07,site_5599,"Kompally Municipal Office, Hyderabad - TSPCB",14.792197802197801,91,96,94.79166666666666
2025-04-08,site_5599,"Kompally Municipal Office, Hyderabad - TSPCB",,55,96,57.291666666666664
2025-04-09,site_5599,"Kompally Municipal Office, Hyderabad - TSPCB",9.823766233766234,77,96,80.20833333333334
2025-04-10,site_5599,"Kompally Municipal Office, Hyderabad - TSPCB",10.77872340425532,94,96,97.91666666666666
2025-04-11,site_5599,"Kompally Municipal Office, Hyderabad - TSPCB",11.371264367816092,87,96,90.625
2025-04-12,site_5599,"Kompally Municipal Office, Hyderabad - TSPCB",,61,96,63.541666666666664
2025-04-13,site_5599,"Kompally Municipal Office, Hyderabad - TSPCB",10.832631578947368,95,96,98.95833333333334
2025-04-14,site_5599,"Kompally Municipal Office, Hyderabad - TSPCB",11.502916666666666,96,96,100.0
2025-04-15,site_5599,"Kompally Municipal Office, Hyderabad - TSPCB",13.181382978723404,94,96,97.91666666666666
2025-04-16,site_5599,"Kompally Municipal Office, Hyderabad - TSPCB",12.179200000000002,75,96,78.125
2025-04-17,site_5599,"Kompally Municipal Office, Hyderabad - TSPCB",11.068315789473685,95,96,98.95833333333334
2025-04-18,site_5599,"Kompally Municipal Office, Hyderabad - TSPCB",11.2365625,96,96,100.0
2025-04-19,site_5599,"Kompally Municipal Office, Hyderabad - TSPCB",10.70957894736842,95,96,98.95833333333334
2025-04-20,site_5599,"Kompally Municipal Office, Hyderabad - TSPCB",10.887956989247312,93,96,96.875
2025-04-21,site_5599,"Kompally Municipal Office, Hyderabad - TSPCB",9.038555555555556,90,96,93.75
2025-04-22,site_5599,"Kompally Municipal Office, Hyderabad - TSPCB",8.412298850574713,87,96,90.625
2025-04-23,site_5599,"Kompally Municipal Office, Hyderabad - TSPCB",10.075000000000001,96,96,100.0
2025-04-24,site_5599,"Kompally Municipal Office, Hyderabad - TSPCB",12.352444444444444,90,96,93.75
2025-04-25,site_5599,"Kompally Municipal Office, Hyderabad - TSPCB",11.371157894736841,95,96,98.95833333333334
2025-04-26,site_5599,"Kompally Municipal Office, Hyderabad - TSPCB",8.84755319148936,94,96,97.91666666666666
2025-04-27,site_5599,"Kompally Municipal Office, Hyderabad - TSPCB",,70,96,72.91666666666666
2025-04-28,site_5599,"Kompally Municipal Office, Hyderabad - TSPCB",7.531621621621622,74,96,77.08333333333334
2025-04-29,site_5599,"Kompally Municipal Office, Hyderabad - TSPCB",9.463541666666666,96,96,100.0
2025-04-30,site_5599,"Kompally Municipal Office, Hyderabad - TSPCB",11.402526315789475,95,96,98.95833333333334
2025-05-01,site_5599,"Kompally Municipal Office, Hyderabad - TSPCB",11.473870967741934,93,96,96.875
2025-05-02,site_5599,"Kompally Municipal Office, Hyderabad - TSPCB",,71,96,73.95833333333334
2025-05-03,site_5599,"Kompally Municipal Office, Hyderabad - TSPCB",,68,96,70.83333333333334
2025-05-04,site_5599,"Kompally Municipal Office, Hyderabad - TSPCB",8.496382978723403,94,96,97.91666666666666
2025-05-05,site_5599,"Kompally Municipal Office, Hyderabad - TSPCB",7.709882352941177,85,96,88.54166666666666
2025-05-06,site_5599,"Kompally Municipal Office, Hyderabad - TSPCB",,45,96,46.875
2025-05-07,site_5599,"Kompally Municipal Office, Hyderabad - TSPCB",11.26956043956044,91,96,94.79166666666666
2025-05-08,site_5599,"Kompally Municipal Office, Hyderabad - TSPCB",,54,96,56.25
2025-05-09,site_5599,"Kompally Municipal Office, Hyderabad - TSPCB",10.512526315789474,95,96,98.95833333333334
2025-05-10,site_5599,"Kompally Municipal Office, Hyderabad - TSPCB",,41,96,42.70833333333333
2025-05-11,site_5599,"Kompally Municipal Office, Hyderabad - TSPCB",,70,96,72.91666666666666
2025-05-12,site_5599,"Kompally Municipal Office, Hyderabad - TSPCB",,71,96,73.95833333333334
2025-05-13,site_5599,"Kompally Municipal Office, Hyderabad - TSPCB",,33,96,34.375
2025-05-14,site_5599,"Kompally Municipal Office, Hyderabad - TSPCB",8.203894736842106,95,96,98.95833333333334
2025-05-15,site_5599,"Kompally Municipal Office, Hyderabad - TSPCB",7.885376344086022,93,96,96.875
2025-05-16,site_5599,"Kompally Municipal Office, Hyderabad - TSPCB",,65,96,67.70833333333334
2025-05-17,site_5599,"Kompally Municipal Office, Hyderabad - TSPCB",,58,96,60.416666666666664
2025-05-18,site_5599,"Kompally Municipal Office, Hyderabad - TSPCB",,41,96,42.70833333333333
2025-05-19,site_5599,"Kompally Municipal Office, Hyderabad - TSPCB",,47,96,48.95833333333333
2025-05-20,site_5599,"Kompally Municipal Office, Hyderabad - TSPCB",10.827444444444446,90,96,93.75
2025-05-21,site_5599,"Kompally Municipal Office, Hyderabad - TSPCB",11.239425287356323,87,96,90.625
2025-05-22,site_5599,"Kompally Municipal Office, Hyderabad - TSPCB",,60,96,62.5
2025-05-23,site_5599,"Kompally Municipal Office, Hyderabad - TSPCB",10.268645833333332,96,96,100.0
2025-05-24,site_5599,"Kompally Municipal Office, Hyderabad - TSPCB",12.299894736842106,95,96,98.95833333333334
2025-05-25,site_5599,"Kompally Municipal Office, Hyderabad - TSPCB",,53,96,55.208333333333336
2025-05-26,site_5599,"Kompally Municipal Office, Hyderabad - TSPCB",9.375957446808512,94,96,97.91666666666666
2025-05-27,site_5599,"Kompally Municipal Office, Hyderabad - TSPCB",10.705212765957446,94,96,97.91666666666666
2025-05-28,site_5599,"Kompally Municipal Office, Hyderabad - TSPCB",11.421882352941177,85,96,88.54166666666666
2025-05-29,site_5599,"Kompally Municipal Office, Hyderabad - TSPCB",,41,96,42.70833333333333
2025-05-30,site_5599,"Kompally Municipal Office, Hyderabad - TSPCB",12.114642857142858,84,96,87.5
2025-05-31,site_5599,"Kompally Municipal Office, Hyderabad - TSPCB",,58,96,60.416666666666664
2025-06-01,site_5599,"Kompally Municipal Office, Hyderabad - TSPCB",,57,96,59.375
2025-06-02,site_5599,"Kompally Municipal Office, Hyderabad - TSPCB",9.539518072289157,83,96,86.45833333333334
2025-06-03,site_5599,"Kompally Municipal Office, Hyderabad - TSPCB",13.37621052631579,95,96,98.95833333333334
2025-06-04,site_5599,"Kompally Municipal Office, Hyderabad - TSPCB",12.647710843373494,83,96,86.45833333333334
2025-06-05,site_5599,"Kompally Municipal Office, Hyderabad - TSPCB",10.723846153846154,91,96,94.79166666666666
2025-06-06,site_5599,"Kompally Municipal Office, Hyderabad - TSPCB",12.222736842105265,95,96,98.95833333333334
2025-06-07,site_5599,"Kompally Municipal Office, Hyderabad - TSPCB",10.373854166666666,96,96,100.0
2025-06-08,site_5599,"Kompally Municipal Office, Hyderabad - TSPCB",10.447127659574468,94,96,97.91666666666666
2025-06-09,site_5599,"Kompally Municipal Office, Hyderabad - TSPCB",10.342528735632184,87,96,90.625
2025-06-10,site_5599,"Kompally Municipal Office, Hyderabad - TSPCB",11.033908045977013,87,96,90.625
2025-06-11,site_5599,"Kompally Municipal Office, Hyderabad - TSPCB",11.664895833333333,96,96,100.0
2025-06-12,site_5599,"Kompally Municipal Office, Hyderabad - TSPCB",11.049583333333334,72,96,75.0
2025-06-13,site_5599,"Kompally Municipal Office, Hyderabad - TSPCB",,52,96,54.166666666666664
2025-06-14,site_5599,"Kompally Municipal Office, Hyderabad - TSPCB",11.181170212765958,94,96,97.91666666666666
2025-06-15,site_5599,"Kompally Municipal Office, Hyderabad - TSPCB",8.387659574468085,94,96,97.91666666666666
2025-06-16,site_5599,"Kompally Municipal Office, Hyderabad - TSPCB",7.331304347826087,92,96,95.83333333333334
2025-06-17,site_5599,"Kompally Municipal Office, Hyderabad - TSPCB",7.343999999999999,95,96,98.95833333333334
2025-06-18,site_5599,"Kompally Municipal Office, Hyderabad - TSPCB",,67,96,69.79166666666666
2025-06-19,site_5599,"Kompally Municipal Office, Hyderabad - TSPCB",10.066410256410256,78,96,81.25
2025-06-20,site_5599,"Kompally Municipal Office, Hyderabad - TSPCB",10.430625000000001,96,96,100.0
2025-06-21,site_5599,"Kompally Municipal Office, Hyderabad - TSPCB",9.841379310344829,87,96,90.625
2025-06-22,site_5599,"Kompally Municipal Office, Hyderabad - TSPCB",,65,96,67.70833333333334
2025-06-23,site_5599,"Kompally Municipal Office, Hyderabad - TSPCB",10.203866666666666,75,96,78.125
2025-06-24,site_5599,"Kompally Municipal Office, Hyderabad - TSPCB",,69,96,71.875
2025-06-25,site_5599,"Kompally Municipal Office, Hyderabad - TSPCB",11.717578947368422,95,96,98.95833333333334
2025-06-26,site_5599,"Kompally Municipal Office, Hyderabad - TSPCB",,54,96,56.25
2025-06-27,site_5599,"Kompally Municipal Office, Hyderabad - TSPCB",10.5044578313253,83,96,86.45833333333334
2025-06-28,site_5599,"Kompally Municipal Office, Hyderabad - TSPCB",,58,96,60.416666666666664
2025-06-29,site_5599,"Kompally Municipal Office, Hyderabad - TSPCB",9.059895833333334,96,96,100.0
2025-06-30,site_5599,"Kompally Municipal Office, Hyderabad - TSPCB",7.690128205128206,78,96,81.25
2025-07-01,site_5599,"Kompally Municipal Office, Hyderabad - TSPCB",,43,96,44.79166666666667
2025-07-02,site_5599,"Kompally Municipal Office, Hyderabad - TSPCB",,60,96,62.5
2025-07-03,site_5599,"Kompally Municipal Office, Hyderabad - TSPCB",11.052526315789473,95,96,98.95833333333334
2025-07-04,site_5599,"Kompally Municipal Office, Hyderabad - TSPCB",10.387,90,96,93.75
2025-07-05,site_5599,"Kompally Municipal Office, Hyderabad - TSPCB",10.519255319148936,94,96,97.91666666666666
2025-07-06,site_5599,"Kompally Municipal Office, Hyderabad - TSPCB",8.510842105263158,95,96,98.95833333333334
2025-07-07,site_5599,"Kompally Municipal Office, Hyderabad - TSPCB",7.667604166666667,96,96,100.0
2025-07-08,site_5599,"Kompally Municipal Office, Hyderabad - TSPCB",8.456153846153846,78,96,81.25
2025-07-09,site_5599,"Kompally Municipal Office, Hyderabad - TSPCB",10.99821052631579,95,96,98.95833333333334
2025-07-10,site_5599,"Kompally Municipal Office, Hyderabad - TSPCB",13.040851063829786,94,96,97.91666666666666
2025-07-11,site_5599,"Kompally Municipal Office, Hyderabad - TSPCB",13.78873417721519,79,96,82.29166666666666
2025-07-12,site_5599,"Kompally Municipal Office, Hyderabad - TSPCB",13.552315789473685,95,96,98.95833333333334
2025-07-13,site_5599,"Kompally Municipal Office, Hyderabad - TSPCB",13.251145833333332,96,96,100.0
2025-07-14,site_5599,"Kompally Municipal Office, Hyderabad - TSPCB",13.270689655172413,87,96,90.625
2025-07-15,site_5599,"Kompally Municipal Office, Hyderabad - TSPCB",11.966631578947368,95,96,98.95833333333334
2025-07-16,site_5599,"Kompally Municipal Office, Hyderabad - TSPCB",,58,96,60.416666666666664
2025-07-17,site_5599,"Kompally Municipal Office, Hyderabad - TSPCB",10.690898876404495,89,96,92.70833333333334
2025-07-18,site_5599,"Kompally Municipal Office, Hyderabad - TSPCB",9.721666666666668,72,96,75.0
2025-07-19,site_5599,"Kompally Municipal Office, Hyderabad - TSPCB",,62,96,64.58333333333334
2025-07-20,site_5599,"Kompally Municipal Office, Hyderabad - TSPCB",9.642421052631578,95,96,98.95833333333334
2025-07-21,site_5599,"Kompally Municipal Office, Hyderabad - TSPCB",9.097872340425532,94,96,97.91666666666666
2025-07-22,site_5599,"Kompally Municipal Office, Hyderabad - TSPCB",10.97242105263158,95,96,98.95833333333334
2025-07-23,site_5599,"Kompally Municipal Office, Hyderabad - TSPCB",,67,96,69.79166666666666
2025-07-24,site_5599,"Kompally Municipal Office, Hyderabad - TSPCB",,61,96,63.541666666666664
2025-07-25,site_5599,"Kompally Municipal Office, Hyderabad - TSPCB",11.487466666666666,75,96,78.125
2025-07-26,site_5599,"Kompally Municipal Office, Hyderabad - TSPCB",,58,96,60.416666666666664
2025-07-27,site_5599,"Kompally Municipal Office, Hyderabad - TSPCB",,14,96,14.583333333333334
2025-07-28,site_5599,"Kompally Municipal Office, Hyderabad - TSPCB",,58,96,60.416666666666664
2025-07-29,site_5599,"Kompally Municipal Office, Hyderabad - TSPCB",9.186333333333334,90,96,93.75
2025-07-30,site_5599,"Kompally Municipal Office, Hyderabad - TSPCB",10.167083333333332,96,96,100.0
2025-07-31,site_5599,"Kompally Municipal Office, Hyderabad - TSPCB",10.683333333333334,72,96,75.0
2025-08-01,site_5599,"Kompally Municipal Office, Hyderabad - TSPCB",,59,96,61.458333333333336
2025-08-02,site_5599,"Kompally Municipal Office, Hyderabad - TSPCB",9.475106382978723,94,96,97.91666666666666
2025-08-03,site_5599,"Kompally Municipal Office, Hyderabad - TSPCB",6.737631578947368,76,96,79.16666666666666
2025-08-04,site_5599,"Kompally Municipal Office, Hyderabad - TSPCB",7.784315789473684,95,96,98.95833333333334
2025-08-05,site_5599,"Kompally Municipal Office, Hyderabad - TSPCB",10.420625,96,96,100.0
2025-08-06,site_5599,"Kompally Municipal Office, Hyderabad - TSPCB",,59,96,61.458333333333336
2025-08-07,site_5599,"Kompally Municipal Office, Hyderabad - TSPCB",,66,96,68.75
2025-08-08,site_5599,"Kompally Municipal Office, Hyderabad - TSPCB",,57,96,59.375
2025-08-09,site_5599,"Kompally Municipal Office, Hyderabad - TSPCB",9.368842105263157,95,96,98.95833333333334
2025-08-10,site_5599,"Kompally Municipal Office, Hyderabad - TSPCB",8.738541666666666,96,96,100.0
2025-08-11,site_5599,"Kompally Municipal Office, Hyderabad - TSPCB",9.217916666666666,96,96,100.0
2025-08-12,site_5599,"Kompally Municipal Office, Hyderabad - TSPCB",10.797916666666666,96,96,100.0
2025-08-13,site_5599,"Kompally Municipal Office, Hyderabad - TSPCB",,69,96,71.875
2025-08-14,site_5599,"Kompally Municipal Office, Hyderabad - TSPCB",13.854791666666666,96,96,100.0
2025-08-15,site_5599,"Kompally Municipal Office, Hyderabad - TSPCB",,59,96,61.458333333333336
2025-08-16,site_5599,"Kompally Municipal Office, Hyderabad - TSPCB",,57,96,59.375
2025-08-17,site_5599,"Kompally Municipal Office, Hyderabad - TSPCB",,23,96,23.958333333333336
2025-08-18,site_5599,"Kompally Municipal Office, Hyderabad - TSPCB",,52,96,54.166666666666664
2025-08-19,site_5599,"Kompally Municipal Office, Hyderabad - TSPCB",,56,96,58.333333333333336
2025-08-20,site_5599,"Kompally Municipal Office, Hyderabad - TSPCB",,69,96,71.875
2025-08-21,site_5599,"Kompally Municipal Office, Hyderabad - TSPCB",,49,96,51.041666666666664
2025-08-22,site_5599,"Kompally Municipal Office, Hyderabad - TSPCB",12.032736842105262,95,96,98.95833333333334
2025-08-23,site_5599,"Kompally Municipal Office, Hyderabad - TSPCB",10.716489361702127,94,96,97.91666666666666
2025-08-24,site_5599,"Kompally Municipal Office, Hyderabad - TSPCB",10.2290625,96,96,100.0
2025-08-25,site_5599,"Kompally Municipal Office, Hyderabad - TSPCB",11.007473684210527,95,96,98.95833333333334
2025-08-26,site_5599,"Kompally Municipal Office, Hyderabad - TSPCB",10.78392405063291,79,96,82.29166666666666
2025-08-27,site_5599,"Kompally Municipal Office, Hyderabad - TSPCB",,26,96,27.083333333333332
2025-08-28,site_5599,"Kompally Municipal Office, Hyderabad - TSPCB",13.490000000000002,88,96,91.66666666666666
2025-08-29,site_5599,"Kompally Municipal Office, Hyderabad - TSPCB",11.953229166666667,96,96,100.0
2025-08-30,site_5599,"Kompally Municipal Office, Hyderabad - TSPCB",10.752395833333333,96,96,100.0
2025-08-31,site_5599,"Kompally Municipal Office, Hyderabad - TSPCB",10.293452380952381,84,96,87.5
2025-01-01,site_5600,"Nacharam_TSIIC IALA, Hyderabad - TSPCB",9.573437499999999,96,96,100.0
2025-01-02,site_5600,"Nacharam_TSIIC IALA, Hyderabad - TSPCB",8.900215053763441,93,96,96.875
2025-01-03,site_5600,"Nacharam_TSIIC IALA, Hyderabad - TSPCB",8.001770833333333,96,96,100.0
2025-01-04,site_5600,"Nacharam_TSIIC IALA, Hyderabad - TSPCB",7.03816091954023,87,96,90.625
2025-01-05,site_5600,"Nacharam_TSIIC IALA, Hyderabad - TSPCB",7.486666666666667,96,96,100.0
2025-01-06,site_5600,"Nacharam_TSIIC IALA, Hyderabad - TSPCB",9.028279569892472,93,96,96.875
2025-01-07,site_5600,"Nacharam_TSIIC IALA, Hyderabad - TSPCB",8.235052631578947,95,96,98.95833333333334
2025-01-08,site_5600,"Nacharam_TSIIC IALA, Hyderabad - TSPCB",8.069374999999999,96,96,100.0
2025-01-09,site_5600,"Nacharam_TSIIC IALA, Hyderabad - TSPCB",9.180106382978725,94,96,97.91666666666666
2025-01-10,site_5600,"Nacharam_TSIIC IALA, Hyderabad - TSPCB",9.570104166666667,96,96,100.0
2025-01-11,site_5600,"Nacharam_TSIIC IALA, Hyderabad - TSPCB",10.853010752688173,93,96,96.875
2025-01-12,site_5600,"Nacharam_TSIIC IALA, Hyderabad - TSPCB",12.426562500000001,96,96,100.0
2025-01-13,site_5600,"Nacharam_TSIIC IALA, Hyderabad - TSPCB",9.366842105263158,95,96,98.95833333333334
2025-01-14,site_5600,"Nacharam_TSIIC IALA, Hyderabad - TSPCB",6.382150537634408,93,96,96.875
2025-01-15,site_5600,"Nacharam_TSIIC IALA, Hyderabad - TSPCB",7.345578947368422,95,96,98.95833333333334
2025-01-16,site_5600,"Nacharam_TSIIC IALA, Hyderabad - TSPCB",9.403020833333334,96,96,100.0
2025-01-17,site_5600,"Nacharam_TSIIC IALA, Hyderabad - TSPCB",9.902127659574468,94,96,97.91666666666666
2025-01-18,site_5600,"Nacharam_TSIIC IALA, Hyderabad - TSPCB",10.236027397260274,73,96,76.04166666666666
2025-01-19,site_5600,"Nacharam_TSIIC IALA, Hyderabad - TSPCB",7.059871794871794,78,96,81.25
2025-01-20,site_5600,"Nacharam_TSIIC IALA, Hyderabad - TSPCB",5.981354166666667,96,96,100.0
2025-01-21,site_5600,"Nacharam_TSIIC IALA, Hyderabad - TSPCB",6.43,96,96,100.0
2025-01-22,site_5600,"Nacharam_TSIIC IALA, Hyderabad - TSPCB",,51,96,53.125
2025-01-23,site_5600,"Nacharam_TSIIC IALA, Hyderabad - TSPCB",8.305520833333334,96,96,100.0
2025-01-24,site_5600,"Nacharam_TSIIC IALA, Hyderabad - TSPCB",7.9339130434782605,92,96,95.83333333333334
2025-01-25,site_5600,"Nacharam_TSIIC IALA, Hyderabad - TSPCB",10.438645833333334,96,96,100.0
2025-01-26,site_5600,"Nacharam_TSIIC IALA, Hyderabad - TSPCB",12.183541666666665,96,96,100.0
2025-01-27,site_5600,"Nacharam_TSIIC IALA, Hyderabad - TSPCB",9.690104166666666,96,96,100.0
2025-01-28,site_5600,"Nacharam_TSIIC IALA, Hyderabad - TSPCB",8.039052631578947,95,96,98.95833333333334
2025-01-29,site_5600,"Nacharam_TSIIC IALA, Hyderabad - TSPCB",8.394895833333333,96,96,100.0
2025-01-30,site_5600,"Nacharam_TSIIC IALA, Hyderabad - TSPCB",10.69778947368421,95,96,98.95833333333334
2025-01-31,site_5600,"Nacharam_TSIIC IALA, Hyderabad - TSPCB",10.96,95,96,98.95833333333334
2025-02-01,site_5600,"Nacharam_TSIIC IALA, Hyderabad - TSPCB",13.063510638297872,94,96,97.91666666666666
2025-02-02,site_5600,"Nacharam_TSIIC IALA, Hyderabad - TSPCB",11.4446875,96,96,100.0
2025-02-03,site_5600,"Nacharam_TSIIC IALA, Hyderabad - TSPCB",,46,96,47.91666666666667
2025-02-04,site_5600,"Nacharam_TSIIC IALA, Hyderabad - TSPCB",8.162765957446808,94,96,97.91666666666666
2025-02-05,site_5600,"Nacharam_TSIIC IALA, Hyderabad - TSPCB",9.743263157894736,95,96,98.95833333333334
2025-02-06,site_5600,"Nacharam_TSIIC IALA, Hyderabad - TSPCB",12.467,90,96,93.75
2025-02-07,site_5600,"Nacharam_TSIIC IALA, Hyderabad - TSPCB",10.709052631578947,95,96,98.95833333333334
2025-02-08,site_5600,"Nacharam_TSIIC IALA, Hyderabad - TSPCB",10.72378947368421,95,96,98.95833333333334
2025-02-09,site_5600,"Nacharam_TSIIC IALA, Hyderabad - TSPCB",12.718,95,96,98.95833333333334
2025-02-10,site_5600,"Nacharam_TSIIC IALA, Hyderabad - TSPCB",14.357127659574468,94,96,97.91666666666666
2025-02-11,site_5600,"Nacharam_TSIIC IALA, Hyderabad - TSPCB",13.941935483870967,93,96,96.875
2025-02-12,site_5600,"Nacharam_TSIIC IALA, Hyderabad - TSPCB",13.143229166666666,96,96,100.0
2025-02-13,site_5600,"Nacharam_TSIIC IALA, Hyderabad - TSPCB",14.565368421052632,95,96,98.95833333333334
2025-02-14,site_5600,"Nacharam_TSIIC IALA, Hyderabad - TSPCB",15.219893617021278,94,96,97.91666666666666
2025-02-15,site_5600,"Nacharam_TSIIC IALA, Hyderabad - TSPCB",10.610531914893617,94,96,97.91666666666666
2025-02-16,site_5600,"Nacharam_TSIIC IALA, Hyderabad - TSPCB",7.151578947368421,95,96,98.95833333333334
2025-02-17,site_5600,"Nacharam_TSIIC IALA, Hyderabad - TSPCB",8.851263157894737,95,96,98.95833333333334
2025-02-18,site_5600,"Nacharam_TSIIC IALA, Hyderabad - TSPCB",7.81695652173913,92,96,95.83333333333334
2025-02-19,site_5600,"Nacharam_TSIIC IALA, Hyderabad - TSPCB",10.54468085106383,94,96,97.91666666666666
2025-02-20,site_5600,"Nacharam_TSIIC IALA, Hyderabad - TSPCB",9.903229166666668,96,96,100.0
2025-02-21,site_5600,"Nacharam_TSIIC IALA, Hyderabad - TSPCB",7.644526315789474,95,96,98.95833333333334
2025-02-22,site_5600,"Nacharam_TSIIC IALA, Hyderabad - TSPCB",7.517473684210526,95,96,98.95833333333334
2025-02-23,site_5600,"Nacharam_TSIIC IALA, Hyderabad - TSPCB",6.358387096774194,93,96,96.875
2025-02-24,site_5600,"Nacharam_TSIIC IALA, Hyderabad - TSPCB",9.699789473684211,95,96,98.95833333333334
2025-02-25,site_5600,"Nacharam_TSIIC IALA, Hyderabad - TSPCB",10.555,96,96,100.0
2025-02-26,site_5600,"Nacharam_TSIIC IALA, Hyderabad - TSPCB",7.253684210526316,95,96,98.95833333333334
2025-02-27,site_5600,"Nacharam_TSIIC IALA, Hyderabad - TSPCB",7.986739130434782,92,96,95.83333333333334
2025-02-28,site_5600,"Nacharam_TSIIC IALA, Hyderabad - TSPCB",11.821075268817204,93,96,96.875
2025-03-01,site_5600,"Nacharam_TSIIC IALA, Hyderabad - TSPCB",10.710631578947368,95,96,98.95833333333334
2025-03-02,site_5600,"Nacharam_TSIIC IALA, Hyderabad - TSPCB",8.480842105263157,95,96,98.95833333333334
2025-03-03,site_5600,"Nacharam_TSIIC IALA, Hyderabad - TSPCB",10.732872340425532,94,96,97.91666666666666
2025-03-04,site_5600,"Nacharam_TSIIC IALA, Hyderabad - TSPCB",10.490851063829787,94,96,97.91666666666666
2025-03-05,site_5600,"Nacharam_TSIIC IALA, Hyderabad - TSPCB",8.045531914893617,94,96,97.91666666666666
2025-03-06,site_5600,"Nacharam_TSIIC IALA, Hyderabad - TSPCB",8.615520833333333,96,96,100.0
2025-03-07,site_5600,"Nacharam_TSIIC IALA, Hyderabad - TSPCB",9.23821052631579,95,96,98.95833333333334
2025-03-08,site_5600,"Nacharam_TSIIC IALA, Hyderabad - TSPCB",8.932967032967033,91,96,94.79166666666666
2025-03-09,site_5600,"Nacharam_TSIIC IALA, Hyderabad - TSPCB",8.742083333333333,96,96,100.0
2025-03-10,site_5600,"Nacharam_TSIIC IALA, Hyderabad - TSPCB",8.750416666666666,96,96,100.0
2025-03-11,site_5600,"Nacharam_TSIIC IALA, Hyderabad - TSPCB",8.659479166666666,96,96,100.0
2025-03-12,site_5600,"Nacharam_TSIIC IALA, Hyderabad - TSPCB",8.945934065934066,91,96,94.79166666666666
2025-03-13,site_5600,"Nacharam_TSIIC IALA, Hyderabad - TSPCB",9.955483870967742,93,96,96.875
2025-03-14,site_5600,"Nacharam_TSIIC IALA, Hyderabad - TSPCB",10.382526315789473,95,96,98.95833333333334
2025-03-15,site_5600,"Nacharam_TSIIC IALA, Hyderabad - TSPCB",9.287446808510639,94,96,97.91666666666666
2025-03-16,site_5600,"Nacharam_TSIIC IALA, Hyderabad - TSPCB",8.44125,96,96,100.0
2025-03-17,site_5600,"Nacharam_TSIIC IALA, Hyderabad - TSPCB",6.567127659574469,94,96,97.91666666666666
2025-03-18,site_5600,"Nacharam_TSIIC IALA, Hyderabad - TSPCB",11.365483870967742,93,96,96.875
2025-03-19,site_5600,"Nacharam_TSIIC IALA, Hyderabad - TSPCB",13.249479166666667,96,96,100.0
2025-03-20,site_5600,"Nacharam_TSIIC IALA, Hyderabad - TSPCB",9.478947368421053,95,96,98.95833333333334
2025-03-21,site_5600,"Nacharam_TSIIC IALA, Hyderabad - TSPCB",9.999255319148936,94,96,97.91666666666666
2025-03-22,site_5600,"Nacharam_TSIIC IALA, Hyderabad - TSPCB",11.50067415730337,89,96,92.70833333333334
2025-03-23,site_5600,"Nacharam_TSIIC IALA, Hyderabad - TSPCB",12.760631578947368,95,96,98.95833333333334
2025-03-24,site_5600,"Nacharam_TSIIC IALA, Hyderabad - TSPCB",10.450111111111111,90,96,93.75
2025-03-25,site_5600,"Nacharam_TSIIC IALA, Hyderabad - TSPCB",10.524842105263158,95,96,98.95833333333334
2025-03-26,site_5600,"Nacharam_TSIIC IALA, Hyderabad - TSPCB",13.160526315789474,95,96,98.95833333333334
2025-03-27,site_5600,"Nacharam_TSIIC IALA, Hyderabad - TSPCB",13.147157894736843,95,96,98.95833333333334
2025-03-28,site_5600,"Nacharam_TSIIC IALA, Hyderabad - TSPCB",12.820769230769232,91,96,94.79166666666666
2025-03-29,site_5600,"Nacharam_TSIIC IALA, Hyderabad - TSPCB",10.382947368421053,95,96,98.95833333333334
2025-03-30,site_5600,"Nacharam_TSIIC IALA, Hyderabad - TSPCB",11.165052631578948,95,96,98.95833333333334
2025-03-31,site_5600,"Nacharam_TSIIC IALA, Hyderabad - TSPCB",15.409468085106383,94,96,97.91666666666666
2025-04-01,site_5600,"Nacharam_TSIIC IALA, Hyderabad - TSPCB",12.114736842105264,95,96,98.95833333333334
2025-04-02,site_5600,"Nacharam_TSIIC IALA, Hyderabad - TSPCB",8.296086956521739,92,96,95.83333333333334
2025-04-03,site_5600,"Nacharam_TSIIC IALA, Hyderabad - TSPCB",10.50757894736842,95,96,98.95833333333334
2025-04-04,site_5600,"Nacharam_TSIIC IALA, Hyderabad - TSPCB",12.138709677419357,93,96,96.875
2025-04-05,site_5600,"Nacharam_TSIIC IALA, Hyderabad - TSPCB",,55,96,57.291666666666664
2025-04-06,site_5600,"Nacharam_TSIIC IALA, Hyderabad - TSPCB",,0,96,0.0
2025-04-07,site_5600,"Nacharam_TSIIC IALA, Hyderabad - TSPCB",,0,96,0.0
2025-04-08,site_5600,"Nacharam_TSIIC IALA, Hyderabad - TSPCB",,0,96,0.0
2025-04-09,site_5600,"Nacharam_TSIIC IALA, Hyderabad - TSPCB",,0,96,0.0
2025-04-10,site_5600,"Nacharam_TSIIC IALA, Hyderabad - TSPCB",,0,96,0.0
2025-04-11,site_5600,"Nacharam_TSIIC IALA, Hyderabad - TSPCB",,0,96,0.0
2025-04-12,site_5600,"Nacharam_TSIIC IALA, Hyderabad - TSPCB",,0,96,0.0
2025-04-13,site_5600,"Nacharam_TSIIC IALA, Hyderabad - TSPCB",,0,96,0.0
2025-04-14,site_5600,"Nacharam_TSIIC IALA, Hyderabad - TSPCB",,0,96,0.0
2025-04-15,site_5600,"Nacharam_TSIIC IALA, Hyderabad - TSPCB",,0,96,0.0
2025-04-16,site_5600,"Nacharam_TSIIC IALA, Hyderabad - TSPCB",,0,96,0.0
2025-04-17,site_5600,"Nacharam_TSIIC IALA, Hyderabad - TSPCB",,27,96,28.125
2025-04-18,site_5600,"Nacharam_TSIIC IALA, Hyderabad - TSPCB",11.924736842105263,95,96,98.95833333333334
2025-04-19,site_5600,"Nacharam_TSIIC IALA, Hyderabad - TSPCB",10.224301075268817,93,96,96.875
2025-04-20,site_5600,"Nacharam_TSIIC IALA, Hyderabad - TSPCB",11.295744680851064,94,96,97.91666666666666
2025-04-21,site_5600,"Nacharam_TSIIC IALA, Hyderabad - TSPCB",12.022608695652172,92,96,95.83333333333334
2025-04-22,site_5600,"Nacharam_TSIIC IALA, Hyderabad - TSPCB",16.774516129032257,93,96,96.875
2025-04-23,site_5600,"Nacharam_TSIIC IALA, Hyderabad - TSPCB",15.107872340425534,94,96,97.91666666666666
2025-04-24,site_5600,"Nacharam_TSIIC IALA, Hyderabad - TSPCB",15.2334375,96,96,100.0
2025-04-25,site_5600,"Nacharam_TSIIC IALA, Hyderabad - TSPCB",13.001595744680852,94,96,97.91666666666666
2025-04-26,site_5600,"Nacharam_TSIIC IALA, Hyderabad - TSPCB",10.135104166666666,96,96,100.0
2025-04-27,site_5600,"Nacharam_TSIIC IALA, Hyderabad - TSPCB",13.921195652173912,92,96,95.83333333333334
2025-04-28,site_5600,"Nacharam_TSIIC IALA, Hyderabad - TSPCB",15.628333333333332,96,96,100.0
2025-04-29,site_5600,"Nacharam_TSIIC IALA, Hyderabad - TSPCB",15.62314606741573,89,96,92.70833333333334
2025-04-30,site_5600,"Nacharam_TSIIC IALA, Hyderabad - TSPCB",13.962708333333333,96,96,100.0
2025-05-01,site_5600,"Nacharam_TSIIC IALA, Hyderabad - TSPCB",12.285052631578946,95,96,98.95833333333334
2025-05-02,site_5600,"Nacharam_TSIIC IALA, Hyderabad - TSPCB",13.147954545454546,88,96,91.66666666666666
2025-05-03,site_5600,"Nacharam_TSIIC IALA, Hyderabad - TSPCB",13.550312499999999,96,96,100.0
2025-05-04,site_5600,"Nacharam_TSIIC IALA, Hyderabad - TSPCB",10.876813186813186,91,96,94.79166666666666
2025-05-05,site_5600,"Nacharam_TSIIC IALA, Hyderabad - TSPCB",10.5740625,96,96,100.0
2025-05-06,site_5600,"Nacharam_TSIIC IALA, Hyderabad - TSPCB",10.375851063829789,94,96,97.91666666666666
2025-05-07,site_5600,"Nacharam_TSIIC IALA, Hyderabad - TSPCB",9.184375000000001,96,96,100.0
2025-05-08,site_5600,"Nacharam_TSIIC IALA, Hyderabad - TSPCB",11.014791666666667,96,96,100.0
2025-05-09,site_5600,"Nacharam_TSIIC IALA, Hyderabad - TSPCB",12.311250000000001,96,96,100.0
2025-05-10,site_5600,"Nacharam_TSIIC IALA, Hyderabad - TSPCB",12.919166666666667,96,96,100.0
2025-05-11,site_5600,"Nacharam_TSIIC IALA, Hyderabad - TSPCB",12.070333333333332,90,96,93.75
2025-05-12,site_5600,"Nacharam_TSIIC IALA, Hyderabad - TSPCB",11.299684210526316,95,96,98.95833333333334
2025-05-13,site_5600,"Nacharam_TSIIC IALA, Hyderabad - TSPCB",11.355416666666665,96,96,100.0
2025-05-14,site_5600,"Nacharam_TSIIC IALA, Hyderabad - TSPCB",11.870957446808509,94,96,97.91666666666666
2025-05-15,site_5600,"Nacharam_TSIIC IALA, Hyderabad - TSPCB",,64,96,66.66666666666666
2025-05-16,site_5600,"Nacharam_TSIIC IALA, Hyderabad - TSPCB",13.046860465116279,86,96,89.58333333333334
2025-05-17,site_5600,"Nacharam_TSIIC IALA, Hyderabad - TSPCB",10.791666666666666,96,96,100.0
2025-05-18,site_5600,"Nacharam_TSIIC IALA, Hyderabad - TSPCB",10.382604166666667,96,96,100.0
2025-05-19,site_5600,"Nacharam_TSIIC IALA, Hyderabad - TSPCB",10.647604166666666,96,96,100.0
2025-05-20,site_5600,"Nacharam_TSIIC IALA, Hyderabad - TSPCB",13.712947368421053,95,96,98.95833333333334
2025-05-21,site_5600,"Nacharam_TSIIC IALA, Hyderabad - TSPCB",12.932857142857143,91,96,94.79166666666666
2025-05-22,site_5600,"Nacharam_TSIIC IALA, Hyderabad - TSPCB",12.08095744680851,94,96,97.91666666666666
2025-05-23,site_5600,"Nacharam_TSIIC IALA, Hyderabad - TSPCB",12.947608695652175,92,96,95.83333333333334
2025-05-24,site_5600,"Nacharam_TSIIC IALA, Hyderabad - TSPCB",10.49442105263158,95,96,98.95833333333334
2025-05-25,site_5600,"Nacharam_TSIIC IALA, Hyderabad - TSPCB",9.287415730337079,89,96,92.70833333333334
2025-05-26,site_5600,"Nacharam_TSIIC IALA, Hyderabad - TSPCB",9.448958333333334,96,96,100.0
2025-05-27,site_5600,"Nacharam_TSIIC IALA, Hyderabad - TSPCB",11.303010752688174,93,96,96.875
2025-05-28,site_5600,"Nacharam_TSIIC IALA, Hyderabad - TSPCB",10.361368421052632,95,96,98.95833333333334
2025-05-29,site_5600,"Nacharam_TSIIC IALA, Hyderabad - TSPCB",12.316631578947367,95,96,98.95833333333334
2025-05-30,site_5600,"Nacharam_TSIIC IALA, Hyderabad - TSPCB",14.6646875,96,96,100.0
2025-05-31,site_5600,"Nacharam_TSIIC IALA, Hyderabad - TSPCB",11.3459375,96,96,100.0
2025-06-01,site_5600,"Nacharam_TSIIC IALA, Hyderabad - TSPCB",9.531702127659575,94,96,97.91666666666666
2025-06-02,site_5600,"Nacharam_TSIIC IALA, Hyderabad - TSPCB",9.721770833333332,96,96,100.0
2025-06-03,site_5600,"Nacharam_TSIIC IALA, Hyderabad - TSPCB",10.78375,96,96,100.0
2025-06-04,site_5600,"Nacharam_TSIIC IALA, Hyderabad - TSPCB",10.762291666666668,96,96,100.0
2025-06-05,site_5600,"Nacharam_TSIIC IALA, Hyderabad - TSPCB",11.079684210526315,95,96,98.95833333333334
2025-06-06,site_5600,"Nacharam_TSIIC IALA, Hyderabad - TSPCB",9.763829787234043,94,96,97.91666666666666
2025-06-07,site_5600,"Nacharam_TSIIC IALA, Hyderabad - TSPCB",8.781770833333333,96,96,100.0
2025-06-08,site_5600,"Nacharam_TSIIC IALA, Hyderabad - TSPCB",10.430312500000001,96,96,100.0
2025-06-09,site_5600,"Nacharam_TSIIC IALA, Hyderabad - TSPCB",14.529791666666666,96,96,100.0
2025-06-10,site_5600,"Nacharam_TSIIC IALA, Hyderabad - TSPCB",12.764270833333333,96,96,100.0
2025-06-11,site_5600,"Nacharam_TSIIC IALA, Hyderabad - TSPCB",10.873854166666668,96,96,100.0
2025-06-12,site_5600,"Nacharam_TSIIC IALA, Hyderabad - TSPCB",10.89108695652174,92,96,95.83333333333334
2025-06-13,site_5600,"Nacharam_TSIIC IALA, Hyderabad - TSPCB",10.486770833333333,96,96,100.0
2025-06-14,site_5600,"Nacharam_TSIIC IALA, Hyderabad - TSPCB",11.246770833333334,96,96,100.0
2025-06-15,site_5600,"Nacharam_TSIIC IALA, Hyderabad - TSPCB",11.171808510638298,94,96,97.91666666666666
2025-06-16,site_5600,"Nacharam_TSIIC IALA, Hyderabad - TSPCB",10.241157894736842,95,96,98.95833333333334
2025-06-17,site_5600,"Nacharam_TSIIC IALA, Hyderabad - TSPCB",9.766250000000001,96,96,100.0
2025-06-18,site_5600,"Nacharam_TSIIC IALA, Hyderabad - TSPCB",10.176666666666668,96,96,100.0
2025-06-19,site_5600,"Nacharam_TSIIC IALA, Hyderabad - TSPCB",9.905777777777777,90,96,93.75
2025-06-20,site_5600,"Nacharam_TSIIC IALA, Hyderabad - TSPCB",10.027291666666667,96,96,100.0
2025-06-21,site_5600,"Nacharam_TSIIC IALA, Hyderabad - TSPCB",9.411263157894737,95,96,98.95833333333334
2025-06-22,site_5600,"Nacharam_TSIIC IALA, Hyderabad - TSPCB",9.268541666666666,96,96,100.0
2025-06-23,site_5600,"Nacharam_TSIIC IALA, Hyderabad - TSPCB",10.359368421052631,95,96,98.95833333333334
2025-06-24,site_5600,"Nacharam_TSIIC IALA, Hyderabad - TSPCB",12.221041666666666,96,96,100.0
2025-06-25,site_5600,"Nacharam_TSIIC IALA, Hyderabad - TSPCB",8.718854166666667,96,96,100.0
2025-06-26,site_5600,"Nacharam_TSIIC IALA, Hyderabad - TSPCB",9.2925,96,96,100.0
2025-06-27,site_5600,"Nacharam_TSIIC IALA, Hyderabad - TSPCB",13.079374999999999,96,96,100.0
2025-06-28,site_5600,"Nacharam_TSIIC IALA, Hyderabad - TSPCB",9.759368421052631,95,96,98.95833333333334
2025-06-29,site_5600,"Nacharam_TSIIC IALA, Hyderabad - TSPCB",10.192065217391304,92,96,95.83333333333334
2025-06-30,site_5600,"Nacharam_TSIIC IALA, Hyderabad - TSPCB",9.9665625,96,96,100.0
2025-07-01,site_5600,"Nacharam_TSIIC IALA, Hyderabad - TSPCB",9.024375000000001,96,96,100.0
2025-07-02,site_5600,"Nacharam_TSIIC IALA, Hyderabad - TSPCB",7.738645833333333,96,96,100.0
2025-07-03,site_5600,"Nacharam_TSIIC IALA, Hyderabad - TSPCB",11.108645833333334,96,96,100.0
2025-07-04,site_5600,"Nacharam_TSIIC IALA, Hyderabad - TSPCB",10.01336842105263,95,96,98.95833333333334
2025-07-05,site_5600,"Nacharam_TSIIC IALA, Hyderabad - TSPCB",11.439166666666667,96,96,100.0
2025-07-06,site_5600,"Nacharam_TSIIC IALA, Hyderabad - TSPCB",9.540208333333334,96,96,100.0
2025-07-07,site_5600,"Nacharam_TSIIC IALA, Hyderabad - TSPCB",8.227395833333334,96,96,100.0
2025-07-08,site_5600,"Nacharam_TSIIC IALA, Hyderabad - TSPCB",8.230869565217391,92,96,95.83333333333334
2025-07-09,site_5600,"Nacharam_TSIIC IALA, Hyderabad - TSPCB",9.183404255319148,94,96,97.91666666666666
2025-07-10,site_5600,"Nacharam_TSIIC IALA, Hyderabad - TSPCB",11.965416666666668,96,96,100.0
2025-07-11,site_5600,"Nacharam_TSIIC IALA, Hyderabad - TSPCB",12.866444444444445,90,96,93.75
2025-07-12,site_5600,"Nacharam_TSIIC IALA, Hyderabad - TSPCB",13.48872340425532,94,96,97.91666666666666
2025-07-13,site_5600,"Nacharam_TSIIC IALA, Hyderabad - TSPCB",14.53621052631579,95,96,98.95833333333334
2025-07-14,site_5600,"Nacharam_TSIIC IALA, Hyderabad - TSPCB",11.867263157894739,95,96,98.95833333333334
2025-07-15,site_5600,"Nacharam_TSIIC IALA, Hyderabad - TSPCB",8.607604166666667,96,96,100.0
2025-07-16,site_5600,"Nacharam_TSIIC IALA, Hyderabad - TSPCB",9.330625,96,96,100.0
2025-07-17,site_5600,"Nacharam_TSIIC IALA, Hyderabad - TSPCB",9.900104166666667,96,96,100.0
2025-07-18,site_5600,"Nacharam_TSIIC IALA, Hyderabad - TSPCB",9.635729166666666,96,96,100.0
2025-07-19,site_5600,"Nacharam_TSIIC IALA, Hyderabad - TSPCB",9.1246875,96,96,100.0
2025-07-20,site_5600,"Nacharam_TSIIC IALA, Hyderabad - TSPCB",7.201914893617022,94,96,97.91666666666666
2025-07-21,site_5600,"Nacharam_TSIIC IALA, Hyderabad - TSPCB",8.766562500000001,96,96,100.0
2025-07-22,site_5600,"Nacharam_TSIIC IALA, Hyderabad - TSPCB",9.1909375,96,96,100.0
2025-07-23,site_5600,"Nacharam_TSIIC IALA, Hyderabad - TSPCB",9.85390243902439,82,96,85.41666666666666
2025-07-24,site_5600,"Nacharam_TSIIC IALA, Hyderabad - TSPCB",9.283764705882353,85,96,88.54166666666666
2025-07-25,site_5600,"Nacharam_TSIIC IALA, Hyderabad - TSPCB",9.709166666666667,96,96,100.0
2025-07-26,site_5600,"Nacharam_TSIIC IALA, Hyderabad - TSPCB",9.995125,80,96,83.33333333333334
2025-07-27,site_5600,"Nacharam_TSIIC IALA, Hyderabad - TSPCB",8.35695652173913,92,96,95.83333333333334
2025-07-28,site_5600,"Nacharam_TSIIC IALA, Hyderabad - TSPCB",9.918645833333334,96,96,100.0
2025-07-29,site_5600,"Nacharam_TSIIC IALA, Hyderabad - TSPCB",10.034270833333332,96,96,100.0
2025-07-30,site_5600,"Nacharam_TSIIC IALA, Hyderabad - TSPCB",10.703333333333333,96,96,100.0
2025-07-31,site_5600,"Nacharam_TSIIC IALA, Hyderabad - TSPCB",12.58103448275862,87,96,90.625
2025-08-01,site_5600,"Nacharam_TSIIC IALA, Hyderabad - TSPCB",9.8296875,96,96,100.0
2025-08-02,site_5600,"Nacharam_TSIIC IALA, Hyderabad - TSPCB",9.452916666666667,96,96,100.0
2025-08-03,site_5600,"Nacharam_TSIIC IALA, Hyderabad - TSPCB",,50,96,52.083333333333336
2025-08-04,site_5600,"Nacharam_TSIIC IALA, Hyderabad - TSPCB",,68,96,70.83333333333334
2025-08-05,site_5600,"Nacharam_TSIIC IALA, Hyderabad - TSPCB",,56,96,58.333333333333336
2025-08-06,site_5600,"Nacharam_TSIIC IALA, Hyderabad - TSPCB",11.199479166666668,96,96,100.0
2025-08-07,site_5600,"Nacharam_TSIIC IALA, Hyderabad - TSPCB",11.872978723404255,94,96,97.91666666666666
2025-08-08,site_5600,"Nacharam_TSIIC IALA, Hyderabad - TSPCB",12.76304347826087,92,96,95.83333333333334
2025-08-09,site_5600,"Nacharam_TSIIC IALA, Hyderabad - TSPCB",13.127765957446808,94,96,97.91666666666666
2025-08-10,site_5600,"Nacharam_TSIIC IALA, Hyderabad - TSPCB",10.9446875,96,96,100.0
2025-08-11,site_5600,"Nacharam_TSIIC IALA, Hyderabad - TSPCB",10.459479166666666,96,96,100.0
2025-08-12,site_5600,"Nacharam_TSIIC IALA, Hyderabad - TSPCB",11.077916666666667,96,96,100.0
2025-08-13,site_5600,"Nacharam_TSIIC IALA, Hyderabad - TSPCB",10.323437499999999,96,96,100.0
2025-08-14,site_5600,"Nacharam_TSIIC IALA, Hyderabad - TSPCB",10.817916666666667,96,96,100.0
2025-08-15,site_5600,"Nacharam_TSIIC IALA, Hyderabad - TSPCB",10.957187500000002,96,96,100.0
2025-08-16,site_5600,"Nacharam_TSIIC IALA, Hyderabad - TSPCB",13.212315789473685,95,96,98.95833333333334
2025-08-17,site_5600,"Nacharam_TSIIC IALA, Hyderabad - TSPCB",10.451979166666666,96,96,100.0
2025-08-18,site_5600,"Nacharam_TSIIC IALA, Hyderabad - TSPCB",12.443020833333334,96,96,100.0
2025-08-19,site_5600,"Nacharam_TSIIC IALA, Hyderabad - TSPCB",16.275625,96,96,100.0
2025-08-20,site_5600,"Nacharam_TSIIC IALA, Hyderabad - TSPCB",12.399479166666666,96,96,100.0
2025-08-21,site_5600,"Nacharam_TSIIC IALA, Hyderabad - TSPCB",11.650625,96,96,100.0
2025-08-22,site_5600,"Nacharam_TSIIC IALA, Hyderabad - TSPCB",10.130833333333333,96,96,100.0
2025-08-23,site_5600,"Nacharam_TSIIC IALA, Hyderabad - TSPCB",10.292708333333334,96,96,100.0
2025-08-24,site_5600,"Nacharam_TSIIC IALA, Hyderabad - TSPCB",10.771354166666667,96,96,100.0
2025-08-25,site_5600,"Nacharam_TSIIC IALA, Hyderabad - TSPCB",12.037916666666668,96,96,100.0
2025-08-26,site_5600,"Nacharam_TSIIC IALA, Hyderabad - TSPCB",12.97212765957447,94,96,97.91666666666666
2025-08-27,site_5600,"Nacharam_TSIIC IALA, Hyderabad - TSPCB",11.716458333333334,96,96,100.0
2025-08-28,site_5600,"Nacharam_TSIIC IALA, Hyderabad - TSPCB",12.055730337078652,89,96,92.70833333333334
2025-08-29,site_5600,"Nacharam_TSIIC IALA, Hyderabad - TSPCB",11.221204819277109,83,96,86.45833333333334
2025-08-30,site_5600,"Nacharam_TSIIC IALA, Hyderabad - TSPCB",14.218387096774192,93,96,96.875
2025-08-31,site_5600,"Nacharam_TSIIC IALA, Hyderabad - TSPCB",13.810752688172045,93,96,96.875
2025-01-01,site_5595,"New Malakpet, Hyderabad - TSPCB",13.502736842105262,95,96,98.95833333333334
2025-01-02,site_5595,"New Malakpet, Hyderabad - TSPCB",14.449166666666665,96,96,100.0
2025-01-03,site_5595,"New Malakpet, Hyderabad - TSPCB",13.957191011235956,89,96,92.70833333333334
2025-01-04,site_5595,"New Malakpet, Hyderabad - TSPCB",11.245,96,96,100.0
2025-01-05,site_5595,"New Malakpet, Hyderabad - TSPCB",11.216979166666667,96,96,100.0
2025-01-06,site_5595,"New Malakpet, Hyderabad - TSPCB",11.209032258064516,93,96,96.875
2025-01-07,site_5595,"New Malakpet, Hyderabad - TSPCB",13.504375000000001,96,96,100.0
2025-01-08,site_5595,"New Malakpet, Hyderabad - TSPCB",14.030000000000001,80,96,83.33333333333334
2025-01-09,site_5595,"New Malakpet, Hyderabad - TSPCB",,57,96,59.375
2025-01-10,site_5595,"New Malakpet, Hyderabad - TSPCB",12.784651162790698,86,96,89.58333333333334
2025-01-11,site_5595,"New Malakpet, Hyderabad - TSPCB",13.340416666666668,96,96,100.0
2025-01-12,site_5595,"New Malakpet, Hyderabad - TSPCB",13.332500000000001,96,96,100.0
2025-01-13,site_5595,"New Malakpet, Hyderabad - TSPCB",9.88625,96,96,100.0
2025-01-14,site_5595,"New Malakpet, Hyderabad - TSPCB",8.228333333333333,96,96,100.0
2025-01-15,site_5595,"New Malakpet, Hyderabad - TSPCB",13.977,90,96,93.75
2025-01-16,site_5595,"New Malakpet, Hyderabad - TSPCB",16.189583333333335,96,96,100.0
2025-01-17,site_5595,"New Malakpet, Hyderabad - TSPCB",9.806145833333334,96,96,100.0
2025-01-18,site_5595,"New Malakpet, Hyderabad - TSPCB",11.098631578947368,95,96,98.95833333333334
2025-01-19,site_5595,"New Malakpet, Hyderabad - TSPCB",11.917812499999998,96,96,100.0
2025-01-20,site_5595,"New Malakpet, Hyderabad - TSPCB",,14,96,14.583333333333334
2025-01-21,site_5595,"New Malakpet, Hyderabad - TSPCB",,58,96,60.416666666666664
2025-01-22,site_5595,"New Malakpet, Hyderabad - TSPCB",14.558020833333332,96,96,100.0
2025-01-23,site_5595,"New Malakpet, Hyderabad - TSPCB",8.618854166666667,96,96,100.0
2025-01-24,site_5595,"New Malakpet, Hyderabad - TSPCB",11.458020833333334,96,96,100.0
2025-01-25,site_5595,"New Malakpet, Hyderabad - TSPCB",14.1475,96,96,100.0
2025-01-26,site_5595,"New Malakpet, Hyderabad - TSPCB",14.178229166666666,96,96,100.0
2025-01-27,site_5595,"New Malakpet, Hyderabad - TSPCB",11.379166666666668,96,96,100.0
2025-01-28,site_5595,"New Malakpet, Hyderabad - TSPCB",11.631263157894738,95,96,98.95833333333334
2025-01-29,site_5595,"New Malakpet, Hyderabad - TSPCB",13.7821875,96,96,100.0
2025-01-30,site_5595,"New Malakpet, Hyderabad - TSPCB",8.975764705882353,85,96,88.54166666666666
2025-01-31,site_5595,"New Malakpet, Hyderabad - TSPCB",10.429270833333334,96,96,100.0
2025-02-01,site_5595,"New Malakpet, Hyderabad - TSPCB",13.366195652173914,92,96,95.83333333333334
2025-02-02,site_5595,"New Malakpet, Hyderabad - TSPCB",,63,96,65.625
2025-02-03,site_5595,"New Malakpet, Hyderabad - TSPCB",,52,96,54.166666666666664
2025-02-04,site_5595,"New Malakpet, Hyderabad - TSPCB",14.072291666666667,96,96,100.0
2025-02-05,site_5595,"New Malakpet, Hyderabad - TSPCB",15.657395833333334,96,96,100.0
2025-02-06,site_5595,"New Malakpet, Hyderabad - TSPCB",15.71936842105263,95,96,98.95833333333334
2025-02-07,site_5595,"New Malakpet, Hyderabad - TSPCB",13.245208333333332,96,96,100.0
2025-02-08,site_5595,"New Malakpet, Hyderabad - TSPCB",9.586354166666666,96,96,100.0
2025-02-09,site_5595,"New Malakpet, Hyderabad - TSPCB",,37,96,38.54166666666667
2025-02-10,site_5595,"New Malakpet, Hyderabad - TSPCB",,56,96,58.333333333333336
2025-02-11,site_5595,"New Malakpet, Hyderabad - TSPCB",14.699230769230768,78,96,81.25
2025-02-12,site_5595,"New Malakpet, Hyderabad - TSPCB",12.071702127659574,94,96,97.91666666666666
2025-02-13,site_5595,"New Malakpet, Hyderabad - TSPCB",10.310588235294118,85,96,88.54166666666666
2025-02-14,site_5595,"New Malakpet, Hyderabad - TSPCB",10.317073170731707,82,96,85.41666666666666
2025-02-15,site_5595,"New Malakpet, Hyderabad - TSPCB",10.328333333333333,96,96,100.0
2025-02-16,site_5595,"New Malakpet, Hyderabad - TSPCB",10.327291666666666,96,96,100.0
2025-02-17,site_5595,"New Malakpet, Hyderabad - TSPCB",13.330909090909092,77,96,80.20833333333334
2025-02-18,site_5595,"New Malakpet, Hyderabad - TSPCB",14.677395833333334,96,96,100.0
2025-02-19,site_5595,"New Malakpet, Hyderabad - TSPCB",14.658333333333333,96,96,100.0
2025-02-20,site_5595,"New Malakpet, Hyderabad - TSPCB",,66,96,68.75
2025-02-21,site_5595,"New Malakpet, Hyderabad - TSPCB",8.199895833333333,96,96,100.0
2025-02-22,site_5595,"New Malakpet, Hyderabad - TSPCB",12.098315789473684,95,96,98.95833333333334
2025-02-23,site_5595,"New Malakpet, Hyderabad - TSPCB",14.4921875,96,96,100.0
2025-02-24,site_5595,"New Malakpet, Hyderabad - TSPCB",11.835208333333334,96,96,100.0
2025-02-25,site_5595,"New Malakpet, Hyderabad - TSPCB",8.089247311827956,93,96,96.875
2025-02-26,site_5595,"New Malakpet, Hyderabad - TSPCB",7.204895833333333,96,96,100.0
2025-02-27,site_5595,"New Malakpet, Hyderabad - TSPCB",7.188124999999999,96,96,100.0
2025-02-28,site_5595,"New Malakpet, Hyderabad - TSPCB",9.47536842105263,95,96,98.95833333333334
2025-03-01,site_5595,"New Malakpet, Hyderabad - TSPCB",10.137500000000001,96,96,100.0
2025-03-02,site_5595,"New Malakpet, Hyderabad - TSPCB",8.8996875,96,96,100.0
2025-03-03,site_5595,"New Malakpet, Hyderabad - TSPCB",9.978125,96,96,100.0
2025-03-04,site_5595,"New Malakpet, Hyderabad - TSPCB",11.103541666666667,96,96,100.0
2025-03-05,site_5595,"New Malakpet, Hyderabad - TSPCB",11.559270833333334,96,96,100.0
2025-03-06,site_5595,"New Malakpet, Hyderabad - TSPCB",11.49936170212766,94,96,97.91666666666666
2025-03-07,site_5595,"New Malakpet, Hyderabad - TSPCB",10.557395833333333,96,96,100.0
2025-03-08,site_5595,"New Malakpet, Hyderabad - TSPCB",10.579368421052632,95,96,98.95833333333334
2025-03-09,site_5595,"New Malakpet, Hyderabad - TSPCB",10.576923076923077,91,96,94.79166666666666
2025-03-10,site_5595,"New Malakpet, Hyderabad - TSPCB",11.5340625,96,96,100.0
2025-03-11,site_5595,"New Malakpet, Hyderabad - TSPCB",12.300312499999999,96,96,100.0
2025-03-12,site_5595,"New Malakpet, Hyderabad - TSPCB",12.358958333333334,96,96,100.0
2025-03-13,site_5595,"New Malakpet, Hyderabad - TSPCB",13.58288888888889,90,96,93.75
2025-03-14,site_5595,"New Malakpet, Hyderabad - TSPCB",13.62505263157895,95,96,98.95833333333334
2025-03-15,site_5595,"New Malakpet, Hyderabad - TSPCB",13.979895833333332,96,96,100.0
2025-03-16,site_5595,"New Malakpet, Hyderabad - TSPCB",15.296354166666667,96,96,100.0
2025-03-17,site_5595,"New Malakpet, Hyderabad - TSPCB",12.958020833333334,96,96,100.0
2025-03-18,site_5595,"New Malakpet, Hyderabad - TSPCB",11.721041666666666,96,96,100.0
2025-03-19,site_5595,"New Malakpet, Hyderabad - TSPCB",11.74978947368421,95,96,98.95833333333334
2025-03-20,site_5595,"New Malakpet, Hyderabad - TSPCB",11.709462365591397,93,96,96.875
2025-03-21,site_5595,"New Malakpet, Hyderabad - TSPCB",11.832842105263158,95,96,98.95833333333334
2025-03-22,site_5595,"New Malakpet, Hyderabad - TSPCB",12.566813186813185,91,96,94.79166666666666
2025-03-23,site_5595,"New Malakpet, Hyderabad - TSPCB",12.215625000000001,96,96,100.0
2025-03-24,site_5595,"New Malakpet, Hyderabad - TSPCB",12.1959375,96,96,100.0
2025-03-25,site_5595,"New Malakpet, Hyderabad - TSPCB",12.821875,96,96,100.0
2025-03-26,site_5595,"New Malakpet, Hyderabad - TSPCB",14.480833333333335,96,96,100.0
2025-03-27,site_5595,"New Malakpet, Hyderabad - TSPCB",15.153225806451612,93,96,96.875
2025-03-28,site_5595,"New Malakpet, Hyderabad - TSPCB",14.8040625,96,96,100.0
2025-03-29,site_5595,"New Malakpet, Hyderabad - TSPCB",,64,96,66.66666666666666
2025-03-30,site_5595,"New Malakpet, Hyderabad - TSPCB",14.375208333333333,96,96,100.0
2025-03-31,site_5595,"New Malakpet, Hyderabad - TSPCB",14.3753125,96,96,100.0
2025-04-01,site_5595,"New Malakpet, Hyderabad - TSPCB",14.4221875,96,96,100.0
2025-04-02,site_5595,"New Malakpet, Hyderabad - TSPCB",14.4053125,96,96,100.0
2025-04-03,site_5595,"New Malakpet, Hyderabad - TSPCB",,63,96,65.625
2025-04-04,site_5595,"New Malakpet, Hyderabad - TSPCB",,56,96,58.333333333333336
2025-04-05,site_5595,"New Malakpet, Hyderabad - TSPCB",13.431770833333333,96,96,100.0
2025-04-06,site_5595,"New Malakpet, Hyderabad - TSPCB",14.3071875,96,96,100.0
2025-04-07,site_5595,"New Malakpet, Hyderabad - TSPCB",14.28842105263158,76,96,79.16666666666666
2025-04-08,site_5595,"New Malakpet, Hyderabad - TSPCB",,66,96,68.75
2025-04-09,site_5595,"New Malakpet, Hyderabad - TSPCB",,43,96,44.79166666666667
2025-04-10,site_5595,"New Malakpet, Hyderabad - TSPCB",11.4190625,96,96,100.0
2025-04-11,site_5595,"New Malakpet, Hyderabad - TSPCB",14.452291666666667,96,96,100.0
2025-04-12,site_5595,"New Malakpet, Hyderabad - TSPCB",14.352916666666667,96,96,100.0
2025-04-13,site_5595,"New Malakpet, Hyderabad - TSPCB",14.046041666666667,96,96,100.0
2025-04-14,site_5595,"New Malakpet, Hyderabad - TSPCB",10.330111111111112,90,96,93.75
2025-04-15,site_5595,"New Malakpet, Hyderabad - TSPCB",,53,96,55.208333333333336
2025-04-16,site_5595,"New Malakpet, Hyderabad - TSPCB",13.367272727272727,88,96,91.66666666666666
2025-04-17,site_5595,"New Malakpet, Hyderabad - TSPCB",,45,96,46.875
2025-04-18,site_5595,"New Malakpet, Hyderabad - TSPCB",,25,96,26.041666666666668
2025-04-19,site_5595,"New Malakpet, Hyderabad - TSPCB",,48,96,50.0
2025-04-20,site_5595,"New Malakpet, Hyderabad - TSPCB",13.378333333333332,96,96,100.0
2025-04-21,site_5595,"New Malakpet, Hyderabad - TSPCB",13.461095890410958,73,96,76.04166666666666
2025-04-22,site_5595,"New Malakpet, Hyderabad - TSPCB",,57,96,59.375
2025-04-23,site_5595,"New Malakpet, Hyderabad - TSPCB",10.413124999999999,96,96,100.0
2025-04-24,site_5595,"New Malakpet, Hyderabad - TSPCB",9.920937499999999,96,96,100.0
2025-04-25,site_5595,"New Malakpet, Hyderabad - TSPCB",9.435052631578948,95,96,98.95833333333334
2025-04-26,site_5595,"New Malakpet, Hyderabad - TSPCB",9.40625,96,96,100.0
2025-04-27,site_5595,"New Malakpet, Hyderabad - TSPCB",9.376458333333334,96,96,100.0
2025-04-28,site_5595,"New Malakpet, Hyderabad - TSPCB",10.319574468085106,94,96,97.91666666666666
2025-04-29,site_5595,"New Malakpet, Hyderabad - TSPCB",10.540963855421687,83,96,86.45833333333334
2025-04-30,site_5595,"New Malakpet, Hyderabad - TSPCB",9.358082191780822,73,96,76.04166666666666
2025-05-01,site_5595,"New Malakpet, Hyderabad - TSPCB",10.510520833333333,96,96,100.0
2025-05-02,site_5595,"New Malakpet, Hyderabad - TSPCB",,71,96,73.95833333333334
2025-05-03,site_5595,"New Malakpet, Hyderabad - TSPCB",,71,96,73.95833333333334
2025-05-04,site_5595,"New Malakpet, Hyderabad - TSPCB",,0,96,0.0
2025-05-05,site_5595,"New Malakpet, Hyderabad - TSPCB",,50,96,52.083333333333336
2025-05-06,site_5595,"New Malakpet, Hyderabad - TSPCB",9.317282608695653,92,96,95.83333333333334
2025-05-07,site_5595,"New Malakpet, Hyderabad - TSPCB",9.34764705882353,85,96,88.54166666666666
2025-05-08,site_5595,"New Malakpet, Hyderabad - TSPCB",9.334895833333333,96,96,100.0
2025-05-09,site_5595,"New Malakpet, Hyderabad - TSPCB",9.243829787234041,94,96,97.91666666666666
2025-05-10,site_5595,"New Malakpet, Hyderabad - TSPCB",9.429791666666667,96,96,100.0
2025-05-11,site_5595,"New Malakpet, Hyderabad - TSPCB",10.438437500000001,96,96,100.0
2025-05-12,site_5595,"New Malakpet, Hyderabad - TSPCB",10.412105263157894,95,96,98.95833333333334
2025-05-13,site_5595,"New Malakpet, Hyderabad - TSPCB",10.439583333333333,96,96,100.0
2025-05-14,site_5595,"New Malakpet, Hyderabad - TSPCB",10.512604166666668,96,96,100.0
2025-05-15,site_5595,"New Malakpet, Hyderabad - TSPCB",10.4871875,96,96,100.0
2025-05-16,site_5595,"New Malakpet, Hyderabad - TSPCB",11.057473684210526,95,96,98.95833333333334
2025-05-17,site_5595,"New Malakpet, Hyderabad - TSPCB",11.393020833333333,96,96,100.0
2025-05-18,site_5595,"New Malakpet, Hyderabad - TSPCB",11.4696875,96,96,100.0
2025-05-19,site_5595,"New Malakpet, Hyderabad - TSPCB",12.352395833333333,96,96,100.0
2025-05-20,site_5595,"New Malakpet, Hyderabad - TSPCB",,65,96,67.70833333333334
2025-05-21,site_5595,"New Malakpet, Hyderabad - TSPCB",12.995999999999999,95,96,98.95833333333334
2025-05-22,site_5595,"New Malakpet, Hyderabad - TSPCB",,37,96,38.54166666666667
2025-05-23,site_5595,"New Malakpet, Hyderabad - TSPCB",,0,96,0.0
2025-05-24,site_5595,"New Malakpet, Hyderabad - TSPCB",,20,96,20.833333333333336
2025-05-25,site_5595,"New Malakpet, Hyderabad - TSPCB",11.968020833333334,96,96,100.0
2025-05-26,site_5595,"New Malakpet, Hyderabad - TSPCB",,67,96,69.79166666666666
2025-05-27,site_5595,"New Malakpet, Hyderabad - TSPCB",,66,96,68.75
2025-05-28,site_5595,"New Malakpet, Hyderabad - TSPCB",12.609893617021276,94,96,97.91666666666666
2025-05-29,site_5595,"New Malakpet, Hyderabad - TSPCB",11.942187500000001,96,96,100.0
2025-05-30,site_5595,"New Malakpet, Hyderabad - TSPCB",11.536979166666667,96,96,100.0
2025-05-31,site_5595,"New Malakpet, Hyderabad - TSPCB",12.054864864864864,74,96,77.08333333333334
2025-06-01,site_5595,"New Malakpet, Hyderabad - TSPCB",13.738314606741573,89,96,92.70833333333334
2025-06-02,site_5595,"New Malakpet, Hyderabad - TSPCB",13.355833333333335,96,96,100.0
2025-06-03,site_5595,"New Malakpet, Hyderabad - TSPCB",14.942421052631579,95,96,98.95833333333334
2025-06-04,site_5595,"New Malakpet, Hyderabad - TSPCB",12.851578947368422,95,96,98.95833333333334
2025-06-05,site_5595,"New Malakpet, Hyderabad - TSPCB",13.253368421052631,95,96,98.95833333333334
2025-06-06,site_5595,"New Malakpet, Hyderabad - TSPCB",12.934526315789473,95,96,98.95833333333334
2025-06-07,site_5595,"New Malakpet, Hyderabad - TSPCB",12.393541666666666,96,96,100.0
2025-06-08,site_5595,"New Malakpet, Hyderabad - TSPCB",9.314421052631578,95,96,98.95833333333334
2025-06-09,site_5595,"New Malakpet, Hyderabad - TSPCB",11.459375,96,96,100.0
2025-06-10,site_5595,"New Malakpet, Hyderabad - TSPCB",11.644687500000002,96,96,100.0
2025-06-11,site_5595,"New Malakpet, Hyderabad - TSPCB",11.87242105263158,95,96,98.95833333333334
2025-06-12,site_5595,"New Malakpet, Hyderabad - TSPCB",12.503333333333332,96,96,100.0
2025-06-13,site_5595,"New Malakpet, Hyderabad - TSPCB",12.258172043010752,93,96,96.875
2025-06-14,site_5595,"New Malakpet, Hyderabad - TSPCB",11.054895833333333,96,96,100.0
2025-06-15,site_5595,"New Malakpet, Hyderabad - TSPCB",9.877291666666666,96,96,100.0
2025-06-16,site_5595,"New Malakpet, Hyderabad - TSPCB",10.245625,96,96,100.0
2025-06-17,site_5595,"New Malakpet, Hyderabad - TSPCB",12.029375,96,96,100.0
2025-06-18,site_5595,"New Malakpet, Hyderabad - TSPCB",,21,96,21.875
2025-06-19,site_5595,"New Malakpet, Hyderabad - TSPCB",,50,96,52.083333333333336
2025-06-20,site_5595,"New Malakpet, Hyderabad - TSPCB",11.358,90,96,93.75
2025-06-21,site_5595,"New Malakpet, Hyderabad - TSPCB",11.133684210526317,95,96,98.95833333333334
2025-06-22,site_5595,"New Malakpet, Hyderabad - TSPCB",11.2653125,96,96,100.0
2025-06-23,site_5595,"New Malakpet, Hyderabad - TSPCB",12.2440625,96,96,100.0
2025-06-24,site_5595,"New Malakpet, Hyderabad - TSPCB",13.032604166666667,96,96,100.0
2025-06-25,site_5595,"New Malakpet, Hyderabad - TSPCB",11.524270833333333,96,96,100.0
2025-06-26,site_5595,"New Malakpet, Hyderabad - TSPCB",9.4509375,96,96,100.0
2025-06-27,site_5595,"New Malakpet, Hyderabad - TSPCB",10.707368421052632,95,96,98.95833333333334
2025-06-28,site_5595,"New Malakpet, Hyderabad - TSPCB",13.284374999999999,96,96,100.0
2025-06-29,site_5595,"New Malakpet, Hyderabad - TSPCB",13.159687499999999,96,96,100.0
2025-06-30,site_5595,"New Malakpet, Hyderabad - TSPCB",11.137083333333335,96,96,100.0
2025-07-01,site_5595,"New Malakpet, Hyderabad - TSPCB",12.473541666666668,96,96,100.0
2025-07-02,site_5595,"New Malakpet, Hyderabad - TSPCB",11.446354166666666,96,96,100.0
2025-07-03,site_5595,"New Malakpet, Hyderabad - TSPCB",10.629895833333334,96,96,100.0
2025-07-04,site_5595,"New Malakpet, Hyderabad - TSPCB",11.392127659574466,94,96,97.91666666666666
2025-07-05,site_5595,"New Malakpet, Hyderabad - TSPCB",11.395340909090908,88,96,91.66666666666666
2025-07-06,site_5595,"New Malakpet, Hyderabad - TSPCB",11.346458333333333,96,96,100.0
2025-07-07,site_5595,"New Malakpet, Hyderabad - TSPCB",12.415625,96,96,100.0
2025-07-08,site_5595,"New Malakpet, Hyderabad - TSPCB",,35,96,36.45833333333333
2025-07-09,site_5595,"New Malakpet, Hyderabad - TSPCB",11.336385542168674,83,96,86.45833333333334
2025-07-10,site_5595,"New Malakpet, Hyderabad - TSPCB",12.512083333333335,96,96,100.0
2025-07-11,site_5595,"New Malakpet, Hyderabad - TSPCB",12.267083333333334,96,96,100.0
2025-07-12,site_5595,"New Malakpet, Hyderabad - TSPCB",10.969302325581396,86,96,89.58333333333334
2025-07-13,site_5595,"New Malakpet, Hyderabad - TSPCB",,64,96,66.66666666666666
2025-07-14,site_5595,"New Malakpet, Hyderabad - TSPCB",10.333473684210526,95,96,98.95833333333334
2025-07-15,site_5595,"New Malakpet, Hyderabad - TSPCB",,63,96,65.625
2025-07-16,site_5595,"New Malakpet, Hyderabad - TSPCB",,60,96,62.5
2025-07-17,site_5595,"New Malakpet, Hyderabad - TSPCB",9.04236559139785,93,96,96.875
2025-07-18,site_5595,"New Malakpet, Hyderabad - TSPCB",8.927692307692308,91,96,94.79166666666666
2025-07-19,site_5595,"New Malakpet, Hyderabad - TSPCB",9.616458333333332,96,96,100.0
2025-07-20,site_5595,"New Malakpet, Hyderabad - TSPCB",11.96125,96,96,100.0
2025-07-21,site_5595,"New Malakpet, Hyderabad - TSPCB",12.1121875,96,96,100.0
2025-07-22,site_5595,"New Malakpet, Hyderabad - TSPCB",11.987263157894736,95,96,98.95833333333334
2025-07-23,site_5595,"New Malakpet, Hyderabad - TSPCB",11.265729166666667,96,96,100.0
2025-07-24,site_5595,"New Malakpet, Hyderabad - TSPCB",12.661354166666667,96,96,100.0
2025-07-25,site_5595,"New Malakpet, Hyderabad - TSPCB",12.8021875,96,96,100.0
2025-07-26,site_5595,"New Malakpet, Hyderabad - TSPCB",10.692386363636363,88,96,91.66666666666666
2025-07-27,site_5595,"New Malakpet, Hyderabad - TSPCB",11.380416666666667,96,96,100.0
2025-07-28,site_5595,"New Malakpet, Hyderabad - TSPCB",12.18,93,96,96.875
2025-07-29,site_5595,"New Malakpet, Hyderabad - TSPCB",11.069583333333334,96,96,100.0
2025-07-30,site_5595,"New Malakpet, Hyderabad - TSPCB",11.277604166666668,96,96,100.0
2025-07-31,site_5595,"New Malakpet, Hyderabad - TSPCB",12.625729166666666,96,96,100.0
2025-08-01,site_5595,"New Malakpet, Hyderabad - TSPCB",12.961145833333333,96,96,100.0
2025-08-02,site_5595,"New Malakpet, Hyderabad - TSPCB",12.011770833333332,96,96,100.0
2025-08-03,site_5595,"New Malakpet, Hyderabad - TSPCB",12.285625000000001,96,96,100.0
2025-08-04,site_5595,"New Malakpet, Hyderabad - TSPCB",12.362291666666666,96,96,100.0
2025-08-05,site_5595,"New Malakpet, Hyderabad - TSPCB",10.206354166666666,96,96,100.0
2025-08-06,site_5595,"New Malakpet, Hyderabad - TSPCB",15.970105263157896,95,96,98.95833333333334
2025-08-07,site_5595,"New Malakpet, Hyderabad - TSPCB",10.858229166666668,96,96,100.0
2025-08-08,site_5595,"New Malakpet, Hyderabad - TSPCB",11.931145833333334,96,96,100.0
2025-08-09,site_5595,"New Malakpet, Hyderabad - TSPCB",12.5834375,96,96,100.0
2025-08-10,site_5595,"New Malakpet, Hyderabad - TSPCB",11.076315789473684,95,96,98.95833333333334
2025-08-11,site_5595,"New Malakpet, Hyderabad - TSPCB",11.055104166666666,96,96,100.0
2025-08-12,site_5595,"New Malakpet, Hyderabad - TSPCB",10.65242105263158,95,96,98.95833333333334
2025-08-13,site_5595,"New Malakpet, Hyderabad - TSPCB",10.810526315789474,95,96,98.95833333333334
2025-08-14,site_5595,"New Malakpet, Hyderabad - TSPCB",12.160315789473684,95,96,98.95833333333334
2025-08-15,site_5595,"New Malakpet, Hyderabad - TSPCB",13.513229166666667,96,96,100.0
2025-08-16,site_5595,"New Malakpet, Hyderabad - TSPCB",12.238020833333332,96,96,100.0
2025-08-17,site_5595,"New Malakpet, Hyderabad - TSPCB",11.285520833333335,96,96,100.0
2025-08-18,site_5595,"New Malakpet, Hyderabad - TSPCB",11.447608695652175,92,96,95.83333333333334
2025-08-19,site_5595,"New Malakpet, Hyderabad - TSPCB",11.996666666666668,96,96,100.0
2025-08-20,site_5595,"New Malakpet, Hyderabad - TSPCB",13.253176470588235,85,96,88.54166666666666
2025-08-21,site_5595,"New Malakpet, Hyderabad - TSPCB",13.611979166666666,96,96,100.0
2025-08-22,site_5595,"New Malakpet, Hyderabad - TSPCB",11.850476190476192,84,96,87.5
2025-08-23,site_5595,"New Malakpet, Hyderabad - TSPCB",11.546979166666667,96,96,100.0
2025-08-24,site_5595,"New Malakpet, Hyderabad - TSPCB",13.456041666666666,96,96,100.0
2025-08-25,site_5595,"New Malakpet, Hyderabad - TSPCB",13.428863636363637,88,96,91.66666666666666
2025-08-26,site_5595,"New Malakpet, Hyderabad - TSPCB",12.546736842105263,95,96,98.95833333333334
2025-08-27,site_5595,"New Malakpet, Hyderabad - TSPCB",12.0784375,96,96,100.0
2025-08-28,site_5595,"New Malakpet, Hyderabad - TSPCB",8.580416666666666,96,96,100.0
2025-08-29,site_5595,"New Malakpet, Hyderabad - TSPCB",5.157191011235955,89,96,92.70833333333334
2025-08-30,site_5595,"New Malakpet, Hyderabad - TSPCB",5.181041666666666,96,96,100.0
2025-08-31,site_5595,"New Malakpet, Hyderabad - TSPCB",4.119375,96,96,100.0
2025-01-01,site_5602,"Ramachandrapuram, Hyderabad - TSPCB",,20,96,20.833333333333336
2025-01-02,site_5602,"Ramachandrapuram, Hyderabad - TSPCB",,58,96,60.416666666666664
2025-01-03,site_5602,"Ramachandrapuram, Hyderabad - TSPCB",,51,96,53.125
2025-01-04,site_5602,"Ramachandrapuram, Hyderabad - TSPCB",10.917619047619048,84,96,87.5
2025-01-05,site_5602,"Ramachandrapuram, Hyderabad - TSPCB",8.863263157894737,95,96,98.95833333333334
2025-01-06,site_5602,"Ramachandrapuram, Hyderabad - TSPCB",9.676702127659574,94,96,97.91666666666666
2025-01-07,site_5602,"Ramachandrapuram, Hyderabad - TSPCB",,40,96,41.66666666666667
2025-01-08,site_5602,"Ramachandrapuram, Hyderabad - TSPCB",,50,96,52.083333333333336
2025-01-09,site_5602,"Ramachandrapuram, Hyderabad - TSPCB",,67,96,69.79166666666666
2025-01-10,site_5602,"Ramachandrapuram, Hyderabad - TSPCB",8.231333333333334,90,96,93.75
2025-01-11,site_5602,"Ramachandrapuram, Hyderabad - TSPCB",,20,96,20.833333333333336
2025-01-12,site_5602,"Ramachandrapuram, Hyderabad - TSPCB",,66,96,68.75
2025-01-13,site_5602,"Ramachandrapuram, Hyderabad - TSPCB",,45,96,46.875
2025-01-14,site_5602,"Ramachandrapuram, Hyderabad - TSPCB",,0,96,0.0
2025-01-15,site_5602,"Ramachandrapuram, Hyderabad - TSPCB",,0,96,0.0
2025-01-16,site_5602,"Ramachandrapuram, Hyderabad - TSPCB",,40,96,41.66666666666667
2025-01-17,site_5602,"Ramachandrapuram, Hyderabad - TSPCB",10.458172043010753,93,96,96.875
2025-01-18,site_5602,"Ramachandrapuram, Hyderabad - TSPCB",,58,96,60.416666666666664
2025-01-19,site_5602,"Ramachandrapuram, Hyderabad - TSPCB",,28,96,29.166666666666668
2025-01-20,site_5602,"Ramachandrapuram, Hyderabad - TSPCB",,52,96,54.166666666666664
2025-01-21,site_5602,"Ramachandrapuram, Hyderabad - TSPCB",,45,96,46.875
2025-01-22,site_5602,"Ramachandrapuram, Hyderabad - TSPCB",,24,96,25.0
2025-01-23,site_5602,"Ramachandrapuram, Hyderabad - TSPCB",5.840315789473685,95,96,98.95833333333334
2025-01-24,site_5602,"Ramachandrapuram, Hyderabad - TSPCB",,68,96,70.83333333333334
2025-01-25,site_5602,"Ramachandrapuram, Hyderabad - TSPCB",,43,96,44.79166666666667
2025-01-26,site_5602,"Ramachandrapuram, Hyderabad - TSPCB",8.129255319148935,94,96,97.91666666666666
2025-01-27,site_5602,"Ramachandrapuram, Hyderabad - TSPCB",,66,96,68.75
2025-01-28,site_5602,"Ramachandrapuram, Hyderabad - TSPCB",,18,96,18.75
2025-01-29,site_5602,"Ramachandrapuram, Hyderabad - TSPCB",,23,96,23.958333333333336
2025-01-30,site_5602,"Ramachandrapuram, Hyderabad - TSPCB",,57,96,59.375
2025-01-31,site_5602,"Ramachandrapuram, Hyderabad - TSPCB",11.707638888888889,72,96,75.0
2025-02-01,site_5602,"Ramachandrapuram, Hyderabad - TSPCB",11.724842105263157,95,96,98.95833333333334
2025-02-02,site_5602,"Ramachandrapuram, Hyderabad - TSPCB",,53,96,55.208333333333336
2025-02-03,site_5602,"Ramachandrapuram, Hyderabad - TSPCB",,57,96,59.375
2025-02-04,site_5602,"Ramachandrapuram, Hyderabad - TSPCB",,54,96,56.25
2025-02-05,site_5602,"Ramachandrapuram, Hyderabad - TSPCB",15.182736842105262,95,96,98.95833333333334
2025-02-06,site_5602,"Ramachandrapuram, Hyderabad - TSPCB",12.554625,80,96,83.33333333333334
2025-02-07,site_5602,"Ramachandrapuram, Hyderabad - TSPCB",12.657684210526316,95,96,98.95833333333334
2025-02-08,site_5602,"Ramachandrapuram, Hyderabad - TSPCB",,56,96,58.333333333333336
2025-02-09,site_5602,"Ramachandrapuram, Hyderabad - TSPCB",,23,96,23.958333333333336
2025-02-10,site_5602,"Ramachandrapuram, Hyderabad - TSPCB",11.403263157894736,95,96,98.95833333333334
2025-02-11,site_5602,"Ramachandrapuram, Hyderabad - TSPCB",12.455894736842104,95,96,98.95833333333334
2025-02-12,site_5602,"Ramachandrapuram, Hyderabad - TSPCB",,42,96,43.75
2025-02-13,site_5602,"Ramachandrapuram, Hyderabad - TSPCB",,60,96,62.5
2025-02-14,site_5602,"Ramachandrapuram, Hyderabad - TSPCB",11.06043010752688,93,96,96.875
2025-02-15,site_5602,"Ramachandrapuram, Hyderabad - TSPCB",10.956666666666667,93,96,96.875
2025-02-16,site_5602,"Ramachandrapuram, Hyderabad - TSPCB",11.379891304347826,92,96,95.83333333333334
2025-02-17,site_5602,"Ramachandrapuram, Hyderabad - TSPCB",11.093723404255318,94,96,97.91666666666666
2025-02-18,site_5602,"Ramachandrapuram, Hyderabad - TSPCB",,70,96,72.91666666666666
2025-02-19,site_5602,"Ramachandrapuram, Hyderabad - TSPCB",,48,96,50.0
2025-02-20,site_5602,"Ramachandrapuram, Hyderabad - TSPCB",9.784468085106383,94,96,97.91666666666666
2025-02-21,site_5602,"Ramachandrapuram, Hyderabad - TSPCB",8.493978494623656,93,96,96.875
2025-02-22,site_5602,"Ramachandrapuram, Hyderabad - TSPCB",10.819895833333334,96,96,100.0
2025-02-23,site_5602,"Ramachandrapuram, Hyderabad - TSPCB",12.322083333333333,96,96,100.0
2025-02-24,site_5602,"Ramachandrapuram, Hyderabad - TSPCB",8.929213483146068,89,96,92.70833333333334
2025-02-25,site_5602,"Ramachandrapuram, Hyderabad - TSPCB",9.687553191489362,94,96,97.91666666666666
2025-02-26,site_5602,"Ramachandrapuram, Hyderabad - TSPCB",,53,96,55.208333333333336
2025-02-27,site_5602,"Ramachandrapuram, Hyderabad - TSPCB",,0,96,0.0
2025-02-28,site_5602,"Ramachandrapuram, Hyderabad - TSPCB",10.953829787234044,94,96,97.91666666666666
2025-03-01,site_5602,"Ramachandrapuram, Hyderabad - TSPCB",10.113118279569893,93,96,96.875
2025-03-02,site_5602,"Ramachandrapuram, Hyderabad - TSPCB",10.750947368421054,95,96,98.95833333333334
2025-03-03,site_5602,"Ramachandrapuram, Hyderabad - TSPCB",13.189444444444444,90,96,93.75
2025-03-04,site_5602,"Ramachandrapuram, Hyderabad - TSPCB",11.134315789473684,95,96,98.95833333333334
2025-03-05,site_5602,"Ramachandrapuram, Hyderabad - TSPCB",,48,96,50.0
2025-03-06,site_5602,"Ramachandrapuram, Hyderabad - TSPCB",,59,96,61.458333333333336
2025-03-07,site_5602,"Ramachandrapuram, Hyderabad - TSPCB",,60,96,62.5
2025-03-08,site_5602,"Ramachandrapuram, Hyderabad - TSPCB",,54,96,56.25
2025-03-09,site_5602,"Ramachandrapuram, Hyderabad - TSPCB",,12,96,12.5
2025-03-10,site_5602,"Ramachandrapuram, Hyderabad - TSPCB",7.899148936170213,94,96,97.91666666666666
2025-03-11,site_5602,"Ramachandrapuram, Hyderabad - TSPCB",8.893894736842105,95,96,98.95833333333334
2025-03-12,site_5602,"Ramachandrapuram, Hyderabad - TSPCB",11.388387096774192,93,96,96.875
2025-03-13,site_5602,"Ramachandrapuram, Hyderabad - TSPCB",,68,96,70.83333333333334
2025-03-14,site_5602,"Ramachandrapuram, Hyderabad - TSPCB",,12,96,12.5
2025-03-15,site_5602,"Ramachandrapuram, Hyderabad - TSPCB",,0,96,0.0
2025-03-16,site_5602,"Ramachandrapuram, Hyderabad - TSPCB",,0,96,0.0
2025-03-17,site_5602,"Ramachandrapuram, Hyderabad - TSPCB",,0,96,0.0
2025-03-18,site_5602,"Ramachandrapuram, Hyderabad - TSPCB",,0,96,0.0
2025-03-19,site_5602,"Ramachandrapuram, Hyderabad - TSPCB",,0,96,0.0
2025-03-20,site_5602,"Ramachandrapuram, Hyderabad - TSPCB",,0,96,0.0
2025-03-21,site_5602,"Ramachandrapuram, Hyderabad - TSPCB",,0,96,0.0
2025-03-22,site_5602,"Ramachandrapuram, Hyderabad - TSPCB",,0,96,0.0
2025-03-23,site_5602,"Ramachandrapuram, Hyderabad - TSPCB",,0,96,0.0
2025-03-24,site_5602,"Ramachandrapuram, Hyderabad - TSPCB",,0,96,0.0
2025-03-25,site_5602,"Ramachandrapuram, Hyderabad - TSPCB",,0,96,0.0
2025-03-26,site_5602,"Ramachandrapuram, Hyderabad - TSPCB",,0,96,0.0
2025-03-27,site_5602,"Ramachandrapuram, Hyderabad - TSPCB",,55,96,57.291666666666664
2025-03-28,site_5602,"Ramachandrapuram, Hyderabad - TSPCB",10.727708333333332,96,96,100.0
2025-03-29,site_5602,"Ramachandrapuram, Hyderabad - TSPCB",10.272555555555556,90,96,93.75
2025-03-30,site_5602,"Ramachandrapuram, Hyderabad - TSPCB",,0,96,0.0
2025-03-31,site_5602,"Ramachandrapuram, Hyderabad - TSPCB",,25,96,26.041666666666668
2025-04-01,site_5602,"Ramachandrapuram, Hyderabad - TSPCB",9.31978947368421,95,96,98.95833333333334
2025-04-02,site_5602,"Ramachandrapuram, Hyderabad - TSPCB",9.776842105263157,95,96,98.95833333333334
2025-04-03,site_5602,"Ramachandrapuram, Hyderabad - TSPCB",10.916770833333333,96,96,100.0
2025-04-04,site_5602,"Ramachandrapuram, Hyderabad - TSPCB",,62,96,64.58333333333334
2025-04-05,site_5602,"Ramachandrapuram, Hyderabad - TSPCB",,41,96,42.70833333333333
2025-04-06,site_5602,"Ramachandrapuram, Hyderabad - TSPCB",11.914675324675324,77,96,80.20833333333334
2025-04-07,site_5602,"Ramachandrapuram, Hyderabad - TSPCB",,57,96,59.375
2025-04-08,site_5602,"Ramachandrapuram, Hyderabad - TSPCB",11.942,95,96,98.95833333333334
2025-04-09,site_5602,"Ramachandrapuram, Hyderabad - TSPCB",,61,96,63.541666666666664
2025-04-10,site_5602,"Ramachandrapuram, Hyderabad - TSPCB",10.866777777777777,90,96,93.75
2025-04-11,site_5602,"Ramachandrapuram, Hyderabad - TSPCB",12.081874999999998,96,96,100.0
2025-04-12,site_5602,"Ramachandrapuram, Hyderabad - TSPCB",12.530208333333334,96,96,100.0
2025-04-13,site_5602,"Ramachandrapuram, Hyderabad - TSPCB",12.053958333333334,96,96,100.0
2025-04-14,site_5602,"Ramachandrapuram, Hyderabad - TSPCB",,57,96,59.375
2025-04-15,site_5602,"Ramachandrapuram, Hyderabad - TSPCB",,59,96,61.458333333333336
2025-04-16,site_5602,"Ramachandrapuram, Hyderabad - TSPCB",11.175520833333332,96,96,100.0
2025-04-17,site_5602,"Ramachandrapuram, Hyderabad - TSPCB",10.082631578947368,76,96,79.16666666666666
2025-04-18,site_5602,"Ramachandrapuram, Hyderabad - TSPCB",,62,96,64.58333333333334
2025-04-19,site_5602,"Ramachandrapuram, Hyderabad - TSPCB",10.652708333333333,96,96,100.0
2025-04-20,site_5602,"Ramachandrapuram, Hyderabad - TSPCB",11.292916666666665,96,96,100.0
2025-04-21,site_5602,"Ramachandrapuram, Hyderabad - TSPCB",12.084583333333333,96,96,100.0
2025-04-22,site_5602,"Ramachandrapuram, Hyderabad - TSPCB",12.534794520547944,73,96,76.04166666666666
2025-04-23,site_5602,"Ramachandrapuram, Hyderabad - TSPCB",,64,96,66.66666666666666
2025-04-24,site_5602,"Ramachandrapuram, Hyderabad - TSPCB",11.141666666666666,96,96,100.0
2025-04-25,site_5602,"Ramachandrapuram, Hyderabad - TSPCB",12.688125,96,96,100.0
2025-04-26,site_5602,"Ramachandrapuram, Hyderabad - TSPCB",,69,96,71.875
2025-04-27,site_5602,"Ramachandrapuram, Hyderabad - TSPCB",,4,96,4.166666666666666
2025-04-28,site_5602,"Ramachandrapuram, Hyderabad - TSPCB",,61,96,63.541666666666664
2025-04-29,site_5602,"Ramachandrapuram, Hyderabad - TSPCB",12.489166666666668,96,96,100.0
2025-04-30,site_5602,"Ramachandrapuram, Hyderabad - TSPCB",11.7175,96,96,100.0
2025-05-01,site_5602,"Ramachandrapuram, Hyderabad - TSPCB",,15,96,15.625
2025-05-02,site_5602,"Ramachandrapuram, Hyderabad - TSPCB",,60,96,62.5
2025-05-03,site_5602,"Ramachandrapuram, Hyderabad - TSPCB",13.550434782608697,92,96,95.83333333333334
2025-05-04,site_5602,"Ramachandrapuram, Hyderabad - TSPCB",,0,96,0.0
2025-05-05,site_5602,"Ramachandrapuram, Hyderabad - TSPCB",,59,96,61.458333333333336
2025-05-06,site_5602,"Ramachandrapuram, Hyderabad - TSPCB",,66,96,68.75
2025-05-07,site_5602,"Ramachandrapuram, Hyderabad - TSPCB",,60,96,62.5
2025-05-08,site_5602,"Ramachandrapuram, Hyderabad - TSPCB",12.86686746987952,83,96,86.45833333333334
2025-05-09,site_5602,"Ramachandrapuram, Hyderabad - TSPCB",12.973229166666668,96,96,100.0
2025-05-10,site_5602,"Ramachandrapuram, Hyderabad - TSPCB",13.710631578947368,95,96,98.95833333333334
2025-05-11,site_5602,"Ramachandrapuram, Hyderabad - TSPCB",,46,96,47.91666666666667
2025-05-12,site_5602,"Ramachandrapuram, Hyderabad - TSPCB",12.612499999999999,96,96,100.0
2025-05-13,site_5602,"Ramachandrapuram, Hyderabad - TSPCB",11.9540625,96,96,100.0
2025-05-14,site_5602,"Ramachandrapuram, Hyderabad - TSPCB",,71,96,73.95833333333334
2025-05-15,site_5602,"Ramachandrapuram, Hyderabad - TSPCB",,60,96,62.5
2025-05-16,site_5602,"Ramachandrapuram, Hyderabad - TSPCB",11.730208333333332,96,96,100.0
2025-05-17,site_5602,"Ramachandrapuram, Hyderabad - TSPCB",12.907441860465116,86,96,89.58333333333334
2025-05-18,site_5602,"Ramachandrapuram, Hyderabad - TSPCB",12.3575,96,96,100.0
2025-05-19,site_5602,"Ramachandrapuram, Hyderabad - TSPCB",11.565624999999999,96,96,100.0
2025-05-20,site_5602,"Ramachandrapuram, Hyderabad - TSPCB",11.787916666666668,96,96,100.0
2025-05-21,site_5602,"Ramachandrapuram, Hyderabad - TSPCB",13.138541666666667,96,96,100.0
2025-05-22,site_5602,"Ramachandrapuram, Hyderabad - TSPCB",14.078541666666666,96,96,100.0
2025-05-23,site_5602,"Ramachandrapuram, Hyderabad - TSPCB",11.8309375,96,96,100.0
2025-05-24,site_5602,"Ramachandrapuram, Hyderabad - TSPCB",11.496666666666668,96,96,100.0
2025-05-25,site_5602,"Ramachandrapuram, Hyderabad - TSPCB",,35,96,36.45833333333333
2025-05-26,site_5602,"Ramachandrapuram, Hyderabad - TSPCB",,51,96,53.125
2025-05-27,site_5602,"Ramachandrapuram, Hyderabad - TSPCB",12.321518987341772,79,96,82.29166666666666
2025-05-28,site_5602,"Ramachandrapuram, Hyderabad - TSPCB",,57,96,59.375
2025-05-29,site_5602,"Ramachandrapuram, Hyderabad - TSPCB",15.491666666666667,96,96,100.0
2025-05-30,site_5602,"Ramachandrapuram, Hyderabad - TSPCB",,64,96,66.66666666666666
2025-05-31,site_5602,"Ramachandrapuram, Hyderabad - TSPCB",14.34375,96,96,100.0
2025-06-01,site_5602,"Ramachandrapuram, Hyderabad - TSPCB",,35,96,36.45833333333333
2025-06-02,site_5602,"Ramachandrapuram, Hyderabad - TSPCB",,57,96,59.375
2025-06-03,site_5602,"Ramachandrapuram, Hyderabad - TSPCB",14.455729166666666,96,96,100.0
2025-06-04,site_5602,"Ramachandrapuram, Hyderabad - TSPCB",12.872948717948718,78,96,81.25
2025-06-05,site_5602,"Ramachandrapuram, Hyderabad - TSPCB",,38,96,39.58333333333333
2025-06-06,site_5602,"Ramachandrapuram, Hyderabad - TSPCB",,61,96,63.541666666666664
2025-06-07,site_5602,"Ramachandrapuram, Hyderabad - TSPCB",12.817916666666667,96,96,100.0
2025-06-08,site_5602,"Ramachandrapuram, Hyderabad - TSPCB",12.372291666666667,96,96,100.0
2025-06-09,site_5602,"Ramachandrapuram, Hyderabad - TSPCB",11.042083333333332,96,96,100.0
2025-06-10,site_5602,"Ramachandrapuram, Hyderabad - TSPCB",11.4131914893617,94,96,97.91666666666666
2025-06-11,site_5602,"Ramachandrapuram, Hyderabad - TSPCB",,64,96,66.66666666666666
2025-06-12,site_5602,"Ramachandrapuram, Hyderabad - TSPCB",,62,96,64.58333333333334
2025-06-13,site_5602,"Ramachandrapuram, Hyderabad - TSPCB",16.40483870967742,93,96,96.875
2025-06-14,site_5602,"Ramachandrapuram, Hyderabad - TSPCB",,61,96,63.541666666666664
2025-06-15,site_5602,"Ramachandrapuram, Hyderabad - TSPCB",12.69375,96,96,100.0
2025-06-16,site_5602,"Ramachandrapuram, Hyderabad - TSPCB",,71,96,73.95833333333334
2025-06-17,site_5602,"Ramachandrapuram, Hyderabad - TSPCB",,56,96,58.333333333333336
2025-06-18,site_5602,"Ramachandrapuram, Hyderabad - TSPCB",13.66625,96,96,100.0
2025-06-19,site_5602,"Ramachandrapuram, Hyderabad - TSPCB",14.072083333333333,96,96,100.0
2025-06-20,site_5602,"Ramachandrapuram, Hyderabad - TSPCB",,67,96,69.79166666666666
2025-06-21,site_5602,"Ramachandrapuram, Hyderabad - TSPCB",,8,96,8.333333333333332
2025-06-22,site_5602,"Ramachandrapuram, Hyderabad - TSPCB",,53,96,55.208333333333336
2025-06-23,site_5602,"Ramachandrapuram, Hyderabad - TSPCB",11.959101123595504,89,96,92.70833333333334
2025-06-24,site_5602,"Ramachandrapuram, Hyderabad - TSPCB",9.630729166666667,96,96,100.0
2025-06-25,site_5602,"Ramachandrapuram, Hyderabad - TSPCB",11.334842105263156,95,96,98.95833333333334
2025-06-26,site_5602,"Ramachandrapuram, Hyderabad - TSPCB",14.641157894736843,95,96,98.95833333333334
2025-06-27,site_5602,"Ramachandrapuram, Hyderabad - TSPCB",,68,96,70.83333333333334
2025-06-28,site_5602,"Ramachandrapuram, Hyderabad - TSPCB",,52,96,54.166666666666664
2025-06-29,site_5602,"Ramachandrapuram, Hyderabad - TSPCB",,58,96,60.416666666666664
2025-06-30,site_5602,"Ramachandrapuram, Hyderabad - TSPCB",,40,96,41.66666666666667
2025-07-01,site_5602,"Ramachandrapuram, Hyderabad - TSPCB",,58,96,60.416666666666664
2025-07-02,site_5602,"Ramachandrapuram, Hyderabad - TSPCB",12.02867469879518,83,96,86.45833333333334
2025-07-03,site_5602,"Ramachandrapuram, Hyderabad - TSPCB",,59,96,61.458333333333336
2025-07-04,site_5602,"Ramachandrapuram, Hyderabad - TSPCB",16.397872340425533,94,96,97.91666666666666
2025-07-05,site_5602,"Ramachandrapuram, Hyderabad - TSPCB",16.451071428571428,84,96,87.5
2025-07-06,site_5602,"Ramachandrapuram, Hyderabad - TSPCB",,33,96,34.375
2025-07-07,site_5602,"Ramachandrapuram, Hyderabad - TSPCB",,57,96,59.375
2025-07-08,site_5602,"Ramachandrapuram, Hyderabad - TSPCB",13.806979166666666,96,96,100.0
2025-07-09,site_5602,"Ramachandrapuram, Hyderabad - TSPCB",12.956249999999999,96,96,100.0
2025-07-10,site_5602,"Ramachandrapuram, Hyderabad - TSPCB",12.814583333333333,96,96,100.0
2025-07-11,site_5602,"Ramachandrapuram, Hyderabad - TSPCB",13.106875,96,96,100.0
2025-07-12,site_5602,"Ramachandrapuram, Hyderabad - TSPCB",11.7475,96,96,100.0
2025-07-13,site_5602,"Ramachandrapuram, Hyderabad - TSPCB",10.686458333333334,96,96,100.0
2025-07-14,site_5602,"Ramachandrapuram, Hyderabad - TSPCB",,68,96,70.83333333333334
2025-07-15,site_5602,"Ramachandrapuram, Hyderabad - TSPCB",,59,96,61.458333333333336
2025-07-16,site_5602,"Ramachandrapuram, Hyderabad - TSPCB",10.745312499999999,96,96,100.0
2025-07-17,site_5602,"Ramachandrapuram, Hyderabad - TSPCB",8.078541666666666,96,96,100.0
2025-07-18,site_5602,"Ramachandrapuram, Hyderabad - TSPCB",10.676947368421052,95,96,98.95833333333334
2025-07-19,site_5602,"Ramachandrapuram, Hyderabad - TSPCB",15.055,96,96,100.0
2025-07-20,site_5602,"Ramachandrapuram, Hyderabad - TSPCB",16.293020833333333,96,96,100.0
2025-07-21,site_5602,"Ramachandrapuram, Hyderabad - TSPCB",,41,96,42.70833333333333
2025-07-22,site_5602,"Ramachandrapuram, Hyderabad - TSPCB",13.1540625,96,96,100.0
2025-07-23,site_5602,"Ramachandrapuram, Hyderabad - TSPCB",13.454574468085106,94,96,97.91666666666666
2025-07-24,site_5602,"Ramachandrapuram, Hyderabad - TSPCB",,62,96,64.58333333333334
2025-07-25,site_5602,"Ramachandrapuram, Hyderabad - TSPCB",12.082916666666668,96,96,100.0
2025-07-26,site_5602,"Ramachandrapuram, Hyderabad - TSPCB",13.053645833333334,96,96,100.0
2025-07-27,site_5602,"Ramachandrapuram, Hyderabad - TSPCB",,49,96,51.041666666666664
2025-07-28,site_5602,"Ramachandrapuram, Hyderabad - TSPCB",,37,96,38.54166666666667
2025-07-29,site_5602,"Ramachandrapuram, Hyderabad - TSPCB",,65,96,67.70833333333334
2025-07-30,site_5602,"Ramachandrapuram, Hyderabad - TSPCB",11.656875,96,96,100.0
2025-07-31,site_5602,"Ramachandrapuram, Hyderabad - TSPCB",13.2321875,96,96,100.0
2025-08-01,site_5602,"Ramachandrapuram, Hyderabad - TSPCB",,71,96,73.95833333333334
2025-08-02,site_5602,"Ramachandrapuram, Hyderabad - TSPCB",,59,96,61.458333333333336
2025-08-03,site_5602,"Ramachandrapuram, Hyderabad - TSPCB",10.0934375,96,96,100.0
2025-08-04,site_5602,"Ramachandrapuram, Hyderabad - TSPCB",,60,96,62.5
2025-08-05,site_5602,"Ramachandrapuram, Hyderabad - TSPCB",13.613678160919541,87,96,90.625
2025-08-06,site_5602,"Ramachandrapuram, Hyderabad - TSPCB",,56,96,58.333333333333336
2025-08-07,site_5602,"Ramachandrapuram, Hyderabad - TSPCB",13.919880952380952,84,96,87.5
2025-08-08,site_5602,"Ramachandrapuram, Hyderabad - TSPCB",11.417812499999998,96,96,100.0
2025-08-09,site_5602,"Ramachandrapuram, Hyderabad - TSPCB",11.356145833333334,96,96,100.0
2025-08-10,site_5602,"Ramachandrapuram, Hyderabad - TSPCB",,30,96,31.25
2025-08-11,site_5602,"Ramachandrapuram, Hyderabad - TSPCB",,42,96,43.75
2025-08-12,site_5602,"Ramachandrapuram, Hyderabad - TSPCB",13.134361702127658,94,96,97.91666666666666
2025-08-13,site_5602,"Ramachandrapuram, Hyderabad - TSPCB",14.425368421052632,95,96,98.95833333333334
2025-08-14,site_5602,"Ramachandrapuram, Hyderabad - TSPCB",15.68778947368421,95,96,98.95833333333334
2025-08-15,site_5602,"Ramachandrapuram, Hyderabad - TSPCB",14.643950617283952,81,96,84.375
2025-08-16,site_5602,"Ramachandrapuram, Hyderabad - TSPCB",,63,96,65.625
2025-08-17,site_5602,"Ramachandrapuram, Hyderabad - TSPCB",,24,96,25.0
2025-08-18,site_5602,"Ramachandrapuram, Hyderabad - TSPCB",,61,96,63.541666666666664
2025-08-19,site_5602,"Ramachandrapuram, Hyderabad - TSPCB",14.711145833333333,96,96,100.0
2025-08-20,site_5602,"Ramachandrapuram, Hyderabad - TSPCB",,66,96,68.75
2025-08-21,site_5602,"Ramachandrapuram, Hyderabad - TSPCB",12.8353125,96,96,100.0
2025-08-22,site_5602,"Ramachandrapuram, Hyderabad - TSPCB",,68,96,70.83333333333334
2025-08-23,site_5602,"Ramachandrapuram, Hyderabad - TSPCB",,56,96,58.333333333333336
2025-08-24,site_5602,"Ramachandrapuram, Hyderabad - TSPCB",13.806875,96,96,100.0
2025-08-25,site_5602,"Ramachandrapuram, Hyderabad - TSPCB",11.672315789473682,95,96,98.95833333333334
2025-08-26,site_5602,"Ramachandrapuram, Hyderabad - TSPCB",11.174666666666667,90,96,93.75
2025-08-27,site_5602,"Ramachandrapuram, Hyderabad - TSPCB",12.123645833333333,96,96,100.0
2025-08-28,site_5602,"Ramachandrapuram, Hyderabad - TSPCB",12.909479166666666,96,96,100.0
2025-08-29,site_5602,"Ramachandrapuram, Hyderabad - TSPCB",11.876666666666667,96,96,100.0
2025-08-30,site_5602,"Ramachandrapuram, Hyderabad - TSPCB",10.152777777777779,72,96,75.0
2025-08-31,site_5602,"Ramachandrapuram, Hyderabad - TSPCB",,0,96,0.0
2025-01-01,site_294,"Sanathnagar, Hyderabad - TSPCB",21.41467391304348,92,96,95.83333333333334
2025-01-02,site_294,"Sanathnagar, Hyderabad - TSPCB",21.342391304347824,92,96,95.83333333333334
2025-01-03,site_294,"Sanathnagar, Hyderabad - TSPCB",21.379891304347826,92,96,95.83333333333334
2025-01-04,site_294,"Sanathnagar, Hyderabad - TSPCB",21.144021739130434,92,96,95.83333333333334
2025-01-05,site_294,"Sanathnagar, Hyderabad - TSPCB",21.550537634408602,93,96,96.875
2025-01-06,site_294,"Sanathnagar, Hyderabad - TSPCB",21.682608695652174,92,96,95.83333333333334
2025-01-07,site_294,"Sanathnagar, Hyderabad - TSPCB",21.302150537634407,93,96,96.875
2025-01-08,site_294,"Sanathnagar, Hyderabad - TSPCB",21.33858695652174,92,96,95.83333333333334
2025-01-09,site_294,"Sanathnagar, Hyderabad - TSPCB",21.360326086956523,92,96,95.83333333333334
2025-01-10,site_294,"Sanathnagar, Hyderabad - TSPCB",20.78967391304348,92,96,95.83333333333334
2025-01-11,site_294,"Sanathnagar, Hyderabad - TSPCB",20.333695652173912,92,96,95.83333333333334
2025-01-12,site_294,"Sanathnagar, Hyderabad - TSPCB",20.520652173913046,92,96,95.83333333333334
2025-01-13,site_294,"Sanathnagar, Hyderabad - TSPCB",19.843010752688173,93,96,96.875
2025-01-14,site_294,"Sanathnagar, Hyderabad - TSPCB",19.41467391304348,92,96,95.83333333333334
2025-01-15,site_294,"Sanathnagar, Hyderabad - TSPCB",20.23695652173913,92,96,95.83333333333334
2025-01-16,site_294,"Sanathnagar, Hyderabad - TSPCB",19.618478260869566,92,96,95.83333333333334
2025-01-17,site_294,"Sanathnagar, Hyderabad - TSPCB",19.91304347826087,92,96,95.83333333333334
2025-01-18,site_294,"Sanathnagar, Hyderabad - TSPCB",19.472826086956523,92,96,95.83333333333334
2025-01-19,site_294,"Sanathnagar, Hyderabad - TSPCB",20.234239130434784,92,96,95.83333333333334
2025-01-20,site_294,"Sanathnagar, Hyderabad - TSPCB",21.221739130434784,92,96,95.83333333333334
2025-01-21,site_294,"Sanathnagar, Hyderabad - TSPCB",20.72336956521739,92,96,95.83333333333334
2025-01-22,site_294,"Sanathnagar, Hyderabad - TSPCB",20.486021505376346,93,96,96.875
2025-01-23,site_294,"Sanathnagar, Hyderabad - TSPCB",20.416304347826088,92,96,95.83333333333334
2025-01-24,site_294,"Sanathnagar, Hyderabad - TSPCB",20.538586956521737,92,96,95.83333333333334
2025-01-25,site_294,"Sanathnagar, Hyderabad - TSPCB",20.14945652173913,92,96,95.83333333333334
2025-01-26,site_294,"Sanathnagar, Hyderabad - TSPCB",20.597282608695654,92,96,95.83333333333334
2025-01-27,site_294,"Sanathnagar, Hyderabad - TSPCB",20.64021739130435,92,96,95.83333333333334
2025-01-28,site_294,"Sanathnagar, Hyderabad - TSPCB",20.497311827956988,93,96,96.875
2025-01-29,site_294,"Sanathnagar, Hyderabad - TSPCB",21.21358695652174,92,96,95.83333333333334
2025-01-30,site_294,"Sanathnagar, Hyderabad - TSPCB",20.51086956521739,92,96,95.83333333333334
2025-01-31,site_294,"Sanathnagar, Hyderabad - TSPCB",20.838709677419356,93,96,96.875
2025-02-01,site_294,"Sanathnagar, Hyderabad - TSPCB",20.54784946236559,93,96,96.875
2025-02-02,site_294,"Sanathnagar, Hyderabad - TSPCB",20.993478260869566,92,96,95.83333333333334
2025-02-03,site_294,"Sanathnagar, Hyderabad - TSPCB",21.277173913043477,92,96,95.83333333333334
2025-02-04,site_294,"Sanathnagar, Hyderabad - TSPCB",21.79945652173913,92,96,95.83333333333334
2025-02-05,site_294,"Sanathnagar, Hyderabad - TSPCB",21.68225806451613,93,96,96.875
2025-02-06,site_294,"Sanathnagar, Hyderabad - TSPCB",21.371195652173913,92,96,95.83333333333334
2025-02-07,site_294,"Sanathnagar, Hyderabad - TSPCB",20.49891304347826,92,96,95.83333333333334
2025-02-08,site_294,"Sanathnagar, Hyderabad - TSPCB",21.090760869565216,92,96,95.83333333333334
2025-02-09,site_294,"Sanathnagar, Hyderabad - TSPCB",21.11521739130435,92,96,95.83333333333334
2025-02-10,site_294,"Sanathnagar, Hyderabad - TSPCB",20.990860215053765,93,96,96.875
2025-02-11,site_294,"Sanathnagar, Hyderabad - TSPCB",21.088043478260868,92,96,95.83333333333334
2025-02-12,site_294,"Sanathnagar, Hyderabad - TSPCB",21.04728260869565,92,96,95.83333333333334
2025-02-13,site_294,"Sanathnagar, Hyderabad - TSPCB",21.43611111111111,90,96,93.75
2025-02-14,site_294,"Sanathnagar, Hyderabad - TSPCB",20.76685393258427,89,96,92.70833333333334
2025-02-15,site_294,"Sanathnagar, Hyderabad - TSPCB",21.514673913043477,92,96,95.83333333333334
2025-02-16,site_294,"Sanathnagar, Hyderabad - TSPCB",21.38681318681319,91,96,94.79166666666666
2025-02-17,site_294,"Sanathnagar, Hyderabad - TSPCB",21.266847826086956,92,96,95.83333333333334
2025-02-18,site_294,"Sanathnagar, Hyderabad - TSPCB",,71,96,73.95833333333334
2025-02-19,site_294,"Sanathnagar, Hyderabad - TSPCB",,46,96,47.91666666666667
2025-02-20,site_294,"Sanathnagar, Hyderabad - TSPCB",21.78369565217391,92,96,95.83333333333334
2025-02-21,site_294,"Sanathnagar, Hyderabad - TSPCB",21.01385542168675,83,96,86.45833333333334
2025-02-22,site_294,"Sanathnagar, Hyderabad - TSPCB",21.240760869565218,92,96,95.83333333333334
2025-02-23,site_294,"Sanathnagar, Hyderabad - TSPCB",21.979120879120877,91,96,94.79166666666666
2025-02-24,site_294,"Sanathnagar, Hyderabad - TSPCB",20.92391304347826,92,96,95.83333333333334
2025-02-25,site_294,"Sanathnagar, Hyderabad - TSPCB",21.10054347826087,92,96,95.83333333333334
2025-02-26,site_294,"Sanathnagar, Hyderabad - TSPCB",21.81195652173913,92,96,95.83333333333334
2025-02-27,site_294,"Sanathnagar, Hyderabad - TSPCB",21.351086956521737,92,96,95.83333333333334
2025-02-28,site_294,"Sanathnagar, Hyderabad - TSPCB",21.644086021505377,93,96,96.875
2025-03-01,site_294,"Sanathnagar, Hyderabad - TSPCB",20.94945054945055,91,96,94.79166666666666
2025-03-02,site_294,"Sanathnagar, Hyderabad - TSPCB",21.1375,92,96,95.83333333333334
2025-03-03,site_294,"Sanathnagar, Hyderabad - TSPCB",21.878804347826087,92,96,95.83333333333334
2025-03-04,site_294,"Sanathnagar, Hyderabad - TSPCB",21.45,92,96,95.83333333333334
2025-03-05,site_294,"Sanathnagar, Hyderabad - TSPCB",21.616129032258065,93,96,96.875
2025-03-06,site_294,"Sanathnagar, Hyderabad - TSPCB",21.1489010989011,91,96,94.79166666666666
2025-03-07,site_294,"Sanathnagar, Hyderabad - TSPCB",21.685326086956522,92,96,95.83333333333334
2025-03-08,site_294,"Sanathnagar, Hyderabad - TSPCB",20.944021739130434,92,96,95.83333333333334
2025-03-09,site_294,"Sanathnagar, Hyderabad - TSPCB",21.340217391304346,92,96,95.83333333333334
2025-03-10,site_294,"Sanathnagar, Hyderabad - TSPCB",21.370652173913044,92,96,95.83333333333334
2025-03-11,site_294,"Sanathnagar, Hyderabad - TSPCB",21.31195652173913,92,96,95.83333333333334
2025-03-12,site_294,"Sanathnagar, Hyderabad - TSPCB",20.744021739130435,92,96,95.83333333333334
2025-03-13,site_294,"Sanathnagar, Hyderabad - TSPCB",21.184239130434783,92,96,95.83333333333334
2025-03-14,site_294,"Sanathnagar, Hyderabad - TSPCB",20.544086021505375,93,96,96.875
2025-03-15,site_294,"Sanathnagar, Hyderabad - TSPCB",21.081720430107527,93,96,96.875
2025-03-16,site_294,"Sanathnagar, Hyderabad - TSPCB",20.82228260869565,92,96,95.83333333333334
2025-03-17,site_294,"Sanathnagar, Hyderabad - TSPCB",21.154395604395603,91,96,94.79166666666666
2025-03-18,site_294,"Sanathnagar, Hyderabad - TSPCB",21.605434782608697,92,96,95.83333333333334
2025-03-19,site_294,"Sanathnagar, Hyderabad - TSPCB",20.53586956521739,92,96,95.83333333333334
2025-03-20,site_294,"Sanathnagar, Hyderabad - TSPCB",20.340760869565216,92,96,95.83333333333334
2025-03-21,site_294,"Sanathnagar, Hyderabad - TSPCB",20.748924731182797,93,96,96.875
2025-03-22,site_294,"Sanathnagar, Hyderabad - TSPCB",21.095108695652176,92,96,95.83333333333334
2025-03-23,site_294,"Sanathnagar, Hyderabad - TSPCB",20.994086021505378,93,96,96.875
2025-03-24,site_294,"Sanathnagar, Hyderabad - TSPCB",20.984065934065935,91,96,94.79166666666666
2025-03-25,site_294,"Sanathnagar, Hyderabad - TSPCB",20.579891304347825,92,96,95.83333333333334
2025-03-26,site_294,"Sanathnagar, Hyderabad - TSPCB",20.247282608695652,92,96,95.83333333333334
2025-03-27,site_294,"Sanathnagar, Hyderabad - TSPCB",21.67445652173913,92,96,95.83333333333334
2025-03-28,site_294,"Sanathnagar, Hyderabad - TSPCB",20.396195652173912,92,96,95.83333333333334
2025-03-29,site_294,"Sanathnagar, Hyderabad - TSPCB",21.094565217391306,92,96,95.83333333333334
2025-03-30,site_294,"Sanathnagar, Hyderabad - TSPCB",21.31827956989247,93,96,96.875
2025-03-31,site_294,"Sanathnagar, Hyderabad - TSPCB",20.236559139784948,93,96,96.875
2025-04-01,site_294,"Sanathnagar, Hyderabad - TSPCB",21.383516483516484,91,96,94.79166666666666
2025-04-02,site_294,"Sanathnagar, Hyderabad - TSPCB",20.70806451612903,93,96,96.875
2025-04-03,site_294,"Sanathnagar, Hyderabad - TSPCB",21.193478260869565,92,96,95.83333333333334
2025-04-04,site_294,"Sanathnagar, Hyderabad - TSPCB",20.38804347826087,92,96,95.83333333333334
2025-04-05,site_294,"Sanathnagar, Hyderabad - TSPCB",20.565591397849463,93,96,96.875
2025-04-06,site_294,"Sanathnagar, Hyderabad - TSPCB",21.220108695652176,92,96,95.83333333333334
2025-04-07,site_294,"Sanathnagar, Hyderabad - TSPCB",20.920108695652175,92,96,95.83333333333334
2025-04-08,site_294,"Sanathnagar, Hyderabad - TSPCB",21.893478260869564,92,96,95.83333333333334
2025-04-09,site_294,"Sanathnagar, Hyderabad - TSPCB",20.99838709677419,93,96,96.875
2025-04-10,site_294,"Sanathnagar, Hyderabad - TSPCB",20.870108695652174,92,96,95.83333333333334
2025-04-11,site_294,"Sanathnagar, Hyderabad - TSPCB",21.005913978494622,93,96,96.875
2025-04-12,site_294,"Sanathnagar, Hyderabad - TSPCB",20.75163043478261,92,96,95.83333333333334
2025-04-13,site_294,"Sanathnagar, Hyderabad - TSPCB",21.136559139784946,93,96,96.875
2025-04-14,site_294,"Sanathnagar, Hyderabad - TSPCB",21.306521739130435,92,96,95.83333333333334
2025-04-15,site_294,"Sanathnagar, Hyderabad - TSPCB",20.945652173913043,92,96,95.83333333333334
2025-04-16,site_294,"Sanathnagar, Hyderabad - TSPCB",20.932065217391305,92,96,95.83333333333334
2025-04-17,site_294,"Sanathnagar, Hyderabad - TSPCB",21.547826086956523,92,96,95.83333333333334
2025-04-18,site_294,"Sanathnagar, Hyderabad - TSPCB",21.830434782608698,92,96,95.83333333333334
2025-04-19,site_294,"Sanathnagar, Hyderabad - TSPCB",20.998924731182797,93,96,96.875
2025-04-20,site_294,"Sanathnagar, Hyderabad - TSPCB",21.088043478260868,92,96,95.83333333333334
2025-04-21,site_294,"Sanathnagar, Hyderabad - TSPCB",21.395652173913046,92,96,95.83333333333334
2025-04-22,site_294,"Sanathnagar, Hyderabad - TSPCB",20.907608695652176,92,96,95.83333333333334
2025-04-23,site_294,"Sanathnagar, Hyderabad - TSPCB",21.108152173913044,92,96,95.83333333333334
2025-04-24,site_294,"Sanathnagar, Hyderabad - TSPCB",20.907608695652176,92,96,95.83333333333334
2025-04-25,site_294,"Sanathnagar, Hyderabad - TSPCB",21.20108695652174,92,96,95.83333333333334
2025-04-26,site_294,"Sanathnagar, Hyderabad - TSPCB",21.315217391304348,92,96,95.83333333333334
2025-04-27,site_294,"Sanathnagar, Hyderabad - TSPCB",20.475,92,96,95.83333333333334
2025-04-28,site_294,"Sanathnagar, Hyderabad - TSPCB",21.467391304347824,92,96,95.83333333333334
2025-04-29,site_294,"Sanathnagar, Hyderabad - TSPCB",21.078260869565216,92,96,95.83333333333334
2025-04-30,site_294,"Sanathnagar, Hyderabad - TSPCB",20.919354838709676,93,96,96.875
2025-05-01,site_294,"Sanathnagar, Hyderabad - TSPCB",21.75978260869565,92,96,95.83333333333334
2025-05-02,site_294,"Sanathnagar, Hyderabad - TSPCB",21.508695652173913,92,96,95.83333333333334
2025-05-03,site_294,"Sanathnagar, Hyderabad - TSPCB",21.63586956521739,92,96,95.83333333333334
2025-05-04,site_294,"Sanathnagar, Hyderabad - TSPCB",21.154891304347824,92,96,95.83333333333334
2025-05-05,site_294,"Sanathnagar, Hyderabad - TSPCB",20.92391304347826,92,96,95.83333333333334
2025-05-06,site_294,"Sanathnagar, Hyderabad - TSPCB",21.251075268817203,93,96,96.875
2025-05-07,site_294,"Sanathnagar, Hyderabad - TSPCB",20.857065217391302,92,96,95.83333333333334
2025-05-08,site_294,"Sanathnagar, Hyderabad - TSPCB",20.946195652173913,92,96,95.83333333333334
2025-05-09,site_294,"Sanathnagar, Hyderabad - TSPCB",21.055434782608696,92,96,95.83333333333334
2025-05-10,site_294,"Sanathnagar, Hyderabad - TSPCB",21.369565217391305,92,96,95.83333333333334
2025-05-11,site_294,"Sanathnagar, Hyderabad - TSPCB",21.331521739130434,92,96,95.83333333333334
2025-05-12,site_294,"Sanathnagar, Hyderabad - TSPCB",21.620108695652174,92,96,95.83333333333334
2025-05-13,site_294,"Sanathnagar, Hyderabad - TSPCB",21.05108695652174,92,96,95.83333333333334
2025-05-14,site_294,"Sanathnagar, Hyderabad - TSPCB",21.409239130434784,92,96,95.83333333333334
2025-05-15,site_294,"Sanathnagar, Hyderabad - TSPCB",21.006521739130434,92,96,95.83333333333334
2025-05-16,site_294,"Sanathnagar, Hyderabad - TSPCB",20.807608695652174,92,96,95.83333333333334
2025-05-17,site_294,"Sanathnagar, Hyderabad - TSPCB",21.34836956521739,92,96,95.83333333333334
2025-05-18,site_294,"Sanathnagar, Hyderabad - TSPCB",21.244565217391305,92,96,95.83333333333334
2025-05-19,site_294,"Sanathnagar, Hyderabad - TSPCB",21.122282608695652,92,96,95.83333333333334
2025-05-20,site_294,"Sanathnagar, Hyderabad - TSPCB",21.444565217391304,92,96,95.83333333333334
2025-05-21,site_294,"Sanathnagar, Hyderabad - TSPCB",20.803260869565218,92,96,95.83333333333334
2025-05-22,site_294,"Sanathnagar, Hyderabad - TSPCB",21.059139784946236,93,96,96.875
2025-05-23,site_294,"Sanathnagar, Hyderabad - TSPCB",20.860326086956523,92,96,95.83333333333334
2025-05-24,site_294,"Sanathnagar, Hyderabad - TSPCB",21.25,92,96,95.83333333333334
2025-05-25,site_294,"Sanathnagar, Hyderabad - TSPCB",21.152173913043477,92,96,95.83333333333334
2025-05-26,site_294,"Sanathnagar, Hyderabad - TSPCB",21.129347826086956,92,96,95.83333333333334
2025-05-27,site_294,"Sanathnagar, Hyderabad - TSPCB",21.238709677419354,93,96,96.875
2025-05-28,site_294,"Sanathnagar, Hyderabad - TSPCB",21.082608695652173,92,96,95.83333333333334
2025-05-29,site_294,"Sanathnagar, Hyderabad - TSPCB",21.14021739130435,92,96,95.83333333333334
2025-05-30,site_294,"Sanathnagar, Hyderabad - TSPCB",21.475824175824176,91,96,94.79166666666666
2025-05-31,site_294,"Sanathnagar, Hyderabad - TSPCB",21.153763440860214,93,96,96.875
2025-06-01,site_294,"Sanathnagar, Hyderabad - TSPCB",20.99021739130435,92,96,95.83333333333334
2025-06-02,site_294,"Sanathnagar, Hyderabad - TSPCB",21.22826086956522,92,96,95.83333333333334
2025-06-03,site_294,"Sanathnagar, Hyderabad - TSPCB",21.146195652173912,92,96,95.83333333333334
2025-06-04,site_294,"Sanathnagar, Hyderabad - TSPCB",,65,96,67.70833333333334
2025-06-05,site_294,"Sanathnagar, Hyderabad - TSPCB",,43,96,44.79166666666667
2025-06-06,site_294,"Sanathnagar, Hyderabad - TSPCB",21.066304347826087,92,96,95.83333333333334
2025-06-07,site_294,"Sanathnagar, Hyderabad - TSPCB",20.933152173913044,92,96,95.83333333333334
2025-06-08,site_294,"Sanathnagar, Hyderabad - TSPCB",,35,96,36.45833333333333
2025-06-09,site_294,"Sanathnagar, Hyderabad - TSPCB",,59,96,61.458333333333336
2025-06-10,site_294,"Sanathnagar, Hyderabad - TSPCB",21.4125,92,96,95.83333333333334
2025-06-11,site_294,"Sanathnagar, Hyderabad - TSPCB",21.316666666666666,78,96,81.25
2025-06-12,site_294,"Sanathnagar, Hyderabad - TSPCB",21.11467391304348,92,96,95.83333333333334
2025-06-13,site_294,"Sanathnagar, Hyderabad - TSPCB",21.51086956521739,92,96,95.83333333333334
2025-06-14,site_294,"Sanathnagar, Hyderabad - TSPCB",21.491397849462366,93,96,96.875
2025-06-15,site_294,"Sanathnagar, Hyderabad - TSPCB",21.225268817204302,93,96,96.875
2025-06-16,site_294,"Sanathnagar, Hyderabad - TSPCB",21.036956521739132,92,96,95.83333333333334
2025-06-17,site_294,"Sanathnagar, Hyderabad - TSPCB",,65,96,67.70833333333334
2025-06-18,site_294,"Sanathnagar, Hyderabad - TSPCB",21.273655913978494,93,96,96.875
2025-06-19,site_294,"Sanathnagar, Hyderabad - TSPCB",21.053296703296702,91,96,94.79166666666666
2025-06-20,site_294,"Sanathnagar, Hyderabad - TSPCB",21.17228260869565,92,96,95.83333333333334
2025-06-21,site_294,"Sanathnagar, Hyderabad - TSPCB",20.970967741935482,93,96,96.875
2025-06-22,site_294,"Sanathnagar, Hyderabad - TSPCB",21.084408602150535,93,96,96.875
2025-06-23,site_294,"Sanathnagar, Hyderabad - TSPCB",21.078804347826086,92,96,95.83333333333334
2025-06-24,site_294,"Sanathnagar, Hyderabad - TSPCB",21.288172043010753,93,96,96.875
2025-06-25,site_294,"Sanathnagar, Hyderabad - TSPCB",21.289130434782606,92,96,95.83333333333334
2025-06-26,site_294,"Sanathnagar, Hyderabad - TSPCB",21.3125,92,96,95.83333333333334
2025-06-27,site_294,"Sanathnagar, Hyderabad - TSPCB",21.476086956521737,92,96,95.83333333333334
2025-06-28,site_294,"Sanathnagar, Hyderabad - TSPCB",21.336559139784946,93,96,96.875
2025-06-29,site_294,"Sanathnagar, Hyderabad - TSPCB",21.414130434782606,92,96,95.83333333333334
2025-06-30,site_294,"Sanathnagar, Hyderabad - TSPCB",21.351612903225806,93,96,96.875
2025-07-01,site_294,"Sanathnagar, Hyderabad - TSPCB",20.965760869565216,92,96,95.83333333333334
2025-07-02,site_294,"Sanathnagar, Hyderabad - TSPCB",,48,96,50.0
2025-07-03,site_294,"Sanathnagar, Hyderabad - TSPCB",21.28641304347826,92,96,95.83333333333334
2025-07-04,site_294,"Sanathnagar, Hyderabad - TSPCB",21.32043010752688,93,96,96.875
2025-07-05,site_294,"Sanathnagar, Hyderabad - TSPCB",21.383333333333333,93,96,96.875
2025-07-06,site_294,"Sanathnagar, Hyderabad - TSPCB",21.483333333333334,93,96,96.875
2025-07-07,site_294,"Sanathnagar, Hyderabad - TSPCB",21.30054347826087,92,96,95.83333333333334
2025-07-08,site_294,"Sanathnagar, Hyderabad - TSPCB",21.163978494623656,93,96,96.875
2025-07-09,site_294,"Sanathnagar, Hyderabad - TSPCB",21.15268817204301,93,96,96.875
2025-07-10,site_294,"Sanathnagar, Hyderabad - TSPCB",21.587096774193547,93,96,96.875
2025-07-11,site_294,"Sanathnagar, Hyderabad - TSPCB",21.255978260869565,92,96,95.83333333333334
2025-07-12,site_294,"Sanathnagar, Hyderabad - TSPCB",21.069565217391304,92,96,95.83333333333334
2025-07-13,site_294,"Sanathnagar, Hyderabad - TSPCB",21.24021739130435,92,96,95.83333333333334
2025-07-14,site_294,"Sanathnagar, Hyderabad - TSPCB",21.16521739130435,92,96,95.83333333333334
2025-07-15,site_294,"Sanathnagar, Hyderabad - TSPCB",21.42554347826087,92,96,95.83333333333334
2025-07-16,site_294,"Sanathnagar, Hyderabad - TSPCB",21.231521739130436,92,96,95.83333333333334
2025-07-17,site_294,"Sanathnagar, Hyderabad - TSPCB",21.027173913043477,92,96,95.83333333333334
2025-07-18,site_294,"Sanathnagar, Hyderabad - TSPCB",20.67228260869565,92,96,95.83333333333334
2025-07-19,site_294,"Sanathnagar, Hyderabad - TSPCB",21.3,93,96,96.875
2025-07-20,site_294,"Sanathnagar, Hyderabad - TSPCB",21.148387096774194,93,96,96.875
2025-07-21,site_294,"Sanathnagar, Hyderabad - TSPCB",21.37663043478261,92,96,95.83333333333334
2025-07-22,site_294,"Sanathnagar, Hyderabad - TSPCB",21.791847826086954,92,96,95.83333333333334
2025-07-23,site_294,"Sanathnagar, Hyderabad - TSPCB",21.22119565217391,92,96,95.83333333333334
2025-07-24,site_294,"Sanathnagar, Hyderabad - TSPCB",21.446666666666665,75,96,78.125
2025-07-25,site_294,"Sanathnagar, Hyderabad - TSPCB",,54,96,56.25
2025-07-26,site_294,"Sanathnagar, Hyderabad - TSPCB",21.203225806451613,93,96,96.875
2025-07-27,site_294,"Sanathnagar, Hyderabad - TSPCB",21.58478260869565,92,96,95.83333333333334
2025-07-28,site_294,"Sanathnagar, Hyderabad - TSPCB",,59,96,61.458333333333336
2025-07-29,site_294,"Sanathnagar, Hyderabad - TSPCB",20.762359550561797,89,96,92.70833333333334
2025-07-30,site_294,"Sanathnagar, Hyderabad - TSPCB",21.310752688172045,93,96,96.875
2025-07-31,site_294,"Sanathnagar, Hyderabad - TSPCB",21.546236559139786,93,96,96.875
2025-08-01,site_294,"Sanathnagar, Hyderabad - TSPCB",22.023913043478263,92,96,95.83333333333334
2025-08-02,site_294,"Sanathnagar, Hyderabad - TSPCB",21.669354838709676,93,96,96.875
2025-08-03,site_294,"Sanathnagar, Hyderabad - TSPCB",22.103804347826088,92,96,95.83333333333334
2025-08-04,site_294,"Sanathnagar, Hyderabad - TSPCB",21.877173913043478,92,96,95.83333333333334
2025-08-05,site_294,"Sanathnagar, Hyderabad - TSPCB",21.76195652173913,92,96,95.83333333333334
2025-08-06,site_294,"Sanathnagar, Hyderabad - TSPCB",21.827173913043477,92,96,95.83333333333334
2025-08-07,site_294,"Sanathnagar, Hyderabad - TSPCB",21.969101123595507,89,96,92.70833333333334
2025-08-08,site_294,"Sanathnagar, Hyderabad - TSPCB",21.683870967741935,93,96,96.875
2025-08-09,site_294,"Sanathnagar, Hyderabad - TSPCB",21.793010752688172,93,96,96.875
2025-08-10,site_294,"Sanathnagar, Hyderabad - TSPCB",21.896236559139783,93,96,96.875
2025-08-11,site_294,"Sanathnagar, Hyderabad - TSPCB",21.931318681318682,91,96,94.79166666666666
2025-08-12,site_294,"Sanathnagar, Hyderabad - TSPCB",21.517204301075267,93,96,96.875
2025-08-13,site_294,"Sanathnagar, Hyderabad - TSPCB",22.03586956521739,92,96,95.83333333333334
2025-08-14,site_294,"Sanathnagar, Hyderabad - TSPCB",21.916304347826088,92,96,95.83333333333334
2025-08-15,site_294,"Sanathnagar, Hyderabad - TSPCB",21.961413043478263,92,96,95.83333333333334
2025-08-16,site_294,"Sanathnagar, Hyderabad - TSPCB",22.1527397260274,73,96,76.04166666666666
2025-08-17,site_294,"Sanathnagar, Hyderabad - TSPCB",22.00161290322581,93,96,96.875
2025-08-18,site_294,"Sanathnagar, Hyderabad - TSPCB",21.889130434782608,92,96,95.83333333333334
2025-08-19,site_294,"Sanathnagar, Hyderabad - TSPCB",22.275274725274723,91,96,94.79166666666666
2025-08-20,site_294,"Sanathnagar, Hyderabad - TSPCB",22.08478260869565,92,96,95.83333333333334
2025-08-21,site_294,"Sanathnagar, Hyderabad - TSPCB",21.681460674157304,89,96,92.70833333333334
2025-08-22,site_294,"Sanathnagar, Hyderabad - TSPCB",22.10054347826087,92,96,95.83333333333334
2025-08-23,site_294,"Sanathnagar, Hyderabad - TSPCB",22.20978260869565,92,96,95.83333333333334
2025-08-24,site_294,"Sanathnagar, Hyderabad - TSPCB",21.97388888888889,90,96,93.75
2025-08-25,site_294,"Sanathnagar, Hyderabad - TSPCB",22.044565217391302,92,96,95.83333333333334
2025-08-26,site_294,"Sanathnagar, Hyderabad - TSPCB",21.925274725274726,91,96,94.79166666666666
2025-08-27,site_294,"Sanathnagar, Hyderabad - TSPCB",21.796195652173914,92,96,95.83333333333334
2025-08-28,site_294,"Sanathnagar, Hyderabad - TSPCB",22.516304347826086,92,96,95.83333333333334
2025-08-29,site_294,"Sanathnagar, Hyderabad - TSPCB",21.9989010989011,91,96,94.79166666666666
2025-08-30,site_294,"Sanathnagar, Hyderabad - TSPCB",21.983152173913044,92,96,95.83333333333334
2025-08-31,site_294,"Sanathnagar, Hyderabad - TSPCB",22.13978494623656,93,96,96.875
2025-01-01,site_5598,"Somajiguda, Hyderabad - TSPCB",5.943723404255319,94,96,97.91666666666666
2025-01-02,site_5598,"Somajiguda, Hyderabad - TSPCB",5.9572631578947375,95,96,98.95833333333334
2025-01-03,site_5598,"Somajiguda, Hyderabad - TSPCB",5.947684210526315,95,96,98.95833333333334
2025-01-04,site_5598,"Somajiguda, Hyderabad - TSPCB",13.300744680851064,94,96,97.91666666666666
2025-01-05,site_5598,"Somajiguda, Hyderabad - TSPCB",,69,96,71.875
2025-01-06,site_5598,"Somajiguda, Hyderabad - TSPCB",,52,96,54.166666666666664
2025-01-07,site_5598,"Somajiguda, Hyderabad - TSPCB",25.732,95,96,98.95833333333334
2025-01-08,site_5598,"Somajiguda, Hyderabad - TSPCB",26.114421052631577,95,96,98.95833333333334
2025-01-09,site_5598,"Somajiguda, Hyderabad - TSPCB",,44,96,45.83333333333333
2025-01-10,site_5598,"Somajiguda, Hyderabad - TSPCB",,67,96,69.79166666666666
2025-01-11,site_5598,"Somajiguda, Hyderabad - TSPCB",14.441354166666668,96,96,100.0
2025-01-12,site_5598,"Somajiguda, Hyderabad - TSPCB",13.415684210526315,95,96,98.95833333333334
2025-01-13,site_5598,"Somajiguda, Hyderabad - TSPCB",16.10291666666667,96,96,100.0
2025-01-14,site_5598,"Somajiguda, Hyderabad - TSPCB",14.514791666666667,96,96,100.0
2025-01-15,site_5598,"Somajiguda, Hyderabad - TSPCB",13.127362637362637,91,96,94.79166666666666
2025-01-16,site_5598,"Somajiguda, Hyderabad - TSPCB",14.061875,96,96,100.0
2025-01-17,site_5598,"Somajiguda, Hyderabad - TSPCB",18.108631578947367,95,96,98.95833333333334
2025-01-18,site_5598,"Somajiguda, Hyderabad - TSPCB",17.161935483870966,93,96,96.875
2025-01-19,site_5598,"Somajiguda, Hyderabad - TSPCB",21.49947368421053,95,96,98.95833333333334
2025-01-20,site_5598,"Somajiguda, Hyderabad - TSPCB",24.047027027027028,74,96,77.08333333333334
2025-01-21,site_5598,"Somajiguda, Hyderabad - TSPCB",31.589270833333334,96,96,100.0
2025-01-22,site_5598,"Somajiguda, Hyderabad - TSPCB",22.362631578947365,95,96,98.95833333333334
2025-01-23,site_5598,"Somajiguda, Hyderabad - TSPCB",15.32136842105263,95,96,98.95833333333334
2025-01-24,site_5598,"Somajiguda, Hyderabad - TSPCB",15.929684210526315,95,96,98.95833333333334
2025-01-25,site_5598,"Somajiguda, Hyderabad - TSPCB",20.284526315789474,95,96,98.95833333333334
2025-01-26,site_5598,"Somajiguda, Hyderabad - TSPCB",25.549166666666665,96,96,100.0
2025-01-27,site_5598,"Somajiguda, Hyderabad - TSPCB",30.58340425531915,94,96,97.91666666666666
2025-01-28,site_5598,"Somajiguda, Hyderabad - TSPCB",23.780105263157896,95,96,98.95833333333334
2025-01-29,site_5598,"Somajiguda, Hyderabad - TSPCB",17.489270833333332,96,96,100.0
2025-01-30,site_5598,"Somajiguda, Hyderabad - TSPCB",18.50378947368421,95,96,98.95833333333334
2025-01-31,site_5598,"Somajiguda, Hyderabad - TSPCB",21.284,95,96,98.95833333333334
2025-02-01,site_5598,"Somajiguda, Hyderabad - TSPCB",20.841578947368422,95,96,98.95833333333334
2025-02-02,site_5598,"Somajiguda, Hyderabad - TSPCB",18.67084210526316,95,96,98.95833333333334
2025-02-03,site_5598,"Somajiguda, Hyderabad - TSPCB",22.18631578947368,95,96,98.95833333333334
2025-02-04,site_5598,"Somajiguda, Hyderabad - TSPCB",24.353052631578947,95,96,98.95833333333334
2025-02-05,site_5598,"Somajiguda, Hyderabad - TSPCB",24.127052631578948,95,96,98.95833333333334
2025-02-06,site_5598,"Somajiguda, Hyderabad - TSPCB",18.68063157894737,95,96,98.95833333333334
2025-02-07,site_5598,"Somajiguda, Hyderabad - TSPCB",23.512947368421052,95,96,98.95833333333334
2025-02-08,site_5598,"Somajiguda, Hyderabad - TSPCB",23.97484210526316,95,96,98.95833333333334
2025-02-09,site_5598,"Somajiguda, Hyderabad - TSPCB",18.362708333333334,96,96,100.0
2025-02-10,site_5598,"Somajiguda, Hyderabad - TSPCB",16.922291666666666,96,96,100.0
2025-02-11,site_5598,"Somajiguda, Hyderabad - TSPCB",19.264148936170212,94,96,97.91666666666666
2025-02-12,site_5598,"Somajiguda, Hyderabad - TSPCB",27.10145833333333,96,96,100.0
2025-02-13,site_5598,"Somajiguda, Hyderabad - TSPCB",36.83583333333333,96,96,100.0
2025-02-14,site_5598,"Somajiguda, Hyderabad - TSPCB",29.01833333333333,96,96,100.0
2025-02-15,site_5598,"Somajiguda, Hyderabad - TSPCB",38.037052631578945,95,96,98.95833333333334
2025-02-16,site_5598,"Somajiguda, Hyderabad - TSPCB",34.963229166666665,96,96,100.0
2025-02-17,site_5598,"Somajiguda, Hyderabad - TSPCB",23.084893617021276,94,96,97.91666666666666
2025-02-18,site_5598,"Somajiguda, Hyderabad - TSPCB",24.10063829787234,94,96,97.91666666666666
2025-02-19,site_5598,"Somajiguda, Hyderabad - TSPCB",,49,96,51.041666666666664
2025-02-20,site_5598,"Somajiguda, Hyderabad - TSPCB",,58,96,60.416666666666664
2025-02-21,site_5598,"Somajiguda, Hyderabad - TSPCB",5.963541666666667,96,96,100.0
2025-02-22,site_5598,"Somajiguda, Hyderabad - TSPCB",5.968947368421052,95,96,98.95833333333334
2025-02-23,site_5598,"Somajiguda, Hyderabad - TSPCB",5.960105263157895,95,96,98.95833333333334
2025-02-24,site_5598,"Somajiguda, Hyderabad - TSPCB",11.532765957446808,94,96,97.91666666666666
2025-02-25,site_5598,"Somajiguda, Hyderabad - TSPCB",16.92457446808511,94,96,97.91666666666666
2025-02-26,site_5598,"Somajiguda, Hyderabad - TSPCB",17.024315789473683,95,96,98.95833333333334
2025-02-27,site_5598,"Somajiguda, Hyderabad - TSPCB",16.788404255319147,94,96,97.91666666666666
2025-02-28,site_5598,"Somajiguda, Hyderabad - TSPCB",15.778315789473686,95,96,98.95833333333334
2025-03-01,site_5598,"Somajiguda, Hyderabad - TSPCB",15.764,95,96,98.95833333333334
2025-03-02,site_5598,"Somajiguda, Hyderabad - TSPCB",18.688526315789474,95,96,98.95833333333334
2025-03-03,site_5598,"Somajiguda, Hyderabad - TSPCB",33.6715625,96,96,100.0
2025-03-04,site_5598,"Somajiguda, Hyderabad - TSPCB",36.682,95,96,98.95833333333334
2025-03-05,site_5598,"Somajiguda, Hyderabad - TSPCB",37.56536842105263,95,96,98.95833333333334
2025-03-06,site_5598,"Somajiguda, Hyderabad - TSPCB",35.98833333333334,96,96,100.0
2025-03-07,site_5598,"Somajiguda, Hyderabad - TSPCB",38.103578947368426,95,96,98.95833333333334
2025-03-08,site_5598,"Somajiguda, Hyderabad - TSPCB",37.38704545454545,88,96,91.66666666666666
2025-03-09,site_5598,"Somajiguda, Hyderabad - TSPCB",18.487473684210524,95,96,98.95833333333334
2025-03-10,site_5598,"Somajiguda, Hyderabad - TSPCB",13.395312500000001,96,96,100.0
2025-03-11,site_5598,"Somajiguda, Hyderabad - TSPCB",,63,96,65.625
2025-03-12,site_5598,"Somajiguda, Hyderabad - TSPCB",27.011875,96,96,100.0
2025-03-13,site_5598,"Somajiguda, Hyderabad - TSPCB",25.118736842105264,95,96,98.95833333333334
2025-03-14,site_5598,"Somajiguda, Hyderabad - TSPCB",22.393958333333334,96,96,100.0
2025-03-15,site_5598,"Somajiguda, Hyderabad - TSPCB",17.5868085106383,94,96,97.91666666666666
2025-03-16,site_5598,"Somajiguda, Hyderabad - TSPCB",,49,96,51.041666666666664
2025-03-17,site_5598,"Somajiguda, Hyderabad - TSPCB",,47,96,48.95833333333333
2025-03-18,site_5598,"Somajiguda, Hyderabad - TSPCB",19.34536842105263,95,96,98.95833333333334
2025-03-19,site_5598,"Somajiguda, Hyderabad - TSPCB",16.948421052631577,95,96,98.95833333333334
2025-03-20,site_5598,"Somajiguda, Hyderabad - TSPCB",,71,96,73.95833333333334
2025-03-21,site_5598,"Somajiguda, Hyderabad - TSPCB",5.974166666666666,96,96,100.0
2025-03-22,site_5598,"Somajiguda, Hyderabad - TSPCB",,2,96,2.083333333333333
2025-03-23,site_5598,"Somajiguda, Hyderabad - TSPCB",,0,96,0.0
2025-03-24,site_5598,"Somajiguda, Hyderabad - TSPCB",,54,96,56.25
2025-03-25,site_5598,"Somajiguda, Hyderabad - TSPCB",5.935894736842105,95,96,98.95833333333334
2025-03-26,site_5598,"Somajiguda, Hyderabad - TSPCB",5.943157894736842,95,96,98.95833333333334
2025-03-27,site_5598,"Somajiguda, Hyderabad - TSPCB",5.961157894736841,95,96,98.95833333333334
2025-03-28,site_5598,"Somajiguda, Hyderabad - TSPCB",,60,96,62.5
2025-03-29,site_5598,"Somajiguda, Hyderabad - TSPCB",24.661666666666665,96,96,100.0
2025-03-30,site_5598,"Somajiguda, Hyderabad - TSPCB",19.167894736842104,95,96,98.95833333333334
2025-03-31,site_5598,"Somajiguda, Hyderabad - TSPCB",20.161894736842108,95,96,98.95833333333334
2025-04-01,site_5598,"Somajiguda, Hyderabad - TSPCB",,53,96,55.208333333333336
2025-04-02,site_5598,"Somajiguda, Hyderabad - TSPCB",,54,96,56.25
2025-04-03,site_5598,"Somajiguda, Hyderabad - TSPCB",,58,96,60.416666666666664
2025-04-04,site_5598,"Somajiguda, Hyderabad - TSPCB",,0,96,0.0
2025-04-05,site_5598,"Somajiguda, Hyderabad - TSPCB",,57,96,59.375
2025-04-06,site_5598,"Somajiguda, Hyderabad - TSPCB",5.977157894736843,95,96,98.95833333333334
2025-04-07,site_5598,"Somajiguda, Hyderabad - TSPCB",,53,96,55.208333333333336
2025-04-08,site_5598,"Somajiguda, Hyderabad - TSPCB",,54,96,56.25
2025-04-09,site_5598,"Somajiguda, Hyderabad - TSPCB",5.9640625,96,96,100.0
2025-04-10,site_5598,"Somajiguda, Hyderabad - TSPCB",5.955473684210526,95,96,98.95833333333334
2025-04-11,site_5598,"Somajiguda, Hyderabad - TSPCB",17.181770833333335,96,96,100.0
2025-04-12,site_5598,"Somajiguda, Hyderabad - TSPCB",,53,96,55.208333333333336
2025-04-13,site_5598,"Somajiguda, Hyderabad - TSPCB",28.001263157894737,95,96,98.95833333333334
2025-04-14,site_5598,"Somajiguda, Hyderabad - TSPCB",24.131052631578946,95,96,98.95833333333334
2025-04-15,site_5598,"Somajiguda, Hyderabad - TSPCB",,58,96,60.416666666666664
2025-04-16,site_5598,"Somajiguda, Hyderabad - TSPCB",,46,96,47.91666666666667
2025-04-17,site_5598,"Somajiguda, Hyderabad - TSPCB",23.496736842105264,95,96,98.95833333333334
2025-04-18,site_5598,"Somajiguda, Hyderabad - TSPCB",,71,96,73.95833333333334
2025-04-19,site_5598,"Somajiguda, Hyderabad - TSPCB",,51,96,53.125
2025-04-20,site_5598,"Somajiguda, Hyderabad - TSPCB",9.338736842105265,95,96,98.95833333333334
2025-04-21,site_5598,"Somajiguda, Hyderabad - TSPCB",11.053999999999998,95,96,98.95833333333334
2025-04-22,site_5598,"Somajiguda, Hyderabad - TSPCB",,70,96,72.91666666666666
2025-04-23,site_5598,"Somajiguda, Hyderabad - TSPCB",,53,96,55.208333333333336
2025-04-24,site_5598,"Somajiguda, Hyderabad - TSPCB",11.953684210526315,95,96,98.95833333333334
2025-04-25,site_5598,"Somajiguda, Hyderabad - TSPCB",11.8671875,96,96,100.0
2025-04-26,site_5598,"Somajiguda, Hyderabad - TSPCB",11.036979166666667,96,96,100.0
2025-04-27,site_5598,"Somajiguda, Hyderabad - TSPCB",11.539368421052632,95,96,98.95833333333334
2025-04-28,site_5598,"Somajiguda, Hyderabad - TSPCB",12.339368421052631,95,96,98.95833333333334
2025-04-29,site_5598,"Somajiguda, Hyderabad - TSPCB",12.739157894736842,95,96,98.95833333333334
2025-04-30,site_5598,"Somajiguda, Hyderabad - TSPCB",12.058947368421052,95,96,98.95833333333334
2025-05-01,site_5598,"Somajiguda, Hyderabad - TSPCB",12.136145833333332,96,96,100.0
2025-05-02,site_5598,"Somajiguda, Hyderabad - TSPCB",12.782191780821918,73,96,76.04166666666666
2025-05-03,site_5598,"Somajiguda, Hyderabad - TSPCB",,60,96,62.5
2025-05-04,site_5598,"Somajiguda, Hyderabad - TSPCB",13.57123287671233,73,96,76.04166666666666
2025-05-05,site_5598,"Somajiguda, Hyderabad - TSPCB",11.713894736842105,95,96,98.95833333333334
2025-05-06,site_5598,"Somajiguda, Hyderabad - TSPCB",11.969789473684212,95,96,98.95833333333334
2025-05-07,site_5598,"Somajiguda, Hyderabad - TSPCB",11.764767441860466,86,96,89.58333333333334
2025-05-08,site_5598,"Somajiguda, Hyderabad - TSPCB",,70,96,72.91666666666666
2025-05-09,site_5598,"Somajiguda, Hyderabad - TSPCB",11.173645833333333,96,96,100.0
2025-05-10,site_5598,"Somajiguda, Hyderabad - TSPCB",12.500526315789473,95,96,98.95833333333334
2025-05-11,site_5598,"Somajiguda, Hyderabad - TSPCB",,11,96,11.458333333333332
2025-05-12,site_5598,"Somajiguda, Hyderabad - TSPCB",,31,96,32.29166666666667
2025-05-13,site_5598,"Somajiguda, Hyderabad - TSPCB",12.296444444444445,90,96,93.75
2025-05-14,site_5598,"Somajiguda, Hyderabad - TSPCB",12.430729166666666,96,96,100.0
2025-05-15,site_5598,"Somajiguda, Hyderabad - TSPCB",10.587291666666667,96,96,100.0
2025-05-16,site_5598,"Somajiguda, Hyderabad - TSPCB",10.7709375,96,96,100.0
2025-05-17,site_5598,"Somajiguda, Hyderabad - TSPCB",11.467765957446808,94,96,97.91666666666666
2025-05-18,site_5598,"Somajiguda, Hyderabad - TSPCB",11.238750000000001,96,96,100.0
2025-05-19,site_5598,"Somajiguda, Hyderabad - TSPCB",11.261170212765958,94,96,97.91666666666666
2025-05-20,site_5598,"Somajiguda, Hyderabad - TSPCB",11.529270833333333,96,96,100.0
2025-05-21,site_5598,"Somajiguda, Hyderabad - TSPCB",11.550588235294118,85,96,88.54166666666666
2025-05-22,site_5598,"Somajiguda, Hyderabad - TSPCB",,55,96,57.291666666666664
2025-05-23,site_5598,"Somajiguda, Hyderabad - TSPCB",10.904895833333333,96,96,100.0
2025-05-24,site_5598,"Somajiguda, Hyderabad - TSPCB",11.226447368421054,76,96,79.16666666666666
2025-05-25,site_5598,"Somajiguda, Hyderabad - TSPCB",,47,96,48.95833333333333
2025-05-26,site_5598,"Somajiguda, Hyderabad - TSPCB",,63,96,65.625
2025-05-27,site_5598,"Somajiguda, Hyderabad - TSPCB",10.924347826086956,92,96,95.83333333333334
2025-05-28,site_5598,"Somajiguda, Hyderabad - TSPCB",11.644065934065933,91,96,94.79166666666666
2025-05-29,site_5598,"Somajiguda, Hyderabad - TSPCB",12.875473684210528,95,96,98.95833333333334
2025-05-30,site_5598,"Somajiguda, Hyderabad - TSPCB",10.609255319148936,94,96,97.91666666666666
2025-05-31,site_5598,"Somajiguda, Hyderabad - TSPCB",11.365104166666667,96,96,100.0
2025-06-01,site_5598,"Somajiguda, Hyderabad - TSPCB",11.738736842105263,95,96,98.95833333333334
2025-06-02,site_5598,"Somajiguda, Hyderabad - TSPCB",11.131562500000001,96,96,100.0
2025-06-03,site_5598,"Somajiguda, Hyderabad - TSPCB",,68,96,70.83333333333334
2025-06-04,site_5598,"Somajiguda, Hyderabad - TSPCB",12.52357894736842,95,96,98.95833333333334
2025-06-05,site_5598,"Somajiguda, Hyderabad - TSPCB",12.337052631578947,95,96,98.95833333333334
2025-06-06,site_5598,"Somajiguda, Hyderabad - TSPCB",11.655052631578947,95,96,98.95833333333334
2025-06-07,site_5598,"Somajiguda, Hyderabad - TSPCB",12.910531914893616,94,96,97.91666666666666
2025-06-08,site_5598,"Somajiguda, Hyderabad - TSPCB",12.266458333333333,96,96,100.0
2025-06-09,site_5598,"Somajiguda, Hyderabad - TSPCB",12.840104166666668,96,96,100.0
2025-06-10,site_5598,"Somajiguda, Hyderabad - TSPCB",12.0171875,96,96,100.0
2025-06-11,site_5598,"Somajiguda, Hyderabad - TSPCB",11.980744680851064,94,96,97.91666666666666
2025-06-12,site_5598,"Somajiguda, Hyderabad - TSPCB",11.75031914893617,94,96,97.91666666666666
2025-06-13,site_5598,"Somajiguda, Hyderabad - TSPCB",12.242340425531914,94,96,97.91666666666666
2025-06-14,site_5598,"Somajiguda, Hyderabad - TSPCB",12.522045454545456,88,96,91.66666666666666
2025-06-15,site_5598,"Somajiguda, Hyderabad - TSPCB",12.316458333333335,96,96,100.0
2025-06-16,site_5598,"Somajiguda, Hyderabad - TSPCB",11.78531914893617,94,96,97.91666666666666
2025-06-17,site_5598,"Somajiguda, Hyderabad - TSPCB",12.181145833333334,96,96,100.0
2025-06-18,site_5598,"Somajiguda, Hyderabad - TSPCB",11.815624999999999,96,96,100.0
2025-06-19,site_5598,"Somajiguda, Hyderabad - TSPCB",11.9084375,96,96,100.0
2025-06-20,site_5598,"Somajiguda, Hyderabad - TSPCB",10.668085106382978,94,96,97.91666666666666
2025-06-21,site_5598,"Somajiguda, Hyderabad - TSPCB",12.104210526315791,95,96,98.95833333333334
2025-06-22,site_5598,"Somajiguda, Hyderabad - TSPCB",12.243854166666667,96,96,100.0
2025-06-23,site_5598,"Somajiguda, Hyderabad - TSPCB",11.758936170212765,94,96,97.91666666666666
2025-06-24,site_5598,"Somajiguda, Hyderabad - TSPCB",11.659166666666668,84,96,87.5
2025-06-25,site_5598,"Somajiguda, Hyderabad - TSPCB",,26,96,27.083333333333332
2025-06-26,site_5598,"Somajiguda, Hyderabad - TSPCB",11.267263157894737,95,96,98.95833333333334
2025-06-27,site_5598,"Somajiguda, Hyderabad - TSPCB",12.923789473684211,95,96,98.95833333333334
2025-06-28,site_5598,"Somajiguda, Hyderabad - TSPCB",12.982043010752687,93,96,96.875
2025-06-29,site_5598,"Somajiguda, Hyderabad - TSPCB",,60,96,62.5
2025-06-30,site_5598,"Somajiguda, Hyderabad - TSPCB",,56,96,58.333333333333336
2025-07-01,site_5598,"Somajiguda, Hyderabad - TSPCB",13.275789473684211,95,96,98.95833333333334
2025-07-02,site_5598,"Somajiguda, Hyderabad - TSPCB",12.501473684210527,95,96,98.95833333333334
2025-07-03,site_5598,"Somajiguda, Hyderabad - TSPCB",10.862604166666666,96,96,100.0
2025-07-04,site_5598,"Somajiguda, Hyderabad - TSPCB",,60,96,62.5
2025-07-05,site_5598,"Somajiguda, Hyderabad - TSPCB",12.972947368421053,95,96,98.95833333333334
2025-07-06,site_5598,"Somajiguda, Hyderabad - TSPCB",13.165744680851063,94,96,97.91666666666666
2025-07-07,site_5598,"Somajiguda, Hyderabad - TSPCB",,50,96,52.083333333333336
2025-07-08,site_5598,"Somajiguda, Hyderabad - TSPCB",,54,96,56.25
2025-07-09,site_5598,"Somajiguda, Hyderabad - TSPCB",12.493052631578946,95,96,98.95833333333334
2025-07-10,site_5598,"Somajiguda, Hyderabad - TSPCB",13.433789473684211,95,96,98.95833333333334
2025-07-11,site_5598,"Somajiguda, Hyderabad - TSPCB",15.048124999999999,96,96,100.0
2025-07-12,site_5598,"Somajiguda, Hyderabad - TSPCB",12.73221052631579,95,96,98.95833333333334
2025-07-13,site_5598,"Somajiguda, Hyderabad - TSPCB",9.407176470588235,85,96,88.54166666666666
2025-07-14,site_5598,"Somajiguda, Hyderabad - TSPCB",12.340421052631578,95,96,98.95833333333334
2025-07-15,site_5598,"Somajiguda, Hyderabad - TSPCB",11.618421052631579,95,96,98.95833333333334
2025-07-16,site_5598,"Somajiguda, Hyderabad - TSPCB",12.63063157894737,95,96,98.95833333333334
2025-07-17,site_5598,"Somajiguda, Hyderabad - TSPCB",14.634698795180723,83,96,86.45833333333334
2025-07-18,site_5598,"Somajiguda, Hyderabad - TSPCB",,54,96,56.25
2025-07-19,site_5598,"Somajiguda, Hyderabad - TSPCB",10.419010989010989,91,96,94.79166666666666
2025-07-20,site_5598,"Somajiguda, Hyderabad - TSPCB",10.297391304347826,92,96,95.83333333333334
2025-07-21,site_5598,"Somajiguda, Hyderabad - TSPCB",16.719473684210524,95,96,98.95833333333334
2025-07-22,site_5598,"Somajiguda, Hyderabad - TSPCB",17.486382978723405,94,96,97.91666666666666
2025-07-23,site_5598,"Somajiguda, Hyderabad - TSPCB",14.5525,96,96,100.0
2025-07-24,site_5598,"Somajiguda, Hyderabad - TSPCB",15.62031914893617,94,96,97.91666666666666
2025-07-25,site_5598,"Somajiguda, Hyderabad - TSPCB",15.192307692307692,91,96,94.79166666666666
2025-07-26,site_5598,"Somajiguda, Hyderabad - TSPCB",13.065,96,96,100.0
2025-07-27,site_5598,"Somajiguda, Hyderabad - TSPCB",10.85265060240964,83,96,86.45833333333334
2025-07-28,site_5598,"Somajiguda, Hyderabad - TSPCB",14.815894736842106,95,96,98.95833333333334
2025-07-29,site_5598,"Somajiguda, Hyderabad - TSPCB",14.103645833333333,96,96,100.0
2025-07-30,site_5598,"Somajiguda, Hyderabad - TSPCB",,68,96,70.83333333333334
2025-07-31,site_5598,"Somajiguda, Hyderabad - TSPCB",16.964479166666667,96,96,100.0
2025-08-01,site_5598,"Somajiguda, Hyderabad - TSPCB",19.535494505494505,91,96,94.79166666666666
2025-08-02,site_5598,"Somajiguda, Hyderabad - TSPCB",21.82557894736842,95,96,98.95833333333334
2025-08-03,site_5598,"Somajiguda, Hyderabad - TSPCB",21.921354166666664,96,96,100.0
2025-08-04,site_5598,"Somajiguda, Hyderabad - TSPCB",21.628947368421052,95,96,98.95833333333334
2025-08-05,site_5598,"Somajiguda, Hyderabad - TSPCB",20.19157894736842,95,96,98.95833333333334
2025-08-06,site_5598,"Somajiguda, Hyderabad - TSPCB",15.748541666666666,96,96,100.0
2025-08-07,site_5598,"Somajiguda, Hyderabad - TSPCB",20.384893617021277,94,96,97.91666666666666
2025-08-08,site_5598,"Somajiguda, Hyderabad - TSPCB",20.37746987951807,83,96,86.45833333333334
2025-08-09,site_5598,"Somajiguda, Hyderabad - TSPCB",,0,96,0.0
2025-08-10,site_5598,"Somajiguda, Hyderabad - TSPCB",,0,96,0.0
2025-08-11,site_5598,"Somajiguda, Hyderabad - TSPCB",18.40027397260274,73,96,76.04166666666666
2025-08-12,site_5598,"Somajiguda, Hyderabad - TSPCB",,32,96,33.33333333333333
2025-08-13,site_5598,"Somajiguda, Hyderabad - TSPCB",,53,96,55.208333333333336
2025-08-14,site_5598,"Somajiguda, Hyderabad - TSPCB",,27,96,28.125
2025-08-15,site_5598,"Somajiguda, Hyderabad - TSPCB",,41,96,42.70833333333333
2025-08-16,site_5598,"Somajiguda, Hyderabad - TSPCB",14.143749999999999,96,96,100.0
2025-08-17,site_5598,"Somajiguda, Hyderabad - TSPCB",12.737708333333332,96,96,100.0
2025-08-18,site_5598,"Somajiguda, Hyderabad - TSPCB",12.718854166666667,96,96,100.0
2025-08-19,site_5598,"Somajiguda, Hyderabad - TSPCB",11.947916666666666,96,96,100.0
2025-08-20,site_5598,"Somajiguda, Hyderabad - TSPCB",12.689148936170213,94,96,97.91666666666666
2025-08-21,site_5598,"Somajiguda, Hyderabad - TSPCB",15.0003125,96,96,100.0
2025-08-22,site_5598,"Somajiguda, Hyderabad - TSPCB",15.5684375,96,96,100.0
2025-08-23,site_5598,"Somajiguda, Hyderabad - TSPCB",14.75821052631579,95,96,98.95833333333334
2025-08-24,site_5598,"Somajiguda, Hyderabad - TSPCB",,49,96,51.041666666666664
2025-08-25,site_5598,"Somajiguda, Hyderabad - TSPCB",,16,96,16.666666666666664
2025-08-26,site_5598,"Somajiguda, Hyderabad - TSPCB",15.293809523809525,84,96,87.5
2025-08-27,site_5598,"Somajiguda, Hyderabad - TSPCB",11.239895833333334,96,96,100.0
2025-08-28,site_5598,"Somajiguda, Hyderabad - TSPCB",16.181250000000002,96,96,100.0
2025-08-29,site_5598,"Somajiguda, Hyderabad - TSPCB",,33,96,34.375
2025-08-30,site_5598,"Somajiguda, Hyderabad - TSPCB",,56,96,58.333333333333336
2025-08-31,site_5598,"Somajiguda, Hyderabad - TSPCB",15.982708333333333,96,96,100.0
2025-01-01,site_298,"Zoo Park, Hyderabad - TSPCB",93.5784946236559,93,96,96.875
2025-01-02,site_298,"Zoo Park, Hyderabad - TSPCB",88.40967741935484,93,96,96.875
2025-01-03,site_298,"Zoo Park, Hyderabad - TSPCB",94.86896551724138,87,96,90.625
2025-01-04,site_298,"Zoo Park, Hyderabad - TSPCB",89.20645161290324,93,96,96.875
2025-01-05,site_298,"Zoo Park, Hyderabad - TSPCB",77.37956989247311,93,96,96.875
2025-01-06,site_298,"Zoo Park, Hyderabad - TSPCB",82.0225806451613,93,96,96.875
2025-01-07,site_298,"Zoo Park, Hyderabad - TSPCB",84.58279569892473,93,96,96.875
2025-01-08,site_298,"Zoo Park, Hyderabad - TSPCB",89.32580645161289,93,96,96.875
2025-01-09,site_298,"Zoo Park, Hyderabad - TSPCB",90.35698924731183,93,96,96.875
2025-01-10,site_298,"Zoo Park, Hyderabad - TSPCB",98.2516129032258,93,96,96.875
2025-01-11,site_298,"Zoo Park, Hyderabad - TSPCB",100.83118279569892,93,96,96.875
2025-01-12,site_298,"Zoo Park, Hyderabad - TSPCB",102.51612903225806,93,96,96.875
2025-01-13,site_298,"Zoo Park, Hyderabad - TSPCB",98.27956989247312,93,96,96.875
2025-01-14,site_298,"Zoo Park, Hyderabad - TSPCB",99.65698924731183,93,96,96.875
2025-01-15,site_298,"Zoo Park, Hyderabad - TSPCB",97.76236559139785,93,96,96.875
2025-01-16,site_298,"Zoo Park, Hyderabad - TSPCB",100.63440860215054,93,96,96.875
2025-01-17,site_298,"Zoo Park, Hyderabad - TSPCB",95.96021505376343,93,96,96.875
2025-01-18,site_298,"Zoo Park, Hyderabad - TSPCB",96.76881720430107,93,96,96.875
2025-01-19,site_298,"Zoo Park, Hyderabad - TSPCB",93.14838709677419,93,96,96.875
2025-01-20,site_298,"Zoo Park, Hyderabad - TSPCB",98.38172043010752,93,96,96.875
2025-01-21,site_298,"Zoo Park, Hyderabad - TSPCB",105.26451612903226,93,96,96.875
2025-01-22,site_298,"Zoo Park, Hyderabad - TSPCB",101.23440860215052,93,96,96.875
2025-01-23,site_298,"Zoo Park, Hyderabad - TSPCB",88.22065217391305,92,96,95.83333333333334
2025-01-24,site_298,"Zoo Park, Hyderabad - TSPCB",93.11397849462367,93,96,96.875
2025-01-25,site_298,"Zoo Park, Hyderabad - TSPCB",89.30786516853932,89,96,92.70833333333334
2025-01-26,site_298,"Zoo Park, Hyderabad - TSPCB",92.46559139784945,93,96,96.875
2025-01-27,site_298,"Zoo Park, Hyderabad - TSPCB",89.12795698924731,93,96,96.875
2025-01-28,site_298,"Zoo Park, Hyderabad - TSPCB",87.43118279569893,93,96,96.875
2025-01-29,site_298,"Zoo Park, Hyderabad - TSPCB",89.02473118279569,93,96,96.875
2025-01-30,site_298,"Zoo Park, Hyderabad - TSPCB",83.96881720430108,93,96,96.875
2025-01-31,site_298,"Zoo Park, Hyderabad - TSPCB",90.54891304347827,92,96,95.83333333333334
2025-02-01,site_298,"Zoo Park, Hyderabad - TSPCB",85.55913978494624,93,96,96.875
2025-02-02,site_298,"Zoo Park, Hyderabad - TSPCB",89.21290322580644,93,96,96.875
2025-02-03,site_298,"Zoo Park, Hyderabad - TSPCB",87.63440860215054,93,96,96.875
2025-02-04,site_298,"Zoo Park, Hyderabad - TSPCB",91.0258064516129,93,96,96.875
2025-02-05,site_298,"Zoo Park, Hyderabad - TSPCB",88.57096774193549,93,96,96.875
2025-02-06,site_298,"Zoo Park, Hyderabad - TSPCB",88.14301075268817,93,96,96.875
2025-02-07,site_298,"Zoo Park, Hyderabad - TSPCB",89.36666666666667,93,96,96.875
2025-02-08,site_298,"Zoo Park, Hyderabad - TSPCB",92.93440860215054,93,96,96.875
2025-02-09,site_298,"Zoo Park, Hyderabad - TSPCB",100.70860215053763,93,96,96.875
2025-02-10,site_298,"Zoo Park, Hyderabad - TSPCB",97.25806451612904,93,96,96.875
2025-02-11,site_298,"Zoo Park, Hyderabad - TSPCB",88.0978494623656,93,96,96.875
2025-02-12,site_298,"Zoo Park, Hyderabad - TSPCB",79.83440860215055,93,96,96.875
2025-02-13,site_298,"Zoo Park, Hyderabad - TSPCB",80.47204301075269,93,96,96.875
2025-02-14,site_298,"Zoo Park, Hyderabad - TSPCB",82.4494623655914,93,96,96.875
2025-02-15,site_298,"Zoo Park, Hyderabad - TSPCB",99.68172043010752,93,96,96.875
2025-02-16,site_298,"Zoo Park, Hyderabad - TSPCB",104.74193548387096,93,96,96.875
2025-02-17,site_298,"Zoo Park, Hyderabad - TSPCB",95.39139784946236,93,96,96.875
2025-02-18,site_298,"Zoo Park, Hyderabad - TSPCB",87.27849462365592,93,96,96.875
2025-02-19,site_298,"Zoo Park, Hyderabad - TSPCB",81.45119047619048,84,96,87.5
2025-02-20,site_298,"Zoo Park, Hyderabad - TSPCB",84.45806451612904,93,96,96.875
2025-02-21,site_298,"Zoo Park, Hyderabad - TSPCB",91.97096774193548,93,96,96.875
2025-02-22,site_298,"Zoo Park, Hyderabad - TSPCB",78.98279569892473,93,96,96.875
2025-02-23,site_298,"Zoo Park, Hyderabad - TSPCB",94.01075268817205,93,96,96.875
2025-02-24,site_298,"Zoo Park, Hyderabad - TSPCB",97.34731182795699,93,96,96.875
2025-02-25,site_298,"Zoo Park, Hyderabad - TSPCB",91.65268817204301,93,96,96.875
2025-02-26,site_298,"Zoo Park, Hyderabad - TSPCB",94.57311827956988,93,96,96.875
2025-02-27,site_298,"Zoo Park, Hyderabad - TSPCB",94.52688172043011,93,96,96.875
2025-02-28,site_298,"Zoo Park, Hyderabad - TSPCB",101.80326086956521,92,96,95.83333333333334
2025-03-01,site_298,"Zoo Park, Hyderabad - TSPCB",95.55376344086021,93,96,96.875
2025-03-02,site_298,"Zoo Park, Hyderabad - TSPCB",87.94086021505376,93,96,96.875
2025-03-03,site_298,"Zoo Park, Hyderabad - TSPCB",75.2494623655914,93,96,96.875
2025-03-04,site_298,"Zoo Park, Hyderabad - TSPCB",101.33010752688173,93,96,96.875
2025-03-05,site_298,"Zoo Park, Hyderabad - TSPCB",81.4021505376344,93,96,96.875
2025-03-06,site_298,"Zoo Park, Hyderabad - TSPCB",91.17204301075269,93,96,96.875
2025-03-07,site_298,"Zoo Park, Hyderabad - TSPCB",104.8752688172043,93,96,96.875
2025-03-08,site_298,"Zoo Park, Hyderabad - TSPCB",109.41827956989246,93,96,96.875
2025-03-09,site_298,"Zoo Park, Hyderabad - TSPCB",92.89784946236558,93,96,96.875
2025-03-10,site_298,"Zoo Park, Hyderabad - TSPCB",84.83870967741936,93,96,96.875
2025-03-11,site_298,"Zoo Park, Hyderabad - TSPCB",87.94086021505376,93,96,96.875
2025-03-12,site_298,"Zoo Park, Hyderabad - TSPCB",95.84731182795699,93,96,96.875
2025-03-13,site_298,"Zoo Park, Hyderabad - TSPCB",77.63118279569892,93,96,96.875
2025-03-14,site_298,"Zoo Park, Hyderabad - TSPCB",83.00752688172042,93,96,96.875
2025-03-15,site_298,"Zoo Park, Hyderabad - TSPCB",86.23763440860215,93,96,96.875
2025-03-16,site_298,"Zoo Park, Hyderabad - TSPCB",88.82795698924731,93,96,96.875
2025-03-17,site_298,"Zoo Park, Hyderabad - TSPCB",80.43118279569893,93,96,96.875
2025-03-18,site_298,"Zoo Park, Hyderabad - TSPCB",83.21182795698924,93,96,96.875
2025-03-19,site_298,"Zoo Park, Hyderabad - TSPCB",78.447311827957,93,96,96.875
2025-03-20,site_298,"Zoo Park, Hyderabad - TSPCB",68.15591397849462,93,96,96.875
2025-03-21,site_298,"Zoo Park, Hyderabad - TSPCB",67.23978494623655,93,96,96.875
2025-03-22,site_298,"Zoo Park, Hyderabad - TSPCB",75.65376344086022,93,96,96.875
2025-03-23,site_298,"Zoo Park, Hyderabad - TSPCB",80.5247311827957,93,96,96.875
2025-03-24,site_298,"Zoo Park, Hyderabad - TSPCB",81.36666666666667,93,96,96.875
2025-03-25,site_298,"Zoo Park, Hyderabad - TSPCB",84.84946236559139,93,96,96.875
2025-03-26,site_298,"Zoo Park, Hyderabad - TSPCB",84.34516129032258,93,96,96.875
2025-03-27,site_298,"Zoo Park, Hyderabad - TSPCB",88.09462365591398,93,96,96.875
2025-03-28,site_298,"Zoo Park, Hyderabad - TSPCB",99.69247311827957,93,96,96.875
2025-03-29,site_298,"Zoo Park, Hyderabad - TSPCB",91.32150537634408,93,96,96.875
2025-03-30,site_298,"Zoo Park, Hyderabad - TSPCB",91.78817204301075,93,96,96.875
2025-03-31,site_298,"Zoo Park, Hyderabad - TSPCB",86.32065217391305,92,96,95.83333333333334
2025-04-01,site_298,"Zoo Park, Hyderabad - TSPCB",83.77956989247312,93,96,96.875
2025-04-02,site_298,"Zoo Park, Hyderabad - TSPCB",73.11612903225807,93,96,96.875
2025-04-03,site_298,"Zoo Park, Hyderabad - TSPCB",64.31075268817204,93,96,96.875
2025-04-04,site_298,"Zoo Park, Hyderabad - TSPCB",62.05,90,96,93.75
2025-04-05,site_298,"Zoo Park, Hyderabad - TSPCB",84.63118279569892,93,96,96.875
2025-04-06,site_298,"Zoo Park, Hyderabad - TSPCB",71.30537634408601,93,96,96.875
2025-04-07,site_298,"Zoo Park, Hyderabad - TSPCB",74.67956989247311,93,96,96.875
2025-04-08,site_298,"Zoo Park, Hyderabad - TSPCB",83.68111111111111,90,96,93.75
2025-04-09,site_298,"Zoo Park, Hyderabad - TSPCB",,0,96,0.0
2025-04-10,site_298,"Zoo Park, Hyderabad - TSPCB",,0,96,0.0
2025-04-11,site_298,"Zoo Park, Hyderabad - TSPCB",,0,96,0.0
2025-04-12,site_298,"Zoo Park, Hyderabad - TSPCB",,0,96,0.0
2025-04-13,site_298,"Zoo Park, Hyderabad - TSPCB",,0,96,0.0
2025-04-14,site_298,"Zoo Park, Hyderabad - TSPCB",,0,96,0.0
2025-04-15,site_298,"Zoo Park, Hyderabad - TSPCB",,20,96,20.833333333333336
2025-04-16,site_298,"Zoo Park, Hyderabad - TSPCB",30.495698924731183,93,96,96.875
2025-04-17,site_298,"Zoo Park, Hyderabad - TSPCB",29.970652173913045,92,96,95.83333333333334
2025-04-18,site_298,"Zoo Park, Hyderabad - TSPCB",29.93066666666667,75,96,78.125
2025-04-19,site_298,"Zoo Park, Hyderabad - TSPCB",,50,96,52.083333333333336
2025-04-20,site_298,"Zoo Park, Hyderabad - TSPCB",29.547826086956523,92,96,95.83333333333334
2025-04-21,site_298,"Zoo Park, Hyderabad - TSPCB",29.81827956989247,93,96,96.875
2025-04-22,site_298,"Zoo Park, Hyderabad - TSPCB",29.619354838709675,93,96,96.875
2025-04-23,site_298,"Zoo Park, Hyderabad - TSPCB",49.790361445783134,83,96,86.45833333333334
2025-04-24,site_298,"Zoo Park, Hyderabad - TSPCB",54.00430107526881,93,96,96.875
2025-04-25,site_298,"Zoo Park, Hyderabad - TSPCB",58.854945054945055,91,96,94.79166666666666
2025-04-26,site_298,"Zoo Park, Hyderabad - TSPCB",65.98279569892473,93,96,96.875
2025-04-27,site_298,"Zoo Park, Hyderabad - TSPCB",66.7858695652174,92,96,95.83333333333334
2025-04-28,site_298,"Zoo Park, Hyderabad - TSPCB",59.26989247311828,93,96,96.875
2025-04-29,site_298,"Zoo Park, Hyderabad - TSPCB",55.806451612903224,93,96,96.875
2025-04-30,site_298,"Zoo Park, Hyderabad - TSPCB",59.50869565217391,92,96,95.83333333333334
2025-05-01,site_298,"Zoo Park, Hyderabad - TSPCB",57.53870967741936,93,96,96.875
2025-05-02,site_298,"Zoo Park, Hyderabad - TSPCB",58.98172043010753,93,96,96.875
2025-05-03,site_298,"Zoo Park, Hyderabad - TSPCB",59.21182795698925,93,96,96.875
2025-05-04,site_298,"Zoo Park, Hyderabad - TSPCB",66.52043010752688,93,96,96.875
2025-05-05,site_298,"Zoo Park, Hyderabad - TSPCB",58.60752688172043,93,96,96.875
2025-05-06,site_298,"Zoo Park, Hyderabad - TSPCB",75.78279569892473,93,96,96.875
2025-05-07,site_298,"Zoo Park, Hyderabad - TSPCB",68.43225806451613,93,96,96.875
2025-05-08,site_298,"Zoo Park, Hyderabad - TSPCB",67.30322580645161,93,96,96.875
2025-05-09,site_298,"Zoo Park, Hyderabad - TSPCB",65.06881720430107,93,96,96.875
2025-05-10,site_298,"Zoo Park, Hyderabad - TSPCB",56.31935483870968,93,96,96.875
2025-05-11,site_298,"Zoo Park, Hyderabad - TSPCB",64.52795698924731,93,96,96.875
2025-05-12,site_298,"Zoo Park, Hyderabad - TSPCB",55.39032258064516,93,96,96.875
2025-05-13,site_298,"Zoo Park, Hyderabad - TSPCB",61.07741935483871,93,96,96.875
2025-05-14,site_298,"Zoo Park, Hyderabad - TSPCB",62.94301075268817,93,96,96.875
2025-05-15,site_298,"Zoo Park, Hyderabad - TSPCB",52.622580645161285,93,96,96.875
2025-05-16,site_298,"Zoo Park, Hyderabad - TSPCB",53.844086021505376,93,96,96.875
2025-05-17,site_298,"Zoo Park, Hyderabad - TSPCB",81.63695652173914,92,96,95.83333333333334
2025-05-18,site_298,"Zoo Park, Hyderabad - TSPCB",,0,96,0.0
2025-05-19,site_298,"Zoo Park, Hyderabad - TSPCB",,30,96,31.25
2025-05-20,site_298,"Zoo Park, Hyderabad - TSPCB",17.523655913978494,93,96,96.875
2025-05-21,site_298,"Zoo Park, Hyderabad - TSPCB",14.467391304347826,92,96,95.83333333333334
2025-05-22,site_298,"Zoo Park, Hyderabad - TSPCB",6.243010752688172,93,96,96.875
2025-05-23,site_298,"Zoo Park, Hyderabad - TSPCB",6.921505376344086,93,96,96.875
2025-05-24,site_298,"Zoo Park, Hyderabad - TSPCB",10.725806451612904,93,96,96.875
2025-05-25,site_298,"Zoo Park, Hyderabad - TSPCB",11.550537634408602,93,96,96.875
2025-05-26,site_298,"Zoo Park, Hyderabad - TSPCB",9.978494623655914,93,96,96.875
2025-05-27,site_298,"Zoo Park, Hyderabad - TSPCB",7.387096774193548,93,96,96.875
2025-05-28,site_298,"Zoo Park, Hyderabad - TSPCB",8.241935483870968,93,96,96.875
2025-05-29,site_298,"Zoo Park, Hyderabad - TSPCB",7.07741935483871,93,96,96.875
2025-05-30,site_298,"Zoo Park, Hyderabad - TSPCB",6.891397849462366,93,96,96.875
2025-05-31,site_298,"Zoo Park, Hyderabad - TSPCB",7.643478260869566,92,96,95.83333333333334
2025-06-01,site_298,"Zoo Park, Hyderabad - TSPCB",8.138709677419355,93,96,96.875
2025-06-02,site_298,"Zoo Park, Hyderabad - TSPCB",7.831182795698925,93,96,96.875
2025-06-03,site_298,"Zoo Park, Hyderabad - TSPCB",7.336559139784946,93,96,96.875
2025-06-04,site_298,"Zoo Park, Hyderabad - TSPCB",8.33763440860215,93,96,96.875
2025-06-05,site_298,"Zoo Park, Hyderabad - TSPCB",8.981720430107526,93,96,96.875
2025-06-06,site_298,"Zoo Park, Hyderabad - TSPCB",8.981720430107526,93,96,96.875
2025-06-07,site_298,"Zoo Park, Hyderabad - TSPCB",10.188172043010752,93,96,96.875
2025-06-08,site_298,"Zoo Park, Hyderabad - TSPCB",10.001075268817205,93,96,96.875
2025-06-09,site_298,"Zoo Park, Hyderabad - TSPCB",9.712903225806452,93,96,96.875
2025-06-10,site_298,"Zoo Park, Hyderabad - TSPCB",9.244086021505376,93,96,96.875
2025-06-11,site_298,"Zoo Park, Hyderabad - TSPCB",8.856818181818182,88,96,91.66666666666666
2025-06-12,site_298,"Zoo Park, Hyderabad - TSPCB",10.780645161290323,93,96,96.875
2025-06-13,site_298,"Zoo Park, Hyderabad - TSPCB",10.893548387096775,93,96,96.875
2025-06-14,site_298,"Zoo Park, Hyderabad - TSPCB",9.282795698924732,93,96,96.875
2025-06-15,site_298,"Zoo Park, Hyderabad - TSPCB",8.970967741935484,93,96,96.875
2025-06-16,site_298,"Zoo Park, Hyderabad - TSPCB",7.536559139784946,93,96,96.875
2025-06-17,site_298,"Zoo Park, Hyderabad - TSPCB",7.396774193548387,93,96,96.875
2025-06-18,site_298,"Zoo Park, Hyderabad - TSPCB",6.96989247311828,93,96,96.875
2025-06-19,site_298,"Zoo Park, Hyderabad - TSPCB",7.332258064516129,93,96,96.875
2025-06-20,site_298,"Zoo Park, Hyderabad - TSPCB",7.369892473118279,93,96,96.875
2025-06-21,site_298,"Zoo Park, Hyderabad - TSPCB",7.112790697674419,86,96,89.58333333333334
2025-06-22,site_298,"Zoo Park, Hyderabad - TSPCB",7.217204301075269,93,96,96.875
2025-06-23,site_298,"Zoo Park, Hyderabad - TSPCB",6.739784946236559,93,96,96.875
2025-06-24,site_298,"Zoo Park, Hyderabad - TSPCB",6.211827956989247,93,96,96.875
2025-06-25,site_298,"Zoo Park, Hyderabad - TSPCB",7.104301075268817,93,96,96.875
2025-06-26,site_298,"Zoo Park, Hyderabad - TSPCB",,19,96,19.791666666666664
2025-06-27,site_298,"Zoo Park, Hyderabad - TSPCB",,0,96,0.0
2025-06-28,site_298,"Zoo Park, Hyderabad - TSPCB",,46,96,47.91666666666667
2025-06-29,site_298,"Zoo Park, Hyderabad - TSPCB",6.844086021505376,93,96,96.875
2025-06-30,site_298,"Zoo Park, Hyderabad - TSPCB",6.467391304347826,92,96,95.83333333333334
2025-07-01,site_298,"Zoo Park, Hyderabad - TSPCB",6.236559139784946,93,96,96.875
2025-07-02,site_298,"Zoo Park, Hyderabad - TSPCB",6.453763440860215,93,96,96.875
2025-07-03,site_298,"Zoo Park, Hyderabad - TSPCB",7.219354838709677,93,96,96.875
2025-07-04,site_298,"Zoo Park, Hyderabad - TSPCB",,33,96,34.375
2025-07-05,site_298,"Zoo Park, Hyderabad - TSPCB",,0,96,0.0
2025-07-06,site_298,"Zoo Park, Hyderabad - TSPCB",,0,96,0.0
2025-07-07,site_298,"Zoo Park, Hyderabad - TSPCB",,47,96,48.95833333333333
2025-07-08,site_298,"Zoo Park, Hyderabad - TSPCB",7.039784946236559,93,96,96.875
2025-07-09,site_298,"Zoo Park, Hyderabad - TSPCB",6.870329670329671,91,96,94.79166666666666
2025-07-10,site_298,"Zoo Park, Hyderabad - TSPCB",7.136559139784946,93,96,96.875
2025-07-11,site_298,"Zoo Park, Hyderabad - TSPCB",7.90752688172043,93,96,96.875
2025-07-12,site_298,"Zoo Park, Hyderabad - TSPCB",8.92258064516129,93,96,96.875
2025-07-13,site_298,"Zoo Park, Hyderabad - TSPCB",11.758064516129032,93,96,96.875
2025-07-14,site_298,"Zoo Park, Hyderabad - TSPCB",9.186021505376344,93,96,96.875
2025-07-15,site_298,"Zoo Park, Hyderabad - TSPCB",7.19247311827957,93,96,96.875
2025-07-16,site_298,"Zoo Park, Hyderabad - TSPCB",7.151612903225807,93,96,96.875
2025-07-17,site_298,"Zoo Park, Hyderabad - TSPCB",7.9010869565217385,92,96,95.83333333333334
2025-07-18,site_298,"Zoo Park, Hyderabad - TSPCB",7.70752688172043,93,96,96.875
2025-07-19,site_298,"Zoo Park, Hyderabad - TSPCB",6.912903225806452,93,96,96.875
2025-07-20,site_298,"Zoo Park, Hyderabad - TSPCB",7.7,93,96,96.875
2025-07-21,site_298,"Zoo Park, Hyderabad - TSPCB",8.05483870967742,93,96,96.875
2025-07-22,site_298,"Zoo Park, Hyderabad - TSPCB",6.579569892473118,93,96,96.875
2025-07-23,site_298,"Zoo Park, Hyderabad - TSPCB",5.916483516483516,91,96,94.79166666666666
2025-07-24,site_298,"Zoo Park, Hyderabad - TSPCB",5.054838709677419,93,96,96.875
2025-07-25,site_298,"Zoo Park, Hyderabad - TSPCB",6.044086021505376,93,96,96.875
2025-07-26,site_298,"Zoo Park, Hyderabad - TSPCB",5.416129032258064,93,96,96.875
2025-07-27,site_298,"Zoo Park, Hyderabad - TSPCB",6.595698924731183,93,96,96.875
2025-07-28,site_298,"Zoo Park, Hyderabad - TSPCB",,36,96,37.5
2025-07-29,site_298,"Zoo Park, Hyderabad - TSPCB",,14,96,14.583333333333334
2025-07-30,site_298,"Zoo Park, Hyderabad - TSPCB",6.9655555555555555,90,96,93.75
2025-07-31,site_298,"Zoo Park, Hyderabad - TSPCB",8.214130434782609,92,96,95.83333333333334
2025-08-01,site_298,"Zoo Park, Hyderabad - TSPCB",8.443478260869565,92,96,95.83333333333334
2025-08-02,site_298,"Zoo Park, Hyderabad - TSPCB",9.105376344086022,93,96,96.875
2025-08-03,site_298,"Zoo Park, Hyderabad - TSPCB",10.134408602150538,93,96,96.875
2025-08-04,site_298,"Zoo Park, Hyderabad - TSPCB",11.329032258064515,93,96,96.875
2025-08-05,site_298,"Zoo Park, Hyderabad - TSPCB",12.946236559139784,93,96,96.875
2025-08-06,site_298,"Zoo Park, Hyderabad - TSPCB",12.431182795698923,93,96,96.875
2025-08-07,site_298,"Zoo Park, Hyderabad - TSPCB",10.40752688172043,93,96,96.875
2025-08-08,site_298,"Zoo Park, Hyderabad - TSPCB",8.246236559139785,93,96,96.875
2025-08-09,site_298,"Zoo Park, Hyderabad - TSPCB",9.158064516129032,93,96,96.875
2025-08-10,site_298,"Zoo Park, Hyderabad - TSPCB",8.819354838709678,93,96,96.875
2025-08-11,site_298,"Zoo Park, Hyderabad - TSPCB",8.751612903225807,93,96,96.875
2025-08-12,site_298,"Zoo Park, Hyderabad - TSPCB",6.821505376344086,93,96,96.875
2025-08-13,site_298,"Zoo Park, Hyderabad - TSPCB",6.959139784946237,93,96,96.875
2025-08-14,site_298,"Zoo Park, Hyderabad - TSPCB",6.438709677419355,93,96,96.875
2025-08-15,site_298,"Zoo Park, Hyderabad - TSPCB",7.773118279569892,93,96,96.875
2025-08-16,site_298,"Zoo Park, Hyderabad - TSPCB",7.919354838709677,93,96,96.875
2025-08-17,site_298,"Zoo Park, Hyderabad - TSPCB",8.1,93,96,96.875
2025-08-18,site_298,"Zoo Park, Hyderabad - TSPCB",6.464835164835164,91,96,94.79166666666666
2025-08-19,site_298,"Zoo Park, Hyderabad - TSPCB",7.231182795698925,93,96,96.875
2025-08-20,site_298,"Zoo Park, Hyderabad - TSPCB",7.656989247311828,93,96,96.875
2025-08-21,site_298,"Zoo Park, Hyderabad - TSPCB",8.450537634408603,93,96,96.875
2025-08-22,site_298,"Zoo Park, Hyderabad - TSPCB",8.013483146067417,89,96,92.70833333333334
2025-08-23,site_298,"Zoo Park, Hyderabad - TSPCB",8.024731182795698,93,96,96.875
2025-08-24,site_298,"Zoo Park, Hyderabad - TSPCB",9.013978494623656,93,96,96.875
2025-08-25,site_298,"Zoo Park, Hyderabad - TSPCB",8.840860215053764,93,96,96.875
2025-08-26,site_298,"Zoo Park, Hyderabad - TSPCB",8.243010752688173,93,96,96.875
2025-08-27,site_298,"Zoo Park, Hyderabad - TSPCB",8.265591397849462,93,96,96.875
2025-08-28,site_298,"Zoo Park, Hyderabad - TSPCB",8.568817204301075,93,96,96.875
2025-08-29,site_298,"Zoo Park, Hyderabad - TSPCB",8.0,92,96,95.83333333333334
2025-08-30,site_298,"Zoo Park, Hyderabad - TSPCB",8.33010752688172,93,96,96.875
2025-08-31,site_298,"Zoo Park, Hyderabad - TSPCB",9.238043478260868,92,96,95.83333333333334
