date,station_id,station_name,grid_id,latitude,longitude,ground_no2_mean,valid_readings,coverage_percent
2025-01-01,site_199,"Bollaram Industrial Area, Hyderabad - TSPCB",HYD_0219,17.540891,78.358528,25.05222222222222,90,93.75
2025-01-02,site_199,"Bollaram Industrial Area, Hyderabad - TSPCB",HYD_0219,17.540891,78.358528,36.71208791208792,91,94.79166666666666
2025-01-03,site_199,"Bollaram Industrial Area, Hyderabad - TSPCB",HYD_0219,17.540891,78.358528,50.42934782608695,92,95.83333333333334
2025-01-04,site_199,"Bollaram Industrial Area, Hyderabad - TSPCB",HYD_0219,17.540891,78.358528,37.40113636363637,88,91.66666666666666
2025-01-05,site_199,"Bollaram Industrial Area, Hyderabad - TSPCB",HYD_0219,17.540891,78.358528,18.784269662921343,89,92.70833333333334
2025-01-06,site_199,"Bollaram Industrial Area, Hyderabad - TSPCB",HYD_0219,17.540891,78.358528,15.702197802197803,91,94.79166666666666
2025-01-07,site_199,"Bollaram Industrial Area, Hyderabad - TSPCB",HYD_0219,17.540891,78.358528,20.22298850574713,87,90.625
2025-01-08,site_199,"Bollaram Industrial Area, Hyderabad - TSPCB",HYD_0219,17.540891,78.358528,,65,67.70833333333334
2025-01-09,site_199,"Bollaram Industrial Area, Hyderabad - TSPCB",HYD_0219,17.540891,78.358528,,42,43.75
2025-01-10,site_199,"Bollaram Industrial Area, Hyderabad - TSPCB",HYD_0219,17.540891,78.358528,19.794117647058822,85,88.54166666666666
2025-01-11,site_199,"Bollaram Industrial Area, Hyderabad - TSPCB",HYD_0219,17.540891,78.358528,13.076086956521738,92,95.83333333333334
2025-01-12,site_199,"Bollaram Industrial Area, Hyderabad - TSPCB",HYD_0219,17.540891,78.358528,9.530434782608696,92,95.83333333333334
2025-01-13,site_199,"Bollaram Industrial Area, Hyderabad - TSPCB",HYD_0219,17.540891,78.358528,11.777380952380952,84,87.5
2025-01-14,site_199,"Bollaram Industrial Area, Hyderabad - TSPCB",HYD_0219,17.540891,78.358528,12.575824175824176,91,94.79166666666666
2025-01-15,site_199,"Bollaram Industrial Area, Hyderabad - TSPCB",HYD_0219,17.540891,78.358528,,36,37.5
2025-01-16,site_199,"Bollaram Industrial Area, Hyderabad - TSPCB",HYD_0219,17.540891,78.358528,,47,48.95833333333333
2025-01-17,site_199,"Bollaram Industrial Area, Hyderabad - TSPCB",HYD_0219,17.540891,78.358528,10.447727272727272,88,91.66666666666666
2025-01-18,site_199,"Bollaram Industrial Area, Hyderabad - TSPCB",HYD_0219,17.540891,78.358528,15.423376623376624,77,80.20833333333334
2025-01-19,site_199,"Bollaram Industrial Area, Hyderabad - TSPCB",HYD_0219,17.540891,78.358528,22.129761904761907,84,87.5
2025-01-20,site_199,"Bollaram Industrial Area, Hyderabad - TSPCB",HYD_0219,17.540891,78.358528,45.96962025316456,79,82.29166666666666
2025-01-21,site_199,"Bollaram Industrial Area, Hyderabad - TSPCB",HYD_0219,17.540891,78.358528,37.84065934065934,91,94.79166666666666
2025-01-22,site_199,"Bollaram Industrial Area, Hyderabad - TSPCB",HYD_0219,17.540891,78.358528,20.89213483146068,89,92.70833333333334
2025-01-23,site_199,"Bollaram Industrial Area, Hyderabad - TSPCB",HYD_0219,17.540891,78.358528,10.069565217391304,92,95.83333333333334
2025-01-24,site_199,"Bollaram Industrial Area, Hyderabad - TSPCB",HYD_0219,17.540891,78.358528,,52,54.16666666666666
2025-01-25,site_199,"Bollaram Industrial Area, Hyderabad - TSPCB",HYD_0219,17.540891,78.358528,,10,10.416666666666668
2025-01-26,site_199,"Bollaram Industrial Area, Hyderabad - TSPCB",HYD_0219,17.540891,78.358528,,28,29.166666666666668
2025-01-27,site_199,"Bollaram Industrial Area, Hyderabad - TSPCB",HYD_0219,17.540891,78.358528,25.996103896103897,77,80.20833333333334
2025-01-28,site_199,"Bollaram Industrial Area, Hyderabad - TSPCB",HYD_0219,17.540891,78.358528,,68,70.83333333333334
2025-01-29,site_199,"Bollaram Industrial Area, Hyderabad - TSPCB",HYD_0219,17.540891,78.358528,,71,73.95833333333334
2025-01-30,site_199,"Bollaram Industrial Area, Hyderabad - TSPCB",HYD_0219,17.540891,78.358528,13.99367088607595,79,82.29166666666666
2025-01-31,site_199,"Bollaram Industrial Area, Hyderabad - TSPCB",HYD_0219,17.540891,78.358528,15.778048780487804,82,85.41666666666666
2025-02-01,site_199,"Bollaram Industrial Area, Hyderabad - TSPCB",HYD_0219,17.540891,78.358528,17.85760869565217,92,95.83333333333334
2025-02-02,site_199,"Bollaram Industrial Area, Hyderabad - TSPCB",HYD_0219,17.540891,78.358528,15.628260869565215,92,95.83333333333334
2025-02-03,site_199,"Bollaram Industrial Area, Hyderabad - TSPCB",HYD_0219,17.540891,78.358528,15.15421686746988,83,86.45833333333334
2025-02-04,site_199,"Bollaram Industrial Area, Hyderabad - TSPCB",HYD_0219,17.540891,78.358528,,63,65.625
2025-02-05,site_199,"Bollaram Industrial Area, Hyderabad - TSPCB",HYD_0219,17.540891,78.358528,,50,52.083333333333336
2025-02-06,site_199,"Bollaram Industrial Area, Hyderabad - TSPCB",HYD_0219,17.540891,78.358528,5.436559139784946,93,96.875
2025-02-07,site_199,"Bollaram Industrial Area, Hyderabad - TSPCB",HYD_0219,17.540891,78.358528,5.8094117647058825,85,88.54166666666666
2025-02-08,site_199,"Bollaram Industrial Area, Hyderabad - TSPCB",HYD_0219,17.540891,78.358528,4.2465753424657535,73,76.04166666666666
2025-02-09,site_199,"Bollaram Industrial Area, Hyderabad - TSPCB",HYD_0219,17.540891,78.358528,3.811363636363636,88,91.66666666666666
2025-02-10,site_199,"Bollaram Industrial Area, Hyderabad - TSPCB",HYD_0219,17.540891,78.358528,4.8675,80,83.33333333333334
2025-02-11,site_199,"Bollaram Industrial Area, Hyderabad - TSPCB",HYD_0219,17.540891,78.358528,,71,73.95833333333334
2025-02-12,site_199,"Bollaram Industrial Area, Hyderabad - TSPCB",HYD_0219,17.540891,78.358528,3.6386666666666665,75,78.125
2025-02-13,site_199,"Bollaram Industrial Area, Hyderabad - TSPCB",HYD_0219,17.540891,78.358528,5.174698795180723,83,86.45833333333334
2025-02-14,site_199,"Bollaram Industrial Area, Hyderabad - TSPCB",HYD_0219,17.540891,78.358528,8.923529411764706,85,88.54166666666666
2025-02-15,site_199,"Bollaram Industrial Area, Hyderabad - TSPCB",HYD_0219,17.540891,78.358528,27.122368421052634,76,79.16666666666666
2025-02-16,site_199,"Bollaram Industrial Area, Hyderabad - TSPCB",HYD_0219,17.540891,78.358528,20.98051948051948,77,80.20833333333334
2025-02-17,site_199,"Bollaram Industrial Area, Hyderabad - TSPCB",HYD_0219,17.540891,78.358528,9.701149425287356,87,90.625
2025-02-18,site_199,"Bollaram Industrial Area, Hyderabad - TSPCB",HYD_0219,17.540891,78.358528,8.60897435897436,78,81.25
2025-02-19,site_199,"Bollaram Industrial Area, Hyderabad - TSPCB",HYD_0219,17.540891,78.358528,13.305,80,83.33333333333334
2025-02-20,site_199,"Bollaram Industrial Area, Hyderabad - TSPCB",HYD_0219,17.540891,78.358528,13.140449438202246,89,92.70833333333334
2025-02-21,site_199,"Bollaram Industrial Area, Hyderabad - TSPCB",HYD_0219,17.540891,78.358528,18.085869565217397,92,95.83333333333334
2025-02-22,site_199,"Bollaram Industrial Area, Hyderabad - TSPCB",HYD_0219,17.540891,78.358528,18.876543209876544,81,84.375
2025-02-23,site_199,"Bollaram Industrial Area, Hyderabad - TSPCB",HYD_0219,17.540891,78.358528,19.16344086021505,93,96.875
2025-02-24,site_199,"Bollaram Industrial Area, Hyderabad - TSPCB",HYD_0219,17.540891,78.358528,20.475268817204302,93,96.875
2025-02-25,site_199,"Bollaram Industrial Area, Hyderabad - TSPCB",HYD_0219,17.540891,78.358528,17.268817204301076,93,96.875
2025-02-26,site_199,"Bollaram Industrial Area, Hyderabad - TSPCB",HYD_0219,17.540891,78.358528,28.455913978494625,93,96.875
2025-02-27,site_199,"Bollaram Industrial Area, Hyderabad - TSPCB",HYD_0219,17.540891,78.358528,30.207526881720437,93,96.875
2025-02-28,site_199,"Bollaram Industrial Area, Hyderabad - TSPCB",HYD_0219,17.540891,78.358528,35.41234567901235,81,84.375
2025-03-01,site_199,"Bollaram Industrial Area, Hyderabad - TSPCB",HYD_0219,17.540891,78.358528,23.264,75,78.125
2025-03-02,site_199,"Bollaram Industrial Area, Hyderabad - TSPCB",HYD_0219,17.540891,78.358528,26.30434782608696,92,95.83333333333334
2025-03-03,site_199,"Bollaram Industrial Area, Hyderabad - TSPCB",HYD_0219,17.540891,78.358528,32.778260869565216,92,95.83333333333334
2025-03-04,site_199,"Bollaram Industrial Area, Hyderabad - TSPCB",HYD_0219,17.540891,78.358528,35.79871794871795,78,81.25
2025-03-05,site_199,"Bollaram Industrial Area, Hyderabad - TSPCB",HYD_0219,17.540891,78.358528,34.958441558441564,77,80.20833333333334
2025-03-06,site_199,"Bollaram Industrial Area, Hyderabad - TSPCB",HYD_0219,17.540891,78.358528,27.25494505494505,91,94.79166666666666
2025-03-07,site_199,"Bollaram Industrial Area, Hyderabad - TSPCB",HYD_0219,17.540891,78.358528,28.125,76,79.16666666666666
2025-03-08,site_199,"Bollaram Industrial Area, Hyderabad - TSPCB",HYD_0219,17.540891,78.358528,23.701176470588237,85,88.54166666666666
2025-03-09,site_199,"Bollaram Industrial Area, Hyderabad - TSPCB",HYD_0219,17.540891,78.358528,,67,69.79166666666666
2025-03-10,site_199,"Bollaram Industrial Area, Hyderabad - TSPCB",HYD_0219,17.540891,78.358528,26.7,93,96.875
2025-03-11,site_199,"Bollaram Industrial Area, Hyderabad - TSPCB",HYD_0219,17.540891,78.358528,31.637634408602157,93,96.875
2025-03-12,site_199,"Bollaram Industrial Area, Hyderabad - TSPCB",HYD_0219,17.540891,78.358528,30.101075268817205,93,96.875
2025-03-13,site_199,"Bollaram Industrial Area, Hyderabad - TSPCB",HYD_0219,17.540891,78.358528,24.37956989247312,93,96.875
2025-03-14,site_199,"Bollaram Industrial Area, Hyderabad - TSPCB",HYD_0219,17.540891,78.358528,31.2,93,96.875
2025-03-15,site_199,"Bollaram Industrial Area, Hyderabad - TSPCB",HYD_0219,17.540891,78.358528,30.212903225806453,93,96.875
2025-03-16,site_199,"Bollaram Industrial Area, Hyderabad - TSPCB",HYD_0219,17.540891,78.358528,29.64022988505747,87,90.625
2025-03-17,site_199,"Bollaram Industrial Area, Hyderabad - TSPCB",HYD_0219,17.540891,78.358528,29.942857142857147,91,94.79166666666666
2025-03-18,site_199,"Bollaram Industrial Area, Hyderabad - TSPCB",HYD_0219,17.540891,78.358528,28.395604395604398,91,94.79166666666666
2025-03-19,site_199,"Bollaram Industrial Area, Hyderabad - TSPCB",HYD_0219,17.540891,78.358528,,64,66.66666666666666
2025-03-20,site_199,"Bollaram Industrial Area, Hyderabad - TSPCB",HYD_0219,17.540891,78.358528,23.155434782608697,92,95.83333333333334
2025-03-21,site_199,"Bollaram Industrial Area, Hyderabad - TSPCB",HYD_0219,17.540891,78.358528,24.60595238095238,84,87.5
2025-03-22,site_199,"Bollaram Industrial Area, Hyderabad - TSPCB",HYD_0219,17.540891,78.358528,,66,68.75
2025-03-23,site_199,"Bollaram Industrial Area, Hyderabad - TSPCB",HYD_0219,17.540891,78.358528,,0,0.0
2025-03-24,site_199,"Bollaram Industrial Area, Hyderabad - TSPCB",HYD_0219,17.540891,78.358528,,29,30.20833333333333
2025-03-25,site_199,"Bollaram Industrial Area, Hyderabad - TSPCB",HYD_0219,17.540891,78.358528,,58,60.41666666666666
2025-03-26,site_199,"Bollaram Industrial Area, Hyderabad - TSPCB",HYD_0219,17.540891,78.358528,24.68913043478261,92,95.83333333333334
2025-03-27,site_199,"Bollaram Industrial Area, Hyderabad - TSPCB",HYD_0219,17.540891,78.358528,37.92840909090909,88,91.66666666666666
2025-03-28,site_199,"Bollaram Industrial Area, Hyderabad - TSPCB",HYD_0219,17.540891,78.358528,28.13295454545454,88,91.66666666666666
2025-03-29,site_199,"Bollaram Industrial Area, Hyderabad - TSPCB",HYD_0219,17.540891,78.358528,25.12808988764045,89,92.70833333333334
2025-03-30,site_199,"Bollaram Industrial Area, Hyderabad - TSPCB",HYD_0219,17.540891,78.358528,35.08351648351648,91,94.79166666666666
2025-03-31,site_199,"Bollaram Industrial Area, Hyderabad - TSPCB",HYD_0219,17.540891,78.358528,26.214130434782607,92,95.83333333333334
2025-04-01,site_199,"Bollaram Industrial Area, Hyderabad - TSPCB",HYD_0219,17.540891,78.358528,25.80843373493976,83,86.45833333333334
2025-04-02,site_199,"Bollaram Industrial Area, Hyderabad - TSPCB",HYD_0219,17.540891,78.358528,,70,72.91666666666666
2025-04-03,site_199,"Bollaram Industrial Area, Hyderabad - TSPCB",HYD_0219,17.540891,78.358528,30.819354838709675,93,96.875
2025-04-04,site_199,"Bollaram Industrial Area, Hyderabad - TSPCB",HYD_0219,17.540891,78.358528,23.44090909090909,88,91.66666666666666
2025-04-05,site_199,"Bollaram Industrial Area, Hyderabad - TSPCB",HYD_0219,17.540891,78.358528,29.04888888888889,90,93.75
2025-04-06,site_199,"Bollaram Industrial Area, Hyderabad - TSPCB",HYD_0219,17.540891,78.358528,27.19677419354839,93,96.875
2025-04-07,site_199,"Bollaram Industrial Area, Hyderabad - TSPCB",HYD_0219,17.540891,78.358528,30.86333333333333,90,93.75
2025-04-08,site_199,"Bollaram Industrial Area, Hyderabad - TSPCB",HYD_0219,17.540891,78.358528,,68,70.83333333333334
2025-04-09,site_199,"Bollaram Industrial Area, Hyderabad - TSPCB",HYD_0219,17.540891,78.358528,,68,70.83333333333334
2025-04-10,site_199,"Bollaram Industrial Area, Hyderabad - TSPCB",HYD_0219,17.540891,78.358528,35.353658536585364,82,85.41666666666666
2025-04-11,site_199,"Bollaram Industrial Area, Hyderabad - TSPCB",HYD_0219,17.540891,78.358528,28.19120879120879,91,94.79166666666666
2025-04-12,site_199,"Bollaram Industrial Area, Hyderabad - TSPCB",HYD_0219,17.540891,78.358528,31.04065934065934,91,94.79166666666666
2025-04-13,site_199,"Bollaram Industrial Area, Hyderabad - TSPCB",HYD_0219,17.540891,78.358528,29.96818181818181,88,91.66666666666666
2025-04-14,site_199,"Bollaram Industrial Area, Hyderabad - TSPCB",HYD_0219,17.540891,78.358528,26.90860215053764,93,96.875
2025-04-15,site_199,"Bollaram Industrial Area, Hyderabad - TSPCB",HYD_0219,17.540891,78.358528,28.417977528089885,89,92.70833333333334
2025-04-16,site_199,"Bollaram Industrial Area, Hyderabad - TSPCB",HYD_0219,17.540891,78.358528,23.30989010989011,91,94.79166666666666
2025-04-17,site_199,"Bollaram Industrial Area, Hyderabad - TSPCB",HYD_0219,17.540891,78.358528,25.562025316455696,79,82.29166666666666
2025-04-18,site_199,"Bollaram Industrial Area, Hyderabad - TSPCB",HYD_0219,17.540891,78.358528,24.34888888888889,90,93.75
2025-04-19,site_199,"Bollaram Industrial Area, Hyderabad - TSPCB",HYD_0219,17.540891,78.358528,31.225,88,91.66666666666666
2025-04-20,site_199,"Bollaram Industrial Area, Hyderabad - TSPCB",HYD_0219,17.540891,78.358528,21.808602150537634,93,96.875
2025-04-21,site_199,"Bollaram Industrial Area, Hyderabad - TSPCB",HYD_0219,17.540891,78.358528,24.46021505376344,93,96.875
2025-04-22,site_199,"Bollaram Industrial Area, Hyderabad - TSPCB",HYD_0219,17.540891,78.358528,27.95357142857143,84,87.5
2025-04-23,site_199,"Bollaram Industrial Area, Hyderabad - TSPCB",HYD_0219,17.540891,78.358528,29.226136363636364,88,91.66666666666666
2025-04-24,site_199,"Bollaram Industrial Area, Hyderabad - TSPCB",HYD_0219,17.540891,78.358528,28.00879120879121,91,94.79166666666666
2025-04-25,site_199,"Bollaram Industrial Area, Hyderabad - TSPCB",HYD_0219,17.540891,78.358528,,61,63.54166666666666
2025-04-26,site_199,"Bollaram Industrial Area, Hyderabad - TSPCB",HYD_0219,17.540891,78.358528,,70,72.91666666666666
2025-04-27,site_199,"Bollaram Industrial Area, Hyderabad - TSPCB",HYD_0219,17.540891,78.358528,27.678021978021977,91,94.79166666666666
2025-04-28,site_199,"Bollaram Industrial Area, Hyderabad - TSPCB",HYD_0219,17.540891,78.358528,20.404301075268812,93,96.875
2025-04-29,site_199,"Bollaram Industrial Area, Hyderabad - TSPCB",HYD_0219,17.540891,78.358528,29.06153846153846,91,94.79166666666666
2025-04-30,site_199,"Bollaram Industrial Area, Hyderabad - TSPCB",HYD_0219,17.540891,78.358528,25.403260869565216,92,95.83333333333334
2025-05-01,site_199,"Bollaram Industrial Area, Hyderabad - TSPCB",HYD_0219,17.540891,78.358528,24.268478260869564,92,95.83333333333334
2025-05-02,site_199,"Bollaram Industrial Area, Hyderabad - TSPCB",HYD_0219,17.540891,78.358528,34.40561797752809,89,92.70833333333334
2025-05-03,site_199,"Bollaram Industrial Area, Hyderabad - TSPCB",HYD_0219,17.540891,78.358528,25.66344086021505,93,96.875
2025-05-04,site_199,"Bollaram Industrial Area, Hyderabad - TSPCB",HYD_0219,17.540891,78.358528,22.967741935483872,93,96.875
2025-05-05,site_199,"Bollaram Industrial Area, Hyderabad - TSPCB",HYD_0219,17.540891,78.358528,34.33586956521739,92,95.83333333333334
2025-05-06,site_199,"Bollaram Industrial Area, Hyderabad - TSPCB",HYD_0219,17.540891,78.358528,22.558064516129036,93,96.875
2025-05-07,site_199,"Bollaram Industrial Area, Hyderabad - TSPCB",HYD_0219,17.540891,78.358528,31.451612903225808,93,96.875
2025-05-08,site_199,"Bollaram Industrial Area, Hyderabad - TSPCB",HYD_0219,17.540891,78.358528,30.084269662921347,89,92.70833333333334
2025-05-09,site_199,"Bollaram Industrial Area, Hyderabad - TSPCB",HYD_0219,17.540891,78.358528,28.725806451612904,93,96.875
2025-05-10,site_199,"Bollaram Industrial Area, Hyderabad - TSPCB",HYD_0219,17.540891,78.358528,29.18809523809524,84,87.5
2025-05-11,site_199,"Bollaram Industrial Area, Hyderabad - TSPCB",HYD_0219,17.540891,78.358528,,45,46.875
2025-05-12,site_199,"Bollaram Industrial Area, Hyderabad - TSPCB",HYD_0219,17.540891,78.358528,,60,62.5
2025-05-13,site_199,"Bollaram Industrial Area, Hyderabad - TSPCB",HYD_0219,17.540891,78.358528,,51,53.125
2025-05-14,site_199,"Bollaram Industrial Area, Hyderabad - TSPCB",HYD_0219,17.540891,78.358528,26.694565217391304,92,95.83333333333334
2025-05-15,site_199,"Bollaram Industrial Area, Hyderabad - TSPCB",HYD_0219,17.540891,78.358528,29.224175824175827,91,94.79166666666666
2025-05-16,site_199,"Bollaram Industrial Area, Hyderabad - TSPCB",HYD_0219,17.540891,78.358528,,66,68.75
2025-05-17,site_199,"Bollaram Industrial Area, Hyderabad - TSPCB",HYD_0219,17.540891,78.358528,,59,61.458333333333336
2025-05-18,site_199,"Bollaram Industrial Area, Hyderabad - TSPCB",HYD_0219,17.540891,78.358528,26.65217391304348,92,95.83333333333334
2025-05-19,site_199,"Bollaram Industrial Area, Hyderabad - TSPCB",HYD_0219,17.540891,78.358528,30.4,88,91.66666666666666
2025-05-20,site_199,"Bollaram Industrial Area, Hyderabad - TSPCB",HYD_0219,17.540891,78.358528,24.895698924731185,93,96.875
2025-05-21,site_199,"Bollaram Industrial Area, Hyderabad - TSPCB",HYD_0219,17.540891,78.358528,28.61358024691358,81,84.375
2025-05-22,site_199,"Bollaram Industrial Area, Hyderabad - TSPCB",HYD_0219,17.540891,78.358528,31.141463414634146,82,85.41666666666666
2025-05-23,site_199,"Bollaram Industrial Area, Hyderabad - TSPCB",HYD_0219,17.540891,78.358528,25.75268817204301,93,96.875
2025-05-24,site_199,"Bollaram Industrial Area, Hyderabad - TSPCB",HYD_0219,17.540891,78.358528,31.577528089887643,89,92.70833333333334
2025-05-25,site_199,"Bollaram Industrial Area, Hyderabad - TSPCB",HYD_0219,17.540891,78.358528,29.241573033707866,89,92.70833333333334
2025-05-26,site_199,"Bollaram Industrial Area, Hyderabad - TSPCB",HYD_0219,17.540891,78.358528,30.002150537634407,93,96.875
2025-05-27,site_199,"Bollaram Industrial Area, Hyderabad - TSPCB",HYD_0219,17.540891,78.358528,28.83333333333333,93,96.875
2025-05-28,site_199,"Bollaram Industrial Area, Hyderabad - TSPCB",HYD_0219,17.540891,78.358528,30.25698924731183,93,96.875
2025-05-29,site_199,"Bollaram Industrial Area, Hyderabad - TSPCB",HYD_0219,17.540891,78.358528,25.76129032258065,93,96.875
2025-05-30,site_199,"Bollaram Industrial Area, Hyderabad - TSPCB",HYD_0219,17.540891,78.358528,27.08214285714286,84,87.5
2025-05-31,site_199,"Bollaram Industrial Area, Hyderabad - TSPCB",HYD_0219,17.540891,78.358528,29.315584415584414,77,80.20833333333334
2025-06-01,site_199,"Bollaram Industrial Area, Hyderabad - TSPCB",HYD_0219,17.540891,78.358528,26.962365591397848,93,96.875
2025-06-02,site_199,"Bollaram Industrial Area, Hyderabad - TSPCB",HYD_0219,17.540891,78.358528,26.186021505376345,93,96.875
2025-06-03,site_199,"Bollaram Industrial Area, Hyderabad - TSPCB",HYD_0219,17.540891,78.358528,26.074193548387097,93,96.875
2025-06-04,site_199,"Bollaram Industrial Area, Hyderabad - TSPCB",HYD_0219,17.540891,78.358528,35.353488372093025,86,89.58333333333334
2025-06-05,site_199,"Bollaram Industrial Area, Hyderabad - TSPCB",HYD_0219,17.540891,78.358528,39.36941176470588,85,88.54166666666666
2025-06-06,site_199,"Bollaram Industrial Area, Hyderabad - TSPCB",HYD_0219,17.540891,78.358528,26.732258064516127,93,96.875
2025-06-07,site_199,"Bollaram Industrial Area, Hyderabad - TSPCB",HYD_0219,17.540891,78.358528,26.00987654320988,81,84.375
2025-06-08,site_199,"Bollaram Industrial Area, Hyderabad - TSPCB",HYD_0219,17.540891,78.358528,28.162921348314608,89,92.70833333333334
2025-06-09,site_199,"Bollaram Industrial Area, Hyderabad - TSPCB",HYD_0219,17.540891,78.358528,29.28082191780822,73,76.04166666666666
2025-06-10,site_199,"Bollaram Industrial Area, Hyderabad - TSPCB",HYD_0219,17.540891,78.358528,,49,51.04166666666666
2025-06-11,site_199,"Bollaram Industrial Area, Hyderabad - TSPCB",HYD_0219,17.540891,78.358528,30.696666666666665,90,93.75
2025-06-12,site_199,"Bollaram Industrial Area, Hyderabad - TSPCB",HYD_0219,17.540891,78.358528,29.819354838709675,93,96.875
2025-06-13,site_199,"Bollaram Industrial Area, Hyderabad - TSPCB",HYD_0219,17.540891,78.358528,28.586021505376344,93,96.875
2025-06-14,site_199,"Bollaram Industrial Area, Hyderabad - TSPCB",HYD_0219,17.540891,78.358528,24.223684210526315,76,79.16666666666666
2025-06-15,site_199,"Bollaram Industrial Area, Hyderabad - TSPCB",HYD_0219,17.540891,78.358528,26.814285714285717,91,94.79166666666666
2025-06-16,site_199,"Bollaram Industrial Area, Hyderabad - TSPCB",HYD_0219,17.540891,78.358528,,48,50.0
2025-06-17,site_199,"Bollaram Industrial Area, Hyderabad - TSPCB",HYD_0219,17.540891,78.358528,23.35108695652174,92,95.83333333333334
2025-06-18,site_199,"Bollaram Industrial Area, Hyderabad - TSPCB",HYD_0219,17.540891,78.358528,31.07857142857143,84,87.5
2025-06-19,site_199,"Bollaram Industrial Area, Hyderabad - TSPCB",HYD_0219,17.540891,78.358528,25.275,92,95.83333333333334
2025-06-20,site_199,"Bollaram Industrial Area, Hyderabad - TSPCB",HYD_0219,17.540891,78.358528,,69,71.875
2025-06-21,site_199,"Bollaram Industrial Area, Hyderabad - TSPCB",HYD_0219,17.540891,78.358528,,55,57.29166666666666
2025-06-22,site_199,"Bollaram Industrial Area, Hyderabad - TSPCB",HYD_0219,17.540891,78.358528,27.462637362637363,91,94.79166666666666
2025-06-23,site_199,"Bollaram Industrial Area, Hyderabad - TSPCB",HYD_0219,17.540891,78.358528,27.16774193548387,93,96.875
2025-06-24,site_199,"Bollaram Industrial Area, Hyderabad - TSPCB",HYD_0219,17.540891,78.358528,24.065591397849463,93,96.875
2025-06-25,site_199,"Bollaram Industrial Area, Hyderabad - TSPCB",HYD_0219,17.540891,78.358528,31.093333333333334,90,93.75
2025-06-26,site_199,"Bollaram Industrial Area, Hyderabad - TSPCB",HYD_0219,17.540891,78.358528,40.23678160919541,87,90.625
2025-06-27,site_199,"Bollaram Industrial Area, Hyderabad - TSPCB",HYD_0219,17.540891,78.358528,28.27391304347826,92,95.83333333333334
2025-06-28,site_199,"Bollaram Industrial Area, Hyderabad - TSPCB",HYD_0219,17.540891,78.358528,31.686813186813183,91,94.79166666666666
2025-06-29,site_199,"Bollaram Industrial Area, Hyderabad - TSPCB",HYD_0219,17.540891,78.358528,,59,61.458333333333336
2025-06-30,site_199,"Bollaram Industrial Area, Hyderabad - TSPCB",HYD_0219,17.540891,78.358528,,51,53.125
2025-07-01,site_199,"Bollaram Industrial Area, Hyderabad - TSPCB",HYD_0219,17.540891,78.358528,30.21190476190477,84,87.5
2025-07-02,site_199,"Bollaram Industrial Area, Hyderabad - TSPCB",HYD_0219,17.540891,78.358528,28.067741935483877,93,96.875
2025-07-03,site_199,"Bollaram Industrial Area, Hyderabad - TSPCB",HYD_0219,17.540891,78.358528,34.48202247191011,89,92.70833333333334
2025-07-04,site_199,"Bollaram Industrial Area, Hyderabad - TSPCB",HYD_0219,17.540891,78.358528,26.523376623376624,77,80.20833333333334
2025-07-05,site_199,"Bollaram Industrial Area, Hyderabad - TSPCB",HYD_0219,17.540891,78.358528,29.243820224719094,89,92.70833333333334
2025-07-06,site_199,"Bollaram Industrial Area, Hyderabad - TSPCB",HYD_0219,17.540891,78.358528,25.105376344086025,93,96.875
2025-07-07,site_199,"Bollaram Industrial Area, Hyderabad - TSPCB",HYD_0219,17.540891,78.358528,28.176344086021505,93,96.875
2025-07-08,site_199,"Bollaram Industrial Area, Hyderabad - TSPCB",HYD_0219,17.540891,78.358528,34.673611111111114,72,75.0
2025-07-09,site_199,"Bollaram Industrial Area, Hyderabad - TSPCB",HYD_0219,17.540891,78.358528,25.21505376344086,93,96.875
2025-07-10,site_199,"Bollaram Industrial Area, Hyderabad - TSPCB",HYD_0219,17.540891,78.358528,23.718279569892477,93,96.875
2025-07-11,site_199,"Bollaram Industrial Area, Hyderabad - TSPCB",HYD_0219,17.540891,78.358528,28.54731182795699,93,96.875
2025-07-12,site_199,"Bollaram Industrial Area, Hyderabad - TSPCB",HYD_0219,17.540891,78.358528,25.456666666666667,90,93.75
2025-07-13,site_199,"Bollaram Industrial Area, Hyderabad - TSPCB",HYD_0219,17.540891,78.358528,27.193548387096776,93,96.875
2025-07-14,site_199,"Bollaram Industrial Area, Hyderabad - TSPCB",HYD_0219,17.540891,78.358528,30.123076923076923,91,94.79166666666666
2025-07-15,site_199,"Bollaram Industrial Area, Hyderabad - TSPCB",HYD_0219,17.540891,78.358528,28.125806451612902,93,96.875
2025-07-16,site_199,"Bollaram Industrial Area, Hyderabad - TSPCB",HYD_0219,17.540891,78.358528,29.04878048780488,82,85.41666666666666
2025-07-17,site_199,"Bollaram Industrial Area, Hyderabad - TSPCB",HYD_0219,17.540891,78.358528,30.458227848101263,79,82.29166666666666
2025-07-18,site_199,"Bollaram Industrial Area, Hyderabad - TSPCB",HYD_0219,17.540891,78.358528,,66,68.75
2025-07-19,site_199,"Bollaram Industrial Area, Hyderabad - TSPCB",HYD_0219,17.540891,78.358528,,58,60.41666666666666
2025-07-20,site_199,"Bollaram Industrial Area, Hyderabad - TSPCB",HYD_0219,17.540891,78.358528,25.031868131868134,91,94.79166666666666
2025-07-21,site_199,"Bollaram Industrial Area, Hyderabad - TSPCB",HYD_0219,17.540891,78.358528,34.4320987654321,81,84.375
2025-07-22,site_199,"Bollaram Industrial Area, Hyderabad - TSPCB",HYD_0219,17.540891,78.358528,,60,62.5
2025-07-23,site_199,"Bollaram Industrial Area, Hyderabad - TSPCB",HYD_0219,17.540891,78.358528,24.067741935483877,93,96.875
2025-07-24,site_199,"Bollaram Industrial Area, Hyderabad - TSPCB",HYD_0219,17.540891,78.358528,25.18172043010753,93,96.875
2025-07-25,site_199,"Bollaram Industrial Area, Hyderabad - TSPCB",HYD_0219,17.540891,78.358528,24.320238095238096,84,87.5
2025-07-26,site_199,"Bollaram Industrial Area, Hyderabad - TSPCB",HYD_0219,17.540891,78.358528,33.564516129032256,93,96.875
2025-07-27,site_199,"Bollaram Industrial Area, Hyderabad - TSPCB",HYD_0219,17.540891,78.358528,24.983870967741936,93,96.875
2025-07-28,site_199,"Bollaram Industrial Area, Hyderabad - TSPCB",HYD_0219,17.540891,78.358528,30.934831460674157,89,92.70833333333334
2025-07-29,site_199,"Bollaram Industrial Area, Hyderabad - TSPCB",HYD_0219,17.540891,78.358528,26.211111111111112,90,93.75
2025-07-30,site_199,"Bollaram Industrial Area, Hyderabad - TSPCB",HYD_0219,17.540891,78.358528,29.46153846153846,91,94.79166666666666
2025-07-31,site_199,"Bollaram Industrial Area, Hyderabad - TSPCB",HYD_0219,17.540891,78.358528,28.36818181818182,88,91.66666666666666
2025-08-01,site_199,"Bollaram Industrial Area, Hyderabad - TSPCB",HYD_0219,17.540891,78.358528,27.595604395604397,91,94.79166666666666
2025-08-02,site_199,"Bollaram Industrial Area, Hyderabad - TSPCB",HYD_0219,17.540891,78.358528,,59,61.458333333333336
2025-08-03,site_199,"Bollaram Industrial Area, Hyderabad - TSPCB",HYD_0219,17.540891,78.358528,,0,0.0
2025-08-04,site_199,"Bollaram Industrial Area, Hyderabad - TSPCB",HYD_0219,17.540891,78.358528,,58,60.41666666666666
2025-08-05,site_199,"Bollaram Industrial Area, Hyderabad - TSPCB",HYD_0219,17.540891,78.358528,51.57977528089888,89,92.70833333333334
2025-08-06,site_199,"Bollaram Industrial Area, Hyderabad - TSPCB",HYD_0219,17.540891,78.358528,28.44301075268817,93,96.875
2025-08-07,site_199,"Bollaram Industrial Area, Hyderabad - TSPCB",HYD_0219,17.540891,78.358528,29.27931034482759,87,90.625
2025-08-08,site_199,"Bollaram Industrial Area, Hyderabad - TSPCB",HYD_0219,17.540891,78.358528,28.18387096774193,93,96.875
2025-08-09,site_199,"Bollaram Industrial Area, Hyderabad - TSPCB",HYD_0219,17.540891,78.358528,29.08681318681319,91,94.79166666666666
2025-08-10,site_199,"Bollaram Industrial Area, Hyderabad - TSPCB",HYD_0219,17.540891,78.358528,,63,65.625
2025-08-11,site_199,"Bollaram Industrial Area, Hyderabad - TSPCB",HYD_0219,17.540891,78.358528,,57,59.375
2025-08-12,site_199,"Bollaram Industrial Area, Hyderabad - TSPCB",HYD_0219,17.540891,78.358528,30.568888888888885,90,93.75
2025-08-13,site_199,"Bollaram Industrial Area, Hyderabad - TSPCB",HYD_0219,17.540891,78.358528,23.49462365591398,93,96.875
2025-08-14,site_199,"Bollaram Industrial Area, Hyderabad - TSPCB",HYD_0219,17.540891,78.358528,25.416129032258063,93,96.875
2025-08-15,site_199,"Bollaram Industrial Area, Hyderabad - TSPCB",HYD_0219,17.540891,78.358528,21.166304347826088,92,95.83333333333334
2025-08-16,site_199,"Bollaram Industrial Area, Hyderabad - TSPCB",HYD_0219,17.540891,78.358528,25.176344086021505,93,96.875
2025-08-17,site_199,"Bollaram Industrial Area, Hyderabad - TSPCB",HYD_0219,17.540891,78.358528,27.672043010752688,93,96.875
2025-08-18,site_199,"Bollaram Industrial Area, Hyderabad - TSPCB",HYD_0219,17.540891,78.358528,27.203225806451613,93,96.875
2025-08-19,site_199,"Bollaram Industrial Area, Hyderabad - TSPCB",HYD_0219,17.540891,78.358528,23.628888888888888,90,93.75
2025-08-20,site_199,"Bollaram Industrial Area, Hyderabad - TSPCB",HYD_0219,17.540891,78.358528,35.05866666666667,75,78.125
2025-08-21,site_199,"Bollaram Industrial Area, Hyderabad - TSPCB",HYD_0219,17.540891,78.358528,27.12903225806452,93,96.875
2025-08-22,site_199,"Bollaram Industrial Area, Hyderabad - TSPCB",HYD_0219,17.540891,78.358528,29.706521739130437,92,95.83333333333334
2025-08-23,site_199,"Bollaram Industrial Area, Hyderabad - TSPCB",HYD_0219,17.540891,78.358528,26.18172043010753,93,96.875
2025-08-24,site_199,"Bollaram Industrial Area, Hyderabad - TSPCB",HYD_0219,17.540891,78.358528,25.275280898876403,89,92.70833333333334
2025-08-25,site_199,"Bollaram Industrial Area, Hyderabad - TSPCB",HYD_0219,17.540891,78.358528,30.54408602150537,93,96.875
2025-08-26,site_199,"Bollaram Industrial Area, Hyderabad - TSPCB",HYD_0219,17.540891,78.358528,25.56413043478261,92,95.83333333333334
2025-08-27,site_199,"Bollaram Industrial Area, Hyderabad - TSPCB",HYD_0219,17.540891,78.358528,27.573118279569893,93,96.875
2025-08-28,site_199,"Bollaram Industrial Area, Hyderabad - TSPCB",HYD_0219,17.540891,78.358528,28.58494623655914,93,96.875
2025-08-29,site_199,"Bollaram Industrial Area, Hyderabad - TSPCB",HYD_0219,17.540891,78.358528,24.934408602150537,93,96.875
2025-08-30,site_199,"Bollaram Industrial Area, Hyderabad - TSPCB",HYD_0219,17.540891,78.358528,24.588043478260868,92,95.83333333333334
2025-08-31,site_199,"Bollaram Industrial Area, Hyderabad - TSPCB",HYD_0219,17.540891,78.358528,30.14130434782609,92,95.83333333333334
2025-01-01,site_262,"Central University, Hyderabad - TSPCB",HYD_0162,17.460103,78.334361,26.542222222222225,90,93.75
2025-01-02,site_262,"Central University, Hyderabad - TSPCB",HYD_0162,17.460103,78.334361,38.8989010989011,91,94.79166666666666
2025-01-03,site_262,"Central University, Hyderabad - TSPCB",HYD_0162,17.460103,78.334361,60.97816091954024,87,90.625
2025-01-04,site_262,"Central University, Hyderabad - TSPCB",HYD_0162,17.460103,78.334361,52.142857142857146,91,94.79166666666666
2025-01-05,site_262,"Central University, Hyderabad - TSPCB",HYD_0162,17.460103,78.334361,24.39,90,93.75
2025-01-06,site_262,"Central University, Hyderabad - TSPCB",HYD_0162,17.460103,78.334361,25.77032967032967,91,94.79166666666666
2025-01-07,site_262,"Central University, Hyderabad - TSPCB",HYD_0162,17.460103,78.334361,26.311235955056176,89,92.70833333333334
2025-01-08,site_262,"Central University, Hyderabad - TSPCB",HYD_0162,17.460103,78.334361,56.71,80,83.33333333333334
2025-01-09,site_262,"Central University, Hyderabad - TSPCB",HYD_0162,17.460103,78.334361,44.80659340659341,91,94.79166666666666
2025-01-10,site_262,"Central University, Hyderabad - TSPCB",HYD_0162,17.460103,78.334361,29.43956043956044,91,94.79166666666666
2025-01-11,site_262,"Central University, Hyderabad - TSPCB",HYD_0162,17.460103,78.334361,22.80652173913043,92,95.83333333333334
2025-01-12,site_262,"Central University, Hyderabad - TSPCB",HYD_0162,17.460103,78.334361,22.70537634408602,93,96.875
2025-01-13,site_262,"Central University, Hyderabad - TSPCB",HYD_0162,17.460103,78.334361,24.13010752688172,93,96.875
2025-01-14,site_262,"Central University, Hyderabad - TSPCB",HYD_0162,17.460103,78.334361,21.59354838709677,93,96.875
2025-01-15,site_262,"Central University, Hyderabad - TSPCB",HYD_0162,17.460103,78.334361,25.017204301075267,93,96.875
2025-01-16,site_262,"Central University, Hyderabad - TSPCB",HYD_0162,17.460103,78.334361,18.06774193548387,93,96.875
2025-01-17,site_262,"Central University, Hyderabad - TSPCB",HYD_0162,17.460103,78.334361,31.52258064516129,93,96.875
2025-01-18,site_262,"Central University, Hyderabad - TSPCB",HYD_0162,17.460103,78.334361,31.096739130434784,92,95.83333333333334
2025-01-19,site_262,"Central University, Hyderabad - TSPCB",HYD_0162,17.460103,78.334361,,70,72.91666666666666
2025-01-20,site_262,"Central University, Hyderabad - TSPCB",HYD_0162,17.460103,78.334361,77.84810126582279,79,82.29166666666666
2025-01-21,site_262,"Central University, Hyderabad - TSPCB",HYD_0162,17.460103,78.334361,48.02527472527473,91,94.79166666666666
2025-01-22,site_262,"Central University, Hyderabad - TSPCB",HYD_0162,17.460103,78.334361,37.77096774193548,93,96.875
2025-01-23,site_262,"Central University, Hyderabad - TSPCB",HYD_0162,17.460103,78.334361,23.706451612903223,93,96.875
2025-01-24,site_262,"Central University, Hyderabad - TSPCB",HYD_0162,17.460103,78.334361,26.962365591397848,93,96.875
2025-01-25,site_262,"Central University, Hyderabad - TSPCB",HYD_0162,17.460103,78.334361,19.872043010752687,93,96.875
2025-01-26,site_262,"Central University, Hyderabad - TSPCB",HYD_0162,17.460103,78.334361,29.592473118279568,93,96.875
2025-01-27,site_262,"Central University, Hyderabad - TSPCB",HYD_0162,17.460103,78.334361,28.73333333333333,93,96.875
2025-01-28,site_262,"Central University, Hyderabad - TSPCB",HYD_0162,17.460103,78.334361,29.931182795698923,93,96.875
2025-01-29,site_262,"Central University, Hyderabad - TSPCB",HYD_0162,17.460103,78.334361,22.28924731182796,93,96.875
2025-01-30,site_262,"Central University, Hyderabad - TSPCB",HYD_0162,17.460103,78.334361,23.02258064516129,93,96.875
2025-01-31,site_262,"Central University, Hyderabad - TSPCB",HYD_0162,17.460103,78.334361,26.98152173913044,92,95.83333333333334
2025-02-01,site_262,"Central University, Hyderabad - TSPCB",HYD_0162,17.460103,78.334361,22.24235294117647,85,88.54166666666666
2025-02-02,site_262,"Central University, Hyderabad - TSPCB",HYD_0162,17.460103,78.334361,,41,42.70833333333333
2025-02-03,site_262,"Central University, Hyderabad - TSPCB",HYD_0162,17.460103,78.334361,,52,54.16666666666666
2025-02-04,site_262,"Central University, Hyderabad - TSPCB",HYD_0162,17.460103,78.334361,27.161290322580644,93,96.875
2025-02-05,site_262,"Central University, Hyderabad - TSPCB",HYD_0162,17.460103,78.334361,27.218279569892477,93,96.875
2025-02-06,site_262,"Central University, Hyderabad - TSPCB",HYD_0162,17.460103,78.334361,30.61720430107527,93,96.875
2025-02-07,site_262,"Central University, Hyderabad - TSPCB",HYD_0162,17.460103,78.334361,30.596666666666664,90,93.75
2025-02-08,site_262,"Central University, Hyderabad - TSPCB",HYD_0162,17.460103,78.334361,38.03978494623656,93,96.875
2025-02-09,site_262,"Central University, Hyderabad - TSPCB",HYD_0162,17.460103,78.334361,,39,40.625
2025-02-10,site_262,"Central University, Hyderabad - TSPCB",HYD_0162,17.460103,78.334361,,44,45.83333333333333
2025-02-11,site_262,"Central University, Hyderabad - TSPCB",HYD_0162,17.460103,78.334361,23.26344086021505,93,96.875
2025-02-12,site_262,"Central University, Hyderabad - TSPCB",HYD_0162,17.460103,78.334361,24.43010752688172,93,96.875
2025-02-13,site_262,"Central University, Hyderabad - TSPCB",HYD_0162,17.460103,78.334361,37.72380952380953,84,87.5
2025-02-14,site_262,"Central University, Hyderabad - TSPCB",HYD_0162,17.460103,78.334361,51.91162790697674,86,89.58333333333334
2025-02-15,site_262,"Central University, Hyderabad - TSPCB",HYD_0162,17.460103,78.334361,43.834117647058825,85,88.54166666666666
2025-02-16,site_262,"Central University, Hyderabad - TSPCB",HYD_0162,17.460103,78.334361,,45,46.875
2025-02-17,site_262,"Central University, Hyderabad - TSPCB",HYD_0162,17.460103,78.334361,,50,52.083333333333336
2025-02-18,site_262,"Central University, Hyderabad - TSPCB",HYD_0162,17.460103,78.334361,,59,61.458333333333336
2025-02-19,site_262,"Central University, Hyderabad - TSPCB",HYD_0162,17.460103,78.334361,,51,53.125
2025-02-20,site_262,"Central University, Hyderabad - TSPCB",HYD_0162,17.460103,78.334361,29.35978260869565,92,95.83333333333334
2025-02-21,site_262,"Central University, Hyderabad - TSPCB",HYD_0162,17.460103,78.334361,29.95777777777777,90,93.75
2025-02-22,site_262,"Central University, Hyderabad - TSPCB",HYD_0162,17.460103,78.334361,32.95232558139535,86,89.58333333333334
2025-02-23,site_262,"Central University, Hyderabad - TSPCB",HYD_0162,17.460103,78.334361,,42,43.75
2025-02-24,site_262,"Central University, Hyderabad - TSPCB",HYD_0162,17.460103,78.334361,,35,36.45833333333333
2025-02-25,site_262,"Central University, Hyderabad - TSPCB",HYD_0162,17.460103,78.334361,29.34943820224719,89,92.70833333333334
2025-02-26,site_262,"Central University, Hyderabad - TSPCB",HYD_0162,17.460103,78.334361,,61,63.54166666666666
2025-02-27,site_262,"Central University, Hyderabad - TSPCB",HYD_0162,17.460103,78.334361,,49,51.04166666666666
2025-02-28,site_262,"Central University, Hyderabad - TSPCB",HYD_0162,17.460103,78.334361,29.00555555555556,90,93.75
2025-03-01,site_262,"Central University, Hyderabad - TSPCB",HYD_0162,17.460103,78.334361,25.867391304347827,92,95.83333333333334
2025-03-02,site_262,"Central University, Hyderabad - TSPCB",HYD_0162,17.460103,78.334361,25.317204301075268,93,96.875
2025-03-03,site_262,"Central University, Hyderabad - TSPCB",HYD_0162,17.460103,78.334361,29.254651162790697,86,89.58333333333334
2025-03-04,site_262,"Central University, Hyderabad - TSPCB",HYD_0162,17.460103,78.334361,37.91951219512195,82,85.41666666666666
2025-03-05,site_262,"Central University, Hyderabad - TSPCB",HYD_0162,17.460103,78.334361,57.51363636363636,88,91.66666666666666
2025-03-06,site_262,"Central University, Hyderabad - TSPCB",HYD_0162,17.460103,78.334361,47.53186813186813,91,94.79166666666666
2025-03-07,site_262,"Central University, Hyderabad - TSPCB",HYD_0162,17.460103,78.334361,53.74555555555556,90,93.75
2025-03-08,site_262,"Central University, Hyderabad - TSPCB",HYD_0162,17.460103,78.334361,33.92087912087912,91,94.79166666666666
2025-03-09,site_262,"Central University, Hyderabad - TSPCB",HYD_0162,17.460103,78.334361,,70,72.91666666666666
2025-03-10,site_262,"Central University, Hyderabad - TSPCB",HYD_0162,17.460103,78.334361,17.22289156626506,83,86.45833333333334
2025-03-11,site_262,"Central University, Hyderabad - TSPCB",HYD_0162,17.460103,78.334361,26.006451612903223,93,96.875
2025-03-12,site_262,"Central University, Hyderabad - TSPCB",HYD_0162,17.460103,78.334361,30.811827956989248,93,96.875
2025-03-13,site_262,"Central University, Hyderabad - TSPCB",HYD_0162,17.460103,78.334361,33.391397849462365,93,96.875
2025-03-14,site_262,"Central University, Hyderabad - TSPCB",HYD_0162,17.460103,78.334361,27.75268817204301,93,96.875
2025-03-15,site_262,"Central University, Hyderabad - TSPCB",HYD_0162,17.460103,78.334361,32.28387096774193,93,96.875
2025-03-16,site_262,"Central University, Hyderabad - TSPCB",HYD_0162,17.460103,78.334361,29.010752688172044,93,96.875
2025-03-17,site_262,"Central University, Hyderabad - TSPCB",HYD_0162,17.460103,78.334361,35.93655913978495,93,96.875
2025-03-18,site_262,"Central University, Hyderabad - TSPCB",HYD_0162,17.460103,78.334361,38.62717391304348,92,95.83333333333334
2025-03-19,site_262,"Central University, Hyderabad - TSPCB",HYD_0162,17.460103,78.334361,25.17849462365591,93,96.875
2025-03-20,site_262,"Central University, Hyderabad - TSPCB",HYD_0162,17.460103,78.334361,25.26881720430108,93,96.875
2025-03-21,site_262,"Central University, Hyderabad - TSPCB",HYD_0162,17.460103,78.334361,27.32150537634409,93,96.875
2025-03-22,site_262,"Central University, Hyderabad - TSPCB",HYD_0162,17.460103,78.334361,27.295698924731184,93,96.875
2025-03-23,site_262,"Central University, Hyderabad - TSPCB",HYD_0162,17.460103,78.334361,17.278494623655916,93,96.875
2025-03-24,site_262,"Central University, Hyderabad - TSPCB",HYD_0162,17.460103,78.334361,19.931182795698923,93,96.875
2025-03-25,site_262,"Central University, Hyderabad - TSPCB",HYD_0162,17.460103,78.334361,21.365591397849464,93,96.875
2025-03-26,site_262,"Central University, Hyderabad - TSPCB",HYD_0162,17.460103,78.334361,23.653763440860217,93,96.875
2025-03-27,site_262,"Central University, Hyderabad - TSPCB",HYD_0162,17.460103,78.334361,36.28064516129032,93,96.875
2025-03-28,site_262,"Central University, Hyderabad - TSPCB",HYD_0162,17.460103,78.334361,35.48152173913044,92,95.83333333333334
2025-03-29,site_262,"Central University, Hyderabad - TSPCB",HYD_0162,17.460103,78.334361,33.30537634408602,93,96.875
2025-03-30,site_262,"Central University, Hyderabad - TSPCB",HYD_0162,17.460103,78.334361,37.84623655913978,93,96.875
2025-03-31,site_262,"Central University, Hyderabad - TSPCB",HYD_0162,17.460103,78.334361,32.0445652173913,92,95.83333333333334
2025-04-01,site_262,"Central University, Hyderabad - TSPCB",HYD_0162,17.460103,78.334361,25.83548387096774,93,96.875
2025-04-02,site_262,"Central University, Hyderabad - TSPCB",HYD_0162,17.460103,78.334361,23.102150537634408,93,96.875
2025-04-03,site_262,"Central University, Hyderabad - TSPCB",HYD_0162,17.460103,78.334361,21.79642857142857,84,87.5
2025-04-04,site_262,"Central University, Hyderabad - TSPCB",HYD_0162,17.460103,78.334361,14.06,80,83.33333333333334
2025-04-05,site_262,"Central University, Hyderabad - TSPCB",HYD_0162,17.460103,78.334361,19.69032258064516,93,96.875
2025-04-06,site_262,"Central University, Hyderabad - TSPCB",HYD_0162,17.460103,78.334361,,34,35.41666666666667
2025-04-07,site_262,"Central University, Hyderabad - TSPCB",HYD_0162,17.460103,78.334361,,51,53.125
2025-04-08,site_262,"Central University, Hyderabad - TSPCB",HYD_0162,17.460103,78.334361,24.432954545454542,88,91.66666666666666
2025-04-09,site_262,"Central University, Hyderabad - TSPCB",HYD_0162,17.460103,78.334361,23.95394736842105,76,79.16666666666666
2025-04-10,site_262,"Central University, Hyderabad - TSPCB",HYD_0162,17.460103,78.334361,24.892473118279568,93,96.875
2025-04-11,site_262,"Central University, Hyderabad - TSPCB",HYD_0162,17.460103,78.334361,18.264044943820224,89,92.70833333333334
2025-04-12,site_262,"Central University, Hyderabad - TSPCB",HYD_0162,17.460103,78.334361,,58,60.41666666666666
2025-04-13,site_262,"Central University, Hyderabad - TSPCB",HYD_0162,17.460103,78.334361,29.03655913978495,93,96.875
2025-04-14,site_262,"Central University, Hyderabad - TSPCB",HYD_0162,17.460103,78.334361,24.33010752688172,93,96.875
2025-04-15,site_262,"Central University, Hyderabad - TSPCB",HYD_0162,17.460103,78.334361,20.91182795698925,93,96.875
2025-04-16,site_262,"Central University, Hyderabad - TSPCB",HYD_0162,17.460103,78.334361,23.72207792207792,77,80.20833333333334
2025-04-17,site_262,"Central University, Hyderabad - TSPCB",HYD_0162,17.460103,78.334361,24.58494623655914,93,96.875
2025-04-18,site_262,"Central University, Hyderabad - TSPCB",HYD_0162,17.460103,78.334361,26.170967741935485,93,96.875
2025-04-19,site_262,"Central University, Hyderabad - TSPCB",HYD_0162,17.460103,78.334361,,56,58.333333333333336
2025-04-20,site_262,"Central University, Hyderabad - TSPCB",HYD_0162,17.460103,78.334361,,0,0.0
2025-04-21,site_262,"Central University, Hyderabad - TSPCB",HYD_0162,17.460103,78.334361,,50,52.083333333333336
2025-04-22,site_262,"Central University, Hyderabad - TSPCB",HYD_0162,17.460103,78.334361,23.53406593406593,91,94.79166666666666
2025-04-23,site_262,"Central University, Hyderabad - TSPCB",HYD_0162,17.460103,78.334361,31.10975609756097,82,85.41666666666666
2025-04-24,site_262,"Central University, Hyderabad - TSPCB",HYD_0162,17.460103,78.334361,21.886666666666667,75,78.125
2025-04-25,site_262,"Central University, Hyderabad - TSPCB",HYD_0162,17.460103,78.334361,,68,70.83333333333334
2025-04-26,site_262,"Central University, Hyderabad - TSPCB",HYD_0162,17.460103,78.334361,,42,43.75
2025-04-27,site_262,"Central University, Hyderabad - TSPCB",HYD_0162,17.460103,78.334361,,70,72.91666666666666
2025-04-28,site_262,"Central University, Hyderabad - TSPCB",HYD_0162,17.460103,78.334361,20.518072289156628,83,86.45833333333334
2025-04-29,site_262,"Central University, Hyderabad - TSPCB",HYD_0162,17.460103,78.334361,20.083695652173912,92,95.83333333333334
2025-04-30,site_262,"Central University, Hyderabad - TSPCB",HYD_0162,17.460103,78.334361,21.846739130434784,92,95.83333333333334
2025-05-01,site_262,"Central University, Hyderabad - TSPCB",HYD_0162,17.460103,78.334361,23.61481481481481,81,84.375
2025-05-02,site_262,"Central University, Hyderabad - TSPCB",HYD_0162,17.460103,78.334361,21.069879518072288,83,86.45833333333334
2025-05-03,site_262,"Central University, Hyderabad - TSPCB",HYD_0162,17.460103,78.334361,20.33870967741936,93,96.875
2025-05-04,site_262,"Central University, Hyderabad - TSPCB",HYD_0162,17.460103,78.334361,29.51505376344086,93,96.875
2025-05-05,site_262,"Central University, Hyderabad - TSPCB",HYD_0162,17.460103,78.334361,19.3953488372093,86,89.58333333333334
2025-05-06,site_262,"Central University, Hyderabad - TSPCB",HYD_0162,17.460103,78.334361,,49,51.04166666666666
2025-05-07,site_262,"Central University, Hyderabad - TSPCB",HYD_0162,17.460103,78.334361,22.921333333333333,75,78.125
2025-05-08,site_262,"Central University, Hyderabad - TSPCB",HYD_0162,17.460103,78.334361,,67,69.79166666666666
2025-05-09,site_262,"Central University, Hyderabad - TSPCB",HYD_0162,17.460103,78.334361,48.68387096774194,93,96.875
2025-05-10,site_262,"Central University, Hyderabad - TSPCB",HYD_0162,17.460103,78.334361,30.9247311827957,93,96.875
2025-05-11,site_262,"Central University, Hyderabad - TSPCB",HYD_0162,17.460103,78.334361,52.403225806451616,93,96.875
2025-05-12,site_262,"Central University, Hyderabad - TSPCB",HYD_0162,17.460103,78.334361,39.19462365591398,93,96.875
2025-05-13,site_262,"Central University, Hyderabad - TSPCB",HYD_0162,17.460103,78.334361,,54,56.25
2025-05-14,site_262,"Central University, Hyderabad - TSPCB",HYD_0162,17.460103,78.334361,36.87204301075269,93,96.875
2025-05-15,site_262,"Central University, Hyderabad - TSPCB",HYD_0162,17.460103,78.334361,39.80645161290322,93,96.875
2025-05-16,site_262,"Central University, Hyderabad - TSPCB",HYD_0162,17.460103,78.334361,42.53010752688172,93,96.875
2025-05-17,site_262,"Central University, Hyderabad - TSPCB",HYD_0162,17.460103,78.334361,33.95675675675676,74,77.08333333333334
2025-05-18,site_262,"Central University, Hyderabad - TSPCB",HYD_0162,17.460103,78.334361,36.7752688172043,93,96.875
2025-05-19,site_262,"Central University, Hyderabad - TSPCB",HYD_0162,17.460103,78.334361,,59,61.458333333333336
2025-05-20,site_262,"Central University, Hyderabad - TSPCB",HYD_0162,17.460103,78.334361,,49,51.04166666666666
2025-05-21,site_262,"Central University, Hyderabad - TSPCB",HYD_0162,17.460103,78.334361,38.232911392405065,79,82.29166666666666
2025-05-22,site_262,"Central University, Hyderabad - TSPCB",HYD_0162,17.460103,78.334361,22.53516483516483,91,94.79166666666666
2025-05-23,site_262,"Central University, Hyderabad - TSPCB",HYD_0162,17.460103,78.334361,36.62758620689655,87,90.625
2025-05-24,site_262,"Central University, Hyderabad - TSPCB",HYD_0162,17.460103,78.334361,25.95376344086021,93,96.875
2025-05-25,site_262,"Central University, Hyderabad - TSPCB",HYD_0162,17.460103,78.334361,,28,29.166666666666668
2025-05-26,site_262,"Central University, Hyderabad - TSPCB",HYD_0162,17.460103,78.334361,,48,50.0
2025-05-27,site_262,"Central University, Hyderabad - TSPCB",HYD_0162,17.460103,78.334361,,63,65.625
2025-05-28,site_262,"Central University, Hyderabad - TSPCB",HYD_0162,17.460103,78.334361,41.31975308641975,81,84.375
2025-05-29,site_262,"Central University, Hyderabad - TSPCB",HYD_0162,17.460103,78.334361,,49,51.04166666666666
2025-05-30,site_262,"Central University, Hyderabad - TSPCB",HYD_0162,17.460103,78.334361,,67,69.79166666666666
2025-05-31,site_262,"Central University, Hyderabad - TSPCB",HYD_0162,17.460103,78.334361,30.85760869565217,92,95.83333333333334
2025-06-01,site_262,"Central University, Hyderabad - TSPCB",HYD_0162,17.460103,78.334361,,62,64.58333333333334
2025-06-02,site_262,"Central University, Hyderabad - TSPCB",HYD_0162,17.460103,78.334361,,37,38.54166666666667
2025-06-03,site_262,"Central University, Hyderabad - TSPCB",HYD_0162,17.460103,78.334361,,40,41.66666666666667
2025-06-04,site_262,"Central University, Hyderabad - TSPCB",HYD_0162,17.460103,78.334361,42.75333333333333,75,78.125
2025-06-05,site_262,"Central University, Hyderabad - TSPCB",HYD_0162,17.460103,78.334361,35.03068181818182,88,91.66666666666666
2025-06-06,site_262,"Central University, Hyderabad - TSPCB",HYD_0162,17.460103,78.334361,45.05698924731183,93,96.875
2025-06-07,site_262,"Central University, Hyderabad - TSPCB",HYD_0162,17.460103,78.334361,44.72043010752688,93,96.875
2025-06-08,site_262,"Central University, Hyderabad - TSPCB",HYD_0162,17.460103,78.334361,39.98064516129032,93,96.875
2025-06-09,site_262,"Central University, Hyderabad - TSPCB",HYD_0162,17.460103,78.334361,33.88924731182796,93,96.875
2025-06-10,site_262,"Central University, Hyderabad - TSPCB",HYD_0162,17.460103,78.334361,59.47380952380953,84,87.5
2025-06-11,site_262,"Central University, Hyderabad - TSPCB",HYD_0162,17.460103,78.334361,37.07741935483871,93,96.875
2025-06-12,site_262,"Central University, Hyderabad - TSPCB",HYD_0162,17.460103,78.334361,,58,60.41666666666666
2025-06-13,site_262,"Central University, Hyderabad - TSPCB",HYD_0162,17.460103,78.334361,,48,50.0
2025-06-14,site_262,"Central University, Hyderabad - TSPCB",HYD_0162,17.460103,78.334361,37.37311827956989,93,96.875
2025-06-15,site_262,"Central University, Hyderabad - TSPCB",HYD_0162,17.460103,78.334361,,41,42.70833333333333
2025-06-16,site_262,"Central University, Hyderabad - TSPCB",HYD_0162,17.460103,78.334361,,46,47.91666666666667
2025-06-17,site_262,"Central University, Hyderabad - TSPCB",HYD_0162,17.460103,78.334361,,41,42.70833333333333
2025-06-18,site_262,"Central University, Hyderabad - TSPCB",HYD_0162,17.460103,78.334361,,47,48.95833333333333
2025-06-19,site_262,"Central University, Hyderabad - TSPCB",HYD_0162,17.460103,78.334361,34.07634408602151,93,96.875
2025-06-20,site_262,"Central University, Hyderabad - TSPCB",HYD_0162,17.460103,78.334361,37.35591397849462,93,96.875
2025-06-21,site_262,"Central University, Hyderabad - TSPCB",HYD_0162,17.460103,78.334361,38.09450549450549,91,94.79166666666666
2025-06-22,site_262,"Central University, Hyderabad - TSPCB",HYD_0162,17.460103,78.334361,33.16774193548387,93,96.875
2025-06-23,site_262,"Central University, Hyderabad - TSPCB",HYD_0162,17.460103,78.334361,41.10987654320988,81,84.375
2025-06-24,site_262,"Central University, Hyderabad - TSPCB",HYD_0162,17.460103,78.334361,35.977777777777774,90,93.75
2025-06-25,site_262,"Central University, Hyderabad - TSPCB",HYD_0162,17.460103,78.334361,24.98494623655914,93,96.875
2025-06-26,site_262,"Central University, Hyderabad - TSPCB",HYD_0162,17.460103,78.334361,40.55161290322581,93,96.875
2025-06-27,site_262,"Central University, Hyderabad - TSPCB",HYD_0162,17.460103,78.334361,,68,70.83333333333334
2025-06-28,site_262,"Central University, Hyderabad - TSPCB",HYD_0162,17.460103,78.334361,,48,50.0
2025-06-29,site_262,"Central University, Hyderabad - TSPCB",HYD_0162,17.460103,78.334361,,56,58.333333333333336
2025-06-30,site_262,"Central University, Hyderabad - TSPCB",HYD_0162,17.460103,78.334361,,30,31.25
2025-07-01,site_262,"Central University, Hyderabad - TSPCB",HYD_0162,17.460103,78.334361,,47,48.95833333333333
2025-07-02,site_262,"Central University, Hyderabad - TSPCB",HYD_0162,17.460103,78.334361,36.51363636363636,88,91.66666666666666
2025-07-03,site_262,"Central University, Hyderabad - TSPCB",HYD_0162,17.460103,78.334361,34.376344086021504,93,96.875
2025-07-04,site_262,"Central University, Hyderabad - TSPCB",HYD_0162,17.460103,78.334361,35.41951219512195,82,85.41666666666666
2025-07-05,site_262,"Central University, Hyderabad - TSPCB",HYD_0162,17.460103,78.334361,25.90217391304348,92,95.83333333333334
2025-07-06,site_262,"Central University, Hyderabad - TSPCB",HYD_0162,17.460103,78.334361,,42,43.75
2025-07-07,site_262,"Central University, Hyderabad - TSPCB",HYD_0162,17.460103,78.334361,,46,47.91666666666667
2025-07-08,site_262,"Central University, Hyderabad - TSPCB",HYD_0162,17.460103,78.334361,36.63225806451613,93,96.875
2025-07-09,site_262,"Central University, Hyderabad - TSPCB",HYD_0162,17.460103,78.334361,37.64301075268818,93,96.875
2025-07-10,site_262,"Central University, Hyderabad - TSPCB",HYD_0162,17.460103,78.334361,29.10967741935484,93,96.875
2025-07-11,site_262,"Central University, Hyderabad - TSPCB",HYD_0162,17.460103,78.334361,37.51397849462366,93,96.875
2025-07-12,site_262,"Central University, Hyderabad - TSPCB",HYD_0162,17.460103,78.334361,37.72619047619048,84,87.5
2025-07-13,site_262,"Central University, Hyderabad - TSPCB",HYD_0162,17.460103,78.334361,,35,36.45833333333333
2025-07-14,site_262,"Central University, Hyderabad - TSPCB",HYD_0162,17.460103,78.334361,,42,43.75
2025-07-15,site_262,"Central University, Hyderabad - TSPCB",HYD_0162,17.460103,78.334361,,56,58.333333333333336
2025-07-16,site_262,"Central University, Hyderabad - TSPCB",HYD_0162,17.460103,78.334361,,45,46.875
2025-07-17,site_262,"Central University, Hyderabad - TSPCB",HYD_0162,17.460103,78.334361,38.920930232558135,86,89.58333333333334
2025-07-18,site_262,"Central University, Hyderabad - TSPCB",HYD_0162,17.460103,78.334361,35.58152173913044,92,95.83333333333334
2025-07-19,site_262,"Central University, Hyderabad - TSPCB",HYD_0162,17.460103,78.334361,35.741573033707866,89,92.70833333333334
2025-07-20,site_262,"Central University, Hyderabad - TSPCB",HYD_0162,17.460103,78.334361,35.9547619047619,84,87.5
2025-07-21,site_262,"Central University, Hyderabad - TSPCB",HYD_0162,17.460103,78.334361,29.36451612903226,93,96.875
2025-07-22,site_262,"Central University, Hyderabad - TSPCB",HYD_0162,17.460103,78.334361,37.70645161290322,93,96.875
2025-07-23,site_262,"Central University, Hyderabad - TSPCB",HYD_0162,17.460103,78.334361,25.03655913978495,93,96.875
2025-07-24,site_262,"Central University, Hyderabad - TSPCB",HYD_0162,17.460103,78.334361,22.251648351648356,91,94.79166666666666
2025-07-25,site_262,"Central University, Hyderabad - TSPCB",HYD_0162,17.460103,78.334361,30.77142857142857,91,94.79166666666666
2025-07-26,site_262,"Central University, Hyderabad - TSPCB",HYD_0162,17.460103,78.334361,37.03225806451613,93,96.875
2025-07-27,site_262,"Central University, Hyderabad - TSPCB",HYD_0162,17.460103,78.334361,42.48279569892473,93,96.875
2025-07-28,site_262,"Central University, Hyderabad - TSPCB",HYD_0162,17.460103,78.334361,34.91182795698925,93,96.875
2025-07-29,site_262,"Central University, Hyderabad - TSPCB",HYD_0162,17.460103,78.334361,34.36521739130435,92,95.83333333333334
2025-07-30,site_262,"Central University, Hyderabad - TSPCB",HYD_0162,17.460103,78.334361,27.27849462365592,93,96.875
2025-07-31,site_262,"Central University, Hyderabad - TSPCB",HYD_0162,17.460103,78.334361,40.1967032967033,91,94.79166666666666
2025-08-01,site_262,"Central University, Hyderabad - TSPCB",HYD_0162,17.460103,78.334361,32.751612903225805,93,96.875
2025-08-02,site_262,"Central University, Hyderabad - TSPCB",HYD_0162,17.460103,78.334361,20.946236559139784,93,96.875
2025-08-03,site_262,"Central University, Hyderabad - TSPCB",HYD_0162,17.460103,78.334361,34.6,93,96.875
2025-08-04,site_262,"Central University, Hyderabad - TSPCB",HYD_0162,17.460103,78.334361,37.59247311827957,93,96.875
2025-08-05,site_262,"Central University, Hyderabad - TSPCB",HYD_0162,17.460103,78.334361,42.72688172043011,93,96.875
2025-08-06,site_262,"Central University, Hyderabad - TSPCB",HYD_0162,17.460103,78.334361,29.36888888888889,90,93.75
2025-08-07,site_262,"Central University, Hyderabad - TSPCB",HYD_0162,17.460103,78.334361,39.53260869565217,92,95.83333333333334
2025-08-08,site_262,"Central University, Hyderabad - TSPCB",HYD_0162,17.460103,78.334361,42.96703296703296,91,94.79166666666666
2025-08-09,site_262,"Central University, Hyderabad - TSPCB",HYD_0162,17.460103,78.334361,33.61290322580645,93,96.875
2025-08-10,site_262,"Central University, Hyderabad - TSPCB",HYD_0162,17.460103,78.334361,34.16195652173913,92,95.83333333333334
2025-08-11,site_262,"Central University, Hyderabad - TSPCB",HYD_0162,17.460103,78.334361,35.69462365591398,93,96.875
2025-08-12,site_262,"Central University, Hyderabad - TSPCB",HYD_0162,17.460103,78.334361,36.33636363636364,88,91.66666666666666
2025-08-13,site_262,"Central University, Hyderabad - TSPCB",HYD_0162,17.460103,78.334361,,50,52.083333333333336
2025-08-14,site_262,"Central University, Hyderabad - TSPCB",HYD_0162,17.460103,78.334361,35.50322580645162,93,96.875
2025-08-15,site_262,"Central University, Hyderabad - TSPCB",HYD_0162,17.460103,78.334361,35.55421686746988,83,86.45833333333334
2025-08-16,site_262,"Central University, Hyderabad - TSPCB",HYD_0162,17.460103,78.334361,32.57956989247312,93,96.875
2025-08-17,site_262,"Central University, Hyderabad - TSPCB",HYD_0162,17.460103,78.334361,36.71397849462366,93,96.875
2025-08-18,site_262,"Central University, Hyderabad - TSPCB",HYD_0162,17.460103,78.334361,42.56344086021505,93,96.875
2025-08-19,site_262,"Central University, Hyderabad - TSPCB",HYD_0162,17.460103,78.334361,24.846153846153847,91,94.79166666666666
2025-08-20,site_262,"Central University, Hyderabad - TSPCB",HYD_0162,17.460103,78.334361,33.05913978494624,93,96.875
2025-08-21,site_262,"Central University, Hyderabad - TSPCB",HYD_0162,17.460103,78.334361,39.28369565217391,92,95.83333333333334
2025-08-22,site_262,"Central University, Hyderabad - TSPCB",HYD_0162,17.460103,78.334361,37.03333333333333,93,96.875
2025-08-23,site_262,"Central University, Hyderabad - TSPCB",HYD_0162,17.460103,78.334361,23.39677419354839,93,96.875
2025-08-24,site_262,"Central University, Hyderabad - TSPCB",HYD_0162,17.460103,78.334361,33.671910112359555,89,92.70833333333334
2025-08-25,site_262,"Central University, Hyderabad - TSPCB",HYD_0162,17.460103,78.334361,,49,51.04166666666666
2025-08-26,site_262,"Central University, Hyderabad - TSPCB",HYD_0162,17.460103,78.334361,,63,65.625
2025-08-27,site_262,"Central University, Hyderabad - TSPCB",HYD_0162,17.460103,78.334361,39.2763440860215,93,96.875
2025-08-28,site_262,"Central University, Hyderabad - TSPCB",HYD_0162,17.460103,78.334361,34.315053763440865,93,96.875
2025-08-29,site_262,"Central University, Hyderabad - TSPCB",HYD_0162,17.460103,78.334361,35.35913978494624,93,96.875
2025-08-30,site_262,"Central University, Hyderabad - TSPCB",HYD_0162,17.460103,78.334361,30.855555555555554,90,93.75
2025-08-31,site_262,"Central University, Hyderabad - TSPCB",HYD_0162,17.460103,78.334361,34.167032967032966,91,94.79166666666666
2025-01-01,site_5596,"ECIL Kapra, Hyderabad - TSPCB",HYD_1165,17.47,78.57,17.948333333333334,96,100.0
2025-01-02,site_5596,"ECIL Kapra, Hyderabad - TSPCB",HYD_1165,17.47,78.57,17.210106382978722,94,97.91666666666666
2025-01-03,site_5596,"ECIL Kapra, Hyderabad - TSPCB",HYD_1165,17.47,78.57,20.35117021276596,94,97.91666666666666
2025-01-04,site_5596,"ECIL Kapra, Hyderabad - TSPCB",HYD_1165,17.47,78.57,13.915168539325844,89,92.70833333333334
2025-01-05,site_5596,"ECIL Kapra, Hyderabad - TSPCB",HYD_1165,17.47,78.57,18.09168421052632,95,98.95833333333334
2025-01-06,site_5596,"ECIL Kapra, Hyderabad - TSPCB",HYD_1165,17.47,78.57,11.191075268817205,93,96.875
2025-01-07,site_5596,"ECIL Kapra, Hyderabad - TSPCB",HYD_1165,17.47,78.57,14.731052631578947,95,98.95833333333334
2025-01-08,site_5596,"ECIL Kapra, Hyderabad - TSPCB",HYD_1165,17.47,78.57,17.359139784946237,93,96.875
2025-01-09,site_5596,"ECIL Kapra, Hyderabad - TSPCB",HYD_1165,17.47,78.57,11.261354166666663,96,100.0
2025-01-10,site_5596,"ECIL Kapra, Hyderabad - TSPCB",HYD_1165,17.47,78.57,10.961770833333333,96,100.0
2025-01-11,site_5596,"ECIL Kapra, Hyderabad - TSPCB",HYD_1165,17.47,78.57,7.654175824175824,91,94.79166666666666
2025-01-12,site_5596,"ECIL Kapra, Hyderabad - TSPCB",HYD_1165,17.47,78.57,10.161263157894735,95,98.95833333333334
2025-01-13,site_5596,"ECIL Kapra, Hyderabad - TSPCB",HYD_1165,17.47,78.57,12.88273684210526,95,98.95833333333334
2025-01-14,site_5596,"ECIL Kapra, Hyderabad - TSPCB",HYD_1165,17.47,78.57,7.761170212765957,94,97.91666666666666
2025-01-15,site_5596,"ECIL Kapra, Hyderabad - TSPCB",HYD_1165,17.47,78.57,9.036458333333334,96,100.0
2025-01-16,site_5596,"ECIL Kapra, Hyderabad - TSPCB",HYD_1165,17.47,78.57,11.133958333333332,96,100.0
2025-01-17,site_5596,"ECIL Kapra, Hyderabad - TSPCB",HYD_1165,17.47,78.57,15.15483870967742,93,96.875
2025-01-18,site_5596,"ECIL Kapra, Hyderabad - TSPCB",HYD_1165,17.47,78.57,7.382948717948718,78,81.25
2025-01-19,site_5596,"ECIL Kapra, Hyderabad - TSPCB",HYD_1165,17.47,78.57,13.59421052631579,95,98.95833333333334
2025-01-20,site_5596,"ECIL Kapra, Hyderabad - TSPCB",HYD_1165,17.47,78.57,20.97357894736842,95,98.95833333333334
2025-01-21,site_5596,"ECIL Kapra, Hyderabad - TSPCB",HYD_1165,17.47,78.57,19.36489583333333,96,100.0
2025-01-22,site_5596,"ECIL Kapra, Hyderabad - TSPCB",HYD_1165,17.47,78.57,13.389263157894735,95,98.95833333333334
2025-01-23,site_5596,"ECIL Kapra, Hyderabad - TSPCB",HYD_1165,17.47,78.57,10.546458333333334,96,100.0
2025-01-24,site_5596,"ECIL Kapra, Hyderabad - TSPCB",HYD_1165,17.47,78.57,10.118631578947369,95,98.95833333333334
2025-01-25,site_5596,"ECIL Kapra, Hyderabad - TSPCB",HYD_1165,17.47,78.57,14.298229166666667,96,100.0
2025-01-26,site_5596,"ECIL Kapra, Hyderabad - TSPCB",HYD_1165,17.47,78.57,19.451041666666665,96,100.0
2025-01-27,site_5596,"ECIL Kapra, Hyderabad - TSPCB",HYD_1165,17.47,78.57,22.555894736842102,95,98.95833333333334
2025-01-28,site_5596,"ECIL Kapra, Hyderabad - TSPCB",HYD_1165,17.47,78.57,17.31936842105263,95,98.95833333333334
2025-01-29,site_5596,"ECIL Kapra, Hyderabad - TSPCB",HYD_1165,17.47,78.57,11.850833333333334,96,100.0
2025-01-30,site_5596,"ECIL Kapra, Hyderabad - TSPCB",HYD_1165,17.47,78.57,7.660842105263158,95,98.95833333333334
2025-01-31,site_5596,"ECIL Kapra, Hyderabad - TSPCB",HYD_1165,17.47,78.57,18.934375,96,100.0
2025-02-01,site_5596,"ECIL Kapra, Hyderabad - TSPCB",HYD_1165,17.47,78.57,14.054,95,98.95833333333334
2025-02-02,site_5596,"ECIL Kapra, Hyderabad - TSPCB",HYD_1165,17.47,78.57,13.8721875,96,100.0
2025-02-03,site_5596,"ECIL Kapra, Hyderabad - TSPCB",HYD_1165,17.47,78.57,8.32136842105263,95,98.95833333333334
2025-02-04,site_5596,"ECIL Kapra, Hyderabad - TSPCB",HYD_1165,17.47,78.57,22.06127659574468,94,97.91666666666666
2025-02-05,site_5596,"ECIL Kapra, Hyderabad - TSPCB",HYD_1165,17.47,78.57,19.716526315789476,95,98.95833333333334
2025-02-06,site_5596,"ECIL Kapra, Hyderabad - TSPCB",HYD_1165,17.47,78.57,13.058555555555555,90,93.75
2025-02-07,site_5596,"ECIL Kapra, Hyderabad - TSPCB",HYD_1165,17.47,78.57,15.8103125,96,100.0
2025-02-08,site_5596,"ECIL Kapra, Hyderabad - TSPCB",HYD_1165,17.47,78.57,19.879270833333333,96,100.0
2025-02-09,site_5596,"ECIL Kapra, Hyderabad - TSPCB",HYD_1165,17.47,78.57,15.206842105263158,95,98.95833333333334
2025-02-10,site_5596,"ECIL Kapra, Hyderabad - TSPCB",HYD_1165,17.47,78.57,12.663958333333332,96,100.0
2025-02-11,site_5596,"ECIL Kapra, Hyderabad - TSPCB",HYD_1165,17.47,78.57,13.315833333333332,96,100.0
2025-02-12,site_5596,"ECIL Kapra, Hyderabad - TSPCB",HYD_1165,17.47,78.57,21.538315789473685,95,98.95833333333334
2025-02-13,site_5596,"ECIL Kapra, Hyderabad - TSPCB",HYD_1165,17.47,78.57,28.455625,96,100.0
2025-02-14,site_5596,"ECIL Kapra, Hyderabad - TSPCB",HYD_1165,17.47,78.57,24.892210526315797,95,98.95833333333334
2025-02-15,site_5596,"ECIL Kapra, Hyderabad - TSPCB",HYD_1165,17.47,78.57,30.33395833333333,96,100.0
2025-02-16,site_5596,"ECIL Kapra, Hyderabad - TSPCB",HYD_1165,17.47,78.57,20.93357894736842,95,98.95833333333334
2025-02-17,site_5596,"ECIL Kapra, Hyderabad - TSPCB",HYD_1165,17.47,78.57,18.609479166666667,96,100.0
2025-02-18,site_5596,"ECIL Kapra, Hyderabad - TSPCB",HYD_1165,17.47,78.57,13.952340425531917,94,97.91666666666666
2025-02-19,site_5596,"ECIL Kapra, Hyderabad - TSPCB",HYD_1165,17.47,78.57,17.995684210526314,95,98.95833333333334
2025-02-20,site_5596,"ECIL Kapra, Hyderabad - TSPCB",HYD_1165,17.47,78.57,12.881263157894738,95,98.95833333333334
2025-02-21,site_5596,"ECIL Kapra, Hyderabad - TSPCB",HYD_1165,17.47,78.57,11.672105263157894,95,98.95833333333334
2025-02-22,site_5596,"ECIL Kapra, Hyderabad - TSPCB",HYD_1165,17.47,78.57,23.231041666666663,96,100.0
2025-02-23,site_5596,"ECIL Kapra, Hyderabad - TSPCB",HYD_1165,17.47,78.57,11.188387096774193,93,96.875
2025-02-24,site_5596,"ECIL Kapra, Hyderabad - TSPCB",HYD_1165,17.47,78.57,13.634583333333332,96,100.0
2025-02-25,site_5596,"ECIL Kapra, Hyderabad - TSPCB",HYD_1165,17.47,78.57,10.800624999999998,96,100.0
2025-02-26,site_5596,"ECIL Kapra, Hyderabad - TSPCB",HYD_1165,17.47,78.57,18.8063829787234,94,97.91666666666666
2025-02-27,site_5596,"ECIL Kapra, Hyderabad - TSPCB",HYD_1165,17.47,78.57,15.082916666666668,96,100.0
2025-02-28,site_5596,"ECIL Kapra, Hyderabad - TSPCB",HYD_1165,17.47,78.57,15.023333333333332,96,100.0
2025-03-01,site_5596,"ECIL Kapra, Hyderabad - TSPCB",HYD_1165,17.47,78.57,15.004791666666668,96,100.0
2025-03-02,site_5596,"ECIL Kapra, Hyderabad - TSPCB",HYD_1165,17.47,78.57,17.871979166666666,96,100.0
2025-03-03,site_5596,"ECIL Kapra, Hyderabad - TSPCB",HYD_1165,17.47,78.57,31.84208333333333,96,100.0
2025-03-04,site_5596,"ECIL Kapra, Hyderabad - TSPCB",HYD_1165,17.47,78.57,33.96375,96,100.0
2025-03-05,site_5596,"ECIL Kapra, Hyderabad - TSPCB",HYD_1165,17.47,78.57,29.585625,96,100.0
2025-03-06,site_5596,"ECIL Kapra, Hyderabad - TSPCB",HYD_1165,17.47,78.57,28.133750000000003,96,100.0
2025-03-07,site_5596,"ECIL Kapra, Hyderabad - TSPCB",HYD_1165,17.47,78.57,32.636875,96,100.0
2025-03-08,site_5596,"ECIL Kapra, Hyderabad - TSPCB",HYD_1165,17.47,78.57,29.46821052631579,95,98.95833333333334
2025-03-09,site_5596,"ECIL Kapra, Hyderabad - TSPCB",HYD_1165,17.47,78.57,15.453229166666668,96,100.0
2025-03-10,site_5596,"ECIL Kapra, Hyderabad - TSPCB",HYD_1165,17.47,78.57,12.276947368421052,95,98.95833333333334
2025-03-11,site_5596,"ECIL Kapra, Hyderabad - TSPCB",HYD_1165,17.47,78.57,13.5065625,96,100.0
2025-03-12,site_5596,"ECIL Kapra, Hyderabad - TSPCB",HYD_1165,17.47,78.57,23.40225806451613,93,96.875
2025-03-13,site_5596,"ECIL Kapra, Hyderabad - TSPCB",HYD_1165,17.47,78.57,22.466947368421053,95,98.95833333333334
2025-03-14,site_5596,"ECIL Kapra, Hyderabad - TSPCB",HYD_1165,17.47,78.57,22.995729166666667,96,100.0
2025-03-15,site_5596,"ECIL Kapra, Hyderabad - TSPCB",HYD_1165,17.47,78.57,11.646842105263158,95,98.95833333333334
2025-03-16,site_5596,"ECIL Kapra, Hyderabad - TSPCB",HYD_1165,17.47,78.57,18.8240625,96,100.0
2025-03-17,site_5596,"ECIL Kapra, Hyderabad - TSPCB",HYD_1165,17.47,78.57,23.462083333333336,96,100.0
2025-03-18,site_5596,"ECIL Kapra, Hyderabad - TSPCB",HYD_1165,17.47,78.57,13.358105263157894,95,98.95833333333334
2025-03-19,site_5596,"ECIL Kapra, Hyderabad - TSPCB",HYD_1165,17.47,78.57,14.871914893617022,94,97.91666666666666
2025-03-20,site_5596,"ECIL Kapra, Hyderabad - TSPCB",HYD_1165,17.47,78.57,12.073333333333332,96,100.0
2025-03-21,site_5596,"ECIL Kapra, Hyderabad - TSPCB",HYD_1165,17.47,78.57,13.899375,96,100.0
2025-03-22,site_5596,"ECIL Kapra, Hyderabad - TSPCB",HYD_1165,17.47,78.57,6.632159090909091,88,91.66666666666666
2025-03-23,site_5596,"ECIL Kapra, Hyderabad - TSPCB",HYD_1165,17.47,78.57,13.007604166666669,96,100.0
2025-03-24,site_5596,"ECIL Kapra, Hyderabad - TSPCB",HYD_1165,17.47,78.57,14.888461538461538,91,94.79166666666666
2025-03-25,site_5596,"ECIL Kapra, Hyderabad - TSPCB",HYD_1165,17.47,78.57,17.730208333333334,96,100.0
2025-03-26,site_5596,"ECIL Kapra, Hyderabad - TSPCB",HYD_1165,17.47,78.57,25.50842105263158,95,98.95833333333334
2025-03-27,site_5596,"ECIL Kapra, Hyderabad - TSPCB",HYD_1165,17.47,78.57,30.273854166666663,96,100.0
2025-03-28,site_5596,"ECIL Kapra, Hyderabad - TSPCB",HYD_1165,17.47,78.57,27.269368421052636,95,98.95833333333334
2025-03-29,site_5596,"ECIL Kapra, Hyderabad - TSPCB",HYD_1165,17.47,78.57,22.60126315789473,95,98.95833333333334
2025-03-30,site_5596,"ECIL Kapra, Hyderabad - TSPCB",HYD_1165,17.47,78.57,14.401684210526316,95,98.95833333333334
2025-03-31,site_5596,"ECIL Kapra, Hyderabad - TSPCB",HYD_1165,17.47,78.57,12.560416666666669,96,100.0
2025-04-01,site_5596,"ECIL Kapra, Hyderabad - TSPCB",HYD_1165,17.47,78.57,9.667395833333334,96,100.0
2025-04-02,site_5596,"ECIL Kapra, Hyderabad - TSPCB",HYD_1165,17.47,78.57,7.886354166666667,96,100.0
2025-04-03,site_5596,"ECIL Kapra, Hyderabad - TSPCB",HYD_1165,17.47,78.57,13.194270833333334,96,100.0
2025-04-04,site_5596,"ECIL Kapra, Hyderabad - TSPCB",HYD_1165,17.47,78.57,8.678709677419356,93,96.875
2025-04-05,site_5596,"ECIL Kapra, Hyderabad - TSPCB",HYD_1165,17.47,78.57,16.779166666666665,96,100.0
2025-04-06,site_5596,"ECIL Kapra, Hyderabad - TSPCB",HYD_1165,17.47,78.57,19.729479166666668,96,100.0
2025-04-07,site_5596,"ECIL Kapra, Hyderabad - TSPCB",HYD_1165,17.47,78.57,16.419677419354837,93,96.875
2025-04-08,site_5596,"ECIL Kapra, Hyderabad - TSPCB",HYD_1165,17.47,78.57,8.565376344086022,93,96.875
2025-04-09,site_5596,"ECIL Kapra, Hyderabad - TSPCB",HYD_1165,17.47,78.57,13.8665625,96,100.0
2025-04-10,site_5596,"ECIL Kapra, Hyderabad - TSPCB",HYD_1165,17.47,78.57,19.725104166666668,96,100.0
2025-04-11,site_5596,"ECIL Kapra, Hyderabad - TSPCB",HYD_1165,17.47,78.57,23.243020833333333,96,100.0
2025-04-12,site_5596,"ECIL Kapra, Hyderabad - TSPCB",HYD_1165,17.47,78.57,27.743020833333333,96,100.0
2025-04-13,site_5596,"ECIL Kapra, Hyderabad - TSPCB",HYD_1165,17.47,78.57,22.84957894736842,95,98.95833333333334
2025-04-14,site_5596,"ECIL Kapra, Hyderabad - TSPCB",HYD_1165,17.47,78.57,17.7234375,96,100.0
2025-04-15,site_5596,"ECIL Kapra, Hyderabad - TSPCB",HYD_1165,17.47,78.57,19.380736842105264,95,98.95833333333334
2025-04-16,site_5596,"ECIL Kapra, Hyderabad - TSPCB",HYD_1165,17.47,78.57,6.636818181818182,88,91.66666666666666
2025-04-17,site_5596,"ECIL Kapra, Hyderabad - TSPCB",HYD_1165,17.47,78.57,14.848958333333334,96,100.0
2025-04-18,site_5596,"ECIL Kapra, Hyderabad - TSPCB",HYD_1165,17.47,78.57,13.488854166666668,96,100.0
2025-04-19,site_5596,"ECIL Kapra, Hyderabad - TSPCB",HYD_1165,17.47,78.57,24.13915789473684,95,98.95833333333334
2025-04-20,site_5596,"ECIL Kapra, Hyderabad - TSPCB",HYD_1165,17.47,78.57,18.23052631578948,95,98.95833333333334
2025-04-21,site_5596,"ECIL Kapra, Hyderabad - TSPCB",HYD_1165,17.47,78.57,17.937473684210527,95,98.95833333333334
2025-04-22,site_5596,"ECIL Kapra, Hyderabad - TSPCB",HYD_1165,17.47,78.57,19.478817204301077,93,96.875
2025-04-23,site_5596,"ECIL Kapra, Hyderabad - TSPCB",HYD_1165,17.47,78.57,15.971684210526314,95,98.95833333333334
2025-04-24,site_5596,"ECIL Kapra, Hyderabad - TSPCB",HYD_1165,17.47,78.57,21.315,96,100.0
2025-04-25,site_5596,"ECIL Kapra, Hyderabad - TSPCB",HYD_1165,17.47,78.57,15.490210526315789,95,98.95833333333334
2025-04-26,site_5596,"ECIL Kapra, Hyderabad - TSPCB",HYD_1165,17.47,78.57,17.295212765957448,94,97.91666666666666
2025-04-27,site_5596,"ECIL Kapra, Hyderabad - TSPCB",HYD_1165,17.47,78.57,6.657368421052632,95,98.95833333333334
2025-04-28,site_5596,"ECIL Kapra, Hyderabad - TSPCB",HYD_1165,17.47,78.57,14.426875,96,100.0
2025-04-29,site_5596,"ECIL Kapra, Hyderabad - TSPCB",HYD_1165,17.47,78.57,12.416344086021503,93,96.875
2025-04-30,site_5596,"ECIL Kapra, Hyderabad - TSPCB",HYD_1165,17.47,78.57,16.717604166666668,96,100.0
2025-05-01,site_5596,"ECIL Kapra, Hyderabad - TSPCB",HYD_1165,17.47,78.57,9.69957894736842,95,98.95833333333334
2025-05-02,site_5596,"ECIL Kapra, Hyderabad - TSPCB",HYD_1165,17.47,78.57,11.347708333333337,96,100.0
2025-05-03,site_5596,"ECIL Kapra, Hyderabad - TSPCB",HYD_1165,17.47,78.57,17.91978260869565,92,95.83333333333334
2025-05-04,site_5596,"ECIL Kapra, Hyderabad - TSPCB",HYD_1165,17.47,78.57,13.452842105263157,95,98.95833333333334
2025-05-05,site_5596,"ECIL Kapra, Hyderabad - TSPCB",HYD_1165,17.47,78.57,17.68,86,89.58333333333334
2025-05-06,site_5596,"ECIL Kapra, Hyderabad - TSPCB",HYD_1165,17.47,78.57,,43,44.79166666666667
2025-05-07,site_5596,"ECIL Kapra, Hyderabad - TSPCB",HYD_1165,17.47,78.57,14.051521739130434,92,95.83333333333334
2025-05-08,site_5596,"ECIL Kapra, Hyderabad - TSPCB",HYD_1165,17.47,78.57,15.136458333333332,96,100.0
2025-05-09,site_5596,"ECIL Kapra, Hyderabad - TSPCB",HYD_1165,17.47,78.57,15.166979166666666,96,100.0
2025-05-10,site_5596,"ECIL Kapra, Hyderabad - TSPCB",HYD_1165,17.47,78.57,15.708854166666669,96,100.0
2025-05-11,site_5596,"ECIL Kapra, Hyderabad - TSPCB",HYD_1165,17.47,78.57,17.5809375,96,100.0
2025-05-12,site_5596,"ECIL Kapra, Hyderabad - TSPCB",HYD_1165,17.47,78.57,19.0096875,96,100.0
2025-05-13,site_5596,"ECIL Kapra, Hyderabad - TSPCB",HYD_1165,17.47,78.57,19.0315625,96,100.0
2025-05-14,site_5596,"ECIL Kapra, Hyderabad - TSPCB",HYD_1165,17.47,78.57,16.822083333333335,96,100.0
2025-05-15,site_5596,"ECIL Kapra, Hyderabad - TSPCB",HYD_1165,17.47,78.57,18.297083333333333,96,100.0
2025-05-16,site_5596,"ECIL Kapra, Hyderabad - TSPCB",HYD_1165,17.47,78.57,22.52095744680851,94,97.91666666666666
2025-05-17,site_5596,"ECIL Kapra, Hyderabad - TSPCB",HYD_1165,17.47,78.57,11.391770833333332,96,100.0
2025-05-18,site_5596,"ECIL Kapra, Hyderabad - TSPCB",HYD_1165,17.47,78.57,17.652421052631578,95,98.95833333333334
2025-05-19,site_5596,"ECIL Kapra, Hyderabad - TSPCB",HYD_1165,17.47,78.57,7.556373626373626,91,94.79166666666666
2025-05-20,site_5596,"ECIL Kapra, Hyderabad - TSPCB",HYD_1165,17.47,78.57,8.428617021276596,94,97.91666666666666
2025-05-21,site_5596,"ECIL Kapra, Hyderabad - TSPCB",HYD_1165,17.47,78.57,10.781770833333333,96,100.0
2025-05-22,site_5596,"ECIL Kapra, Hyderabad - TSPCB",HYD_1165,17.47,78.57,16.197021276595745,94,97.91666666666666
2025-05-23,site_5596,"ECIL Kapra, Hyderabad - TSPCB",HYD_1165,17.47,78.57,14.420631578947368,95,98.95833333333334
2025-05-24,site_5596,"ECIL Kapra, Hyderabad - TSPCB",HYD_1165,17.47,78.57,13.214,95,98.95833333333334
2025-05-25,site_5596,"ECIL Kapra, Hyderabad - TSPCB",HYD_1165,17.47,78.57,11.803541666666668,96,100.0
2025-05-26,site_5596,"ECIL Kapra, Hyderabad - TSPCB",HYD_1165,17.47,78.57,11.8371875,96,100.0
2025-05-27,site_5596,"ECIL Kapra, Hyderabad - TSPCB",HYD_1165,17.47,78.57,14.968645833333332,96,100.0
2025-05-28,site_5596,"ECIL Kapra, Hyderabad - TSPCB",HYD_1165,17.47,78.57,9.94304347826087,92,95.83333333333334
2025-05-29,site_5596,"ECIL Kapra, Hyderabad - TSPCB",HYD_1165,17.47,78.57,19.8128125,96,100.0
2025-05-30,site_5596,"ECIL Kapra, Hyderabad - TSPCB",HYD_1165,17.47,78.57,17.198842105263157,95,98.95833333333334
2025-05-31,site_5596,"ECIL Kapra, Hyderabad - TSPCB",HYD_1165,17.47,78.57,16.7821875,96,100.0
2025-06-01,site_5596,"ECIL Kapra, Hyderabad - TSPCB",HYD_1165,17.47,78.57,14.884479166666669,96,100.0
2025-06-02,site_5596,"ECIL Kapra, Hyderabad - TSPCB",HYD_1165,17.47,78.57,18.54427083333333,96,100.0
2025-06-03,site_5596,"ECIL Kapra, Hyderabad - TSPCB",HYD_1165,17.47,78.57,16.465157894736844,95,98.95833333333334
2025-06-04,site_5596,"ECIL Kapra, Hyderabad - TSPCB",HYD_1165,17.47,78.57,6.599032258064517,93,96.875
2025-06-05,site_5596,"ECIL Kapra, Hyderabad - TSPCB",HYD_1165,17.47,78.57,17.948526315789472,95,98.95833333333334
2025-06-06,site_5596,"ECIL Kapra, Hyderabad - TSPCB",HYD_1165,17.47,78.57,21.25520833333333,96,100.0
2025-06-07,site_5596,"ECIL Kapra, Hyderabad - TSPCB",HYD_1165,17.47,78.57,22.86010526315789,95,98.95833333333334
2025-06-08,site_5596,"ECIL Kapra, Hyderabad - TSPCB",HYD_1165,17.47,78.57,17.629157894736842,95,98.95833333333334
2025-06-09,site_5596,"ECIL Kapra, Hyderabad - TSPCB",HYD_1165,17.47,78.57,18.485851063829788,94,97.91666666666666
2025-06-10,site_5596,"ECIL Kapra, Hyderabad - TSPCB",HYD_1165,17.47,78.57,,17,17.708333333333336
2025-06-11,site_5596,"ECIL Kapra, Hyderabad - TSPCB",HYD_1165,17.47,78.57,,30,31.25
2025-06-12,site_5596,"ECIL Kapra, Hyderabad - TSPCB",HYD_1165,17.47,78.57,16.365957446808512,94,97.91666666666666
2025-06-13,site_5596,"ECIL Kapra, Hyderabad - TSPCB",HYD_1165,17.47,78.57,8.915052631578947,95,98.95833333333334
2025-06-14,site_5596,"ECIL Kapra, Hyderabad - TSPCB",HYD_1165,17.47,78.57,14.787263157894737,95,98.95833333333334
2025-06-15,site_5596,"ECIL Kapra, Hyderabad - TSPCB",HYD_1165,17.47,78.57,15.6853125,96,100.0
2025-06-16,site_5596,"ECIL Kapra, Hyderabad - TSPCB",HYD_1165,17.47,78.57,12.884814814814815,81,84.375
2025-06-17,site_5596,"ECIL Kapra, Hyderabad - TSPCB",HYD_1165,17.47,78.57,,70,72.91666666666666
2025-06-18,site_5596,"ECIL Kapra, Hyderabad - TSPCB",HYD_1165,17.47,78.57,14.534895833333332,96,100.0
2025-06-19,site_5596,"ECIL Kapra, Hyderabad - TSPCB",HYD_1165,17.47,78.57,9.444666666666668,90,93.75
2025-06-20,site_5596,"ECIL Kapra, Hyderabad - TSPCB",HYD_1165,17.47,78.57,16.5703125,96,100.0
2025-06-21,site_5596,"ECIL Kapra, Hyderabad - TSPCB",HYD_1165,17.47,78.57,16.183473684210526,95,98.95833333333334
2025-06-22,site_5596,"ECIL Kapra, Hyderabad - TSPCB",HYD_1165,17.47,78.57,15.198947368421054,95,98.95833333333334
2025-06-23,site_5596,"ECIL Kapra, Hyderabad - TSPCB",HYD_1165,17.47,78.57,16.474791666666665,96,100.0
2025-06-24,site_5596,"ECIL Kapra, Hyderabad - TSPCB",HYD_1165,17.47,78.57,15.759894736842108,95,98.95833333333334
2025-06-25,site_5596,"ECIL Kapra, Hyderabad - TSPCB",HYD_1165,17.47,78.57,15.166236559139785,93,96.875
2025-06-26,site_5596,"ECIL Kapra, Hyderabad - TSPCB",HYD_1165,17.47,78.57,10.287088607594937,79,82.29166666666666
2025-06-27,site_5596,"ECIL Kapra, Hyderabad - TSPCB",HYD_1165,17.47,78.57,16.961979166666666,96,100.0
2025-06-28,site_5596,"ECIL Kapra, Hyderabad - TSPCB",HYD_1165,17.47,78.57,14.660235294117648,85,88.54166666666666
2025-06-29,site_5596,"ECIL Kapra, Hyderabad - TSPCB",HYD_1165,17.47,78.57,13.958229166666667,96,100.0
2025-06-30,site_5596,"ECIL Kapra, Hyderabad - TSPCB",HYD_1165,17.47,78.57,14.743085106382978,94,97.91666666666666
2025-07-01,site_5596,"ECIL Kapra, Hyderabad - TSPCB",HYD_1165,17.47,78.57,8.474347826086957,92,95.83333333333334
2025-07-02,site_5596,"ECIL Kapra, Hyderabad - TSPCB",HYD_1165,17.47,78.57,16.10875,96,100.0
2025-07-03,site_5596,"ECIL Kapra, Hyderabad - TSPCB",HYD_1165,17.47,78.57,15.700736842105265,95,98.95833333333334
2025-07-04,site_5596,"ECIL Kapra, Hyderabad - TSPCB",HYD_1165,17.47,78.57,14.000645161290322,93,96.875
2025-07-05,site_5596,"ECIL Kapra, Hyderabad - TSPCB",HYD_1165,17.47,78.57,15.176842105263155,95,98.95833333333334
2025-07-06,site_5596,"ECIL Kapra, Hyderabad - TSPCB",HYD_1165,17.47,78.57,14.023125,96,100.0
2025-07-07,site_5596,"ECIL Kapra, Hyderabad - TSPCB",HYD_1165,17.47,78.57,6.998152173913044,92,95.83333333333334
2025-07-08,site_5596,"ECIL Kapra, Hyderabad - TSPCB",HYD_1165,17.47,78.57,13.4984375,96,100.0
2025-07-09,site_5596,"ECIL Kapra, Hyderabad - TSPCB",HYD_1165,17.47,78.57,15.480729166666668,96,100.0
2025-07-10,site_5596,"ECIL Kapra, Hyderabad - TSPCB",HYD_1165,17.47,78.57,14.238936170212764,94,97.91666666666666
2025-07-11,site_5596,"ECIL Kapra, Hyderabad - TSPCB",HYD_1165,17.47,78.57,17.717187499999998,96,100.0
2025-07-12,site_5596,"ECIL Kapra, Hyderabad - TSPCB",HYD_1165,17.47,78.57,16.620631578947368,95,98.95833333333334
2025-07-13,site_5596,"ECIL Kapra, Hyderabad - TSPCB",HYD_1165,17.47,78.57,15.471157894736844,95,98.95833333333334
2025-07-14,site_5596,"ECIL Kapra, Hyderabad - TSPCB",HYD_1165,17.47,78.57,16.260421052631578,95,98.95833333333334
2025-07-15,site_5596,"ECIL Kapra, Hyderabad - TSPCB",HYD_1165,17.47,78.57,16.96442105263158,95,98.95833333333334
2025-07-16,site_5596,"ECIL Kapra, Hyderabad - TSPCB",HYD_1165,17.47,78.57,17.161875,96,100.0
2025-07-17,site_5596,"ECIL Kapra, Hyderabad - TSPCB",HYD_1165,17.47,78.57,16.508020833333333,96,100.0
2025-07-18,site_5596,"ECIL Kapra, Hyderabad - TSPCB",HYD_1165,17.47,78.57,17.430625,96,100.0
2025-07-19,site_5596,"ECIL Kapra, Hyderabad - TSPCB",HYD_1165,17.47,78.57,18.44536842105263,95,98.95833333333334
2025-07-20,site_5596,"ECIL Kapra, Hyderabad - TSPCB",HYD_1165,17.47,78.57,16.000416666666666,96,100.0
2025-07-21,site_5596,"ECIL Kapra, Hyderabad - TSPCB",HYD_1165,17.47,78.57,18.129894736842104,95,98.95833333333334
2025-07-22,site_5596,"ECIL Kapra, Hyderabad - TSPCB",HYD_1165,17.47,78.57,14.99884210526316,95,98.95833333333334
2025-07-23,site_5596,"ECIL Kapra, Hyderabad - TSPCB",HYD_1165,17.47,78.57,13.67421052631579,95,98.95833333333334
2025-07-24,site_5596,"ECIL Kapra, Hyderabad - TSPCB",HYD_1165,17.47,78.57,14.09,94,97.91666666666666
2025-07-25,site_5596,"ECIL Kapra, Hyderabad - TSPCB",HYD_1165,17.47,78.57,16.084374999999998,96,100.0
2025-07-26,site_5596,"ECIL Kapra, Hyderabad - TSPCB",HYD_1165,17.47,78.57,15.037916666666668,96,100.0
2025-07-27,site_5596,"ECIL Kapra, Hyderabad - TSPCB",HYD_1165,17.47,78.57,12.756770833333334,96,100.0
2025-07-28,site_5596,"ECIL Kapra, Hyderabad - TSPCB",HYD_1165,17.47,78.57,13.015684210526317,95,98.95833333333334
2025-07-29,site_5596,"ECIL Kapra, Hyderabad - TSPCB",HYD_1165,17.47,78.57,15.0009375,96,100.0
2025-07-30,site_5596,"ECIL Kapra, Hyderabad - TSPCB",HYD_1165,17.47,78.57,15.53056179775281,89,92.70833333333334
2025-07-31,site_5596,"ECIL Kapra, Hyderabad - TSPCB",HYD_1165,17.47,78.57,12.1846875,96,100.0
2025-08-01,site_5596,"ECIL Kapra, Hyderabad - TSPCB",HYD_1165,17.47,78.57,17.146562499999998,96,100.0
2025-08-02,site_5596,"ECIL Kapra, Hyderabad - TSPCB",HYD_1165,17.47,78.57,17.664736842105263,95,98.95833333333334
2025-08-03,site_5596,"ECIL Kapra, Hyderabad - TSPCB",HYD_1165,17.47,78.57,17.657083333333333,96,100.0
2025-08-04,site_5596,"ECIL Kapra, Hyderabad - TSPCB",HYD_1165,17.47,78.57,13.379684210526316,95,98.95833333333334
2025-08-05,site_5596,"ECIL Kapra, Hyderabad - TSPCB",HYD_1165,17.47,78.57,14.031666666666666,96,100.0
2025-08-06,site_5596,"ECIL Kapra, Hyderabad - TSPCB",HYD_1165,17.47,78.57,11.549270833333331,96,100.0
2025-08-07,site_5596,"ECIL Kapra, Hyderabad - TSPCB",HYD_1165,17.47,78.57,14.218125,96,100.0
2025-08-08,site_5596,"ECIL Kapra, Hyderabad - TSPCB",HYD_1165,17.47,78.57,17.671041666666667,96,100.0
2025-08-09,site_5596,"ECIL Kapra, Hyderabad - TSPCB",HYD_1165,17.47,78.57,16.301684210526318,95,98.95833333333334
2025-08-10,site_5596,"ECIL Kapra, Hyderabad - TSPCB",HYD_1165,17.47,78.57,15.509791666666668,96,100.0
2025-08-11,site_5596,"ECIL Kapra, Hyderabad - TSPCB",HYD_1165,17.47,78.57,14.630208333333334,96,100.0
2025-08-12,site_5596,"ECIL Kapra, Hyderabad - TSPCB",HYD_1165,17.47,78.57,14.015368421052631,95,98.95833333333334
2025-08-13,site_5596,"ECIL Kapra, Hyderabad - TSPCB",HYD_1165,17.47,78.57,15.7196875,96,100.0
2025-08-14,site_5596,"ECIL Kapra, Hyderabad - TSPCB",HYD_1165,17.47,78.57,,39,40.625
2025-08-15,site_5596,"ECIL Kapra, Hyderabad - TSPCB",HYD_1165,17.47,78.57,,51,53.125
2025-08-16,site_5596,"ECIL Kapra, Hyderabad - TSPCB",HYD_1165,17.47,78.57,9.777340425531916,94,97.91666666666666
2025-08-17,site_5596,"ECIL Kapra, Hyderabad - TSPCB",HYD_1165,17.47,78.57,13.741041666666668,96,100.0
2025-08-18,site_5596,"ECIL Kapra, Hyderabad - TSPCB",HYD_1165,17.47,78.57,12.443541666666668,96,100.0
2025-08-19,site_5596,"ECIL Kapra, Hyderabad - TSPCB",HYD_1165,17.47,78.57,12.86888888888889,90,93.75
2025-08-20,site_5596,"ECIL Kapra, Hyderabad - TSPCB",HYD_1165,17.47,78.57,15.0734375,96,100.0
2025-08-21,site_5596,"ECIL Kapra, Hyderabad - TSPCB",HYD_1165,17.47,78.57,9.738478260869568,92,95.83333333333334
2025-08-22,site_5596,"ECIL Kapra, Hyderabad - TSPCB",HYD_1165,17.47,78.57,15.552736842105263,95,98.95833333333334
2025-08-23,site_5596,"ECIL Kapra, Hyderabad - TSPCB",HYD_1165,17.47,78.57,11.541702127659574,94,97.91666666666666
2025-08-24,site_5596,"ECIL Kapra, Hyderabad - TSPCB",HYD_1165,17.47,78.57,14.683894736842106,95,98.95833333333334
2025-08-25,site_5596,"ECIL Kapra, Hyderabad - TSPCB",HYD_1165,17.47,78.57,16.368958333333335,96,100.0
2025-08-26,site_5596,"ECIL Kapra, Hyderabad - TSPCB",HYD_1165,17.47,78.57,14.223684210526317,95,98.95833333333334
2025-08-27,site_5596,"ECIL Kapra, Hyderabad - TSPCB",HYD_1165,17.47,78.57,11.450833333333334,96,100.0
2025-08-28,site_5596,"ECIL Kapra, Hyderabad - TSPCB",HYD_1165,17.47,78.57,14.793541666666668,96,100.0
2025-08-29,site_5596,"ECIL Kapra, Hyderabad - TSPCB",HYD_1165,17.47,78.57,15.713020833333331,96,100.0
2025-08-30,site_5596,"ECIL Kapra, Hyderabad - TSPCB",HYD_1165,17.47,78.57,15.788229166666667,96,100.0
2025-08-31,site_5596,"ECIL Kapra, Hyderabad - TSPCB",HYD_1165,17.47,78.57,14.2965625,96,100.0
2025-01-01,site_251,"ICRISAT Patancheru, Hyderabad - TSPCB",HYD_0036,17.52,78.27,16.293333333333333,90,93.75
2025-01-02,site_251,"ICRISAT Patancheru, Hyderabad - TSPCB",HYD_0036,17.52,78.27,16.468131868131866,91,94.79166666666666
2025-01-03,site_251,"ICRISAT Patancheru, Hyderabad - TSPCB",HYD_0036,17.52,78.27,17.952272727272728,88,91.66666666666666
2025-01-04,site_251,"ICRISAT Patancheru, Hyderabad - TSPCB",HYD_0036,17.52,78.27,18.875342465753427,73,76.04166666666666
2025-01-05,site_251,"ICRISAT Patancheru, Hyderabad - TSPCB",HYD_0036,17.52,78.27,12.891011235955055,89,92.70833333333334
2025-01-06,site_251,"ICRISAT Patancheru, Hyderabad - TSPCB",HYD_0036,17.52,78.27,12.571739130434782,92,95.83333333333334
2025-01-07,site_251,"ICRISAT Patancheru, Hyderabad - TSPCB",HYD_0036,17.52,78.27,11.251111111111111,90,93.75
2025-01-08,site_251,"ICRISAT Patancheru, Hyderabad - TSPCB",HYD_0036,17.52,78.27,13.45909090909091,88,91.66666666666666
2025-01-09,site_251,"ICRISAT Patancheru, Hyderabad - TSPCB",HYD_0036,17.52,78.27,,70,72.91666666666666
2025-01-10,site_251,"ICRISAT Patancheru, Hyderabad - TSPCB",HYD_0036,17.52,78.27,12.734482758620691,87,90.625
2025-01-11,site_251,"ICRISAT Patancheru, Hyderabad - TSPCB",HYD_0036,17.52,78.27,11.105681818181818,88,91.66666666666666
2025-01-12,site_251,"ICRISAT Patancheru, Hyderabad - TSPCB",HYD_0036,17.52,78.27,11.747191011235955,89,92.70833333333334
2025-01-13,site_251,"ICRISAT Patancheru, Hyderabad - TSPCB",HYD_0036,17.52,78.27,13.40111111111111,90,93.75
2025-01-14,site_251,"ICRISAT Patancheru, Hyderabad - TSPCB",HYD_0036,17.52,78.27,14.089285714285714,84,87.5
2025-01-15,site_251,"ICRISAT Patancheru, Hyderabad - TSPCB",HYD_0036,17.52,78.27,10.565555555555555,90,93.75
2025-01-16,site_251,"ICRISAT Patancheru, Hyderabad - TSPCB",HYD_0036,17.52,78.27,12.13695652173913,92,95.83333333333334
2025-01-17,site_251,"ICRISAT Patancheru, Hyderabad - TSPCB",HYD_0036,17.52,78.27,12.153846153846152,91,94.79166666666666
2025-01-18,site_251,"ICRISAT Patancheru, Hyderabad - TSPCB",HYD_0036,17.52,78.27,14.852222222222222,90,93.75
2025-01-19,site_251,"ICRISAT Patancheru, Hyderabad - TSPCB",HYD_0036,17.52,78.27,16.976404494382024,89,92.70833333333334
2025-01-20,site_251,"ICRISAT Patancheru, Hyderabad - TSPCB",HYD_0036,17.52,78.27,15.27640449438202,89,92.70833333333334
2025-01-21,site_251,"ICRISAT Patancheru, Hyderabad - TSPCB",HYD_0036,17.52,78.27,17.165168539325844,89,92.70833333333334
2025-01-22,site_251,"ICRISAT Patancheru, Hyderabad - TSPCB",HYD_0036,17.52,78.27,13.572619047619046,84,87.5
2025-01-23,site_251,"ICRISAT Patancheru, Hyderabad - TSPCB",HYD_0036,17.52,78.27,13.420454545454543,88,91.66666666666666
2025-01-24,site_251,"ICRISAT Patancheru, Hyderabad - TSPCB",HYD_0036,17.52,78.27,12.494444444444444,90,93.75
2025-01-25,site_251,"ICRISAT Patancheru, Hyderabad - TSPCB",HYD_0036,17.52,78.27,9.756818181818184,88,91.66666666666666
2025-01-26,site_251,"ICRISAT Patancheru, Hyderabad - TSPCB",HYD_0036,17.52,78.27,12.454444444444446,90,93.75
2025-01-27,site_251,"ICRISAT Patancheru, Hyderabad - TSPCB",HYD_0036,17.52,78.27,11.268292682926829,82,85.41666666666666
2025-01-28,site_251,"ICRISAT Patancheru, Hyderabad - TSPCB",HYD_0036,17.52,78.27,11.08735632183908,87,90.625
2025-01-29,site_251,"ICRISAT Patancheru, Hyderabad - TSPCB",HYD_0036,17.52,78.27,10.572619047619048,84,87.5
2025-01-30,site_251,"ICRISAT Patancheru, Hyderabad - TSPCB",HYD_0036,17.52,78.27,11.64,90,93.75
2025-01-31,site_251,"ICRISAT Patancheru, Hyderabad - TSPCB",HYD_0036,17.52,78.27,12.106818181818182,88,91.66666666666666
2025-02-01,site_251,"ICRISAT Patancheru, Hyderabad - TSPCB",HYD_0036,17.52,78.27,11.543820224719102,89,92.70833333333334
2025-02-02,site_251,"ICRISAT Patancheru, Hyderabad - TSPCB",HYD_0036,17.52,78.27,10.92808988764045,89,92.70833333333334
2025-02-03,site_251,"ICRISAT Patancheru, Hyderabad - TSPCB",HYD_0036,17.52,78.27,9.019318181818182,88,91.66666666666666
2025-02-04,site_251,"ICRISAT Patancheru, Hyderabad - TSPCB",HYD_0036,17.52,78.27,12.1438202247191,89,92.70833333333334
2025-02-05,site_251,"ICRISAT Patancheru, Hyderabad - TSPCB",HYD_0036,17.52,78.27,11.590697674418603,86,89.58333333333334
2025-02-06,site_251,"ICRISAT Patancheru, Hyderabad - TSPCB",HYD_0036,17.52,78.27,9.082954545454545,88,91.66666666666666
2025-02-07,site_251,"ICRISAT Patancheru, Hyderabad - TSPCB",HYD_0036,17.52,78.27,12.835555555555556,90,93.75
2025-02-08,site_251,"ICRISAT Patancheru, Hyderabad - TSPCB",HYD_0036,17.52,78.27,,57,59.375
2025-02-09,site_251,"ICRISAT Patancheru, Hyderabad - TSPCB",HYD_0036,17.52,78.27,13.506741573033707,89,92.70833333333334
2025-02-10,site_251,"ICRISAT Patancheru, Hyderabad - TSPCB",HYD_0036,17.52,78.27,10.334444444444443,90,93.75
2025-02-11,site_251,"ICRISAT Patancheru, Hyderabad - TSPCB",HYD_0036,17.52,78.27,11.374157303370788,89,92.70833333333334
2025-02-12,site_251,"ICRISAT Patancheru, Hyderabad - TSPCB",HYD_0036,17.52,78.27,13.81046511627907,86,89.58333333333334
2025-02-13,site_251,"ICRISAT Patancheru, Hyderabad - TSPCB",HYD_0036,17.52,78.27,15.978888888888887,90,93.75
2025-02-14,site_251,"ICRISAT Patancheru, Hyderabad - TSPCB",HYD_0036,17.52,78.27,16.459340659340658,91,94.79166666666666
2025-02-15,site_251,"ICRISAT Patancheru, Hyderabad - TSPCB",HYD_0036,17.52,78.27,15.074444444444444,90,93.75
2025-02-16,site_251,"ICRISAT Patancheru, Hyderabad - TSPCB",HYD_0036,17.52,78.27,14.810344827586206,87,90.625
2025-02-17,site_251,"ICRISAT Patancheru, Hyderabad - TSPCB",HYD_0036,17.52,78.27,12.814444444444444,90,93.75
2025-02-18,site_251,"ICRISAT Patancheru, Hyderabad - TSPCB",HYD_0036,17.52,78.27,10.540909090909093,88,91.66666666666666
2025-02-19,site_251,"ICRISAT Patancheru, Hyderabad - TSPCB",HYD_0036,17.52,78.27,10.916483516483517,91,94.79166666666666
2025-02-20,site_251,"ICRISAT Patancheru, Hyderabad - TSPCB",HYD_0036,17.52,78.27,12.114285714285716,91,94.79166666666666
2025-02-21,site_251,"ICRISAT Patancheru, Hyderabad - TSPCB",HYD_0036,17.52,78.27,11.56206896551724,87,90.625
2025-02-22,site_251,"ICRISAT Patancheru, Hyderabad - TSPCB",HYD_0036,17.52,78.27,16.587777777777777,90,93.75
2025-02-23,site_251,"ICRISAT Patancheru, Hyderabad - TSPCB",HYD_0036,17.52,78.27,15.137078651685394,89,92.70833333333334
2025-02-24,site_251,"ICRISAT Patancheru, Hyderabad - TSPCB",HYD_0036,17.52,78.27,11.803703703703704,81,84.375
2025-02-25,site_251,"ICRISAT Patancheru, Hyderabad - TSPCB",HYD_0036,17.52,78.27,10.370114942528735,87,90.625
2025-02-26,site_251,"ICRISAT Patancheru, Hyderabad - TSPCB",HYD_0036,17.52,78.27,15.02638888888889,72,75.0
2025-02-27,site_251,"ICRISAT Patancheru, Hyderabad - TSPCB",HYD_0036,17.52,78.27,10.51777777777778,90,93.75
2025-02-28,site_251,"ICRISAT Patancheru, Hyderabad - TSPCB",HYD_0036,17.52,78.27,10.435955056179775,89,92.70833333333334
2025-03-01,site_251,"ICRISAT Patancheru, Hyderabad - TSPCB",HYD_0036,17.52,78.27,10.663529411764706,85,88.54166666666666
2025-03-02,site_251,"ICRISAT Patancheru, Hyderabad - TSPCB",HYD_0036,17.52,78.27,11.621111111111112,90,93.75
2025-03-03,site_251,"ICRISAT Patancheru, Hyderabad - TSPCB",HYD_0036,17.52,78.27,12.157471264367816,87,90.625
2025-03-04,site_251,"ICRISAT Patancheru, Hyderabad - TSPCB",HYD_0036,17.52,78.27,18.10439560439561,91,94.79166666666666
2025-03-05,site_251,"ICRISAT Patancheru, Hyderabad - TSPCB",HYD_0036,17.52,78.27,16.34269662921348,89,92.70833333333334
2025-03-06,site_251,"ICRISAT Patancheru, Hyderabad - TSPCB",HYD_0036,17.52,78.27,15.53,80,83.33333333333334
2025-03-07,site_251,"ICRISAT Patancheru, Hyderabad - TSPCB",HYD_0036,17.52,78.27,17.20769230769231,91,94.79166666666666
2025-03-08,site_251,"ICRISAT Patancheru, Hyderabad - TSPCB",HYD_0036,17.52,78.27,18.866666666666667,87,90.625
2025-03-09,site_251,"ICRISAT Patancheru, Hyderabad - TSPCB",HYD_0036,17.52,78.27,13.360975609756096,82,85.41666666666666
2025-03-10,site_251,"ICRISAT Patancheru, Hyderabad - TSPCB",HYD_0036,17.52,78.27,8.1,76,79.16666666666666
2025-03-11,site_251,"ICRISAT Patancheru, Hyderabad - TSPCB",HYD_0036,17.52,78.27,11.784269662921348,89,92.70833333333334
2025-03-12,site_251,"ICRISAT Patancheru, Hyderabad - TSPCB",HYD_0036,17.52,78.27,14.020224719101122,89,92.70833333333334
2025-03-13,site_251,"ICRISAT Patancheru, Hyderabad - TSPCB",HYD_0036,17.52,78.27,12.665853658536584,82,85.41666666666666
2025-03-14,site_251,"ICRISAT Patancheru, Hyderabad - TSPCB",HYD_0036,17.52,78.27,12.104545454545455,88,91.66666666666666
2025-03-15,site_251,"ICRISAT Patancheru, Hyderabad - TSPCB",HYD_0036,17.52,78.27,10.058823529411764,85,88.54166666666666
2025-03-16,site_251,"ICRISAT Patancheru, Hyderabad - TSPCB",HYD_0036,17.52,78.27,9.880898876404494,89,92.70833333333334
2025-03-17,site_251,"ICRISAT Patancheru, Hyderabad - TSPCB",HYD_0036,17.52,78.27,9.767441860465116,86,89.58333333333334
2025-03-18,site_251,"ICRISAT Patancheru, Hyderabad - TSPCB",HYD_0036,17.52,78.27,13.192222222222222,90,93.75
2025-03-19,site_251,"ICRISAT Patancheru, Hyderabad - TSPCB",HYD_0036,17.52,78.27,10.772941176470589,85,88.54166666666666
2025-03-20,site_251,"ICRISAT Patancheru, Hyderabad - TSPCB",HYD_0036,17.52,78.27,9.920689655172414,87,90.625
2025-03-21,site_251,"ICRISAT Patancheru, Hyderabad - TSPCB",HYD_0036,17.52,78.27,8.441772151898734,79,82.29166666666666
2025-03-22,site_251,"ICRISAT Patancheru, Hyderabad - TSPCB",HYD_0036,17.52,78.27,,53,55.208333333333336
2025-03-23,site_251,"ICRISAT Patancheru, Hyderabad - TSPCB",HYD_0036,17.52,78.27,10.542682926829269,82,85.41666666666666
2025-03-24,site_251,"ICRISAT Patancheru, Hyderabad - TSPCB",HYD_0036,17.52,78.27,11.751648351648353,91,94.79166666666666
2025-03-25,site_251,"ICRISAT Patancheru, Hyderabad - TSPCB",HYD_0036,17.52,78.27,11.685393258426966,89,92.70833333333334
2025-03-26,site_251,"ICRISAT Patancheru, Hyderabad - TSPCB",HYD_0036,17.52,78.27,11.442857142857145,77,80.20833333333334
2025-03-27,site_251,"ICRISAT Patancheru, Hyderabad - TSPCB",HYD_0036,17.52,78.27,12.425555555555556,90,93.75
2025-03-28,site_251,"ICRISAT Patancheru, Hyderabad - TSPCB",HYD_0036,17.52,78.27,14.4,86,89.58333333333334
2025-03-29,site_251,"ICRISAT Patancheru, Hyderabad - TSPCB",HYD_0036,17.52,78.27,14.34318181818182,88,91.66666666666666
2025-03-30,site_251,"ICRISAT Patancheru, Hyderabad - TSPCB",HYD_0036,17.52,78.27,9.95,84,87.5
2025-03-31,site_251,"ICRISAT Patancheru, Hyderabad - TSPCB",HYD_0036,17.52,78.27,8.8,82,85.41666666666666
2025-04-01,site_251,"ICRISAT Patancheru, Hyderabad - TSPCB",HYD_0036,17.52,78.27,11.368888888888888,90,93.75
2025-04-02,site_251,"ICRISAT Patancheru, Hyderabad - TSPCB",HYD_0036,17.52,78.27,9.275555555555554,90,93.75
2025-04-03,site_251,"ICRISAT Patancheru, Hyderabad - TSPCB",HYD_0036,17.52,78.27,8.115294117647059,85,88.54166666666666
2025-04-04,site_251,"ICRISAT Patancheru, Hyderabad - TSPCB",HYD_0036,17.52,78.27,9.401136363636365,88,91.66666666666666
2025-04-05,site_251,"ICRISAT Patancheru, Hyderabad - TSPCB",HYD_0036,17.52,78.27,11.80561797752809,89,92.70833333333334
2025-04-06,site_251,"ICRISAT Patancheru, Hyderabad - TSPCB",HYD_0036,17.52,78.27,9.836363636363636,88,91.66666666666666
2025-04-07,site_251,"ICRISAT Patancheru, Hyderabad - TSPCB",HYD_0036,17.52,78.27,10.50375,80,83.33333333333334
2025-04-08,site_251,"ICRISAT Patancheru, Hyderabad - TSPCB",HYD_0036,17.52,78.27,9.62763157894737,76,79.16666666666666
2025-04-09,site_251,"ICRISAT Patancheru, Hyderabad - TSPCB",HYD_0036,17.52,78.27,9.419512195121952,82,85.41666666666666
2025-04-10,site_251,"ICRISAT Patancheru, Hyderabad - TSPCB",HYD_0036,17.52,78.27,9.51931818181818,88,91.66666666666666
2025-04-11,site_251,"ICRISAT Patancheru, Hyderabad - TSPCB",HYD_0036,17.52,78.27,9.65,90,93.75
2025-04-12,site_251,"ICRISAT Patancheru, Hyderabad - TSPCB",HYD_0036,17.52,78.27,,49,51.04166666666666
2025-04-13,site_251,"ICRISAT Patancheru, Hyderabad - TSPCB",HYD_0036,17.52,78.27,13.798913043478262,92,95.83333333333334
2025-04-14,site_251,"ICRISAT Patancheru, Hyderabad - TSPCB",HYD_0036,17.52,78.27,7.854945054945055,91,94.79166666666666
2025-04-15,site_251,"ICRISAT Patancheru, Hyderabad - TSPCB",HYD_0036,17.52,78.27,10.63157894736842,76,79.16666666666666
2025-04-16,site_251,"ICRISAT Patancheru, Hyderabad - TSPCB",HYD_0036,17.52,78.27,,70,72.91666666666666
2025-04-17,site_251,"ICRISAT Patancheru, Hyderabad - TSPCB",HYD_0036,17.52,78.27,9.086516853932585,89,92.70833333333334
2025-04-18,site_251,"ICRISAT Patancheru, Hyderabad - TSPCB",HYD_0036,17.52,78.27,11.43409090909091,88,91.66666666666666
2025-04-19,site_251,"ICRISAT Patancheru, Hyderabad - TSPCB",HYD_0036,17.52,78.27,10.035632183908046,87,90.625
2025-04-20,site_251,"ICRISAT Patancheru, Hyderabad - TSPCB",HYD_0036,17.52,78.27,9.778571428571428,84,87.5
2025-04-21,site_251,"ICRISAT Patancheru, Hyderabad - TSPCB",HYD_0036,17.52,78.27,9.66,90,93.75
2025-04-22,site_251,"ICRISAT Patancheru, Hyderabad - TSPCB",HYD_0036,17.52,78.27,,64,66.66666666666666
2025-04-23,site_251,"ICRISAT Patancheru, Hyderabad - TSPCB",HYD_0036,17.52,78.27,9.291463414634146,82,85.41666666666666
2025-04-24,site_251,"ICRISAT Patancheru, Hyderabad - TSPCB",HYD_0036,17.52,78.27,8.760227272727272,88,91.66666666666666
2025-04-25,site_251,"ICRISAT Patancheru, Hyderabad - TSPCB",HYD_0036,17.52,78.27,8.125555555555556,90,93.75
2025-04-26,site_251,"ICRISAT Patancheru, Hyderabad - TSPCB",HYD_0036,17.52,78.27,9.585714285714284,91,94.79166666666666
2025-04-27,site_251,"ICRISAT Patancheru, Hyderabad - TSPCB",HYD_0036,17.52,78.27,9.532222222222222,90,93.75
2025-04-28,site_251,"ICRISAT Patancheru, Hyderabad - TSPCB",HYD_0036,17.52,78.27,5.19080459770115,87,90.625
2025-04-29,site_251,"ICRISAT Patancheru, Hyderabad - TSPCB",HYD_0036,17.52,78.27,8.212222222222222,90,93.75
2025-04-30,site_251,"ICRISAT Patancheru, Hyderabad - TSPCB",HYD_0036,17.52,78.27,8.659770114942528,87,90.625
2025-05-01,site_251,"ICRISAT Patancheru, Hyderabad - TSPCB",HYD_0036,17.52,78.27,9.264935064935065,77,80.20833333333334
2025-05-02,site_251,"ICRISAT Patancheru, Hyderabad - TSPCB",HYD_0036,17.52,78.27,7.540909090909091,88,91.66666666666666
2025-05-03,site_251,"ICRISAT Patancheru, Hyderabad - TSPCB",HYD_0036,17.52,78.27,7.2,87,90.625
2025-05-04,site_251,"ICRISAT Patancheru, Hyderabad - TSPCB",HYD_0036,17.52,78.27,9.822727272727272,88,91.66666666666666
2025-05-05,site_251,"ICRISAT Patancheru, Hyderabad - TSPCB",HYD_0036,17.52,78.27,7.713953488372093,86,89.58333333333334
2025-05-06,site_251,"ICRISAT Patancheru, Hyderabad - TSPCB",HYD_0036,17.52,78.27,6.387640449438202,89,92.70833333333334
2025-05-07,site_251,"ICRISAT Patancheru, Hyderabad - TSPCB",HYD_0036,17.52,78.27,8.420454545454545,88,91.66666666666666
2025-05-08,site_251,"ICRISAT Patancheru, Hyderabad - TSPCB",HYD_0036,17.52,78.27,9.284415584415584,77,80.20833333333334
2025-05-09,site_251,"ICRISAT Patancheru, Hyderabad - TSPCB",HYD_0036,17.52,78.27,7.843023255813954,86,89.58333333333334
2025-05-10,site_251,"ICRISAT Patancheru, Hyderabad - TSPCB",HYD_0036,17.52,78.27,8.678409090909092,88,91.66666666666666
2025-05-11,site_251,"ICRISAT Patancheru, Hyderabad - TSPCB",HYD_0036,17.52,78.27,8.71923076923077,78,81.25
2025-05-12,site_251,"ICRISAT Patancheru, Hyderabad - TSPCB",HYD_0036,17.52,78.27,9.62967032967033,91,94.79166666666666
2025-05-13,site_251,"ICRISAT Patancheru, Hyderabad - TSPCB",HYD_0036,17.52,78.27,10.036263736263736,91,94.79166666666666
2025-05-14,site_251,"ICRISAT Patancheru, Hyderabad - TSPCB",HYD_0036,17.52,78.27,10.011111111111113,72,75.0
2025-05-15,site_251,"ICRISAT Patancheru, Hyderabad - TSPCB",HYD_0036,17.52,78.27,10.34235294117647,85,88.54166666666666
2025-05-16,site_251,"ICRISAT Patancheru, Hyderabad - TSPCB",HYD_0036,17.52,78.27,10.093333333333334,90,93.75
2025-05-17,site_251,"ICRISAT Patancheru, Hyderabad - TSPCB",HYD_0036,17.52,78.27,9.739743589743588,78,81.25
2025-05-18,site_251,"ICRISAT Patancheru, Hyderabad - TSPCB",HYD_0036,17.52,78.27,9.757777777777775,90,93.75
2025-05-19,site_251,"ICRISAT Patancheru, Hyderabad - TSPCB",HYD_0036,17.52,78.27,9.711235955056178,89,92.70833333333334
2025-05-20,site_251,"ICRISAT Patancheru, Hyderabad - TSPCB",HYD_0036,17.52,78.27,9.659090909090908,88,91.66666666666666
2025-05-21,site_251,"ICRISAT Patancheru, Hyderabad - TSPCB",HYD_0036,17.52,78.27,,71,73.95833333333334
2025-05-22,site_251,"ICRISAT Patancheru, Hyderabad - TSPCB",HYD_0036,17.52,78.27,,70,72.91666666666666
2025-05-23,site_251,"ICRISAT Patancheru, Hyderabad - TSPCB",HYD_0036,17.52,78.27,4.032911392405064,79,82.29166666666666
2025-05-24,site_251,"ICRISAT Patancheru, Hyderabad - TSPCB",HYD_0036,17.52,78.27,6.77816091954023,87,90.625
2025-05-25,site_251,"ICRISAT Patancheru, Hyderabad - TSPCB",HYD_0036,17.52,78.27,7.638461538461538,78,81.25
2025-05-26,site_251,"ICRISAT Patancheru, Hyderabad - TSPCB",HYD_0036,17.52,78.27,8.057303370786517,89,92.70833333333334
2025-05-27,site_251,"ICRISAT Patancheru, Hyderabad - TSPCB",HYD_0036,17.52,78.27,7.896551724137931,87,90.625
2025-05-28,site_251,"ICRISAT Patancheru, Hyderabad - TSPCB",HYD_0036,17.52,78.27,8.737777777777778,90,93.75
2025-05-29,site_251,"ICRISAT Patancheru, Hyderabad - TSPCB",HYD_0036,17.52,78.27,6.856179775280899,89,92.70833333333334
2025-05-30,site_251,"ICRISAT Patancheru, Hyderabad - TSPCB",HYD_0036,17.52,78.27,7.668292682926829,82,85.41666666666666
2025-05-31,site_251,"ICRISAT Patancheru, Hyderabad - TSPCB",HYD_0036,17.52,78.27,4.672727272727273,88,91.66666666666666
2025-06-01,site_251,"ICRISAT Patancheru, Hyderabad - TSPCB",HYD_0036,17.52,78.27,5.529545454545455,88,91.66666666666666
2025-06-02,site_251,"ICRISAT Patancheru, Hyderabad - TSPCB",HYD_0036,17.52,78.27,5.631460674157303,89,92.70833333333334
2025-06-03,site_251,"ICRISAT Patancheru, Hyderabad - TSPCB",HYD_0036,17.52,78.27,5.510989010989011,91,94.79166666666666
2025-06-04,site_251,"ICRISAT Patancheru, Hyderabad - TSPCB",HYD_0036,17.52,78.27,5.405494505494505,91,94.79166666666666
2025-06-05,site_251,"ICRISAT Patancheru, Hyderabad - TSPCB",HYD_0036,17.52,78.27,7.630864197530864,81,84.375
2025-06-06,site_251,"ICRISAT Patancheru, Hyderabad - TSPCB",HYD_0036,17.52,78.27,8.178888888888888,90,93.75
2025-06-07,site_251,"ICRISAT Patancheru, Hyderabad - TSPCB",HYD_0036,17.52,78.27,8.192307692307692,91,94.79166666666666
2025-06-08,site_251,"ICRISAT Patancheru, Hyderabad - TSPCB",HYD_0036,17.52,78.27,7.85,74,77.08333333333334
2025-06-09,site_251,"ICRISAT Patancheru, Hyderabad - TSPCB",HYD_0036,17.52,78.27,7.954545454545454,88,91.66666666666666
2025-06-10,site_251,"ICRISAT Patancheru, Hyderabad - TSPCB",HYD_0036,17.52,78.27,7.288636363636363,88,91.66666666666666
2025-06-11,site_251,"ICRISAT Patancheru, Hyderabad - TSPCB",HYD_0036,17.52,78.27,7.3125,88,91.66666666666666
2025-06-12,site_251,"ICRISAT Patancheru, Hyderabad - TSPCB",HYD_0036,17.52,78.27,,68,70.83333333333334
2025-06-13,site_251,"ICRISAT Patancheru, Hyderabad - TSPCB",HYD_0036,17.52,78.27,11.048192771084338,83,86.45833333333334
2025-06-14,site_251,"ICRISAT Patancheru, Hyderabad - TSPCB",HYD_0036,17.52,78.27,,68,70.83333333333334
2025-06-15,site_251,"ICRISAT Patancheru, Hyderabad - TSPCB",HYD_0036,17.52,78.27,,71,73.95833333333334
2025-06-16,site_251,"ICRISAT Patancheru, Hyderabad - TSPCB",HYD_0036,17.52,78.27,5.81685393258427,89,92.70833333333334
2025-06-17,site_251,"ICRISAT Patancheru, Hyderabad - TSPCB",HYD_0036,17.52,78.27,5.7561797752808985,89,92.70833333333334
2025-06-18,site_251,"ICRISAT Patancheru, Hyderabad - TSPCB",HYD_0036,17.52,78.27,4.918888888888889,90,93.75
2025-06-19,site_251,"ICRISAT Patancheru, Hyderabad - TSPCB",HYD_0036,17.52,78.27,5.76625,80,83.33333333333334
2025-06-20,site_251,"ICRISAT Patancheru, Hyderabad - TSPCB",HYD_0036,17.52,78.27,,60,62.5
2025-06-21,site_251,"ICRISAT Patancheru, Hyderabad - TSPCB",HYD_0036,17.52,78.27,,70,72.91666666666666
2025-06-22,site_251,"ICRISAT Patancheru, Hyderabad - TSPCB",HYD_0036,17.52,78.27,5.379310344827586,87,90.625
2025-06-23,site_251,"ICRISAT Patancheru, Hyderabad - TSPCB",HYD_0036,17.52,78.27,6.086516853932585,89,92.70833333333334
2025-06-24,site_251,"ICRISAT Patancheru, Hyderabad - TSPCB",HYD_0036,17.52,78.27,,71,73.95833333333334
2025-06-25,site_251,"ICRISAT Patancheru, Hyderabad - TSPCB",HYD_0036,17.52,78.27,5.031460674157303,89,92.70833333333334
2025-06-26,site_251,"ICRISAT Patancheru, Hyderabad - TSPCB",HYD_0036,17.52,78.27,7.474074074074074,81,84.375
2025-06-27,site_251,"ICRISAT Patancheru, Hyderabad - TSPCB",HYD_0036,17.52,78.27,5.151648351648352,91,94.79166666666666
2025-06-28,site_251,"ICRISAT Patancheru, Hyderabad - TSPCB",HYD_0036,17.52,78.27,6.779518072289157,83,86.45833333333334
2025-06-29,site_251,"ICRISAT Patancheru, Hyderabad - TSPCB",HYD_0036,17.52,78.27,,63,65.625
2025-06-30,site_251,"ICRISAT Patancheru, Hyderabad - TSPCB",HYD_0036,17.52,78.27,,65,67.70833333333334
2025-07-01,site_251,"ICRISAT Patancheru, Hyderabad - TSPCB",HYD_0036,17.52,78.27,6.438888888888889,90,93.75
2025-07-02,site_251,"ICRISAT Patancheru, Hyderabad - TSPCB",HYD_0036,17.52,78.27,,54,56.25
2025-07-03,site_251,"ICRISAT Patancheru, Hyderabad - TSPCB",HYD_0036,17.52,78.27,9.026666666666667,75,78.125
2025-07-04,site_251,"ICRISAT Patancheru, Hyderabad - TSPCB",HYD_0036,17.52,78.27,8.862637362637363,91,94.79166666666666
2025-07-05,site_251,"ICRISAT Patancheru, Hyderabad - TSPCB",HYD_0036,17.52,78.27,9.708219178082192,73,76.04166666666666
2025-07-06,site_251,"ICRISAT Patancheru, Hyderabad - TSPCB",HYD_0036,17.52,78.27,15.155,80,83.33333333333334
2025-07-07,site_251,"ICRISAT Patancheru, Hyderabad - TSPCB",HYD_0036,17.52,78.27,13.28354430379747,79,82.29166666666666
2025-07-08,site_251,"ICRISAT Patancheru, Hyderabad - TSPCB",HYD_0036,17.52,78.27,10.533333333333331,84,87.5
2025-07-09,site_251,"ICRISAT Patancheru, Hyderabad - TSPCB",HYD_0036,17.52,78.27,9.435227272727271,88,91.66666666666666
2025-07-10,site_251,"ICRISAT Patancheru, Hyderabad - TSPCB",HYD_0036,17.52,78.27,8.629885057471265,87,90.625
2025-07-11,site_251,"ICRISAT Patancheru, Hyderabad - TSPCB",HYD_0036,17.52,78.27,7.194186046511627,86,89.58333333333334
2025-07-12,site_251,"ICRISAT Patancheru, Hyderabad - TSPCB",HYD_0036,17.52,78.27,7.7465753424657535,73,76.04166666666666
2025-07-13,site_251,"ICRISAT Patancheru, Hyderabad - TSPCB",HYD_0036,17.52,78.27,8.516216216216216,74,77.08333333333334
2025-07-14,site_251,"ICRISAT Patancheru, Hyderabad - TSPCB",HYD_0036,17.52,78.27,6.780769230769231,78,81.25
2025-07-15,site_251,"ICRISAT Patancheru, Hyderabad - TSPCB",HYD_0036,17.52,78.27,,71,73.95833333333334
2025-07-16,site_251,"ICRISAT Patancheru, Hyderabad - TSPCB",HYD_0036,17.52,78.27,9.879310344827584,87,90.625
2025-07-17,site_251,"ICRISAT Patancheru, Hyderabad - TSPCB",HYD_0036,17.52,78.27,8.790000000000001,90,93.75
2025-07-18,site_251,"ICRISAT Patancheru, Hyderabad - TSPCB",HYD_0036,17.52,78.27,,54,56.25
2025-07-19,site_251,"ICRISAT Patancheru, Hyderabad - TSPCB",HYD_0036,17.52,78.27,7.379545454545454,88,91.66666666666666
2025-07-20,site_251,"ICRISAT Patancheru, Hyderabad - TSPCB",HYD_0036,17.52,78.27,8.218181818181819,88,91.66666666666666
2025-07-21,site_251,"ICRISAT Patancheru, Hyderabad - TSPCB",HYD_0036,17.52,78.27,,49,51.04166666666666
2025-07-22,site_251,"ICRISAT Patancheru, Hyderabad - TSPCB",HYD_0036,17.52,78.27,9.403571428571428,84,87.5
2025-07-23,site_251,"ICRISAT Patancheru, Hyderabad - TSPCB",HYD_0036,17.52,78.27,,64,66.66666666666666
2025-07-24,site_251,"ICRISAT Patancheru, Hyderabad - TSPCB",HYD_0036,17.52,78.27,,68,70.83333333333334
2025-07-25,site_251,"ICRISAT Patancheru, Hyderabad - TSPCB",HYD_0036,17.52,78.27,,65,67.70833333333334
2025-07-26,site_251,"ICRISAT Patancheru, Hyderabad - TSPCB",HYD_0036,17.52,78.27,,71,73.95833333333334
2025-07-27,site_251,"ICRISAT Patancheru, Hyderabad - TSPCB",HYD_0036,17.52,78.27,,40,41.66666666666667
2025-07-28,site_251,"ICRISAT Patancheru, Hyderabad - TSPCB",HYD_0036,17.52,78.27,8.866233766233767,77,80.20833333333334
2025-07-29,site_251,"ICRISAT Patancheru, Hyderabad - TSPCB",HYD_0036,17.52,78.27,6.4584415584415575,77,80.20833333333334
2025-07-30,site_251,"ICRISAT Patancheru, Hyderabad - TSPCB",HYD_0036,17.52,78.27,5.318888888888889,90,93.75
2025-07-31,site_251,"ICRISAT Patancheru, Hyderabad - TSPCB",HYD_0036,17.52,78.27,6.585542168674699,83,86.45833333333334
2025-08-01,site_251,"ICRISAT Patancheru, Hyderabad - TSPCB",HYD_0036,17.52,78.27,7.2444444444444445,90,93.75
2025-08-02,site_251,"ICRISAT Patancheru, Hyderabad - TSPCB",HYD_0036,17.52,78.27,5.971621621621622,74,77.08333333333334
2025-08-03,site_251,"ICRISAT Patancheru, Hyderabad - TSPCB",HYD_0036,17.52,78.27,7.7671052631578945,76,79.16666666666666
2025-08-04,site_251,"ICRISAT Patancheru, Hyderabad - TSPCB",HYD_0036,17.52,78.27,5.317441860465117,86,89.58333333333334
2025-08-05,site_251,"ICRISAT Patancheru, Hyderabad - TSPCB",HYD_0036,17.52,78.27,8.86043956043956,91,94.79166666666666
2025-08-06,site_251,"ICRISAT Patancheru, Hyderabad - TSPCB",HYD_0036,17.52,78.27,9.675555555555556,90,93.75
2025-08-07,site_251,"ICRISAT Patancheru, Hyderabad - TSPCB",HYD_0036,17.52,78.27,9.17159090909091,88,91.66666666666666
2025-08-08,site_251,"ICRISAT Patancheru, Hyderabad - TSPCB",HYD_0036,17.52,78.27,9.613924050632912,79,82.29166666666666
2025-08-09,site_251,"ICRISAT Patancheru, Hyderabad - TSPCB",HYD_0036,17.52,78.27,9.8375,80,83.33333333333334
2025-08-10,site_251,"ICRISAT Patancheru, Hyderabad - TSPCB",HYD_0036,17.52,78.27,7.654545454545454,77,80.20833333333334
2025-08-11,site_251,"ICRISAT Patancheru, Hyderabad - TSPCB",HYD_0036,17.52,78.27,7.81875,80,83.33333333333334
2025-08-12,site_251,"ICRISAT Patancheru, Hyderabad - TSPCB",HYD_0036,17.52,78.27,3.791566265060241,83,86.45833333333334
2025-08-13,site_251,"ICRISAT Patancheru, Hyderabad - TSPCB",HYD_0036,17.52,78.27,5.9375,72,75.0
2025-08-14,site_251,"ICRISAT Patancheru, Hyderabad - TSPCB",HYD_0036,17.52,78.27,5.634246575342466,73,76.04166666666666
2025-08-15,site_251,"ICRISAT Patancheru, Hyderabad - TSPCB",HYD_0036,17.52,78.27,5.407692307692308,78,81.25
2025-08-16,site_251,"ICRISAT Patancheru, Hyderabad - TSPCB",HYD_0036,17.52,78.27,4.925806451612903,93,96.875
2025-08-17,site_251,"ICRISAT Patancheru, Hyderabad - TSPCB",HYD_0036,17.52,78.27,,70,72.91666666666666
2025-08-18,site_251,"ICRISAT Patancheru, Hyderabad - TSPCB",HYD_0036,17.52,78.27,4.607792207792208,77,80.20833333333334
2025-08-19,site_251,"ICRISAT Patancheru, Hyderabad - TSPCB",HYD_0036,17.52,78.27,4.673333333333333,75,78.125
2025-08-20,site_251,"ICRISAT Patancheru, Hyderabad - TSPCB",HYD_0036,17.52,78.27,3.9,76,79.16666666666666
2025-08-21,site_251,"ICRISAT Patancheru, Hyderabad - TSPCB",HYD_0036,17.52,78.27,3.905405405405405,74,77.08333333333334
2025-08-22,site_251,"ICRISAT Patancheru, Hyderabad - TSPCB",HYD_0036,17.52,78.27,3.513636363636364,88,91.66666666666666
2025-08-23,site_251,"ICRISAT Patancheru, Hyderabad - TSPCB",HYD_0036,17.52,78.27,4.198717948717949,78,81.25
2025-08-24,site_251,"ICRISAT Patancheru, Hyderabad - TSPCB",HYD_0036,17.52,78.27,,55,57.29166666666666
2025-08-25,site_251,"ICRISAT Patancheru, Hyderabad - TSPCB",HYD_0036,17.52,78.27,3.9877777777777776,90,93.75
2025-08-26,site_251,"ICRISAT Patancheru, Hyderabad - TSPCB",HYD_0036,17.52,78.27,4.69080459770115,87,90.625
2025-08-27,site_251,"ICRISAT Patancheru, Hyderabad - TSPCB",HYD_0036,17.52,78.27,4.671910112359551,89,92.70833333333334
2025-08-28,site_251,"ICRISAT Patancheru, Hyderabad - TSPCB",HYD_0036,17.52,78.27,5.046666666666667,90,93.75
2025-08-29,site_251,"ICRISAT Patancheru, Hyderabad - TSPCB",HYD_0036,17.52,78.27,3.640449438202247,89,92.70833333333334
2025-08-30,site_251,"ICRISAT Patancheru, Hyderabad - TSPCB",HYD_0036,17.52,78.27,,71,73.95833333333334
2025-08-31,site_251,"ICRISAT Patancheru, Hyderabad - TSPCB",HYD_0036,17.52,78.27,,62,64.58333333333334
2025-01-01,site_275,"IDA Pashamylaram, Hyderabad - TSPCB",HYD_0001,17.55,78.22,45.174193548387095,93,96.875
2025-01-02,site_275,"IDA Pashamylaram, Hyderabad - TSPCB",HYD_0001,17.55,78.22,46.61612903225807,93,96.875
2025-01-03,site_275,"IDA Pashamylaram, Hyderabad - TSPCB",HYD_0001,17.55,78.22,50.20537634408603,93,96.875
2025-01-04,site_275,"IDA Pashamylaram, Hyderabad - TSPCB",HYD_0001,17.55,78.22,52.751612903225805,93,96.875
2025-01-05,site_275,"IDA Pashamylaram, Hyderabad - TSPCB",HYD_0001,17.55,78.22,41.63010752688172,93,96.875
2025-01-06,site_275,"IDA Pashamylaram, Hyderabad - TSPCB",HYD_0001,17.55,78.22,40.51397849462366,93,96.875
2025-01-07,site_275,"IDA Pashamylaram, Hyderabad - TSPCB",HYD_0001,17.55,78.22,45.06021505376344,93,96.875
2025-01-08,site_275,"IDA Pashamylaram, Hyderabad - TSPCB",HYD_0001,17.55,78.22,47.18387096774194,93,96.875
2025-01-09,site_275,"IDA Pashamylaram, Hyderabad - TSPCB",HYD_0001,17.55,78.22,45.26129032258065,93,96.875
2025-01-10,site_275,"IDA Pashamylaram, Hyderabad - TSPCB",HYD_0001,17.55,78.22,41.2989247311828,93,96.875
2025-01-11,site_275,"IDA Pashamylaram, Hyderabad - TSPCB",HYD_0001,17.55,78.22,35.596774193548384,93,96.875
2025-01-12,site_275,"IDA Pashamylaram, Hyderabad - TSPCB",HYD_0001,17.55,78.22,34.79032258064516,93,96.875
2025-01-13,site_275,"IDA Pashamylaram, Hyderabad - TSPCB",HYD_0001,17.55,78.22,39.494623655913976,93,96.875
2025-01-14,site_275,"IDA Pashamylaram, Hyderabad - TSPCB",HYD_0001,17.55,78.22,39.61397849462365,93,96.875
2025-01-15,site_275,"IDA Pashamylaram, Hyderabad - TSPCB",HYD_0001,17.55,78.22,37.67204301075269,93,96.875
2025-01-16,site_275,"IDA Pashamylaram, Hyderabad - TSPCB",HYD_0001,17.55,78.22,39.01428571428572,91,94.79166666666666
2025-01-17,site_275,"IDA Pashamylaram, Hyderabad - TSPCB",HYD_0001,17.55,78.22,43.16774193548387,93,96.875
2025-01-18,site_275,"IDA Pashamylaram, Hyderabad - TSPCB",HYD_0001,17.55,78.22,44.00108695652174,92,95.83333333333334
2025-01-19,site_275,"IDA Pashamylaram, Hyderabad - TSPCB",HYD_0001,17.55,78.22,47.67173913043479,92,95.83333333333334
2025-01-20,site_275,"IDA Pashamylaram, Hyderabad - TSPCB",HYD_0001,17.55,78.22,47.24731182795699,93,96.875
2025-01-21,site_275,"IDA Pashamylaram, Hyderabad - TSPCB",HYD_0001,17.55,78.22,44.05652173913043,92,95.83333333333334
2025-01-22,site_275,"IDA Pashamylaram, Hyderabad - TSPCB",HYD_0001,17.55,78.22,43.99247311827957,93,96.875
2025-01-23,site_275,"IDA Pashamylaram, Hyderabad - TSPCB",HYD_0001,17.55,78.22,36.47362637362637,91,94.79166666666666
2025-01-24,site_275,"IDA Pashamylaram, Hyderabad - TSPCB",HYD_0001,17.55,78.22,36.25164835164836,91,94.79166666666666
2025-01-25,site_275,"IDA Pashamylaram, Hyderabad - TSPCB",HYD_0001,17.55,78.22,39.12173913043478,92,95.83333333333334
2025-01-26,site_275,"IDA Pashamylaram, Hyderabad - TSPCB",HYD_0001,17.55,78.22,42.25913978494624,93,96.875
2025-01-27,site_275,"IDA Pashamylaram, Hyderabad - TSPCB",HYD_0001,17.55,78.22,41.2,93,96.875
2025-01-28,site_275,"IDA Pashamylaram, Hyderabad - TSPCB",HYD_0001,17.55,78.22,40.85268817204301,93,96.875
2025-01-29,site_275,"IDA Pashamylaram, Hyderabad - TSPCB",HYD_0001,17.55,78.22,37.917391304347824,92,95.83333333333334
2025-01-30,site_275,"IDA Pashamylaram, Hyderabad - TSPCB",HYD_0001,17.55,78.22,36.844086021505376,93,96.875
2025-01-31,site_275,"IDA Pashamylaram, Hyderabad - TSPCB",HYD_0001,17.55,78.22,36.82065217391305,92,95.83333333333334
2025-02-01,site_275,"IDA Pashamylaram, Hyderabad - TSPCB",HYD_0001,17.55,78.22,37.37849462365591,93,96.875
2025-02-02,site_275,"IDA Pashamylaram, Hyderabad - TSPCB",HYD_0001,17.55,78.22,36.53010752688172,93,96.875
2025-02-03,site_275,"IDA Pashamylaram, Hyderabad - TSPCB",HYD_0001,17.55,78.22,37.046236559139786,93,96.875
2025-02-04,site_275,"IDA Pashamylaram, Hyderabad - TSPCB",HYD_0001,17.55,78.22,36.90537634408602,93,96.875
2025-02-05,site_275,"IDA Pashamylaram, Hyderabad - TSPCB",HYD_0001,17.55,78.22,38.71182795698925,93,96.875
2025-02-06,site_275,"IDA Pashamylaram, Hyderabad - TSPCB",HYD_0001,17.55,78.22,35.41827956989248,93,96.875
2025-02-07,site_275,"IDA Pashamylaram, Hyderabad - TSPCB",HYD_0001,17.55,78.22,42.994623655913976,93,96.875
2025-02-08,site_275,"IDA Pashamylaram, Hyderabad - TSPCB",HYD_0001,17.55,78.22,43.33870967741935,93,96.875
2025-02-09,site_275,"IDA Pashamylaram, Hyderabad - TSPCB",HYD_0001,17.55,78.22,43.31290322580645,93,96.875
2025-02-10,site_275,"IDA Pashamylaram, Hyderabad - TSPCB",HYD_0001,17.55,78.22,37.71397849462366,93,96.875
2025-02-11,site_275,"IDA Pashamylaram, Hyderabad - TSPCB",HYD_0001,17.55,78.22,38.08279569892473,93,96.875
2025-02-12,site_275,"IDA Pashamylaram, Hyderabad - TSPCB",HYD_0001,17.55,78.22,42.345454545454544,88,91.66666666666666
2025-02-13,site_275,"IDA Pashamylaram, Hyderabad - TSPCB",HYD_0001,17.55,78.22,,51,53.125
2025-02-14,site_275,"IDA Pashamylaram, Hyderabad - TSPCB",HYD_0001,17.55,78.22,50.73225806451613,93,96.875
2025-02-15,site_275,"IDA Pashamylaram, Hyderabad - TSPCB",HYD_0001,17.55,78.22,47.81,90,93.75
2025-02-16,site_275,"IDA Pashamylaram, Hyderabad - TSPCB",HYD_0001,17.55,78.22,45.998913043478254,92,95.83333333333334
2025-02-17,site_275,"IDA Pashamylaram, Hyderabad - TSPCB",HYD_0001,17.55,78.22,41.39354838709677,93,96.875
2025-02-18,site_275,"IDA Pashamylaram, Hyderabad - TSPCB",HYD_0001,17.55,78.22,43.29677419354839,93,96.875
2025-02-19,site_275,"IDA Pashamylaram, Hyderabad - TSPCB",HYD_0001,17.55,78.22,43.45434782608696,92,95.83333333333334
2025-02-20,site_275,"IDA Pashamylaram, Hyderabad - TSPCB",HYD_0001,17.55,78.22,41.220652173913045,92,95.83333333333334
2025-02-21,site_275,"IDA Pashamylaram, Hyderabad - TSPCB",HYD_0001,17.55,78.22,40.92795698924731,93,96.875
2025-02-22,site_275,"IDA Pashamylaram, Hyderabad - TSPCB",HYD_0001,17.55,78.22,43.4,92,95.83333333333334
2025-02-23,site_275,"IDA Pashamylaram, Hyderabad - TSPCB",HYD_0001,17.55,78.22,43.95652173913044,92,95.83333333333334
2025-02-24,site_275,"IDA Pashamylaram, Hyderabad - TSPCB",HYD_0001,17.55,78.22,40.301086956521736,92,95.83333333333334
2025-02-25,site_275,"IDA Pashamylaram, Hyderabad - TSPCB",HYD_0001,17.55,78.22,41.118478260869566,92,95.83333333333334
2025-02-26,site_275,"IDA Pashamylaram, Hyderabad - TSPCB",HYD_0001,17.55,78.22,43.40430107526882,93,96.875
2025-02-27,site_275,"IDA Pashamylaram, Hyderabad - TSPCB",HYD_0001,17.55,78.22,38.69247311827957,93,96.875
2025-02-28,site_275,"IDA Pashamylaram, Hyderabad - TSPCB",HYD_0001,17.55,78.22,40.24021739130435,92,95.83333333333334
2025-03-01,site_275,"IDA Pashamylaram, Hyderabad - TSPCB",HYD_0001,17.55,78.22,37.84347826086957,92,95.83333333333334
2025-03-02,site_275,"IDA Pashamylaram, Hyderabad - TSPCB",HYD_0001,17.55,78.22,,2,2.083333333333333
2025-03-03,site_275,"IDA Pashamylaram, Hyderabad - TSPCB",HYD_0001,17.55,78.22,,46,47.91666666666667
2025-03-04,site_275,"IDA Pashamylaram, Hyderabad - TSPCB",HYD_0001,17.55,78.22,53.77173913043478,92,95.83333333333334
2025-03-05,site_275,"IDA Pashamylaram, Hyderabad - TSPCB",HYD_0001,17.55,78.22,,40,41.66666666666667
2025-03-06,site_275,"IDA Pashamylaram, Hyderabad - TSPCB",HYD_0001,17.55,78.22,,0,0.0
2025-03-07,site_275,"IDA Pashamylaram, Hyderabad - TSPCB",HYD_0001,17.55,78.22,,46,47.91666666666667
2025-03-08,site_275,"IDA Pashamylaram, Hyderabad - TSPCB",HYD_0001,17.55,78.22,45.74065934065933,91,94.79166666666666
2025-03-09,site_275,"IDA Pashamylaram, Hyderabad - TSPCB",HYD_0001,17.55,78.22,40.172826086956526,92,95.83333333333334
2025-03-10,site_275,"IDA Pashamylaram, Hyderabad - TSPCB",HYD_0001,17.55,78.22,34.766666666666666,93,96.875
2025-03-11,site_275,"IDA Pashamylaram, Hyderabad - TSPCB",HYD_0001,17.55,78.22,36.19032258064516,93,96.875
2025-03-12,site_275,"IDA Pashamylaram, Hyderabad - TSPCB",HYD_0001,17.55,78.22,40.275,92,95.83333333333334
2025-03-13,site_275,"IDA Pashamylaram, Hyderabad - TSPCB",HYD_0001,17.55,78.22,41.80645161290322,93,96.875
2025-03-14,site_275,"IDA Pashamylaram, Hyderabad - TSPCB",HYD_0001,17.55,78.22,36.90888888888889,90,93.75
2025-03-15,site_275,"IDA Pashamylaram, Hyderabad - TSPCB",HYD_0001,17.55,78.22,,4,4.166666666666666
2025-03-16,site_275,"IDA Pashamylaram, Hyderabad - TSPCB",HYD_0001,17.55,78.22,,0,0.0
2025-03-17,site_275,"IDA Pashamylaram, Hyderabad - TSPCB",HYD_0001,17.55,78.22,,45,46.875
2025-03-18,site_275,"IDA Pashamylaram, Hyderabad - TSPCB",HYD_0001,17.55,78.22,40.29139784946236,93,96.875
2025-03-19,site_275,"IDA Pashamylaram, Hyderabad - TSPCB",HYD_0001,17.55,78.22,31.63010752688172,93,96.875
2025-03-20,site_275,"IDA Pashamylaram, Hyderabad - TSPCB",HYD_0001,17.55,78.22,28.177419354838708,93,96.875
2025-03-21,site_275,"IDA Pashamylaram, Hyderabad - TSPCB",HYD_0001,17.55,78.22,30.608602150537635,93,96.875
2025-03-22,site_275,"IDA Pashamylaram, Hyderabad - TSPCB",HYD_0001,17.55,78.22,29.94301075268817,93,96.875
2025-03-23,site_275,"IDA Pashamylaram, Hyderabad - TSPCB",HYD_0001,17.55,78.22,31.72826086956522,92,95.83333333333334
2025-03-24,site_275,"IDA Pashamylaram, Hyderabad - TSPCB",HYD_0001,17.55,78.22,33.47849462365591,93,96.875
2025-03-25,site_275,"IDA Pashamylaram, Hyderabad - TSPCB",HYD_0001,17.55,78.22,,70,72.91666666666666
2025-03-26,site_275,"IDA Pashamylaram, Hyderabad - TSPCB",HYD_0001,17.55,78.22,235.55,92,95.83333333333334
2025-03-27,site_275,"IDA Pashamylaram, Hyderabad - TSPCB",HYD_0001,17.55,78.22,50.60322580645162,93,96.875
2025-03-28,site_275,"IDA Pashamylaram, Hyderabad - TSPCB",HYD_0001,17.55,78.22,54.534408602150535,93,96.875
2025-03-29,site_275,"IDA Pashamylaram, Hyderabad - TSPCB",HYD_0001,17.55,78.22,51.75591397849463,93,96.875
2025-03-30,site_275,"IDA Pashamylaram, Hyderabad - TSPCB",HYD_0001,17.55,78.22,41.107317073170734,82,85.41666666666666
2025-03-31,site_275,"IDA Pashamylaram, Hyderabad - TSPCB",HYD_0001,17.55,78.22,,49,51.04166666666666
2025-04-01,site_275,"IDA Pashamylaram, Hyderabad - TSPCB",HYD_0001,17.55,78.22,38.18888888888889,90,93.75
2025-04-02,site_275,"IDA Pashamylaram, Hyderabad - TSPCB",HYD_0001,17.55,78.22,36.41075268817204,93,96.875
2025-04-03,site_275,"IDA Pashamylaram, Hyderabad - TSPCB",HYD_0001,17.55,78.22,28.18172043010753,93,96.875
2025-04-04,site_275,"IDA Pashamylaram, Hyderabad - TSPCB",HYD_0001,17.55,78.22,28.40860215053764,93,96.875
2025-04-05,site_275,"IDA Pashamylaram, Hyderabad - TSPCB",HYD_0001,17.55,78.22,34.148387096774194,93,96.875
2025-04-06,site_275,"IDA Pashamylaram, Hyderabad - TSPCB",HYD_0001,17.55,78.22,34.55591397849462,93,96.875
2025-04-07,site_275,"IDA Pashamylaram, Hyderabad - TSPCB",HYD_0001,17.55,78.22,34.55913978494624,93,96.875
2025-04-08,site_275,"IDA Pashamylaram, Hyderabad - TSPCB",HYD_0001,17.55,78.22,32.0,93,96.875
2025-04-09,site_275,"IDA Pashamylaram, Hyderabad - TSPCB",HYD_0001,17.55,78.22,29.431325301204826,83,86.45833333333334
2025-04-10,site_275,"IDA Pashamylaram, Hyderabad - TSPCB",HYD_0001,17.55,78.22,33.87741935483871,93,96.875
2025-04-11,site_275,"IDA Pashamylaram, Hyderabad - TSPCB",HYD_0001,17.55,78.22,35.04516129032258,93,96.875
2025-04-12,site_275,"IDA Pashamylaram, Hyderabad - TSPCB",HYD_0001,17.55,78.22,42.03010752688172,93,96.875
2025-04-13,site_275,"IDA Pashamylaram, Hyderabad - TSPCB",HYD_0001,17.55,78.22,49.02043010752688,93,96.875
2025-04-14,site_275,"IDA Pashamylaram, Hyderabad - TSPCB",HYD_0001,17.55,78.22,35.20555555555556,90,93.75
2025-04-15,site_275,"IDA Pashamylaram, Hyderabad - TSPCB",HYD_0001,17.55,78.22,31.655913978494624,93,96.875
2025-04-16,site_275,"IDA Pashamylaram, Hyderabad - TSPCB",HYD_0001,17.55,78.22,26.122826086956525,92,95.83333333333334
2025-04-17,site_275,"IDA Pashamylaram, Hyderabad - TSPCB",HYD_0001,17.55,78.22,27.517391304347825,92,95.83333333333334
2025-04-18,site_275,"IDA Pashamylaram, Hyderabad - TSPCB",HYD_0001,17.55,78.22,29.381720430107528,93,96.875
2025-04-19,site_275,"IDA Pashamylaram, Hyderabad - TSPCB",HYD_0001,17.55,78.22,30.125,92,95.83333333333334
2025-04-20,site_275,"IDA Pashamylaram, Hyderabad - TSPCB",HYD_0001,17.55,78.22,29.83870967741936,93,96.875
2025-04-21,site_275,"IDA Pashamylaram, Hyderabad - TSPCB",HYD_0001,17.55,78.22,29.05760869565217,92,95.83333333333334
2025-04-22,site_275,"IDA Pashamylaram, Hyderabad - TSPCB",HYD_0001,17.55,78.22,,64,66.66666666666666
2025-04-23,site_275,"IDA Pashamylaram, Hyderabad - TSPCB",HYD_0001,17.55,78.22,29.866666666666667,93,96.875
2025-04-24,site_275,"IDA Pashamylaram, Hyderabad - TSPCB",HYD_0001,17.55,78.22,28.85483870967742,93,96.875
2025-04-25,site_275,"IDA Pashamylaram, Hyderabad - TSPCB",HYD_0001,17.55,78.22,28.87849462365591,93,96.875
2025-04-26,site_275,"IDA Pashamylaram, Hyderabad - TSPCB",HYD_0001,17.55,78.22,35.66989247311828,93,96.875
2025-04-27,site_275,"IDA Pashamylaram, Hyderabad - TSPCB",HYD_0001,17.55,78.22,,38,39.58333333333333
2025-04-28,site_275,"IDA Pashamylaram, Hyderabad - TSPCB",HYD_0001,17.55,78.22,,41,42.70833333333333
2025-04-29,site_275,"IDA Pashamylaram, Hyderabad - TSPCB",HYD_0001,17.55,78.22,24.10217391304348,92,95.83333333333334
2025-04-30,site_275,"IDA Pashamylaram, Hyderabad - TSPCB",HYD_0001,17.55,78.22,26.846739130434784,92,95.83333333333334
2025-05-01,site_275,"IDA Pashamylaram, Hyderabad - TSPCB",HYD_0001,17.55,78.22,22.172826086956523,92,95.83333333333334
2025-05-02,site_275,"IDA Pashamylaram, Hyderabad - TSPCB",HYD_0001,17.55,78.22,23.773118279569893,93,96.875
2025-05-03,site_275,"IDA Pashamylaram, Hyderabad - TSPCB",HYD_0001,17.55,78.22,27.10645161290323,93,96.875
2025-05-04,site_275,"IDA Pashamylaram, Hyderabad - TSPCB",HYD_0001,17.55,78.22,29.047826086956523,92,95.83333333333334
2025-05-05,site_275,"IDA Pashamylaram, Hyderabad - TSPCB",HYD_0001,17.55,78.22,26.15268817204301,93,96.875
2025-05-06,site_275,"IDA Pashamylaram, Hyderabad - TSPCB",HYD_0001,17.55,78.22,30.07849462365592,93,96.875
2025-05-07,site_275,"IDA Pashamylaram, Hyderabad - TSPCB",HYD_0001,17.55,78.22,32.640277777777776,72,75.0
2025-05-08,site_275,"IDA Pashamylaram, Hyderabad - TSPCB",HYD_0001,17.55,78.22,,51,53.125
2025-05-09,site_275,"IDA Pashamylaram, Hyderabad - TSPCB",HYD_0001,17.55,78.22,30.13369565217392,92,95.83333333333334
2025-05-10,site_275,"IDA Pashamylaram, Hyderabad - TSPCB",HYD_0001,17.55,78.22,31.343010752688173,93,96.875
2025-05-11,site_275,"IDA Pashamylaram, Hyderabad - TSPCB",HYD_0001,17.55,78.22,,64,66.66666666666666
2025-05-12,site_275,"IDA Pashamylaram, Hyderabad - TSPCB",HYD_0001,17.55,78.22,,57,59.375
2025-05-13,site_275,"IDA Pashamylaram, Hyderabad - TSPCB",HYD_0001,17.55,78.22,24.086021505376344,93,96.875
2025-05-14,site_275,"IDA Pashamylaram, Hyderabad - TSPCB",HYD_0001,17.55,78.22,28.36629213483146,89,92.70833333333334
2025-05-15,site_275,"IDA Pashamylaram, Hyderabad - TSPCB",HYD_0001,17.55,78.22,22.98260869565217,92,95.83333333333334
2025-05-16,site_275,"IDA Pashamylaram, Hyderabad - TSPCB",HYD_0001,17.55,78.22,26.3,93,96.875
2025-05-17,site_275,"IDA Pashamylaram, Hyderabad - TSPCB",HYD_0001,17.55,78.22,26.055434782608696,92,95.83333333333334
2025-05-18,site_275,"IDA Pashamylaram, Hyderabad - TSPCB",HYD_0001,17.55,78.22,26.117391304347827,92,95.83333333333334
2025-05-19,site_275,"IDA Pashamylaram, Hyderabad - TSPCB",HYD_0001,17.55,78.22,24.993548387096777,93,96.875
2025-05-20,site_275,"IDA Pashamylaram, Hyderabad - TSPCB",HYD_0001,17.55,78.22,22.75483870967742,93,96.875
2025-05-21,site_275,"IDA Pashamylaram, Hyderabad - TSPCB",HYD_0001,17.55,78.22,21.23478260869565,92,95.83333333333334
2025-05-22,site_275,"IDA Pashamylaram, Hyderabad - TSPCB",HYD_0001,17.55,78.22,14.711827956989248,93,96.875
2025-05-23,site_275,"IDA Pashamylaram, Hyderabad - TSPCB",HYD_0001,17.55,78.22,15.418279569892476,93,96.875
2025-05-24,site_275,"IDA Pashamylaram, Hyderabad - TSPCB",HYD_0001,17.55,78.22,17.913978494623656,93,96.875
2025-05-25,site_275,"IDA Pashamylaram, Hyderabad - TSPCB",HYD_0001,17.55,78.22,25.933333333333334,93,96.875
2025-05-26,site_275,"IDA Pashamylaram, Hyderabad - TSPCB",HYD_0001,17.55,78.22,23.189247311827955,93,96.875
2025-05-27,site_275,"IDA Pashamylaram, Hyderabad - TSPCB",HYD_0001,17.55,78.22,23.49462365591398,93,96.875
2025-05-28,site_275,"IDA Pashamylaram, Hyderabad - TSPCB",HYD_0001,17.55,78.22,,71,73.95833333333334
2025-05-29,site_275,"IDA Pashamylaram, Hyderabad - TSPCB",HYD_0001,17.55,78.22,26.075,92,95.83333333333334
2025-05-30,site_275,"IDA Pashamylaram, Hyderabad - TSPCB",HYD_0001,17.55,78.22,22.68494623655914,93,96.875
2025-05-31,site_275,"IDA Pashamylaram, Hyderabad - TSPCB",HYD_0001,17.55,78.22,20.741304347826087,92,95.83333333333334
2025-06-01,site_275,"IDA Pashamylaram, Hyderabad - TSPCB",HYD_0001,17.55,78.22,21.898924731182795,93,96.875
2025-06-02,site_275,"IDA Pashamylaram, Hyderabad - TSPCB",HYD_0001,17.55,78.22,20.076344086021503,93,96.875
2025-06-03,site_275,"IDA Pashamylaram, Hyderabad - TSPCB",HYD_0001,17.55,78.22,20.97204301075269,93,96.875
2025-06-04,site_275,"IDA Pashamylaram, Hyderabad - TSPCB",HYD_0001,17.55,78.22,21.905376344086022,93,96.875
2025-06-05,site_275,"IDA Pashamylaram, Hyderabad - TSPCB",HYD_0001,17.55,78.22,25.625806451612902,93,96.875
2025-06-06,site_275,"IDA Pashamylaram, Hyderabad - TSPCB",HYD_0001,17.55,78.22,25.7956043956044,91,94.79166666666666
2025-06-07,site_275,"IDA Pashamylaram, Hyderabad - TSPCB",HYD_0001,17.55,78.22,23.412903225806453,93,96.875
2025-06-08,site_275,"IDA Pashamylaram, Hyderabad - TSPCB",HYD_0001,17.55,78.22,23.80860215053763,93,96.875
2025-06-09,site_275,"IDA Pashamylaram, Hyderabad - TSPCB",HYD_0001,17.55,78.22,26.937634408602147,93,96.875
2025-06-10,site_275,"IDA Pashamylaram, Hyderabad - TSPCB",HYD_0001,17.55,78.22,29.8494623655914,93,96.875
2025-06-11,site_275,"IDA Pashamylaram, Hyderabad - TSPCB",HYD_0001,17.55,78.22,31.526373626373623,91,94.79166666666666
2025-06-12,site_275,"IDA Pashamylaram, Hyderabad - TSPCB",HYD_0001,17.55,78.22,30.95434782608696,92,95.83333333333334
2025-06-13,site_275,"IDA Pashamylaram, Hyderabad - TSPCB",HYD_0001,17.55,78.22,25.065591397849463,93,96.875
2025-06-14,site_275,"IDA Pashamylaram, Hyderabad - TSPCB",HYD_0001,17.55,78.22,23.43978494623656,93,96.875
2025-06-15,site_275,"IDA Pashamylaram, Hyderabad - TSPCB",HYD_0001,17.55,78.22,17.776344086021506,93,96.875
2025-06-16,site_275,"IDA Pashamylaram, Hyderabad - TSPCB",HYD_0001,17.55,78.22,20.696703296703294,91,94.79166666666666
2025-06-17,site_275,"IDA Pashamylaram, Hyderabad - TSPCB",HYD_0001,17.55,78.22,20.311827956989248,93,96.875
2025-06-18,site_275,"IDA Pashamylaram, Hyderabad - TSPCB",HYD_0001,17.55,78.22,20.43804347826087,92,95.83333333333334
2025-06-19,site_275,"IDA Pashamylaram, Hyderabad - TSPCB",HYD_0001,17.55,78.22,17.50126582278481,79,82.29166666666666
2025-06-20,site_275,"IDA Pashamylaram, Hyderabad - TSPCB",HYD_0001,17.55,78.22,20.10111111111111,90,93.75
2025-06-21,site_275,"IDA Pashamylaram, Hyderabad - TSPCB",HYD_0001,17.55,78.22,17.599999999999998,93,96.875
2025-06-22,site_275,"IDA Pashamylaram, Hyderabad - TSPCB",HYD_0001,17.55,78.22,17.489247311827956,93,96.875
2025-06-23,site_275,"IDA Pashamylaram, Hyderabad - TSPCB",HYD_0001,17.55,78.22,16.577108433734942,83,86.45833333333334
2025-06-24,site_275,"IDA Pashamylaram, Hyderabad - TSPCB",HYD_0001,17.55,78.22,17.50967741935484,93,96.875
2025-06-25,site_275,"IDA Pashamylaram, Hyderabad - TSPCB",HYD_0001,17.55,78.22,17.97888888888889,90,93.75
2025-06-26,site_275,"IDA Pashamylaram, Hyderabad - TSPCB",HYD_0001,17.55,78.22,20.208791208791208,91,94.79166666666666
2025-06-27,site_275,"IDA Pashamylaram, Hyderabad - TSPCB",HYD_0001,17.55,78.22,21.45108695652174,92,95.83333333333334
2025-06-28,site_275,"IDA Pashamylaram, Hyderabad - TSPCB",HYD_0001,17.55,78.22,20.48152173913044,92,95.83333333333334
2025-06-29,site_275,"IDA Pashamylaram, Hyderabad - TSPCB",HYD_0001,17.55,78.22,20.02717391304348,92,95.83333333333334
2025-06-30,site_275,"IDA Pashamylaram, Hyderabad - TSPCB",HYD_0001,17.55,78.22,21.116666666666667,90,93.75
2025-07-01,site_275,"IDA Pashamylaram, Hyderabad - TSPCB",HYD_0001,17.55,78.22,17.40434782608696,92,95.83333333333334
2025-07-02,site_275,"IDA Pashamylaram, Hyderabad - TSPCB",HYD_0001,17.55,78.22,19.686813186813183,91,94.79166666666666
2025-07-03,site_275,"IDA Pashamylaram, Hyderabad - TSPCB",HYD_0001,17.55,78.22,17.408602150537636,93,96.875
2025-07-04,site_275,"IDA Pashamylaram, Hyderabad - TSPCB",HYD_0001,17.55,78.22,18.32365591397849,93,96.875
2025-07-05,site_275,"IDA Pashamylaram, Hyderabad - TSPCB",HYD_0001,17.55,78.22,,57,59.375
2025-07-06,site_275,"IDA Pashamylaram, Hyderabad - TSPCB",HYD_0001,17.55,78.22,17.338043478260868,92,95.83333333333334
2025-07-07,site_275,"IDA Pashamylaram, Hyderabad - TSPCB",HYD_0001,17.55,78.22,19.06451612903226,93,96.875
2025-07-08,site_275,"IDA Pashamylaram, Hyderabad - TSPCB",HYD_0001,17.55,78.22,22.096739130434784,92,95.83333333333334
2025-07-09,site_275,"IDA Pashamylaram, Hyderabad - TSPCB",HYD_0001,17.55,78.22,22.75333333333333,90,93.75
2025-07-10,site_275,"IDA Pashamylaram, Hyderabad - TSPCB",HYD_0001,17.55,78.22,26.561290322580643,93,96.875
2025-07-11,site_275,"IDA Pashamylaram, Hyderabad - TSPCB",HYD_0001,17.55,78.22,28.397849462365592,93,96.875
2025-07-12,site_275,"IDA Pashamylaram, Hyderabad - TSPCB",HYD_0001,17.55,78.22,26.63225806451613,93,96.875
2025-07-13,site_275,"IDA Pashamylaram, Hyderabad - TSPCB",HYD_0001,17.55,78.22,24.35760869565217,92,95.83333333333334
2025-07-14,site_275,"IDA Pashamylaram, Hyderabad - TSPCB",HYD_0001,17.55,78.22,19.889130434782608,92,95.83333333333334
2025-07-15,site_275,"IDA Pashamylaram, Hyderabad - TSPCB",HYD_0001,17.55,78.22,22.0956043956044,91,94.79166666666666
2025-07-16,site_275,"IDA Pashamylaram, Hyderabad - TSPCB",HYD_0001,17.55,78.22,29.081720430107527,93,96.875
2025-07-17,site_275,"IDA Pashamylaram, Hyderabad - TSPCB",HYD_0001,17.55,78.22,30.419565217391305,92,95.83333333333334
2025-07-18,site_275,"IDA Pashamylaram, Hyderabad - TSPCB",HYD_0001,17.55,78.22,28.31847826086957,92,95.83333333333334
2025-07-19,site_275,"IDA Pashamylaram, Hyderabad - TSPCB",HYD_0001,17.55,78.22,,57,59.375
2025-07-20,site_275,"IDA Pashamylaram, Hyderabad - TSPCB",HYD_0001,17.55,78.22,,0,0.0
2025-07-21,site_275,"IDA Pashamylaram, Hyderabad - TSPCB",HYD_0001,17.55,78.22,,49,51.04166666666666
2025-07-22,site_275,"IDA Pashamylaram, Hyderabad - TSPCB",HYD_0001,17.55,78.22,19.105494505494505,91,94.79166666666666
2025-07-23,site_275,"IDA Pashamylaram, Hyderabad - TSPCB",HYD_0001,17.55,78.22,13.104395604395604,91,94.79166666666666
2025-07-24,site_275,"IDA Pashamylaram, Hyderabad - TSPCB",HYD_0001,17.55,78.22,12.408695652173911,92,95.83333333333334
2025-07-25,site_275,"IDA Pashamylaram, Hyderabad - TSPCB",HYD_0001,17.55,78.22,,46,47.91666666666667
2025-07-26,site_275,"IDA Pashamylaram, Hyderabad - TSPCB",HYD_0001,17.55,78.22,,1,1.0416666666666663
2025-07-27,site_275,"IDA Pashamylaram, Hyderabad - TSPCB",HYD_0001,17.55,78.22,,0,0.0
2025-07-28,site_275,"IDA Pashamylaram, Hyderabad - TSPCB",HYD_0001,17.55,78.22,,30,31.25
2025-07-29,site_275,"IDA Pashamylaram, Hyderabad - TSPCB",HYD_0001,17.55,78.22,15.08494623655914,93,96.875
2025-07-30,site_275,"IDA Pashamylaram, Hyderabad - TSPCB",HYD_0001,17.55,78.22,13.98913043478261,92,95.83333333333334
2025-07-31,site_275,"IDA Pashamylaram, Hyderabad - TSPCB",HYD_0001,17.55,78.22,15.113333333333332,90,93.75
2025-08-01,site_275,"IDA Pashamylaram, Hyderabad - TSPCB",HYD_0001,17.55,78.22,19.61098901098901,91,94.79166666666666
2025-08-02,site_275,"IDA Pashamylaram, Hyderabad - TSPCB",HYD_0001,17.55,78.22,24.344565217391303,92,95.83333333333334
2025-08-03,site_275,"IDA Pashamylaram, Hyderabad - TSPCB",HYD_0001,17.55,78.22,26.994565217391305,92,95.83333333333334
2025-08-04,site_275,"IDA Pashamylaram, Hyderabad - TSPCB",HYD_0001,17.55,78.22,20.72258064516129,93,96.875
2025-08-05,site_275,"IDA Pashamylaram, Hyderabad - TSPCB",HYD_0001,17.55,78.22,21.62391304347826,92,95.83333333333334
2025-08-06,site_275,"IDA Pashamylaram, Hyderabad - TSPCB",HYD_0001,17.55,78.22,16.912087912087912,91,94.79166666666666
2025-08-07,site_275,"IDA Pashamylaram, Hyderabad - TSPCB",HYD_0001,17.55,78.22,17.913978494623656,93,96.875
2025-08-08,site_275,"IDA Pashamylaram, Hyderabad - TSPCB",HYD_0001,17.55,78.22,,68,70.83333333333334
2025-08-09,site_275,"IDA Pashamylaram, Hyderabad - TSPCB",HYD_0001,17.55,78.22,15.797849462365592,93,96.875
2025-08-10,site_275,"IDA Pashamylaram, Hyderabad - TSPCB",HYD_0001,17.55,78.22,11.249462365591398,93,96.875
2025-08-11,site_275,"IDA Pashamylaram, Hyderabad - TSPCB",HYD_0001,17.55,78.22,8.972527472527473,91,94.79166666666666
2025-08-12,site_275,"IDA Pashamylaram, Hyderabad - TSPCB",HYD_0001,17.55,78.22,7.603846153846154,78,81.25
2025-08-13,site_275,"IDA Pashamylaram, Hyderabad - TSPCB",HYD_0001,17.55,78.22,8.80126582278481,79,82.29166666666666
2025-08-14,site_275,"IDA Pashamylaram, Hyderabad - TSPCB",HYD_0001,17.55,78.22,11.36195652173913,92,95.83333333333334
2025-08-15,site_275,"IDA Pashamylaram, Hyderabad - TSPCB",HYD_0001,17.55,78.22,27.089130434782607,92,95.83333333333334
2025-08-16,site_275,"IDA Pashamylaram, Hyderabad - TSPCB",HYD_0001,17.55,78.22,13.146739130434783,92,95.83333333333334
2025-08-17,site_275,"IDA Pashamylaram, Hyderabad - TSPCB",HYD_0001,17.55,78.22,12.171739130434782,92,95.83333333333334
2025-08-18,site_275,"IDA Pashamylaram, Hyderabad - TSPCB",HYD_0001,17.55,78.22,8.067391304347826,92,95.83333333333334
2025-08-19,site_275,"IDA Pashamylaram, Hyderabad - TSPCB",HYD_0001,17.55,78.22,4.181521739130434,92,95.83333333333334
2025-08-20,site_275,"IDA Pashamylaram, Hyderabad - TSPCB",HYD_0001,17.55,78.22,6.958064516129032,93,96.875
2025-08-21,site_275,"IDA Pashamylaram, Hyderabad - TSPCB",HYD_0001,17.55,78.22,11.609677419354838,93,96.875
2025-08-22,site_275,"IDA Pashamylaram, Hyderabad - TSPCB",HYD_0001,17.55,78.22,13.686021505376344,93,96.875
2025-08-23,site_275,"IDA Pashamylaram, Hyderabad - TSPCB",HYD_0001,17.55,78.22,15.119565217391305,92,95.83333333333334
2025-08-24,site_275,"IDA Pashamylaram, Hyderabad - TSPCB",HYD_0001,17.55,78.22,15.168131868131868,91,94.79166666666666
2025-08-25,site_275,"IDA Pashamylaram, Hyderabad - TSPCB",HYD_0001,17.55,78.22,14.878494623655914,93,96.875
2025-08-26,site_275,"IDA Pashamylaram, Hyderabad - TSPCB",HYD_0001,17.55,78.22,15.20752688172043,93,96.875
2025-08-27,site_275,"IDA Pashamylaram, Hyderabad - TSPCB",HYD_0001,17.55,78.22,8.970967741935484,93,96.875
2025-08-28,site_275,"IDA Pashamylaram, Hyderabad - TSPCB",HYD_0001,17.55,78.22,,53,55.208333333333336
2025-08-29,site_275,"IDA Pashamylaram, Hyderabad - TSPCB",HYD_0001,17.55,78.22,,67,69.79166666666666
2025-08-30,site_275,"IDA Pashamylaram, Hyderabad - TSPCB",HYD_0001,17.55,78.22,,0,0.0
2025-08-31,site_275,"IDA Pashamylaram, Hyderabad - TSPCB",HYD_0001,17.55,78.22,,0,0.0
2025-01-01,site_5597,"IITH Kandi, Hyderabad - TSPCB",HYD_0001,17.59,78.12,10.35684210526316,95,98.95833333333334
2025-01-02,site_5597,"IITH Kandi, Hyderabad - TSPCB",HYD_0001,17.59,78.12,,51,53.125
2025-01-03,site_5597,"IITH Kandi, Hyderabad - TSPCB",HYD_0001,17.59,78.12,,0,0.0
2025-01-04,site_5597,"IITH Kandi, Hyderabad - TSPCB",HYD_0001,17.59,78.12,,44,45.83333333333333
2025-01-05,site_5597,"IITH Kandi, Hyderabad - TSPCB",HYD_0001,17.59,78.12,8.349263157894736,95,98.95833333333334
2025-01-06,site_5597,"IITH Kandi, Hyderabad - TSPCB",HYD_0001,17.59,78.12,7.963020833333334,96,100.0
2025-01-07,site_5597,"IITH Kandi, Hyderabad - TSPCB",HYD_0001,17.59,78.12,8.862210526315788,95,98.95833333333334
2025-01-08,site_5597,"IITH Kandi, Hyderabad - TSPCB",HYD_0001,17.59,78.12,9.986595744680852,94,97.91666666666666
2025-01-09,site_5597,"IITH Kandi, Hyderabad - TSPCB",HYD_0001,17.59,78.12,10.1225,96,100.0
2025-01-10,site_5597,"IITH Kandi, Hyderabad - TSPCB",HYD_0001,17.59,78.12,10.3215625,96,100.0
2025-01-11,site_5597,"IITH Kandi, Hyderabad - TSPCB",HYD_0001,17.59,78.12,9.6928125,96,100.0
2025-01-12,site_5597,"IITH Kandi, Hyderabad - TSPCB",HYD_0001,17.59,78.12,8.266354166666668,96,100.0
2025-01-13,site_5597,"IITH Kandi, Hyderabad - TSPCB",HYD_0001,17.59,78.12,,42,43.75
2025-01-14,site_5597,"IITH Kandi, Hyderabad - TSPCB",HYD_0001,17.59,78.12,,0,0.0
2025-01-15,site_5597,"IITH Kandi, Hyderabad - TSPCB",HYD_0001,17.59,78.12,,0,0.0
2025-01-16,site_5597,"IITH Kandi, Hyderabad - TSPCB",HYD_0001,17.59,78.12,,44,45.83333333333333
2025-01-17,site_5597,"IITH Kandi, Hyderabad - TSPCB",HYD_0001,17.59,78.12,,48,50.0
2025-01-18,site_5597,"IITH Kandi, Hyderabad - TSPCB",HYD_0001,17.59,78.12,,47,48.95833333333333
2025-01-19,site_5597,"IITH Kandi, Hyderabad - TSPCB",HYD_0001,17.59,78.12,7.568105263157895,95,98.95833333333334
2025-01-20,site_5597,"IITH Kandi, Hyderabad - TSPCB",HYD_0001,17.59,78.12,6.8815625,96,100.0
2025-01-21,site_5597,"IITH Kandi, Hyderabad - TSPCB",HYD_0001,17.59,78.12,7.842315789473684,95,98.95833333333334
2025-01-22,site_5597,"IITH Kandi, Hyderabad - TSPCB",HYD_0001,17.59,78.12,9.556041666666667,96,100.0
2025-01-23,site_5597,"IITH Kandi, Hyderabad - TSPCB",HYD_0001,17.59,78.12,8.524270833333334,96,100.0
2025-01-24,site_5597,"IITH Kandi, Hyderabad - TSPCB",HYD_0001,17.59,78.12,9.2603125,96,100.0
2025-01-25,site_5597,"IITH Kandi, Hyderabad - TSPCB",HYD_0001,17.59,78.12,10.789473684210526,95,98.95833333333334
2025-01-26,site_5597,"IITH Kandi, Hyderabad - TSPCB",HYD_0001,17.59,78.12,,55,57.29166666666666
2025-01-27,site_5597,"IITH Kandi, Hyderabad - TSPCB",HYD_0001,17.59,78.12,,27,28.125
2025-01-28,site_5597,"IITH Kandi, Hyderabad - TSPCB",HYD_0001,17.59,78.12,,59,61.458333333333336
2025-01-29,site_5597,"IITH Kandi, Hyderabad - TSPCB",HYD_0001,17.59,78.12,9.054148936170211,94,97.91666666666666
2025-01-30,site_5597,"IITH Kandi, Hyderabad - TSPCB",HYD_0001,17.59,78.12,11.43063157894737,95,98.95833333333334
2025-01-31,site_5597,"IITH Kandi, Hyderabad - TSPCB",HYD_0001,17.59,78.12,11.382340425531916,94,97.91666666666666
2025-02-01,site_5597,"IITH Kandi, Hyderabad - TSPCB",HYD_0001,17.59,78.12,10.702947368421052,95,98.95833333333334
2025-02-02,site_5597,"IITH Kandi, Hyderabad - TSPCB",HYD_0001,17.59,78.12,7.994479166666667,96,100.0
2025-02-03,site_5597,"IITH Kandi, Hyderabad - TSPCB",HYD_0001,17.59,78.12,6.4269791666666665,96,100.0
2025-02-04,site_5597,"IITH Kandi, Hyderabad - TSPCB",HYD_0001,17.59,78.12,,43,44.79166666666667
2025-02-05,site_5597,"IITH Kandi, Hyderabad - TSPCB",HYD_0001,17.59,78.12,,51,53.125
2025-02-06,site_5597,"IITH Kandi, Hyderabad - TSPCB",HYD_0001,17.59,78.12,9.61063829787234,94,97.91666666666666
2025-02-07,site_5597,"IITH Kandi, Hyderabad - TSPCB",HYD_0001,17.59,78.12,9.9078125,96,100.0
2025-02-08,site_5597,"IITH Kandi, Hyderabad - TSPCB",HYD_0001,17.59,78.12,10.0028125,96,100.0
2025-02-09,site_5597,"IITH Kandi, Hyderabad - TSPCB",HYD_0001,17.59,78.12,,26,27.08333333333333
2025-02-10,site_5597,"IITH Kandi, Hyderabad - TSPCB",HYD_0001,17.59,78.12,,49,51.04166666666666
2025-02-11,site_5597,"IITH Kandi, Hyderabad - TSPCB",HYD_0001,17.59,78.12,8.469583333333334,96,100.0
2025-02-12,site_5597,"IITH Kandi, Hyderabad - TSPCB",HYD_0001,17.59,78.12,10.065268817204302,93,96.875
2025-02-13,site_5597,"IITH Kandi, Hyderabad - TSPCB",HYD_0001,17.59,78.12,11.879787234042556,94,97.91666666666666
2025-02-14,site_5597,"IITH Kandi, Hyderabad - TSPCB",HYD_0001,17.59,78.12,11.559555555555557,90,93.75
2025-02-15,site_5597,"IITH Kandi, Hyderabad - TSPCB",HYD_0001,17.59,78.12,10.200697674418604,86,89.58333333333334
2025-02-16,site_5597,"IITH Kandi, Hyderabad - TSPCB",HYD_0001,17.59,78.12,8.4859375,96,100.0
2025-02-17,site_5597,"IITH Kandi, Hyderabad - TSPCB",HYD_0001,17.59,78.12,7.688297872340426,94,97.91666666666666
2025-02-18,site_5597,"IITH Kandi, Hyderabad - TSPCB",HYD_0001,17.59,78.12,9.358854166666667,96,100.0
2025-02-19,site_5597,"IITH Kandi, Hyderabad - TSPCB",HYD_0001,17.59,78.12,10.877291666666666,96,100.0
2025-02-20,site_5597,"IITH Kandi, Hyderabad - TSPCB",HYD_0001,17.59,78.12,11.974086021505377,93,96.875
2025-02-21,site_5597,"IITH Kandi, Hyderabad - TSPCB",HYD_0001,17.59,78.12,12.229166666666666,96,100.0
2025-02-22,site_5597,"IITH Kandi, Hyderabad - TSPCB",HYD_0001,17.59,78.12,10.266526315789474,95,98.95833333333334
2025-02-23,site_5597,"IITH Kandi, Hyderabad - TSPCB",HYD_0001,17.59,78.12,8.372604166666667,96,100.0
2025-02-24,site_5597,"IITH Kandi, Hyderabad - TSPCB",HYD_0001,17.59,78.12,8.863229166666667,96,100.0
2025-02-25,site_5597,"IITH Kandi, Hyderabad - TSPCB",HYD_0001,17.59,78.12,10.11255319148936,94,97.91666666666666
2025-02-26,site_5597,"IITH Kandi, Hyderabad - TSPCB",HYD_0001,17.59,78.12,9.742043010752688,93,96.875
2025-02-27,site_5597,"IITH Kandi, Hyderabad - TSPCB",HYD_0001,17.59,78.12,8.534367816091954,87,90.625
2025-02-28,site_5597,"IITH Kandi, Hyderabad - TSPCB",HYD_0001,17.59,78.12,,67,69.79166666666666
2025-03-01,site_5597,"IITH Kandi, Hyderabad - TSPCB",HYD_0001,17.59,78.12,10.380760869565217,92,95.83333333333334
2025-03-02,site_5597,"IITH Kandi, Hyderabad - TSPCB",HYD_0001,17.59,78.12,11.300104166666666,96,100.0
2025-03-03,site_5597,"IITH Kandi, Hyderabad - TSPCB",HYD_0001,17.59,78.12,9.053645833333333,96,100.0
2025-03-04,site_5597,"IITH Kandi, Hyderabad - TSPCB",HYD_0001,17.59,78.12,8.159791666666667,96,100.0
2025-03-05,site_5597,"IITH Kandi, Hyderabad - TSPCB",HYD_0001,17.59,78.12,9.1790625,96,100.0
2025-03-06,site_5597,"IITH Kandi, Hyderabad - TSPCB",HYD_0001,17.59,78.12,10.753125,96,100.0
2025-03-07,site_5597,"IITH Kandi, Hyderabad - TSPCB",HYD_0001,17.59,78.12,10.524583333333334,96,100.0
2025-03-08,site_5597,"IITH Kandi, Hyderabad - TSPCB",HYD_0001,17.59,78.12,8.946770833333334,96,100.0
2025-03-09,site_5597,"IITH Kandi, Hyderabad - TSPCB",HYD_0001,17.59,78.12,8.41235294117647,85,88.54166666666666
2025-03-10,site_5597,"IITH Kandi, Hyderabad - TSPCB",HYD_0001,17.59,78.12,7.616458333333333,96,100.0
2025-03-11,site_5597,"IITH Kandi, Hyderabad - TSPCB",HYD_0001,17.59,78.12,6.120833333333334,96,100.0
2025-03-12,site_5597,"IITH Kandi, Hyderabad - TSPCB",HYD_0001,17.59,78.12,8.366962025316456,79,82.29166666666666
2025-03-13,site_5597,"IITH Kandi, Hyderabad - TSPCB",HYD_0001,17.59,78.12,,0,0.0
2025-03-14,site_5597,"IITH Kandi, Hyderabad - TSPCB",HYD_0001,17.59,78.12,,59,61.458333333333336
2025-03-15,site_5597,"IITH Kandi, Hyderabad - TSPCB",HYD_0001,17.59,78.12,11.895473684210526,95,98.95833333333334
2025-03-16,site_5597,"IITH Kandi, Hyderabad - TSPCB",HYD_0001,17.59,78.12,14.4609375,96,100.0
2025-03-17,site_5597,"IITH Kandi, Hyderabad - TSPCB",HYD_0001,17.59,78.12,15.464893617021277,94,97.91666666666666
2025-03-18,site_5597,"IITH Kandi, Hyderabad - TSPCB",HYD_0001,17.59,78.12,15.028333333333334,96,100.0
2025-03-19,site_5597,"IITH Kandi, Hyderabad - TSPCB",HYD_0001,17.59,78.12,14.629787234042556,94,97.91666666666666
2025-03-20,site_5597,"IITH Kandi, Hyderabad - TSPCB",HYD_0001,17.59,78.12,14.749148936170211,94,97.91666666666666
2025-03-21,site_5597,"IITH Kandi, Hyderabad - TSPCB",HYD_0001,17.59,78.12,14.567291666666668,96,100.0
2025-03-22,site_5597,"IITH Kandi, Hyderabad - TSPCB",HYD_0001,17.59,78.12,13.75741935483871,93,96.875
2025-03-23,site_5597,"IITH Kandi, Hyderabad - TSPCB",HYD_0001,17.59,78.12,,70,72.91666666666666
2025-03-24,site_5597,"IITH Kandi, Hyderabad - TSPCB",HYD_0001,17.59,78.12,12.610638297872342,94,97.91666666666666
2025-03-25,site_5597,"IITH Kandi, Hyderabad - TSPCB",HYD_0001,17.59,78.12,11.5928125,96,100.0
2025-03-26,site_5597,"IITH Kandi, Hyderabad - TSPCB",HYD_0001,17.59,78.12,13.391354166666666,96,100.0
2025-03-27,site_5597,"IITH Kandi, Hyderabad - TSPCB",HYD_0001,17.59,78.12,15.242947368421053,95,98.95833333333334
2025-03-28,site_5597,"IITH Kandi, Hyderabad - TSPCB",HYD_0001,17.59,78.12,14.949473684210528,95,98.95833333333334
2025-03-29,site_5597,"IITH Kandi, Hyderabad - TSPCB",HYD_0001,17.59,78.12,12.56357894736842,95,98.95833333333334
2025-03-30,site_5597,"IITH Kandi, Hyderabad - TSPCB",HYD_0001,17.59,78.12,10.743958333333332,96,100.0
2025-03-31,site_5597,"IITH Kandi, Hyderabad - TSPCB",HYD_0001,17.59,78.12,10.73159574468085,94,97.91666666666666
2025-04-01,site_5597,"IITH Kandi, Hyderabad - TSPCB",HYD_0001,17.59,78.12,11.380833333333332,96,100.0
2025-04-02,site_5597,"IITH Kandi, Hyderabad - TSPCB",HYD_0001,17.59,78.12,12.7159375,96,100.0
2025-04-03,site_5597,"IITH Kandi, Hyderabad - TSPCB",HYD_0001,17.59,78.12,13.779565217391305,92,95.83333333333334
2025-04-04,site_5597,"IITH Kandi, Hyderabad - TSPCB",HYD_0001,17.59,78.12,13.541153846153849,78,81.25
2025-04-05,site_5597,"IITH Kandi, Hyderabad - TSPCB",HYD_0001,17.59,78.12,12.878125,96,100.0
2025-04-06,site_5597,"IITH Kandi, Hyderabad - TSPCB",HYD_0001,17.59,78.12,13.340967741935485,93,96.875
2025-04-07,site_5597,"IITH Kandi, Hyderabad - TSPCB",HYD_0001,17.59,78.12,13.425052631578946,95,98.95833333333334
2025-04-08,site_5597,"IITH Kandi, Hyderabad - TSPCB",HYD_0001,17.59,78.12,13.755208333333334,96,100.0
2025-04-09,site_5597,"IITH Kandi, Hyderabad - TSPCB",HYD_0001,17.59,78.12,13.19824175824176,91,94.79166666666666
2025-04-10,site_5597,"IITH Kandi, Hyderabad - TSPCB",HYD_0001,17.59,78.12,12.705813953488372,86,89.58333333333334
2025-04-11,site_5597,"IITH Kandi, Hyderabad - TSPCB",HYD_0001,17.59,78.12,12.563111111111112,90,93.75
2025-04-12,site_5597,"IITH Kandi, Hyderabad - TSPCB",HYD_0001,17.59,78.12,12.61968085106383,94,97.91666666666666
2025-04-13,site_5597,"IITH Kandi, Hyderabad - TSPCB",HYD_0001,17.59,78.12,11.264731182795698,93,96.875
2025-04-14,site_5597,"IITH Kandi, Hyderabad - TSPCB",HYD_0001,17.59,78.12,11.522631578947369,95,98.95833333333334
2025-04-15,site_5597,"IITH Kandi, Hyderabad - TSPCB",HYD_0001,17.59,78.12,12.411170212765958,94,97.91666666666666
2025-04-16,site_5597,"IITH Kandi, Hyderabad - TSPCB",HYD_0001,17.59,78.12,10.942083333333334,96,100.0
2025-04-17,site_5597,"IITH Kandi, Hyderabad - TSPCB",HYD_0001,17.59,78.12,9.321875,96,100.0
2025-04-18,site_5597,"IITH Kandi, Hyderabad - TSPCB",HYD_0001,17.59,78.12,10.441354166666668,96,100.0
2025-04-19,site_5597,"IITH Kandi, Hyderabad - TSPCB",HYD_0001,17.59,78.12,11.844886363636364,88,91.66666666666666
2025-04-20,site_5597,"IITH Kandi, Hyderabad - TSPCB",HYD_0001,17.59,78.12,13.562127659574466,94,97.91666666666666
2025-04-21,site_5597,"IITH Kandi, Hyderabad - TSPCB",HYD_0001,17.59,78.12,12.833406593406592,91,94.79166666666666
2025-04-22,site_5597,"IITH Kandi, Hyderabad - TSPCB",HYD_0001,17.59,78.12,10.09442105263158,95,98.95833333333334
2025-04-23,site_5597,"IITH Kandi, Hyderabad - TSPCB",HYD_0001,17.59,78.12,8.648947368421052,95,98.95833333333334
2025-04-24,site_5597,"IITH Kandi, Hyderabad - TSPCB",HYD_0001,17.59,78.12,,42,43.75
2025-04-25,site_5597,"IITH Kandi, Hyderabad - TSPCB",HYD_0001,17.59,78.12,,55,57.29166666666666
2025-04-26,site_5597,"IITH Kandi, Hyderabad - TSPCB",HYD_0001,17.59,78.12,10.289263157894736,95,98.95833333333334
2025-04-27,site_5597,"IITH Kandi, Hyderabad - TSPCB",HYD_0001,17.59,78.12,9.311785714285715,84,87.5
2025-04-28,site_5597,"IITH Kandi, Hyderabad - TSPCB",HYD_0001,17.59,78.12,8.919157894736843,95,98.95833333333334
2025-04-29,site_5597,"IITH Kandi, Hyderabad - TSPCB",HYD_0001,17.59,78.12,9.22,96,100.0
2025-04-30,site_5597,"IITH Kandi, Hyderabad - TSPCB",HYD_0001,17.59,78.12,10.52308510638298,94,97.91666666666666
2025-05-01,site_5597,"IITH Kandi, Hyderabad - TSPCB",HYD_0001,17.59,78.12,10.522234042553192,94,97.91666666666666
2025-05-02,site_5597,"IITH Kandi, Hyderabad - TSPCB",HYD_0001,17.59,78.12,9.951827956989248,93,96.875
2025-05-03,site_5597,"IITH Kandi, Hyderabad - TSPCB",HYD_0001,17.59,78.12,9.731458333333334,96,100.0
2025-05-04,site_5597,"IITH Kandi, Hyderabad - TSPCB",HYD_0001,17.59,78.12,9.877578947368422,95,98.95833333333334
2025-05-05,site_5597,"IITH Kandi, Hyderabad - TSPCB",HYD_0001,17.59,78.12,10.9096875,96,100.0
2025-05-06,site_5597,"IITH Kandi, Hyderabad - TSPCB",HYD_0001,17.59,78.12,10.141789473684211,95,98.95833333333334
2025-05-07,site_5597,"IITH Kandi, Hyderabad - TSPCB",HYD_0001,17.59,78.12,11.0296875,96,100.0
2025-05-08,site_5597,"IITH Kandi, Hyderabad - TSPCB",HYD_0001,17.59,78.12,12.370212765957444,94,97.91666666666666
2025-05-09,site_5597,"IITH Kandi, Hyderabad - TSPCB",HYD_0001,17.59,78.12,10.492916666666668,96,100.0
2025-05-10,site_5597,"IITH Kandi, Hyderabad - TSPCB",HYD_0001,17.59,78.12,10.133297872340425,94,97.91666666666666
2025-05-11,site_5597,"IITH Kandi, Hyderabad - TSPCB",HYD_0001,17.59,78.12,10.221041666666666,96,100.0
2025-05-12,site_5597,"IITH Kandi, Hyderabad - TSPCB",HYD_0001,17.59,78.12,9.087291666666667,96,100.0
2025-05-13,site_5597,"IITH Kandi, Hyderabad - TSPCB",HYD_0001,17.59,78.12,8.990208333333333,96,100.0
2025-05-14,site_5597,"IITH Kandi, Hyderabad - TSPCB",HYD_0001,17.59,78.12,11.998494623655914,93,96.875
2025-05-15,site_5597,"IITH Kandi, Hyderabad - TSPCB",HYD_0001,17.59,78.12,11.41463157894737,95,98.95833333333334
2025-05-16,site_5597,"IITH Kandi, Hyderabad - TSPCB",HYD_0001,17.59,78.12,11.238124999999998,96,100.0
2025-05-17,site_5597,"IITH Kandi, Hyderabad - TSPCB",HYD_0001,17.59,78.12,10.771875,96,100.0
2025-05-18,site_5597,"IITH Kandi, Hyderabad - TSPCB",HYD_0001,17.59,78.12,11.297340425531916,94,97.91666666666666
2025-05-19,site_5597,"IITH Kandi, Hyderabad - TSPCB",HYD_0001,17.59,78.12,11.113118279569893,93,96.875
2025-05-20,site_5597,"IITH Kandi, Hyderabad - TSPCB",HYD_0001,17.59,78.12,11.607157894736842,95,98.95833333333334
2025-05-21,site_5597,"IITH Kandi, Hyderabad - TSPCB",HYD_0001,17.59,78.12,10.803,90,93.75
2025-05-22,site_5597,"IITH Kandi, Hyderabad - TSPCB",HYD_0001,17.59,78.12,9.605104166666669,96,100.0
2025-05-23,site_5597,"IITH Kandi, Hyderabad - TSPCB",HYD_0001,17.59,78.12,10.05042105263158,95,98.95833333333334
2025-05-24,site_5597,"IITH Kandi, Hyderabad - TSPCB",HYD_0001,17.59,78.12,10.175375,80,83.33333333333334
2025-05-25,site_5597,"IITH Kandi, Hyderabad - TSPCB",HYD_0001,17.59,78.12,11.243478260869566,92,95.83333333333334
2025-05-26,site_5597,"IITH Kandi, Hyderabad - TSPCB",HYD_0001,17.59,78.12,10.427052631578947,95,98.95833333333334
2025-05-27,site_5597,"IITH Kandi, Hyderabad - TSPCB",HYD_0001,17.59,78.12,10.214479166666669,96,100.0
2025-05-28,site_5597,"IITH Kandi, Hyderabad - TSPCB",HYD_0001,17.59,78.12,10.208064516129031,93,96.875
2025-05-29,site_5597,"IITH Kandi, Hyderabad - TSPCB",HYD_0001,17.59,78.12,12.731875,96,100.0
2025-05-30,site_5597,"IITH Kandi, Hyderabad - TSPCB",HYD_0001,17.59,78.12,10.518958333333334,96,100.0
2025-05-31,site_5597,"IITH Kandi, Hyderabad - TSPCB",HYD_0001,17.59,78.12,10.720842105263158,95,98.95833333333334
2025-06-01,site_5597,"IITH Kandi, Hyderabad - TSPCB",HYD_0001,17.59,78.12,11.920833333333334,96,100.0
2025-06-02,site_5597,"IITH Kandi, Hyderabad - TSPCB",HYD_0001,17.59,78.12,11.19421052631579,95,98.95833333333334
2025-06-03,site_5597,"IITH Kandi, Hyderabad - TSPCB",HYD_0001,17.59,78.12,10.244375,96,100.0
2025-06-04,site_5597,"IITH Kandi, Hyderabad - TSPCB",HYD_0001,17.59,78.12,10.51757894736842,95,98.95833333333334
2025-06-05,site_5597,"IITH Kandi, Hyderabad - TSPCB",HYD_0001,17.59,78.12,9.736881720430109,93,96.875
2025-06-06,site_5597,"IITH Kandi, Hyderabad - TSPCB",HYD_0001,17.59,78.12,9.227956989247312,93,96.875
2025-06-07,site_5597,"IITH Kandi, Hyderabad - TSPCB",HYD_0001,17.59,78.12,8.98611111111111,90,93.75
2025-06-08,site_5597,"IITH Kandi, Hyderabad - TSPCB",HYD_0001,17.59,78.12,8.597604166666667,96,100.0
2025-06-09,site_5597,"IITH Kandi, Hyderabad - TSPCB",HYD_0001,17.59,78.12,9.240526315789474,95,98.95833333333334
2025-06-10,site_5597,"IITH Kandi, Hyderabad - TSPCB",HYD_0001,17.59,78.12,8.971041666666666,96,100.0
2025-06-11,site_5597,"IITH Kandi, Hyderabad - TSPCB",HYD_0001,17.59,78.12,10.5471875,96,100.0
2025-06-12,site_5597,"IITH Kandi, Hyderabad - TSPCB",HYD_0001,17.59,78.12,,70,72.91666666666666
2025-06-13,site_5597,"IITH Kandi, Hyderabad - TSPCB",HYD_0001,17.59,78.12,10.020729166666667,96,100.0
2025-06-14,site_5597,"IITH Kandi, Hyderabad - TSPCB",HYD_0001,17.59,78.12,13.120957446808507,94,97.91666666666666
2025-06-15,site_5597,"IITH Kandi, Hyderabad - TSPCB",HYD_0001,17.59,78.12,14.326145833333332,96,100.0
2025-06-16,site_5597,"IITH Kandi, Hyderabad - TSPCB",HYD_0001,17.59,78.12,13.113541666666668,96,100.0
2025-06-17,site_5597,"IITH Kandi, Hyderabad - TSPCB",HYD_0001,17.59,78.12,12.998,95,98.95833333333334
2025-06-18,site_5597,"IITH Kandi, Hyderabad - TSPCB",HYD_0001,17.59,78.12,9.2153125,96,100.0
2025-06-19,site_5597,"IITH Kandi, Hyderabad - TSPCB",HYD_0001,17.59,78.12,9.401770833333334,96,100.0
2025-06-20,site_5597,"IITH Kandi, Hyderabad - TSPCB",HYD_0001,17.59,78.12,9.23627659574468,94,97.91666666666666
2025-06-21,site_5597,"IITH Kandi, Hyderabad - TSPCB",HYD_0001,17.59,78.12,11.219545454545456,88,91.66666666666666
2025-06-22,site_5597,"IITH Kandi, Hyderabad - TSPCB",HYD_0001,17.59,78.12,11.219473684210524,95,98.95833333333334
2025-06-23,site_5597,"IITH Kandi, Hyderabad - TSPCB",HYD_0001,17.59,78.12,11.2046875,96,100.0
2025-06-24,site_5597,"IITH Kandi, Hyderabad - TSPCB",HYD_0001,17.59,78.12,9.981666666666667,96,100.0
2025-06-25,site_5597,"IITH Kandi, Hyderabad - TSPCB",HYD_0001,17.59,78.12,9.686041666666666,96,100.0
2025-06-26,site_5597,"IITH Kandi, Hyderabad - TSPCB",HYD_0001,17.59,78.12,9.845,90,93.75
2025-06-27,site_5597,"IITH Kandi, Hyderabad - TSPCB",HYD_0001,17.59,78.12,9.693229166666669,96,100.0
2025-06-28,site_5597,"IITH Kandi, Hyderabad - TSPCB",HYD_0001,17.59,78.12,8.508723404255319,94,97.91666666666666
2025-06-29,site_5597,"IITH Kandi, Hyderabad - TSPCB",HYD_0001,17.59,78.12,8.700531914893617,94,97.91666666666666
2025-06-30,site_5597,"IITH Kandi, Hyderabad - TSPCB",HYD_0001,17.59,78.12,8.607204301075269,93,96.875
2025-07-01,site_5597,"IITH Kandi, Hyderabad - TSPCB",HYD_0001,17.59,78.12,8.19978494623656,93,96.875
2025-07-02,site_5597,"IITH Kandi, Hyderabad - TSPCB",HYD_0001,17.59,78.12,11.481875,96,100.0
2025-07-03,site_5597,"IITH Kandi, Hyderabad - TSPCB",HYD_0001,17.59,78.12,13.441770833333337,96,100.0
2025-07-04,site_5597,"IITH Kandi, Hyderabad - TSPCB",HYD_0001,17.59,78.12,11.257052631578947,95,98.95833333333334
2025-07-05,site_5597,"IITH Kandi, Hyderabad - TSPCB",HYD_0001,17.59,78.12,11.790947368421053,95,98.95833333333334
2025-07-06,site_5597,"IITH Kandi, Hyderabad - TSPCB",HYD_0001,17.59,78.12,12.936979166666667,96,100.0
2025-07-07,site_5597,"IITH Kandi, Hyderabad - TSPCB",HYD_0001,17.59,78.12,13.707840909090908,88,91.66666666666666
2025-07-08,site_5597,"IITH Kandi, Hyderabad - TSPCB",HYD_0001,17.59,78.12,,58,60.41666666666666
2025-07-09,site_5597,"IITH Kandi, Hyderabad - TSPCB",HYD_0001,17.59,78.12,13.906041666666669,96,100.0
2025-07-10,site_5597,"IITH Kandi, Hyderabad - TSPCB",HYD_0001,17.59,78.12,10.48186046511628,86,89.58333333333334
2025-07-11,site_5597,"IITH Kandi, Hyderabad - TSPCB",HYD_0001,17.59,78.12,9.416627906976744,86,89.58333333333334
2025-07-12,site_5597,"IITH Kandi, Hyderabad - TSPCB",HYD_0001,17.59,78.12,,65,67.70833333333334
2025-07-13,site_5597,"IITH Kandi, Hyderabad - TSPCB",HYD_0001,17.59,78.12,,0,0.0
2025-07-14,site_5597,"IITH Kandi, Hyderabad - TSPCB",HYD_0001,17.59,78.12,,60,62.5
2025-07-15,site_5597,"IITH Kandi, Hyderabad - TSPCB",HYD_0001,17.59,78.12,9.378736842105264,95,98.95833333333334
2025-07-16,site_5597,"IITH Kandi, Hyderabad - TSPCB",HYD_0001,17.59,78.12,11.504583333333334,96,100.0
2025-07-17,site_5597,"IITH Kandi, Hyderabad - TSPCB",HYD_0001,17.59,78.12,10.64125,96,100.0
2025-07-18,site_5597,"IITH Kandi, Hyderabad - TSPCB",HYD_0001,17.59,78.12,12.030736842105265,95,98.95833333333334
2025-07-19,site_5597,"IITH Kandi, Hyderabad - TSPCB",HYD_0001,17.59,78.12,,62,64.58333333333334
2025-07-20,site_5597,"IITH Kandi, Hyderabad - TSPCB",HYD_0001,17.59,78.12,12.387999999999998,95,98.95833333333334
2025-07-21,site_5597,"IITH Kandi, Hyderabad - TSPCB",HYD_0001,17.59,78.12,,70,72.91666666666666
2025-07-22,site_5597,"IITH Kandi, Hyderabad - TSPCB",HYD_0001,17.59,78.12,16.23357894736842,95,98.95833333333334
2025-07-23,site_5597,"IITH Kandi, Hyderabad - TSPCB",HYD_0001,17.59,78.12,14.923617021276597,94,97.91666666666666
2025-07-24,site_5597,"IITH Kandi, Hyderabad - TSPCB",HYD_0001,17.59,78.12,12.92858695652174,92,95.83333333333334
2025-07-25,site_5597,"IITH Kandi, Hyderabad - TSPCB",HYD_0001,17.59,78.12,,20,20.833333333333336
2025-07-26,site_5597,"IITH Kandi, Hyderabad - TSPCB",HYD_0001,17.59,78.12,13.384315789473684,95,98.95833333333334
2025-07-27,site_5597,"IITH Kandi, Hyderabad - TSPCB",HYD_0001,17.59,78.12,11.509263157894738,95,98.95833333333334
2025-07-28,site_5597,"IITH Kandi, Hyderabad - TSPCB",HYD_0001,17.59,78.12,8.760736842105263,95,98.95833333333334
2025-07-29,site_5597,"IITH Kandi, Hyderabad - TSPCB",HYD_0001,17.59,78.12,12.154791666666666,96,100.0
2025-07-30,site_5597,"IITH Kandi, Hyderabad - TSPCB",HYD_0001,17.59,78.12,12.247297297297298,74,77.08333333333334
2025-07-31,site_5597,"IITH Kandi, Hyderabad - TSPCB",HYD_0001,17.59,78.12,,67,69.79166666666666
2025-08-01,site_5597,"IITH Kandi, Hyderabad - TSPCB",HYD_0001,17.59,78.12,,67,69.79166666666666
2025-08-02,site_5597,"IITH Kandi, Hyderabad - TSPCB",HYD_0001,17.59,78.12,,63,65.625
2025-08-03,site_5597,"IITH Kandi, Hyderabad - TSPCB",HYD_0001,17.59,78.12,10.754109589041096,73,76.04166666666666
2025-08-04,site_5597,"IITH Kandi, Hyderabad - TSPCB",HYD_0001,17.59,78.12,,48,50.0
2025-08-05,site_5597,"IITH Kandi, Hyderabad - TSPCB",HYD_0001,17.59,78.12,11.81968085106383,94,97.91666666666666
2025-08-06,site_5597,"IITH Kandi, Hyderabad - TSPCB",HYD_0001,17.59,78.12,,70,72.91666666666666
2025-08-07,site_5597,"IITH Kandi, Hyderabad - TSPCB",HYD_0001,17.59,78.12,,64,66.66666666666666
2025-08-08,site_5597,"IITH Kandi, Hyderabad - TSPCB",HYD_0001,17.59,78.12,12.708541666666669,96,100.0
2025-08-09,site_5597,"IITH Kandi, Hyderabad - TSPCB",HYD_0001,17.59,78.12,14.939787234042551,94,97.91666666666666
2025-08-10,site_5597,"IITH Kandi, Hyderabad - TSPCB",HYD_0001,17.59,78.12,12.61484210526316,95,98.95833333333334
2025-08-11,site_5597,"IITH Kandi, Hyderabad - TSPCB",HYD_0001,17.59,78.12,11.898191489361702,94,97.91666666666666
2025-08-12,site_5597,"IITH Kandi, Hyderabad - TSPCB",HYD_0001,17.59,78.12,11.215714285714286,91,94.79166666666666
2025-08-13,site_5597,"IITH Kandi, Hyderabad - TSPCB",HYD_0001,17.59,78.12,11.170416666666666,96,100.0
2025-08-14,site_5597,"IITH Kandi, Hyderabad - TSPCB",HYD_0001,17.59,78.12,12.30691489361702,94,97.91666666666666
2025-08-15,site_5597,"IITH Kandi, Hyderabad - TSPCB",HYD_0001,17.59,78.12,,42,43.75
2025-08-16,site_5597,"IITH Kandi, Hyderabad - TSPCB",HYD_0001,17.59,78.12,,56,58.333333333333336
2025-08-17,site_5597,"IITH Kandi, Hyderabad - TSPCB",HYD_0001,17.59,78.12,11.5890625,96,100.0
2025-08-18,site_5597,"IITH Kandi, Hyderabad - TSPCB",HYD_0001,17.59,78.12,11.302604166666669,96,100.0
2025-08-19,site_5597,"IITH Kandi, Hyderabad - TSPCB",HYD_0001,17.59,78.12,12.620493827160496,81,84.375
2025-08-20,site_5597,"IITH Kandi, Hyderabad - TSPCB",HYD_0001,17.59,78.12,15.961279069767444,86,89.58333333333334
2025-08-21,site_5597,"IITH Kandi, Hyderabad - TSPCB",HYD_0001,17.59,78.12,,54,56.25
2025-08-22,site_5597,"IITH Kandi, Hyderabad - TSPCB",HYD_0001,17.59,78.12,,59,61.458333333333336
2025-08-23,site_5597,"IITH Kandi, Hyderabad - TSPCB",HYD_0001,17.59,78.12,8.150105263157895,95,98.95833333333334
2025-08-24,site_5597,"IITH Kandi, Hyderabad - TSPCB",HYD_0001,17.59,78.12,8.154130434782608,92,95.83333333333334
2025-08-25,site_5597,"IITH Kandi, Hyderabad - TSPCB",HYD_0001,17.59,78.12,8.165263157894737,95,98.95833333333334
2025-08-26,site_5597,"IITH Kandi, Hyderabad - TSPCB",HYD_0001,17.59,78.12,10.212105263157897,95,98.95833333333334
2025-08-27,site_5597,"IITH Kandi, Hyderabad - TSPCB",HYD_0001,17.59,78.12,,65,67.70833333333334
2025-08-28,site_5597,"IITH Kandi, Hyderabad - TSPCB",HYD_0001,17.59,78.12,11.844698795180722,83,86.45833333333334
2025-08-29,site_5597,"IITH Kandi, Hyderabad - TSPCB",HYD_0001,17.59,78.12,,0,0.0
2025-08-30,site_5597,"IITH Kandi, Hyderabad - TSPCB",HYD_0001,17.59,78.12,,66,68.75
2025-08-31,site_5597,"IITH Kandi, Hyderabad - TSPCB",HYD_0001,17.59,78.12,12.122604166666669,96,100.0
2025-01-01,site_5604,"Kokapet, Hyderabad - TSPCB",HYD_0147,17.42,78.33,7.407659574468085,94,97.91666666666666
2025-01-02,site_5604,"Kokapet, Hyderabad - TSPCB",HYD_0147,17.42,78.33,11.256344086021503,93,96.875
2025-01-03,site_5604,"Kokapet, Hyderabad - TSPCB",HYD_0147,17.42,78.33,,34,35.41666666666667
2025-01-04,site_5604,"Kokapet, Hyderabad - TSPCB",HYD_0147,17.42,78.33,,24,25.0
2025-01-05,site_5604,"Kokapet, Hyderabad - TSPCB",HYD_0147,17.42,78.33,,0,0.0
2025-01-06,site_5604,"Kokapet, Hyderabad - TSPCB",HYD_0147,17.42,78.33,,47,48.95833333333333
2025-01-07,site_5604,"Kokapet, Hyderabad - TSPCB",HYD_0147,17.42,78.33,,55,57.29166666666666
2025-01-08,site_5604,"Kokapet, Hyderabad - TSPCB",HYD_0147,17.42,78.33,8.281578947368422,95,98.95833333333334
2025-01-09,site_5604,"Kokapet, Hyderabad - TSPCB",HYD_0147,17.42,78.33,7.944166666666666,84,87.5
2025-01-10,site_5604,"Kokapet, Hyderabad - TSPCB",HYD_0147,17.42,78.33,,59,61.458333333333336
2025-01-11,site_5604,"Kokapet, Hyderabad - TSPCB",HYD_0147,17.42,78.33,7.876,75,78.125
2025-01-12,site_5604,"Kokapet, Hyderabad - TSPCB",HYD_0147,17.42,78.33,,56,58.333333333333336
2025-01-13,site_5604,"Kokapet, Hyderabad - TSPCB",HYD_0147,17.42,78.33,8.841702127659575,94,97.91666666666666
2025-01-14,site_5604,"Kokapet, Hyderabad - TSPCB",HYD_0147,17.42,78.33,9.242708333333333,96,100.0
2025-01-15,site_5604,"Kokapet, Hyderabad - TSPCB",HYD_0147,17.42,78.33,9.271875,96,100.0
2025-01-16,site_5604,"Kokapet, Hyderabad - TSPCB",HYD_0147,17.42,78.33,9.26375,96,100.0
2025-01-17,site_5604,"Kokapet, Hyderabad - TSPCB",HYD_0147,17.42,78.33,9.754352941176473,85,88.54166666666666
2025-01-18,site_5604,"Kokapet, Hyderabad - TSPCB",HYD_0147,17.42,78.33,9.71,95,98.95833333333334
2025-01-19,site_5604,"Kokapet, Hyderabad - TSPCB",HYD_0147,17.42,78.33,8.84164705882353,85,88.54166666666666
2025-01-20,site_5604,"Kokapet, Hyderabad - TSPCB",HYD_0147,17.42,78.33,7.747263157894737,95,98.95833333333334
2025-01-21,site_5604,"Kokapet, Hyderabad - TSPCB",HYD_0147,17.42,78.33,8.010625,96,100.0
2025-01-22,site_5604,"Kokapet, Hyderabad - TSPCB",HYD_0147,17.42,78.33,9.356354166666668,96,100.0
2025-01-23,site_5604,"Kokapet, Hyderabad - TSPCB",HYD_0147,17.42,78.33,,49,51.04166666666666
2025-01-24,site_5604,"Kokapet, Hyderabad - TSPCB",HYD_0147,17.42,78.33,,19,19.791666666666664
2025-01-25,site_5604,"Kokapet, Hyderabad - TSPCB",HYD_0147,17.42,78.33,12.338191489361702,94,97.91666666666666
2025-01-26,site_5604,"Kokapet, Hyderabad - TSPCB",HYD_0147,17.42,78.33,12.3528125,96,100.0
2025-01-27,site_5604,"Kokapet, Hyderabad - TSPCB",HYD_0147,17.42,78.33,12.151875,96,100.0
2025-01-28,site_5604,"Kokapet, Hyderabad - TSPCB",HYD_0147,17.42,78.33,,47,48.95833333333333
2025-01-29,site_5604,"Kokapet, Hyderabad - TSPCB",HYD_0147,17.42,78.33,,41,42.70833333333333
2025-01-30,site_5604,"Kokapet, Hyderabad - TSPCB",HYD_0147,17.42,78.33,,0,0.0
2025-01-31,site_5604,"Kokapet, Hyderabad - TSPCB",HYD_0147,17.42,78.33,,29,30.20833333333333
2025-02-01,site_5604,"Kokapet, Hyderabad - TSPCB",HYD_0147,17.42,78.33,,19,19.791666666666664
2025-02-02,site_5604,"Kokapet, Hyderabad - TSPCB",HYD_0147,17.42,78.33,,0,0.0
2025-02-03,site_5604,"Kokapet, Hyderabad - TSPCB",HYD_0147,17.42,78.33,,0,0.0
2025-02-04,site_5604,"Kokapet, Hyderabad - TSPCB",HYD_0147,17.42,78.33,,32,33.33333333333333
2025-02-05,site_5604,"Kokapet, Hyderabad - TSPCB",HYD_0147,17.42,78.33,,52,54.16666666666666
2025-02-06,site_5604,"Kokapet, Hyderabad - TSPCB",HYD_0147,17.42,78.33,,44,45.83333333333333
2025-02-07,site_5604,"Kokapet, Hyderabad - TSPCB",HYD_0147,17.42,78.33,12.076145833333332,96,100.0
2025-02-08,site_5604,"Kokapet, Hyderabad - TSPCB",HYD_0147,17.42,78.33,13.370215053763442,93,96.875
2025-02-09,site_5604,"Kokapet, Hyderabad - TSPCB",HYD_0147,17.42,78.33,11.174105263157896,95,98.95833333333334
2025-02-10,site_5604,"Kokapet, Hyderabad - TSPCB",HYD_0147,17.42,78.33,9.952688172043011,93,96.875
2025-02-11,site_5604,"Kokapet, Hyderabad - TSPCB",HYD_0147,17.42,78.33,11.339479166666663,96,100.0
2025-02-12,site_5604,"Kokapet, Hyderabad - TSPCB",HYD_0147,17.42,78.33,13.09712765957447,94,97.91666666666666
2025-02-13,site_5604,"Kokapet, Hyderabad - TSPCB",HYD_0147,17.42,78.33,11.517111111111111,90,93.75
2025-02-14,site_5604,"Kokapet, Hyderabad - TSPCB",HYD_0147,17.42,78.33,13.239157894736842,95,98.95833333333334
2025-02-15,site_5604,"Kokapet, Hyderabad - TSPCB",HYD_0147,17.42,78.33,13.00357894736842,95,98.95833333333334
2025-02-16,site_5604,"Kokapet, Hyderabad - TSPCB",HYD_0147,17.42,78.33,12.007472527472528,91,94.79166666666666
2025-02-17,site_5604,"Kokapet, Hyderabad - TSPCB",HYD_0147,17.42,78.33,10.762526315789474,95,98.95833333333334
2025-02-18,site_5604,"Kokapet, Hyderabad - TSPCB",HYD_0147,17.42,78.33,9.044333333333334,90,93.75
2025-02-19,site_5604,"Kokapet, Hyderabad - TSPCB",HYD_0147,17.42,78.33,10.141145833333333,96,100.0
2025-02-20,site_5604,"Kokapet, Hyderabad - TSPCB",HYD_0147,17.42,78.33,10.355368421052631,95,98.95833333333334
2025-02-21,site_5604,"Kokapet, Hyderabad - TSPCB",HYD_0147,17.42,78.33,10.4446875,96,100.0
2025-02-22,site_5604,"Kokapet, Hyderabad - TSPCB",HYD_0147,17.42,78.33,10.8278125,96,100.0
2025-02-23,site_5604,"Kokapet, Hyderabad - TSPCB",HYD_0147,17.42,78.33,10.083936170212766,94,97.91666666666666
2025-02-24,site_5604,"Kokapet, Hyderabad - TSPCB",HYD_0147,17.42,78.33,11.606489361702128,94,97.91666666666666
2025-02-25,site_5604,"Kokapet, Hyderabad - TSPCB",HYD_0147,17.42,78.33,9.01494623655914,93,96.875
2025-02-26,site_5604,"Kokapet, Hyderabad - TSPCB",HYD_0147,17.42,78.33,7.845312499999999,96,100.0
2025-02-27,site_5604,"Kokapet, Hyderabad - TSPCB",HYD_0147,17.42,78.33,7.893191489361702,94,97.91666666666666
2025-02-28,site_5604,"Kokapet, Hyderabad - TSPCB",HYD_0147,17.42,78.33,7.882117647058823,85,88.54166666666666
2025-03-01,site_5604,"Kokapet, Hyderabad - TSPCB",HYD_0147,17.42,78.33,8.910869565217391,92,95.83333333333334
2025-03-02,site_5604,"Kokapet, Hyderabad - TSPCB",HYD_0147,17.42,78.33,9.346105263157895,95,98.95833333333334
2025-03-03,site_5604,"Kokapet, Hyderabad - TSPCB",HYD_0147,17.42,78.33,9.8565625,96,100.0
2025-03-04,site_5604,"Kokapet, Hyderabad - TSPCB",HYD_0147,17.42,78.33,11.879791666666668,96,100.0
2025-03-05,site_5604,"Kokapet, Hyderabad - TSPCB",HYD_0147,17.42,78.33,11.935263157894736,95,98.95833333333334
2025-03-06,site_5604,"Kokapet, Hyderabad - TSPCB",HYD_0147,17.42,78.33,11.201382978723403,94,97.91666666666666
2025-03-07,site_5604,"Kokapet, Hyderabad - TSPCB",HYD_0147,17.42,78.33,10.859895833333333,96,100.0
2025-03-08,site_5604,"Kokapet, Hyderabad - TSPCB",HYD_0147,17.42,78.33,10.88515789473684,95,98.95833333333334
2025-03-09,site_5604,"Kokapet, Hyderabad - TSPCB",HYD_0147,17.42,78.33,10.461458333333333,96,100.0
2025-03-10,site_5604,"Kokapet, Hyderabad - TSPCB",HYD_0147,17.42,78.33,10.647083333333333,96,100.0
2025-03-11,site_5604,"Kokapet, Hyderabad - TSPCB",HYD_0147,17.42,78.33,10.922708333333333,96,100.0
2025-03-12,site_5604,"Kokapet, Hyderabad - TSPCB",HYD_0147,17.42,78.33,10.150104166666669,96,100.0
2025-03-13,site_5604,"Kokapet, Hyderabad - TSPCB",HYD_0147,17.42,78.33,10.73531914893617,94,97.91666666666666
2025-03-14,site_5604,"Kokapet, Hyderabad - TSPCB",HYD_0147,17.42,78.33,11.673297872340424,94,97.91666666666666
2025-03-15,site_5604,"Kokapet, Hyderabad - TSPCB",HYD_0147,17.42,78.33,11.880444444444445,90,93.75
2025-03-16,site_5604,"Kokapet, Hyderabad - TSPCB",HYD_0147,17.42,78.33,11.373548387096774,93,96.875
2025-03-17,site_5604,"Kokapet, Hyderabad - TSPCB",HYD_0147,17.42,78.33,10.961304347826086,92,95.83333333333334
2025-03-18,site_5604,"Kokapet, Hyderabad - TSPCB",HYD_0147,17.42,78.33,11.705833333333333,96,100.0
2025-03-19,site_5604,"Kokapet, Hyderabad - TSPCB",HYD_0147,17.42,78.33,11.641758241758245,91,94.79166666666666
2025-03-20,site_5604,"Kokapet, Hyderabad - TSPCB",HYD_0147,17.42,78.33,11.557473684210526,95,98.95833333333334
2025-03-21,site_5604,"Kokapet, Hyderabad - TSPCB",HYD_0147,17.42,78.33,12.129462365591396,93,96.875
2025-03-22,site_5604,"Kokapet, Hyderabad - TSPCB",HYD_0147,17.42,78.33,11.764117647058823,85,88.54166666666666
2025-03-23,site_5604,"Kokapet, Hyderabad - TSPCB",HYD_0147,17.42,78.33,12.2521875,96,100.0
2025-03-24,site_5604,"Kokapet, Hyderabad - TSPCB",HYD_0147,17.42,78.33,12.267096774193549,93,96.875
2025-03-25,site_5604,"Kokapet, Hyderabad - TSPCB",HYD_0147,17.42,78.33,13.536914893617022,94,97.91666666666666
2025-03-26,site_5604,"Kokapet, Hyderabad - TSPCB",HYD_0147,17.42,78.33,15.03842105263158,95,98.95833333333334
2025-03-27,site_5604,"Kokapet, Hyderabad - TSPCB",HYD_0147,17.42,78.33,12.779375,96,100.0
2025-03-28,site_5604,"Kokapet, Hyderabad - TSPCB",HYD_0147,17.42,78.33,12.801473684210528,95,98.95833333333334
2025-03-29,site_5604,"Kokapet, Hyderabad - TSPCB",HYD_0147,17.42,78.33,12.239166666666668,96,100.0
2025-03-30,site_5604,"Kokapet, Hyderabad - TSPCB",HYD_0147,17.42,78.33,10.7975,96,100.0
2025-03-31,site_5604,"Kokapet, Hyderabad - TSPCB",HYD_0147,17.42,78.33,10.442708333333334,96,100.0
2025-04-01,site_5604,"Kokapet, Hyderabad - TSPCB",HYD_0147,17.42,78.33,11.120967741935484,93,96.875
2025-04-02,site_5604,"Kokapet, Hyderabad - TSPCB",HYD_0147,17.42,78.33,10.77065934065934,91,94.79166666666666
2025-04-03,site_5604,"Kokapet, Hyderabad - TSPCB",HYD_0147,17.42,78.33,12.381034482758622,87,90.625
2025-04-04,site_5604,"Kokapet, Hyderabad - TSPCB",HYD_0147,17.42,78.33,14.695473684210526,95,98.95833333333334
2025-04-05,site_5604,"Kokapet, Hyderabad - TSPCB",HYD_0147,17.42,78.33,14.656979166666666,96,100.0
2025-04-06,site_5604,"Kokapet, Hyderabad - TSPCB",HYD_0147,17.42,78.33,14.665957446808507,94,97.91666666666666
2025-04-07,site_5604,"Kokapet, Hyderabad - TSPCB",HYD_0147,17.42,78.33,13.357894736842104,95,98.95833333333334
2025-04-08,site_5604,"Kokapet, Hyderabad - TSPCB",HYD_0147,17.42,78.33,10.893541666666666,96,100.0
2025-04-09,site_5604,"Kokapet, Hyderabad - TSPCB",HYD_0147,17.42,78.33,10.93659574468085,94,97.91666666666666
2025-04-10,site_5604,"Kokapet, Hyderabad - TSPCB",HYD_0147,17.42,78.33,11.0959375,96,100.0
2025-04-11,site_5604,"Kokapet, Hyderabad - TSPCB",HYD_0147,17.42,78.33,10.767142857142858,91,94.79166666666666
2025-04-12,site_5604,"Kokapet, Hyderabad - TSPCB",HYD_0147,17.42,78.33,10.807976190476191,84,87.5
2025-04-13,site_5604,"Kokapet, Hyderabad - TSPCB",HYD_0147,17.42,78.33,10.771041666666669,96,100.0
2025-04-14,site_5604,"Kokapet, Hyderabad - TSPCB",HYD_0147,17.42,78.33,11.475698924731184,93,96.875
2025-04-15,site_5604,"Kokapet, Hyderabad - TSPCB",HYD_0147,17.42,78.33,12.14244680851064,94,97.91666666666666
2025-04-16,site_5604,"Kokapet, Hyderabad - TSPCB",HYD_0147,17.42,78.33,12.415744680851065,94,97.91666666666666
2025-04-17,site_5604,"Kokapet, Hyderabad - TSPCB",HYD_0147,17.42,78.33,11.420947368421052,95,98.95833333333334
2025-04-18,site_5604,"Kokapet, Hyderabad - TSPCB",HYD_0147,17.42,78.33,11.393804347826087,92,95.83333333333334
2025-04-19,site_5604,"Kokapet, Hyderabad - TSPCB",HYD_0147,17.42,78.33,12.07357894736842,95,98.95833333333334
2025-04-20,site_5604,"Kokapet, Hyderabad - TSPCB",HYD_0147,17.42,78.33,11.65468085106383,94,97.91666666666666
2025-04-21,site_5604,"Kokapet, Hyderabad - TSPCB",HYD_0147,17.42,78.33,11.114565217391304,92,95.83333333333334
2025-04-22,site_5604,"Kokapet, Hyderabad - TSPCB",HYD_0147,17.42,78.33,11.511894736842107,95,98.95833333333334
2025-04-23,site_5604,"Kokapet, Hyderabad - TSPCB",HYD_0147,17.42,78.33,11.438133333333331,75,78.125
2025-04-24,site_5604,"Kokapet, Hyderabad - TSPCB",HYD_0147,17.42,78.33,11.331098901098905,91,94.79166666666666
2025-04-25,site_5604,"Kokapet, Hyderabad - TSPCB",HYD_0147,17.42,78.33,11.343571428571428,84,87.5
2025-04-26,site_5604,"Kokapet, Hyderabad - TSPCB",HYD_0147,17.42,78.33,11.402444444444445,90,93.75
2025-04-27,site_5604,"Kokapet, Hyderabad - TSPCB",HYD_0147,17.42,78.33,11.713541666666666,96,100.0
2025-04-28,site_5604,"Kokapet, Hyderabad - TSPCB",HYD_0147,17.42,78.33,10.832027027027028,74,77.08333333333334
2025-04-29,site_5604,"Kokapet, Hyderabad - TSPCB",HYD_0147,17.42,78.33,11.728588235294117,85,88.54166666666666
2025-04-30,site_5604,"Kokapet, Hyderabad - TSPCB",HYD_0147,17.42,78.33,11.296052631578949,76,79.16666666666666
2025-05-01,site_5604,"Kokapet, Hyderabad - TSPCB",HYD_0147,17.42,78.33,11.113417721518989,79,82.29166666666666
2025-05-02,site_5604,"Kokapet, Hyderabad - TSPCB",HYD_0147,17.42,78.33,11.139310344827589,87,90.625
2025-05-03,site_5604,"Kokapet, Hyderabad - TSPCB",HYD_0147,17.42,78.33,,71,73.95833333333334
2025-05-04,site_5604,"Kokapet, Hyderabad - TSPCB",HYD_0147,17.42,78.33,,67,69.79166666666666
2025-05-05,site_5604,"Kokapet, Hyderabad - TSPCB",HYD_0147,17.42,78.33,10.812823529411766,85,88.54166666666666
2025-05-06,site_5604,"Kokapet, Hyderabad - TSPCB",HYD_0147,17.42,78.33,11.629791666666668,96,100.0
2025-05-07,site_5604,"Kokapet, Hyderabad - TSPCB",HYD_0147,17.42,78.33,11.52010752688172,93,96.875
2025-05-08,site_5604,"Kokapet, Hyderabad - TSPCB",HYD_0147,17.42,78.33,12.470117647058824,85,88.54166666666666
2025-05-09,site_5604,"Kokapet, Hyderabad - TSPCB",HYD_0147,17.42,78.33,,47,48.95833333333333
2025-05-10,site_5604,"Kokapet, Hyderabad - TSPCB",HYD_0147,17.42,78.33,,0,0.0
2025-05-11,site_5604,"Kokapet, Hyderabad - TSPCB",HYD_0147,17.42,78.33,,0,0.0
2025-05-12,site_5604,"Kokapet, Hyderabad - TSPCB",HYD_0147,17.42,78.33,,25,26.041666666666668
2025-05-13,site_5604,"Kokapet, Hyderabad - TSPCB",HYD_0147,17.42,78.33,10.608736842105264,95,98.95833333333334
2025-05-14,site_5604,"Kokapet, Hyderabad - TSPCB",HYD_0147,17.42,78.33,,42,43.75
2025-05-15,site_5604,"Kokapet, Hyderabad - TSPCB",HYD_0147,17.42,78.33,,0,0.0
2025-05-16,site_5604,"Kokapet, Hyderabad - TSPCB",HYD_0147,17.42,78.33,,0,0.0
2025-05-17,site_5604,"Kokapet, Hyderabad - TSPCB",HYD_0147,17.42,78.33,,20,20.833333333333336
2025-05-18,site_5604,"Kokapet, Hyderabad - TSPCB",HYD_0147,17.42,78.33,9.702708333333334,96,100.0
2025-05-19,site_5604,"Kokapet, Hyderabad - TSPCB",HYD_0147,17.42,78.33,9.745866666666668,75,78.125
2025-05-20,site_5604,"Kokapet, Hyderabad - TSPCB",HYD_0147,17.42,78.33,10.548936170212766,94,97.91666666666666
2025-05-21,site_5604,"Kokapet, Hyderabad - TSPCB",HYD_0147,17.42,78.33,10.30178947368421,95,98.95833333333334
2025-05-22,site_5604,"Kokapet, Hyderabad - TSPCB",HYD_0147,17.42,78.33,9.711368421052631,95,98.95833333333334
2025-05-23,site_5604,"Kokapet, Hyderabad - TSPCB",HYD_0147,17.42,78.33,10.398229166666669,96,100.0
2025-05-24,site_5604,"Kokapet, Hyderabad - TSPCB",HYD_0147,17.42,78.33,10.979638554216868,83,86.45833333333334
2025-05-25,site_5604,"Kokapet, Hyderabad - TSPCB",HYD_0147,17.42,78.33,10.131397849462363,93,96.875
2025-05-26,site_5604,"Kokapet, Hyderabad - TSPCB",HYD_0147,17.42,78.33,9.909186046511628,86,89.58333333333334
2025-05-27,site_5604,"Kokapet, Hyderabad - TSPCB",HYD_0147,17.42,78.33,10.448709677419355,93,96.875
2025-05-28,site_5604,"Kokapet, Hyderabad - TSPCB",HYD_0147,17.42,78.33,10.8575,96,100.0
2025-05-29,site_5604,"Kokapet, Hyderabad - TSPCB",HYD_0147,17.42,78.33,10.694479166666667,96,100.0
2025-05-30,site_5604,"Kokapet, Hyderabad - TSPCB",HYD_0147,17.42,78.33,9.967446808510635,94,97.91666666666666
2025-05-31,site_5604,"Kokapet, Hyderabad - TSPCB",HYD_0147,17.42,78.33,10.051770833333334,96,100.0
2025-06-01,site_5604,"Kokapet, Hyderabad - TSPCB",HYD_0147,17.42,78.33,10.223473684210528,95,98.95833333333334
2025-06-02,site_5604,"Kokapet, Hyderabad - TSPCB",HYD_0147,17.42,78.33,11.3818085106383,94,97.91666666666666
2025-06-03,site_5604,"Kokapet, Hyderabad - TSPCB",HYD_0147,17.42,78.33,12.088947368421053,95,98.95833333333334
2025-06-04,site_5604,"Kokapet, Hyderabad - TSPCB",HYD_0147,17.42,78.33,10.770105263157896,95,98.95833333333334
2025-06-05,site_5604,"Kokapet, Hyderabad - TSPCB",HYD_0147,17.42,78.33,11.213052631578948,95,98.95833333333334
2025-06-06,site_5604,"Kokapet, Hyderabad - TSPCB",HYD_0147,17.42,78.33,11.286702127659575,94,97.91666666666666
2025-06-07,site_5604,"Kokapet, Hyderabad - TSPCB",HYD_0147,17.42,78.33,11.973541666666668,96,100.0
2025-06-08,site_5604,"Kokapet, Hyderabad - TSPCB",HYD_0147,17.42,78.33,10.750315789473683,95,98.95833333333334
2025-06-09,site_5604,"Kokapet, Hyderabad - TSPCB",HYD_0147,17.42,78.33,11.532584269662925,89,92.70833333333334
2025-06-10,site_5604,"Kokapet, Hyderabad - TSPCB",HYD_0147,17.42,78.33,10.973125,96,100.0
2025-06-11,site_5604,"Kokapet, Hyderabad - TSPCB",HYD_0147,17.42,78.33,11.090842105263157,95,98.95833333333334
2025-06-12,site_5604,"Kokapet, Hyderabad - TSPCB",HYD_0147,17.42,78.33,11.138369565217392,92,95.83333333333334
2025-06-13,site_5604,"Kokapet, Hyderabad - TSPCB",HYD_0147,17.42,78.33,11.1009375,96,100.0
2025-06-14,site_5604,"Kokapet, Hyderabad - TSPCB",HYD_0147,17.42,78.33,11.106739130434784,92,95.83333333333334
2025-06-15,site_5604,"Kokapet, Hyderabad - TSPCB",HYD_0147,17.42,78.33,10.504193548387097,93,96.875
2025-06-16,site_5604,"Kokapet, Hyderabad - TSPCB",HYD_0147,17.42,78.33,10.260625,96,100.0
2025-06-17,site_5604,"Kokapet, Hyderabad - TSPCB",HYD_0147,17.42,78.33,11.281263157894736,95,98.95833333333334
2025-06-18,site_5604,"Kokapet, Hyderabad - TSPCB",HYD_0147,17.42,78.33,11.51125,96,100.0
2025-06-19,site_5604,"Kokapet, Hyderabad - TSPCB",HYD_0147,17.42,78.33,10.927473684210526,95,98.95833333333334
2025-06-20,site_5604,"Kokapet, Hyderabad - TSPCB",HYD_0147,17.42,78.33,10.41054347826087,92,95.83333333333334
2025-06-21,site_5604,"Kokapet, Hyderabad - TSPCB",HYD_0147,17.42,78.33,11.576105263157896,95,98.95833333333334
2025-06-22,site_5604,"Kokapet, Hyderabad - TSPCB",HYD_0147,17.42,78.33,12.205208333333331,96,100.0
2025-06-23,site_5604,"Kokapet, Hyderabad - TSPCB",HYD_0147,17.42,78.33,10.712105263157897,95,98.95833333333334
2025-06-24,site_5604,"Kokapet, Hyderabad - TSPCB",HYD_0147,17.42,78.33,10.182234042553192,94,97.91666666666666
2025-06-25,site_5604,"Kokapet, Hyderabad - TSPCB",HYD_0147,17.42,78.33,10.857395833333332,96,100.0
2025-06-26,site_5604,"Kokapet, Hyderabad - TSPCB",HYD_0147,17.42,78.33,10.704042553191488,94,97.91666666666666
2025-06-27,site_5604,"Kokapet, Hyderabad - TSPCB",HYD_0147,17.42,78.33,12.841157894736844,95,98.95833333333334
2025-06-28,site_5604,"Kokapet, Hyderabad - TSPCB",HYD_0147,17.42,78.33,13.2825,96,100.0
2025-06-29,site_5604,"Kokapet, Hyderabad - TSPCB",HYD_0147,17.42,78.33,10.440631578947368,95,98.95833333333334
2025-06-30,site_5604,"Kokapet, Hyderabad - TSPCB",HYD_0147,17.42,78.33,8.943076923076923,91,94.79166666666666
2025-07-01,site_5604,"Kokapet, Hyderabad - TSPCB",HYD_0147,17.42,78.33,11.722499999999998,96,100.0
2025-07-02,site_5604,"Kokapet, Hyderabad - TSPCB",HYD_0147,17.42,78.33,12.55578947368421,95,98.95833333333334
2025-07-03,site_5604,"Kokapet, Hyderabad - TSPCB",HYD_0147,17.42,78.33,12.485208333333333,96,100.0
2025-07-04,site_5604,"Kokapet, Hyderabad - TSPCB",HYD_0147,17.42,78.33,11.58031914893617,94,97.91666666666666
2025-07-05,site_5604,"Kokapet, Hyderabad - TSPCB",HYD_0147,17.42,78.33,11.138645833333332,96,100.0
2025-07-06,site_5604,"Kokapet, Hyderabad - TSPCB",HYD_0147,17.42,78.33,11.246451612903227,93,96.875
2025-07-07,site_5604,"Kokapet, Hyderabad - TSPCB",HYD_0147,17.42,78.33,11.161808510638298,94,97.91666666666666
2025-07-08,site_5604,"Kokapet, Hyderabad - TSPCB",HYD_0147,17.42,78.33,10.893578947368422,95,98.95833333333334
2025-07-09,site_5604,"Kokapet, Hyderabad - TSPCB",HYD_0147,17.42,78.33,10.411304347826087,92,95.83333333333334
2025-07-10,site_5604,"Kokapet, Hyderabad - TSPCB",HYD_0147,17.42,78.33,10.143263157894737,95,98.95833333333334
2025-07-11,site_5604,"Kokapet, Hyderabad - TSPCB",HYD_0147,17.42,78.33,10.882340425531916,94,97.91666666666666
2025-07-12,site_5604,"Kokapet, Hyderabad - TSPCB",HYD_0147,17.42,78.33,12.04778947368421,95,98.95833333333334
2025-07-13,site_5604,"Kokapet, Hyderabad - TSPCB",HYD_0147,17.42,78.33,12.02736842105263,95,98.95833333333334
2025-07-14,site_5604,"Kokapet, Hyderabad - TSPCB",HYD_0147,17.42,78.33,12.654583333333331,96,100.0
2025-07-15,site_5604,"Kokapet, Hyderabad - TSPCB",HYD_0147,17.42,78.33,,67,69.79166666666666
2025-07-16,site_5604,"Kokapet, Hyderabad - TSPCB",HYD_0147,17.42,78.33,,59,61.458333333333336
2025-07-17,site_5604,"Kokapet, Hyderabad - TSPCB",HYD_0147,17.42,78.33,,51,53.125
2025-07-18,site_5604,"Kokapet, Hyderabad - TSPCB",HYD_0147,17.42,78.33,11.398842105263158,95,98.95833333333334
2025-07-19,site_5604,"Kokapet, Hyderabad - TSPCB",HYD_0147,17.42,78.33,11.423723404255318,94,97.91666666666666
2025-07-20,site_5604,"Kokapet, Hyderabad - TSPCB",HYD_0147,17.42,78.33,11.244270833333331,96,100.0
2025-07-21,site_5604,"Kokapet, Hyderabad - TSPCB",HYD_0147,17.42,78.33,10.034166666666666,96,100.0
2025-07-22,site_5604,"Kokapet, Hyderabad - TSPCB",HYD_0147,17.42,78.33,10.814893617021276,94,97.91666666666666
2025-07-23,site_5604,"Kokapet, Hyderabad - TSPCB",HYD_0147,17.42,78.33,10.730842105263156,95,98.95833333333334
2025-07-24,site_5604,"Kokapet, Hyderabad - TSPCB",HYD_0147,17.42,78.33,10.3709375,96,100.0
2025-07-25,site_5604,"Kokapet, Hyderabad - TSPCB",HYD_0147,17.42,78.33,8.3496875,96,100.0
2025-07-26,site_5604,"Kokapet, Hyderabad - TSPCB",HYD_0147,17.42,78.33,8.285729166666666,96,100.0
2025-07-27,site_5604,"Kokapet, Hyderabad - TSPCB",HYD_0147,17.42,78.33,10.699139784946237,93,96.875
2025-07-28,site_5604,"Kokapet, Hyderabad - TSPCB",HYD_0147,17.42,78.33,10.8259375,96,100.0
2025-07-29,site_5604,"Kokapet, Hyderabad - TSPCB",HYD_0147,17.42,78.33,10.252291666666666,96,100.0
2025-07-30,site_5604,"Kokapet, Hyderabad - TSPCB",HYD_0147,17.42,78.33,10.62642105263158,95,98.95833333333334
2025-07-31,site_5604,"Kokapet, Hyderabad - TSPCB",HYD_0147,17.42,78.33,12.0515625,96,100.0
2025-08-01,site_5604,"Kokapet, Hyderabad - TSPCB",HYD_0147,17.42,78.33,12.84421052631579,95,98.95833333333334
2025-08-02,site_5604,"Kokapet, Hyderabad - TSPCB",HYD_0147,17.42,78.33,11.124895833333332,96,100.0
2025-08-03,site_5604,"Kokapet, Hyderabad - TSPCB",HYD_0147,17.42,78.33,11.623645833333333,96,100.0
2025-08-04,site_5604,"Kokapet, Hyderabad - TSPCB",HYD_0147,17.42,78.33,12.106421052631578,95,98.95833333333334
2025-08-05,site_5604,"Kokapet, Hyderabad - TSPCB",HYD_0147,17.42,78.33,,45,46.875
2025-08-06,site_5604,"Kokapet, Hyderabad - TSPCB",HYD_0147,17.42,78.33,13.199041095890411,73,76.04166666666666
2025-08-07,site_5604,"Kokapet, Hyderabad - TSPCB",HYD_0147,17.42,78.33,12.076382978723403,94,97.91666666666666
2025-08-08,site_5604,"Kokapet, Hyderabad - TSPCB",HYD_0147,17.42,78.33,11.430416666666666,96,100.0
2025-08-09,site_5604,"Kokapet, Hyderabad - TSPCB",HYD_0147,17.42,78.33,11.75290322580645,93,96.875
2025-08-10,site_5604,"Kokapet, Hyderabad - TSPCB",HYD_0147,17.42,78.33,12.517604166666668,96,100.0
2025-08-11,site_5604,"Kokapet, Hyderabad - TSPCB",HYD_0147,17.42,78.33,11.4834375,96,100.0
2025-08-12,site_5604,"Kokapet, Hyderabad - TSPCB",HYD_0147,17.42,78.33,9.686129032258064,93,96.875
2025-08-13,site_5604,"Kokapet, Hyderabad - TSPCB",HYD_0147,17.42,78.33,10.011473684210529,95,98.95833333333334
2025-08-14,site_5604,"Kokapet, Hyderabad - TSPCB",HYD_0147,17.42,78.33,11.000947368421052,95,98.95833333333334
2025-08-15,site_5604,"Kokapet, Hyderabad - TSPCB",HYD_0147,17.42,78.33,12.908526315789471,95,98.95833333333334
2025-08-16,site_5604,"Kokapet, Hyderabad - TSPCB",HYD_0147,17.42,78.33,12.8503125,96,100.0
2025-08-17,site_5604,"Kokapet, Hyderabad - TSPCB",HYD_0147,17.42,78.33,12.275789473684211,95,98.95833333333334
2025-08-18,site_5604,"Kokapet, Hyderabad - TSPCB",HYD_0147,17.42,78.33,10.042708333333334,96,100.0
2025-08-19,site_5604,"Kokapet, Hyderabad - TSPCB",HYD_0147,17.42,78.33,10.100568181818184,88,91.66666666666666
2025-08-20,site_5604,"Kokapet, Hyderabad - TSPCB",HYD_0147,17.42,78.33,10.401935483870968,93,96.875
2025-08-21,site_5604,"Kokapet, Hyderabad - TSPCB",HYD_0147,17.42,78.33,10.455473684210526,95,98.95833333333334
2025-08-22,site_5604,"Kokapet, Hyderabad - TSPCB",HYD_0147,17.42,78.33,11.072947368421053,95,98.95833333333334
2025-08-23,site_5604,"Kokapet, Hyderabad - TSPCB",HYD_0147,17.42,78.33,12.355274725274723,91,94.79166666666666
2025-08-24,site_5604,"Kokapet, Hyderabad - TSPCB",HYD_0147,17.42,78.33,13.692842105263155,95,98.95833333333334
2025-08-25,site_5604,"Kokapet, Hyderabad - TSPCB",HYD_0147,17.42,78.33,12.510326086956525,92,95.83333333333334
2025-08-26,site_5604,"Kokapet, Hyderabad - TSPCB",HYD_0147,17.42,78.33,10.401411764705882,85,88.54166666666666
2025-08-27,site_5604,"Kokapet, Hyderabad - TSPCB",HYD_0147,17.42,78.33,9.554479166666669,96,100.0
2025-08-28,site_5604,"Kokapet, Hyderabad - TSPCB",HYD_0147,17.42,78.33,9.955744680851064,94,97.91666666666666
2025-08-29,site_5604,"Kokapet, Hyderabad - TSPCB",HYD_0147,17.42,78.33,10.200315789473684,95,98.95833333333334
2025-08-30,site_5604,"Kokapet, Hyderabad - TSPCB",HYD_0147,17.42,78.33,10.855520833333337,96,100.0
2025-08-31,site_5604,"Kokapet, Hyderabad - TSPCB",HYD_0147,17.42,78.33,10.40375,96,100.0
2025-01-01,site_5599,"Kompally Municipal Office, Hyderabad - TSPCB",HYD_0815,17.54,78.49,8.09595744680851,94,97.91666666666666
2025-01-02,site_5599,"Kompally Municipal Office, Hyderabad - TSPCB",HYD_0815,17.54,78.49,8.740212765957446,94,97.91666666666666
2025-01-03,site_5599,"Kompally Municipal Office, Hyderabad - TSPCB",HYD_0815,17.54,78.49,10.673118279569891,93,96.875
2025-01-04,site_5599,"Kompally Municipal Office, Hyderabad - TSPCB",HYD_0815,17.54,78.49,12.0175,84,87.5
2025-01-05,site_5599,"Kompally Municipal Office, Hyderabad - TSPCB",HYD_0815,17.54,78.49,9.203578947368422,95,98.95833333333334
2025-01-06,site_5599,"Kompally Municipal Office, Hyderabad - TSPCB",HYD_0815,17.54,78.49,7.6571428571428575,77,80.20833333333334
2025-01-07,site_5599,"Kompally Municipal Office, Hyderabad - TSPCB",HYD_0815,17.54,78.49,9.11418918918919,74,77.08333333333334
2025-01-08,site_5599,"Kompally Municipal Office, Hyderabad - TSPCB",HYD_0815,17.54,78.49,,61,63.54166666666666
2025-01-09,site_5599,"Kompally Municipal Office, Hyderabad - TSPCB",HYD_0815,17.54,78.49,8.70063829787234,94,97.91666666666666
2025-01-10,site_5599,"Kompally Municipal Office, Hyderabad - TSPCB",HYD_0815,17.54,78.49,,53,55.208333333333336
2025-01-11,site_5599,"Kompally Municipal Office, Hyderabad - TSPCB",HYD_0815,17.54,78.49,,18,18.75
2025-01-12,site_5599,"Kompally Municipal Office, Hyderabad - TSPCB",HYD_0815,17.54,78.49,,55,57.29166666666666
2025-01-13,site_5599,"Kompally Municipal Office, Hyderabad - TSPCB",HYD_0815,17.54,78.49,6.132765957446809,94,97.91666666666666
2025-01-14,site_5599,"Kompally Municipal Office, Hyderabad - TSPCB",HYD_0815,17.54,78.49,7.150416666666666,96,100.0
2025-01-15,site_5599,"Kompally Municipal Office, Hyderabad - TSPCB",HYD_0815,17.54,78.49,9.019166666666669,96,100.0
2025-01-16,site_5599,"Kompally Municipal Office, Hyderabad - TSPCB",HYD_0815,17.54,78.49,9.74035294117647,85,88.54166666666666
2025-01-17,site_5599,"Kompally Municipal Office, Hyderabad - TSPCB",HYD_0815,17.54,78.49,,61,63.54166666666666
2025-01-18,site_5599,"Kompally Municipal Office, Hyderabad - TSPCB",HYD_0815,17.54,78.49,11.333125,96,100.0
2025-01-19,site_5599,"Kompally Municipal Office, Hyderabad - TSPCB",HYD_0815,17.54,78.49,8.485913978494622,93,96.875
2025-01-20,site_5599,"Kompally Municipal Office, Hyderabad - TSPCB",HYD_0815,17.54,78.49,8.417052631578947,95,98.95833333333334
2025-01-21,site_5599,"Kompally Municipal Office, Hyderabad - TSPCB",HYD_0815,17.54,78.49,10.257333333333332,75,78.125
2025-01-22,site_5599,"Kompally Municipal Office, Hyderabad - TSPCB",HYD_0815,17.54,78.49,11.895531914893615,94,97.91666666666666
2025-01-23,site_5599,"Kompally Municipal Office, Hyderabad - TSPCB",HYD_0815,17.54,78.49,11.825168539325844,89,92.70833333333334
2025-01-24,site_5599,"Kompally Municipal Office, Hyderabad - TSPCB",HYD_0815,17.54,78.49,,44,45.83333333333333
2025-01-25,site_5599,"Kompally Municipal Office, Hyderabad - TSPCB",HYD_0815,17.54,78.49,,29,30.20833333333333
2025-01-26,site_5599,"Kompally Municipal Office, Hyderabad - TSPCB",HYD_0815,17.54,78.49,9.626631578947368,95,98.95833333333334
2025-01-27,site_5599,"Kompally Municipal Office, Hyderabad - TSPCB",HYD_0815,17.54,78.49,9.155368421052632,95,98.95833333333334
2025-01-28,site_5599,"Kompally Municipal Office, Hyderabad - TSPCB",HYD_0815,17.54,78.49,9.032708333333334,96,100.0
2025-01-29,site_5599,"Kompally Municipal Office, Hyderabad - TSPCB",HYD_0815,17.54,78.49,10.418645833333334,96,100.0
2025-01-30,site_5599,"Kompally Municipal Office, Hyderabad - TSPCB",HYD_0815,17.54,78.49,11.8210989010989,91,94.79166666666666
2025-01-31,site_5599,"Kompally Municipal Office, Hyderabad - TSPCB",HYD_0815,17.54,78.49,11.257096774193547,93,96.875
2025-02-01,site_5599,"Kompally Municipal Office, Hyderabad - TSPCB",HYD_0815,17.54,78.49,11.71588888888889,90,93.75
2025-02-02,site_5599,"Kompally Municipal Office, Hyderabad - TSPCB",HYD_0815,17.54,78.49,,47,48.95833333333333
2025-02-03,site_5599,"Kompally Municipal Office, Hyderabad - TSPCB",HYD_0815,17.54,78.49,,19,19.791666666666664
2025-02-04,site_5599,"Kompally Municipal Office, Hyderabad - TSPCB",HYD_0815,17.54,78.49,7.218541666666667,96,100.0
2025-02-05,site_5599,"Kompally Municipal Office, Hyderabad - TSPCB",HYD_0815,17.54,78.49,9.068829787234042,94,97.91666666666666
2025-02-06,site_5599,"Kompally Municipal Office, Hyderabad - TSPCB",HYD_0815,17.54,78.49,9.80875,96,100.0
2025-02-07,site_5599,"Kompally Municipal Office, Hyderabad - TSPCB",HYD_0815,17.54,78.49,11.011397849462366,93,96.875
2025-02-08,site_5599,"Kompally Municipal Office, Hyderabad - TSPCB",HYD_0815,17.54,78.49,11.12864197530864,81,84.375
2025-02-09,site_5599,"Kompally Municipal Office, Hyderabad - TSPCB",HYD_0815,17.54,78.49,8.665578947368422,95,98.95833333333334
2025-02-10,site_5599,"Kompally Municipal Office, Hyderabad - TSPCB",HYD_0815,17.54,78.49,7.798421052631579,95,98.95833333333334
2025-02-11,site_5599,"Kompally Municipal Office, Hyderabad - TSPCB",HYD_0815,17.54,78.49,9.783617021276596,94,97.91666666666666
2025-02-12,site_5599,"Kompally Municipal Office, Hyderabad - TSPCB",HYD_0815,17.54,78.49,11.203541666666666,96,100.0
2025-02-13,site_5599,"Kompally Municipal Office, Hyderabad - TSPCB",HYD_0815,17.54,78.49,13.73063829787234,94,97.91666666666666
2025-02-14,site_5599,"Kompally Municipal Office, Hyderabad - TSPCB",HYD_0815,17.54,78.49,11.50156626506024,83,86.45833333333334
2025-02-15,site_5599,"Kompally Municipal Office, Hyderabad - TSPCB",HYD_0815,17.54,78.49,9.932666666666668,90,93.75
2025-02-16,site_5599,"Kompally Municipal Office, Hyderabad - TSPCB",HYD_0815,17.54,78.49,9.446404494382024,89,92.70833333333334
2025-02-17,site_5599,"Kompally Municipal Office, Hyderabad - TSPCB",HYD_0815,17.54,78.49,8.941578947368422,95,98.95833333333334
2025-02-18,site_5599,"Kompally Municipal Office, Hyderabad - TSPCB",HYD_0815,17.54,78.49,9.875894736842106,95,98.95833333333334
2025-02-19,site_5599,"Kompally Municipal Office, Hyderabad - TSPCB",HYD_0815,17.54,78.49,10.835714285714284,84,87.5
2025-02-20,site_5599,"Kompally Municipal Office, Hyderabad - TSPCB",HYD_0815,17.54,78.49,12.23567901234568,81,84.375
2025-02-21,site_5599,"Kompally Municipal Office, Hyderabad - TSPCB",HYD_0815,17.54,78.49,12.4634375,96,100.0
2025-02-22,site_5599,"Kompally Municipal Office, Hyderabad - TSPCB",HYD_0815,17.54,78.49,,70,72.91666666666666
2025-02-23,site_5599,"Kompally Municipal Office, Hyderabad - TSPCB",HYD_0815,17.54,78.49,9.74,95,98.95833333333334
2025-02-24,site_5599,"Kompally Municipal Office, Hyderabad - TSPCB",HYD_0815,17.54,78.49,9.982395833333332,96,100.0
2025-02-25,site_5599,"Kompally Municipal Office, Hyderabad - TSPCB",HYD_0815,17.54,78.49,9.566666666666666,96,100.0
2025-02-26,site_5599,"Kompally Municipal Office, Hyderabad - TSPCB",HYD_0815,17.54,78.49,8.893617021276595,94,97.91666666666666
2025-02-27,site_5599,"Kompally Municipal Office, Hyderabad - TSPCB",HYD_0815,17.54,78.49,8.652073170731708,82,85.41666666666666
2025-02-28,site_5599,"Kompally Municipal Office, Hyderabad - TSPCB",HYD_0815,17.54,78.49,8.04934065934066,91,94.79166666666666
2025-03-01,site_5599,"Kompally Municipal Office, Hyderabad - TSPCB",HYD_0815,17.54,78.49,9.922444444444444,90,93.75
2025-03-02,site_5599,"Kompally Municipal Office, Hyderabad - TSPCB",HYD_0815,17.54,78.49,10.454270833333334,96,100.0
2025-03-03,site_5599,"Kompally Municipal Office, Hyderabad - TSPCB",HYD_0815,17.54,78.49,8.50978947368421,95,98.95833333333334
2025-03-04,site_5599,"Kompally Municipal Office, Hyderabad - TSPCB",HYD_0815,17.54,78.49,9.80225806451613,93,96.875
2025-03-05,site_5599,"Kompally Municipal Office, Hyderabad - TSPCB",HYD_0815,17.54,78.49,9.030602409638554,83,86.45833333333334
2025-03-06,site_5599,"Kompally Municipal Office, Hyderabad - TSPCB",HYD_0815,17.54,78.49,8.299574468085106,94,97.91666666666666
2025-03-07,site_5599,"Kompally Municipal Office, Hyderabad - TSPCB",HYD_0815,17.54,78.49,9.480760869565218,92,95.83333333333334
2025-03-08,site_5599,"Kompally Municipal Office, Hyderabad - TSPCB",HYD_0815,17.54,78.49,9.12554054054054,74,77.08333333333334
2025-03-09,site_5599,"Kompally Municipal Office, Hyderabad - TSPCB",HYD_0815,17.54,78.49,6.2253125,96,100.0
2025-03-10,site_5599,"Kompally Municipal Office, Hyderabad - TSPCB",HYD_0815,17.54,78.49,5.739684210526316,95,98.95833333333334
2025-03-11,site_5599,"Kompally Municipal Office, Hyderabad - TSPCB",HYD_0815,17.54,78.49,7.2927368421052625,95,98.95833333333334
2025-03-12,site_5599,"Kompally Municipal Office, Hyderabad - TSPCB",HYD_0815,17.54,78.49,9.847849462365591,93,96.875
2025-03-13,site_5599,"Kompally Municipal Office, Hyderabad - TSPCB",HYD_0815,17.54,78.49,11.097340425531916,94,97.91666666666666
2025-03-14,site_5599,"Kompally Municipal Office, Hyderabad - TSPCB",HYD_0815,17.54,78.49,11.111473684210525,95,98.95833333333334
2025-03-15,site_5599,"Kompally Municipal Office, Hyderabad - TSPCB",HYD_0815,17.54,78.49,12.083695652173914,92,95.83333333333334
2025-03-16,site_5599,"Kompally Municipal Office, Hyderabad - TSPCB",HYD_0815,17.54,78.49,,62,64.58333333333334
2025-03-17,site_5599,"Kompally Municipal Office, Hyderabad - TSPCB",HYD_0815,17.54,78.49,14.603522727272727,88,91.66666666666666
2025-03-18,site_5599,"Kompally Municipal Office, Hyderabad - TSPCB",HYD_0815,17.54,78.49,15.842916666666667,96,100.0
2025-03-19,site_5599,"Kompally Municipal Office, Hyderabad - TSPCB",HYD_0815,17.54,78.49,9.954719101123596,89,92.70833333333334
2025-03-20,site_5599,"Kompally Municipal Office, Hyderabad - TSPCB",HYD_0815,17.54,78.49,9.726736842105264,95,98.95833333333334
2025-03-21,site_5599,"Kompally Municipal Office, Hyderabad - TSPCB",HYD_0815,17.54,78.49,10.824431818181818,88,91.66666666666666
2025-03-22,site_5599,"Kompally Municipal Office, Hyderabad - TSPCB",HYD_0815,17.54,78.49,11.911264367816091,87,90.625
2025-03-23,site_5599,"Kompally Municipal Office, Hyderabad - TSPCB",HYD_0815,17.54,78.49,10.244130434782608,92,95.83333333333334
2025-03-24,site_5599,"Kompally Municipal Office, Hyderabad - TSPCB",HYD_0815,17.54,78.49,7.839080459770115,87,90.625
2025-03-25,site_5599,"Kompally Municipal Office, Hyderabad - TSPCB",HYD_0815,17.54,78.49,9.744533333333331,75,78.125
2025-03-26,site_5599,"Kompally Municipal Office, Hyderabad - TSPCB",HYD_0815,17.54,78.49,9.964533333333334,75,78.125
2025-03-27,site_5599,"Kompally Municipal Office, Hyderabad - TSPCB",HYD_0815,17.54,78.49,,57,59.375
2025-03-28,site_5599,"Kompally Municipal Office, Hyderabad - TSPCB",HYD_0815,17.54,78.49,10.731411764705882,85,88.54166666666666
2025-03-29,site_5599,"Kompally Municipal Office, Hyderabad - TSPCB",HYD_0815,17.54,78.49,10.207865168539326,89,92.70833333333334
2025-03-30,site_5599,"Kompally Municipal Office, Hyderabad - TSPCB",HYD_0815,17.54,78.49,8.309791666666667,96,100.0
2025-03-31,site_5599,"Kompally Municipal Office, Hyderabad - TSPCB",HYD_0815,17.54,78.49,,59,61.458333333333336
2025-04-01,site_5599,"Kompally Municipal Office, Hyderabad - TSPCB",HYD_0815,17.54,78.49,,57,59.375
2025-04-02,site_5599,"Kompally Municipal Office, Hyderabad - TSPCB",HYD_0815,17.54,78.49,11.720652173913043,92,95.83333333333334
2025-04-03,site_5599,"Kompally Municipal Office, Hyderabad - TSPCB",HYD_0815,17.54,78.49,11.206382978723406,94,97.91666666666666
2025-04-04,site_5599,"Kompally Municipal Office, Hyderabad - TSPCB",HYD_0815,17.54,78.49,11.860315789473685,95,98.95833333333334
2025-04-05,site_5599,"Kompally Municipal Office, Hyderabad - TSPCB",HYD_0815,17.54,78.49,,69,71.875
2025-04-06,site_5599,"Kompally Municipal Office, Hyderabad - TSPCB",HYD_0815,17.54,78.49,14.790113636363635,88,91.66666666666666
2025-04-07,site_5599,"Kompally Municipal Office, Hyderabad - TSPCB",HYD_0815,17.54,78.49,14.7921978021978,91,94.79166666666666
2025-04-08,site_5599,"Kompally Municipal Office, Hyderabad - TSPCB",HYD_0815,17.54,78.49,,55,57.29166666666666
2025-04-09,site_5599,"Kompally Municipal Office, Hyderabad - TSPCB",HYD_0815,17.54,78.49,9.823766233766234,77,80.20833333333334
2025-04-10,site_5599,"Kompally Municipal Office, Hyderabad - TSPCB",HYD_0815,17.54,78.49,10.77872340425532,94,97.91666666666666
2025-04-11,site_5599,"Kompally Municipal Office, Hyderabad - TSPCB",HYD_0815,17.54,78.49,11.371264367816092,87,90.625
2025-04-12,site_5599,"Kompally Municipal Office, Hyderabad - TSPCB",HYD_0815,17.54,78.49,,61,63.54166666666666
2025-04-13,site_5599,"Kompally Municipal Office, Hyderabad - TSPCB",HYD_0815,17.54,78.49,10.832631578947368,95,98.95833333333334
2025-04-14,site_5599,"Kompally Municipal Office, Hyderabad - TSPCB",HYD_0815,17.54,78.49,11.502916666666666,96,100.0
2025-04-15,site_5599,"Kompally Municipal Office, Hyderabad - TSPCB",HYD_0815,17.54,78.49,13.181382978723404,94,97.91666666666666
2025-04-16,site_5599,"Kompally Municipal Office, Hyderabad - TSPCB",HYD_0815,17.54,78.49,12.179200000000002,75,78.125
2025-04-17,site_5599,"Kompally Municipal Office, Hyderabad - TSPCB",HYD_0815,17.54,78.49,11.068315789473685,95,98.95833333333334
2025-04-18,site_5599,"Kompally Municipal Office, Hyderabad - TSPCB",HYD_0815,17.54,78.49,11.2365625,96,100.0
2025-04-19,site_5599,"Kompally Municipal Office, Hyderabad - TSPCB",HYD_0815,17.54,78.49,10.70957894736842,95,98.95833333333334
2025-04-20,site_5599,"Kompally Municipal Office, Hyderabad - TSPCB",HYD_0815,17.54,78.49,10.887956989247312,93,96.875
2025-04-21,site_5599,"Kompally Municipal Office, Hyderabad - TSPCB",HYD_0815,17.54,78.49,9.038555555555556,90,93.75
2025-04-22,site_5599,"Kompally Municipal Office, Hyderabad - TSPCB",HYD_0815,17.54,78.49,8.412298850574713,87,90.625
2025-04-23,site_5599,"Kompally Municipal Office, Hyderabad - TSPCB",HYD_0815,17.54,78.49,10.075,96,100.0
2025-04-24,site_5599,"Kompally Municipal Office, Hyderabad - TSPCB",HYD_0815,17.54,78.49,12.352444444444444,90,93.75
2025-04-25,site_5599,"Kompally Municipal Office, Hyderabad - TSPCB",HYD_0815,17.54,78.49,11.37115789473684,95,98.95833333333334
2025-04-26,site_5599,"Kompally Municipal Office, Hyderabad - TSPCB",HYD_0815,17.54,78.49,8.84755319148936,94,97.91666666666666
2025-04-27,site_5599,"Kompally Municipal Office, Hyderabad - TSPCB",HYD_0815,17.54,78.49,,70,72.91666666666666
2025-04-28,site_5599,"Kompally Municipal Office, Hyderabad - TSPCB",HYD_0815,17.54,78.49,7.531621621621622,74,77.08333333333334
2025-04-29,site_5599,"Kompally Municipal Office, Hyderabad - TSPCB",HYD_0815,17.54,78.49,9.463541666666666,96,100.0
2025-04-30,site_5599,"Kompally Municipal Office, Hyderabad - TSPCB",HYD_0815,17.54,78.49,11.402526315789476,95,98.95833333333334
2025-05-01,site_5599,"Kompally Municipal Office, Hyderabad - TSPCB",HYD_0815,17.54,78.49,11.473870967741934,93,96.875
2025-05-02,site_5599,"Kompally Municipal Office, Hyderabad - TSPCB",HYD_0815,17.54,78.49,,71,73.95833333333334
2025-05-03,site_5599,"Kompally Municipal Office, Hyderabad - TSPCB",HYD_0815,17.54,78.49,,68,70.83333333333334
2025-05-04,site_5599,"Kompally Municipal Office, Hyderabad - TSPCB",HYD_0815,17.54,78.49,8.496382978723403,94,97.91666666666666
2025-05-05,site_5599,"Kompally Municipal Office, Hyderabad - TSPCB",HYD_0815,17.54,78.49,7.709882352941177,85,88.54166666666666
2025-05-06,site_5599,"Kompally Municipal Office, Hyderabad - TSPCB",HYD_0815,17.54,78.49,,45,46.875
2025-05-07,site_5599,"Kompally Municipal Office, Hyderabad - TSPCB",HYD_0815,17.54,78.49,11.26956043956044,91,94.79166666666666
2025-05-08,site_5599,"Kompally Municipal Office, Hyderabad - TSPCB",HYD_0815,17.54,78.49,,54,56.25
2025-05-09,site_5599,"Kompally Municipal Office, Hyderabad - TSPCB",HYD_0815,17.54,78.49,10.512526315789474,95,98.95833333333334
2025-05-10,site_5599,"Kompally Municipal Office, Hyderabad - TSPCB",HYD_0815,17.54,78.49,,41,42.70833333333333
2025-05-11,site_5599,"Kompally Municipal Office, Hyderabad - TSPCB",HYD_0815,17.54,78.49,,70,72.91666666666666
2025-05-12,site_5599,"Kompally Municipal Office, Hyderabad - TSPCB",HYD_0815,17.54,78.49,,71,73.95833333333334
2025-05-13,site_5599,"Kompally Municipal Office, Hyderabad - TSPCB",HYD_0815,17.54,78.49,,33,34.375
2025-05-14,site_5599,"Kompally Municipal Office, Hyderabad - TSPCB",HYD_0815,17.54,78.49,8.203894736842106,95,98.95833333333334
2025-05-15,site_5599,"Kompally Municipal Office, Hyderabad - TSPCB",HYD_0815,17.54,78.49,7.885376344086022,93,96.875
2025-05-16,site_5599,"Kompally Municipal Office, Hyderabad - TSPCB",HYD_0815,17.54,78.49,,65,67.70833333333334
2025-05-17,site_5599,"Kompally Municipal Office, Hyderabad - TSPCB",HYD_0815,17.54,78.49,,58,60.41666666666666
2025-05-18,site_5599,"Kompally Municipal Office, Hyderabad - TSPCB",HYD_0815,17.54,78.49,,41,42.70833333333333
2025-05-19,site_5599,"Kompally Municipal Office, Hyderabad - TSPCB",HYD_0815,17.54,78.49,,47,48.95833333333333
2025-05-20,site_5599,"Kompally Municipal Office, Hyderabad - TSPCB",HYD_0815,17.54,78.49,10.827444444444446,90,93.75
2025-05-21,site_5599,"Kompally Municipal Office, Hyderabad - TSPCB",HYD_0815,17.54,78.49,11.239425287356324,87,90.625
2025-05-22,site_5599,"Kompally Municipal Office, Hyderabad - TSPCB",HYD_0815,17.54,78.49,,60,62.5
2025-05-23,site_5599,"Kompally Municipal Office, Hyderabad - TSPCB",HYD_0815,17.54,78.49,10.268645833333332,96,100.0
2025-05-24,site_5599,"Kompally Municipal Office, Hyderabad - TSPCB",HYD_0815,17.54,78.49,12.299894736842106,95,98.95833333333334
2025-05-25,site_5599,"Kompally Municipal Office, Hyderabad - TSPCB",HYD_0815,17.54,78.49,,53,55.208333333333336
2025-05-26,site_5599,"Kompally Municipal Office, Hyderabad - TSPCB",HYD_0815,17.54,78.49,9.375957446808512,94,97.91666666666666
2025-05-27,site_5599,"Kompally Municipal Office, Hyderabad - TSPCB",HYD_0815,17.54,78.49,10.705212765957446,94,97.91666666666666
2025-05-28,site_5599,"Kompally Municipal Office, Hyderabad - TSPCB",HYD_0815,17.54,78.49,11.421882352941177,85,88.54166666666666
2025-05-29,site_5599,"Kompally Municipal Office, Hyderabad - TSPCB",HYD_0815,17.54,78.49,,41,42.70833333333333
2025-05-30,site_5599,"Kompally Municipal Office, Hyderabad - TSPCB",HYD_0815,17.54,78.49,12.114642857142858,84,87.5
2025-05-31,site_5599,"Kompally Municipal Office, Hyderabad - TSPCB",HYD_0815,17.54,78.49,,58,60.41666666666666
2025-06-01,site_5599,"Kompally Municipal Office, Hyderabad - TSPCB",HYD_0815,17.54,78.49,,57,59.375
2025-06-02,site_5599,"Kompally Municipal Office, Hyderabad - TSPCB",HYD_0815,17.54,78.49,9.539518072289155,83,86.45833333333334
2025-06-03,site_5599,"Kompally Municipal Office, Hyderabad - TSPCB",HYD_0815,17.54,78.49,13.37621052631579,95,98.95833333333334
2025-06-04,site_5599,"Kompally Municipal Office, Hyderabad - TSPCB",HYD_0815,17.54,78.49,12.647710843373494,83,86.45833333333334
2025-06-05,site_5599,"Kompally Municipal Office, Hyderabad - TSPCB",HYD_0815,17.54,78.49,10.723846153846154,91,94.79166666666666
2025-06-06,site_5599,"Kompally Municipal Office, Hyderabad - TSPCB",HYD_0815,17.54,78.49,12.222736842105263,95,98.95833333333334
2025-06-07,site_5599,"Kompally Municipal Office, Hyderabad - TSPCB",HYD_0815,17.54,78.49,10.373854166666666,96,100.0
2025-06-08,site_5599,"Kompally Municipal Office, Hyderabad - TSPCB",HYD_0815,17.54,78.49,10.447127659574468,94,97.91666666666666
2025-06-09,site_5599,"Kompally Municipal Office, Hyderabad - TSPCB",HYD_0815,17.54,78.49,10.342528735632184,87,90.625
2025-06-10,site_5599,"Kompally Municipal Office, Hyderabad - TSPCB",HYD_0815,17.54,78.49,11.033908045977013,87,90.625
2025-06-11,site_5599,"Kompally Municipal Office, Hyderabad - TSPCB",HYD_0815,17.54,78.49,11.664895833333333,96,100.0
2025-06-12,site_5599,"Kompally Municipal Office, Hyderabad - TSPCB",HYD_0815,17.54,78.49,11.049583333333334,72,75.0
2025-06-13,site_5599,"Kompally Municipal Office, Hyderabad - TSPCB",HYD_0815,17.54,78.49,,52,54.16666666666666
2025-06-14,site_5599,"Kompally Municipal Office, Hyderabad - TSPCB",HYD_0815,17.54,78.49,11.181170212765958,94,97.91666666666666
2025-06-15,site_5599,"Kompally Municipal Office, Hyderabad - TSPCB",HYD_0815,17.54,78.49,8.387659574468085,94,97.91666666666666
2025-06-16,site_5599,"Kompally Municipal Office, Hyderabad - TSPCB",HYD_0815,17.54,78.49,7.331304347826087,92,95.83333333333334
2025-06-17,site_5599,"Kompally Municipal Office, Hyderabad - TSPCB",HYD_0815,17.54,78.49,7.343999999999999,95,98.95833333333334
2025-06-18,site_5599,"Kompally Municipal Office, Hyderabad - TSPCB",HYD_0815,17.54,78.49,,67,69.79166666666666
2025-06-19,site_5599,"Kompally Municipal Office, Hyderabad - TSPCB",HYD_0815,17.54,78.49,10.066410256410256,78,81.25
2025-06-20,site_5599,"Kompally Municipal Office, Hyderabad - TSPCB",HYD_0815,17.54,78.49,10.430625,96,100.0
2025-06-21,site_5599,"Kompally Municipal Office, Hyderabad - TSPCB",HYD_0815,17.54,78.49,9.841379310344829,87,90.625
2025-06-22,site_5599,"Kompally Municipal Office, Hyderabad - TSPCB",HYD_0815,17.54,78.49,,65,67.70833333333334
2025-06-23,site_5599,"Kompally Municipal Office, Hyderabad - TSPCB",HYD_0815,17.54,78.49,10.203866666666666,75,78.125
2025-06-24,site_5599,"Kompally Municipal Office, Hyderabad - TSPCB",HYD_0815,17.54,78.49,,69,71.875
2025-06-25,site_5599,"Kompally Municipal Office, Hyderabad - TSPCB",HYD_0815,17.54,78.49,11.717578947368422,95,98.95833333333334
2025-06-26,site_5599,"Kompally Municipal Office, Hyderabad - TSPCB",HYD_0815,17.54,78.49,,54,56.25
2025-06-27,site_5599,"Kompally Municipal Office, Hyderabad - TSPCB",HYD_0815,17.54,78.49,10.5044578313253,83,86.45833333333334
2025-06-28,site_5599,"Kompally Municipal Office, Hyderabad - TSPCB",HYD_0815,17.54,78.49,,58,60.41666666666666
2025-06-29,site_5599,"Kompally Municipal Office, Hyderabad - TSPCB",HYD_0815,17.54,78.49,9.059895833333334,96,100.0
2025-06-30,site_5599,"Kompally Municipal Office, Hyderabad - TSPCB",HYD_0815,17.54,78.49,7.690128205128206,78,81.25
2025-07-01,site_5599,"Kompally Municipal Office, Hyderabad - TSPCB",HYD_0815,17.54,78.49,,43,44.79166666666667
2025-07-02,site_5599,"Kompally Municipal Office, Hyderabad - TSPCB",HYD_0815,17.54,78.49,,60,62.5
2025-07-03,site_5599,"Kompally Municipal Office, Hyderabad - TSPCB",HYD_0815,17.54,78.49,11.052526315789471,95,98.95833333333334
2025-07-04,site_5599,"Kompally Municipal Office, Hyderabad - TSPCB",HYD_0815,17.54,78.49,10.387,90,93.75
2025-07-05,site_5599,"Kompally Municipal Office, Hyderabad - TSPCB",HYD_0815,17.54,78.49,10.519255319148936,94,97.91666666666666
2025-07-06,site_5599,"Kompally Municipal Office, Hyderabad - TSPCB",HYD_0815,17.54,78.49,8.510842105263158,95,98.95833333333334
2025-07-07,site_5599,"Kompally Municipal Office, Hyderabad - TSPCB",HYD_0815,17.54,78.49,7.667604166666667,96,100.0
2025-07-08,site_5599,"Kompally Municipal Office, Hyderabad - TSPCB",HYD_0815,17.54,78.49,8.456153846153846,78,81.25
2025-07-09,site_5599,"Kompally Municipal Office, Hyderabad - TSPCB",HYD_0815,17.54,78.49,10.99821052631579,95,98.95833333333334
2025-07-10,site_5599,"Kompally Municipal Office, Hyderabad - TSPCB",HYD_0815,17.54,78.49,13.040851063829786,94,97.91666666666666
2025-07-11,site_5599,"Kompally Municipal Office, Hyderabad - TSPCB",HYD_0815,17.54,78.49,13.78873417721519,79,82.29166666666666
2025-07-12,site_5599,"Kompally Municipal Office, Hyderabad - TSPCB",HYD_0815,17.54,78.49,13.552315789473685,95,98.95833333333334
2025-07-13,site_5599,"Kompally Municipal Office, Hyderabad - TSPCB",HYD_0815,17.54,78.49,13.251145833333332,96,100.0
2025-07-14,site_5599,"Kompally Municipal Office, Hyderabad - TSPCB",HYD_0815,17.54,78.49,13.270689655172411,87,90.625
2025-07-15,site_5599,"Kompally Municipal Office, Hyderabad - TSPCB",HYD_0815,17.54,78.49,11.966631578947368,95,98.95833333333334
2025-07-16,site_5599,"Kompally Municipal Office, Hyderabad - TSPCB",HYD_0815,17.54,78.49,,58,60.41666666666666
2025-07-17,site_5599,"Kompally Municipal Office, Hyderabad - TSPCB",HYD_0815,17.54,78.49,10.690898876404496,89,92.70833333333334
2025-07-18,site_5599,"Kompally Municipal Office, Hyderabad - TSPCB",HYD_0815,17.54,78.49,9.721666666666668,72,75.0
2025-07-19,site_5599,"Kompally Municipal Office, Hyderabad - TSPCB",HYD_0815,17.54,78.49,,62,64.58333333333334
2025-07-20,site_5599,"Kompally Municipal Office, Hyderabad - TSPCB",HYD_0815,17.54,78.49,9.642421052631578,95,98.95833333333334
2025-07-21,site_5599,"Kompally Municipal Office, Hyderabad - TSPCB",HYD_0815,17.54,78.49,9.097872340425532,94,97.91666666666666
2025-07-22,site_5599,"Kompally Municipal Office, Hyderabad - TSPCB",HYD_0815,17.54,78.49,10.97242105263158,95,98.95833333333334
2025-07-23,site_5599,"Kompally Municipal Office, Hyderabad - TSPCB",HYD_0815,17.54,78.49,,67,69.79166666666666
2025-07-24,site_5599,"Kompally Municipal Office, Hyderabad - TSPCB",HYD_0815,17.54,78.49,,61,63.54166666666666
2025-07-25,site_5599,"Kompally Municipal Office, Hyderabad - TSPCB",HYD_0815,17.54,78.49,11.487466666666666,75,78.125
2025-07-26,site_5599,"Kompally Municipal Office, Hyderabad - TSPCB",HYD_0815,17.54,78.49,,58,60.41666666666666
2025-07-27,site_5599,"Kompally Municipal Office, Hyderabad - TSPCB",HYD_0815,17.54,78.49,,14,14.583333333333334
2025-07-28,site_5599,"Kompally Municipal Office, Hyderabad - TSPCB",HYD_0815,17.54,78.49,,58,60.41666666666666
2025-07-29,site_5599,"Kompally Municipal Office, Hyderabad - TSPCB",HYD_0815,17.54,78.49,9.186333333333334,90,93.75
2025-07-30,site_5599,"Kompally Municipal Office, Hyderabad - TSPCB",HYD_0815,17.54,78.49,10.167083333333332,96,100.0
2025-07-31,site_5599,"Kompally Municipal Office, Hyderabad - TSPCB",HYD_0815,17.54,78.49,10.683333333333334,72,75.0
2025-08-01,site_5599,"Kompally Municipal Office, Hyderabad - TSPCB",HYD_0815,17.54,78.49,,59,61.458333333333336
2025-08-02,site_5599,"Kompally Municipal Office, Hyderabad - TSPCB",HYD_0815,17.54,78.49,9.475106382978725,94,97.91666666666666
2025-08-03,site_5599,"Kompally Municipal Office, Hyderabad - TSPCB",HYD_0815,17.54,78.49,6.737631578947368,76,79.16666666666666
2025-08-04,site_5599,"Kompally Municipal Office, Hyderabad - TSPCB",HYD_0815,17.54,78.49,7.784315789473684,95,98.95833333333334
2025-08-05,site_5599,"Kompally Municipal Office, Hyderabad - TSPCB",HYD_0815,17.54,78.49,10.420625,96,100.0
2025-08-06,site_5599,"Kompally Municipal Office, Hyderabad - TSPCB",HYD_0815,17.54,78.49,,59,61.458333333333336
2025-08-07,site_5599,"Kompally Municipal Office, Hyderabad - TSPCB",HYD_0815,17.54,78.49,,66,68.75
2025-08-08,site_5599,"Kompally Municipal Office, Hyderabad - TSPCB",HYD_0815,17.54,78.49,,57,59.375
2025-08-09,site_5599,"Kompally Municipal Office, Hyderabad - TSPCB",HYD_0815,17.54,78.49,9.368842105263155,95,98.95833333333334
2025-08-10,site_5599,"Kompally Municipal Office, Hyderabad - TSPCB",HYD_0815,17.54,78.49,8.738541666666666,96,100.0
2025-08-11,site_5599,"Kompally Municipal Office, Hyderabad - TSPCB",HYD_0815,17.54,78.49,9.217916666666666,96,100.0
2025-08-12,site_5599,"Kompally Municipal Office, Hyderabad - TSPCB",HYD_0815,17.54,78.49,10.797916666666666,96,100.0
2025-08-13,site_5599,"Kompally Municipal Office, Hyderabad - TSPCB",HYD_0815,17.54,78.49,,69,71.875
2025-08-14,site_5599,"Kompally Municipal Office, Hyderabad - TSPCB",HYD_0815,17.54,78.49,13.854791666666666,96,100.0
2025-08-15,site_5599,"Kompally Municipal Office, Hyderabad - TSPCB",HYD_0815,17.54,78.49,,59,61.458333333333336
2025-08-16,site_5599,"Kompally Municipal Office, Hyderabad - TSPCB",HYD_0815,17.54,78.49,,57,59.375
2025-08-17,site_5599,"Kompally Municipal Office, Hyderabad - TSPCB",HYD_0815,17.54,78.49,,23,23.958333333333336
2025-08-18,site_5599,"Kompally Municipal Office, Hyderabad - TSPCB",HYD_0815,17.54,78.49,,52,54.16666666666666
2025-08-19,site_5599,"Kompally Municipal Office, Hyderabad - TSPCB",HYD_0815,17.54,78.49,,56,58.333333333333336
2025-08-20,site_5599,"Kompally Municipal Office, Hyderabad - TSPCB",HYD_0815,17.54,78.49,,69,71.875
2025-08-21,site_5599,"Kompally Municipal Office, Hyderabad - TSPCB",HYD_0815,17.54,78.49,,49,51.04166666666666
2025-08-22,site_5599,"Kompally Municipal Office, Hyderabad - TSPCB",HYD_0815,17.54,78.49,12.032736842105262,95,98.95833333333334
2025-08-23,site_5599,"Kompally Municipal Office, Hyderabad - TSPCB",HYD_0815,17.54,78.49,10.716489361702129,94,97.91666666666666
2025-08-24,site_5599,"Kompally Municipal Office, Hyderabad - TSPCB",HYD_0815,17.54,78.49,10.2290625,96,100.0
2025-08-25,site_5599,"Kompally Municipal Office, Hyderabad - TSPCB",HYD_0815,17.54,78.49,11.007473684210527,95,98.95833333333334
2025-08-26,site_5599,"Kompally Municipal Office, Hyderabad - TSPCB",HYD_0815,17.54,78.49,10.78392405063291,79,82.29166666666666
2025-08-27,site_5599,"Kompally Municipal Office, Hyderabad - TSPCB",HYD_0815,17.54,78.49,,26,27.08333333333333
2025-08-28,site_5599,"Kompally Municipal Office, Hyderabad - TSPCB",HYD_0815,17.54,78.49,13.490000000000002,88,91.66666666666666
2025-08-29,site_5599,"Kompally Municipal Office, Hyderabad - TSPCB",HYD_0815,17.54,78.49,11.953229166666668,96,100.0
2025-08-30,site_5599,"Kompally Municipal Office, Hyderabad - TSPCB",HYD_0815,17.54,78.49,10.752395833333331,96,100.0
2025-08-31,site_5599,"Kompally Municipal Office, Hyderabad - TSPCB",HYD_0815,17.54,78.49,10.29345238095238,84,87.5
2025-01-01,site_5600,"Nacharam_TSIIC IALA, Hyderabad - TSPCB",HYD_1129,17.43,78.56,9.5734375,96,100.0
2025-01-02,site_5600,"Nacharam_TSIIC IALA, Hyderabad - TSPCB",HYD_1129,17.43,78.56,8.900215053763441,93,96.875
2025-01-03,site_5600,"Nacharam_TSIIC IALA, Hyderabad - TSPCB",HYD_1129,17.43,78.56,8.001770833333333,96,100.0
2025-01-04,site_5600,"Nacharam_TSIIC IALA, Hyderabad - TSPCB",HYD_1129,17.43,78.56,7.03816091954023,87,90.625
2025-01-05,site_5600,"Nacharam_TSIIC IALA, Hyderabad - TSPCB",HYD_1129,17.43,78.56,7.486666666666667,96,100.0
2025-01-06,site_5600,"Nacharam_TSIIC IALA, Hyderabad - TSPCB",HYD_1129,17.43,78.56,9.028279569892472,93,96.875
2025-01-07,site_5600,"Nacharam_TSIIC IALA, Hyderabad - TSPCB",HYD_1129,17.43,78.56,8.235052631578947,95,98.95833333333334
2025-01-08,site_5600,"Nacharam_TSIIC IALA, Hyderabad - TSPCB",HYD_1129,17.43,78.56,8.069374999999999,96,100.0
2025-01-09,site_5600,"Nacharam_TSIIC IALA, Hyderabad - TSPCB",HYD_1129,17.43,78.56,9.180106382978725,94,97.91666666666666
2025-01-10,site_5600,"Nacharam_TSIIC IALA, Hyderabad - TSPCB",HYD_1129,17.43,78.56,9.570104166666669,96,100.0
2025-01-11,site_5600,"Nacharam_TSIIC IALA, Hyderabad - TSPCB",HYD_1129,17.43,78.56,10.853010752688173,93,96.875
2025-01-12,site_5600,"Nacharam_TSIIC IALA, Hyderabad - TSPCB",HYD_1129,17.43,78.56,12.4265625,96,100.0
2025-01-13,site_5600,"Nacharam_TSIIC IALA, Hyderabad - TSPCB",HYD_1129,17.43,78.56,9.366842105263158,95,98.95833333333334
2025-01-14,site_5600,"Nacharam_TSIIC IALA, Hyderabad - TSPCB",HYD_1129,17.43,78.56,6.382150537634408,93,96.875
2025-01-15,site_5600,"Nacharam_TSIIC IALA, Hyderabad - TSPCB",HYD_1129,17.43,78.56,7.345578947368422,95,98.95833333333334
2025-01-16,site_5600,"Nacharam_TSIIC IALA, Hyderabad - TSPCB",HYD_1129,17.43,78.56,9.403020833333334,96,100.0
2025-01-17,site_5600,"Nacharam_TSIIC IALA, Hyderabad - TSPCB",HYD_1129,17.43,78.56,9.902127659574468,94,97.91666666666666
2025-01-18,site_5600,"Nacharam_TSIIC IALA, Hyderabad - TSPCB",HYD_1129,17.43,78.56,10.236027397260274,73,76.04166666666666
2025-01-19,site_5600,"Nacharam_TSIIC IALA, Hyderabad - TSPCB",HYD_1129,17.43,78.56,7.059871794871794,78,81.25
2025-01-20,site_5600,"Nacharam_TSIIC IALA, Hyderabad - TSPCB",HYD_1129,17.43,78.56,5.981354166666667,96,100.0
2025-01-21,site_5600,"Nacharam_TSIIC IALA, Hyderabad - TSPCB",HYD_1129,17.43,78.56,6.43,96,100.0
2025-01-22,site_5600,"Nacharam_TSIIC IALA, Hyderabad - TSPCB",HYD_1129,17.43,78.56,,51,53.125
2025-01-23,site_5600,"Nacharam_TSIIC IALA, Hyderabad - TSPCB",HYD_1129,17.43,78.56,8.305520833333334,96,100.0
2025-01-24,site_5600,"Nacharam_TSIIC IALA, Hyderabad - TSPCB",HYD_1129,17.43,78.56,7.933913043478259,92,95.83333333333334
2025-01-25,site_5600,"Nacharam_TSIIC IALA, Hyderabad - TSPCB",HYD_1129,17.43,78.56,10.438645833333334,96,100.0
2025-01-26,site_5600,"Nacharam_TSIIC IALA, Hyderabad - TSPCB",HYD_1129,17.43,78.56,12.183541666666663,96,100.0
2025-01-27,site_5600,"Nacharam_TSIIC IALA, Hyderabad - TSPCB",HYD_1129,17.43,78.56,9.690104166666666,96,100.0
2025-01-28,site_5600,"Nacharam_TSIIC IALA, Hyderabad - TSPCB",HYD_1129,17.43,78.56,8.039052631578947,95,98.95833333333334
2025-01-29,site_5600,"Nacharam_TSIIC IALA, Hyderabad - TSPCB",HYD_1129,17.43,78.56,8.394895833333333,96,100.0
2025-01-30,site_5600,"Nacharam_TSIIC IALA, Hyderabad - TSPCB",HYD_1129,17.43,78.56,10.69778947368421,95,98.95833333333334
2025-01-31,site_5600,"Nacharam_TSIIC IALA, Hyderabad - TSPCB",HYD_1129,17.43,78.56,10.96,95,98.95833333333334
2025-02-01,site_5600,"Nacharam_TSIIC IALA, Hyderabad - TSPCB",HYD_1129,17.43,78.56,13.063510638297872,94,97.91666666666666
2025-02-02,site_5600,"Nacharam_TSIIC IALA, Hyderabad - TSPCB",HYD_1129,17.43,78.56,11.4446875,96,100.0
2025-02-03,site_5600,"Nacharam_TSIIC IALA, Hyderabad - TSPCB",HYD_1129,17.43,78.56,,46,47.91666666666667
2025-02-04,site_5600,"Nacharam_TSIIC IALA, Hyderabad - TSPCB",HYD_1129,17.43,78.56,8.162765957446808,94,97.91666666666666
2025-02-05,site_5600,"Nacharam_TSIIC IALA, Hyderabad - TSPCB",HYD_1129,17.43,78.56,9.743263157894736,95,98.95833333333334
2025-02-06,site_5600,"Nacharam_TSIIC IALA, Hyderabad - TSPCB",HYD_1129,17.43,78.56,12.467,90,93.75
2025-02-07,site_5600,"Nacharam_TSIIC IALA, Hyderabad - TSPCB",HYD_1129,17.43,78.56,10.709052631578947,95,98.95833333333334
2025-02-08,site_5600,"Nacharam_TSIIC IALA, Hyderabad - TSPCB",HYD_1129,17.43,78.56,10.72378947368421,95,98.95833333333334
2025-02-09,site_5600,"Nacharam_TSIIC IALA, Hyderabad - TSPCB",HYD_1129,17.43,78.56,12.718,95,98.95833333333334
2025-02-10,site_5600,"Nacharam_TSIIC IALA, Hyderabad - TSPCB",HYD_1129,17.43,78.56,14.357127659574468,94,97.91666666666666
2025-02-11,site_5600,"Nacharam_TSIIC IALA, Hyderabad - TSPCB",HYD_1129,17.43,78.56,13.941935483870967,93,96.875
2025-02-12,site_5600,"Nacharam_TSIIC IALA, Hyderabad - TSPCB",HYD_1129,17.43,78.56,13.143229166666666,96,100.0
2025-02-13,site_5600,"Nacharam_TSIIC IALA, Hyderabad - TSPCB",HYD_1129,17.43,78.56,14.565368421052632,95,98.95833333333334
2025-02-14,site_5600,"Nacharam_TSIIC IALA, Hyderabad - TSPCB",HYD_1129,17.43,78.56,15.219893617021278,94,97.91666666666666
2025-02-15,site_5600,"Nacharam_TSIIC IALA, Hyderabad - TSPCB",HYD_1129,17.43,78.56,10.610531914893617,94,97.91666666666666
2025-02-16,site_5600,"Nacharam_TSIIC IALA, Hyderabad - TSPCB",HYD_1129,17.43,78.56,7.151578947368421,95,98.95833333333334
2025-02-17,site_5600,"Nacharam_TSIIC IALA, Hyderabad - TSPCB",HYD_1129,17.43,78.56,8.851263157894737,95,98.95833333333334
2025-02-18,site_5600,"Nacharam_TSIIC IALA, Hyderabad - TSPCB",HYD_1129,17.43,78.56,7.81695652173913,92,95.83333333333334
2025-02-19,site_5600,"Nacharam_TSIIC IALA, Hyderabad - TSPCB",HYD_1129,17.43,78.56,10.54468085106383,94,97.91666666666666
2025-02-20,site_5600,"Nacharam_TSIIC IALA, Hyderabad - TSPCB",HYD_1129,17.43,78.56,9.903229166666668,96,100.0
2025-02-21,site_5600,"Nacharam_TSIIC IALA, Hyderabad - TSPCB",HYD_1129,17.43,78.56,7.644526315789474,95,98.95833333333334
2025-02-22,site_5600,"Nacharam_TSIIC IALA, Hyderabad - TSPCB",HYD_1129,17.43,78.56,7.517473684210526,95,98.95833333333334
2025-02-23,site_5600,"Nacharam_TSIIC IALA, Hyderabad - TSPCB",HYD_1129,17.43,78.56,6.358387096774194,93,96.875
2025-02-24,site_5600,"Nacharam_TSIIC IALA, Hyderabad - TSPCB",HYD_1129,17.43,78.56,9.699789473684213,95,98.95833333333334
2025-02-25,site_5600,"Nacharam_TSIIC IALA, Hyderabad - TSPCB",HYD_1129,17.43,78.56,10.555,96,100.0
2025-02-26,site_5600,"Nacharam_TSIIC IALA, Hyderabad - TSPCB",HYD_1129,17.43,78.56,7.253684210526316,95,98.95833333333334
2025-02-27,site_5600,"Nacharam_TSIIC IALA, Hyderabad - TSPCB",HYD_1129,17.43,78.56,7.986739130434782,92,95.83333333333334
2025-02-28,site_5600,"Nacharam_TSIIC IALA, Hyderabad - TSPCB",HYD_1129,17.43,78.56,11.821075268817204,93,96.875
2025-03-01,site_5600,"Nacharam_TSIIC IALA, Hyderabad - TSPCB",HYD_1129,17.43,78.56,10.710631578947368,95,98.95833333333334
2025-03-02,site_5600,"Nacharam_TSIIC IALA, Hyderabad - TSPCB",HYD_1129,17.43,78.56,8.480842105263157,95,98.95833333333334
2025-03-03,site_5600,"Nacharam_TSIIC IALA, Hyderabad - TSPCB",HYD_1129,17.43,78.56,10.732872340425532,94,97.91666666666666
2025-03-04,site_5600,"Nacharam_TSIIC IALA, Hyderabad - TSPCB",HYD_1129,17.43,78.56,10.490851063829789,94,97.91666666666666
2025-03-05,site_5600,"Nacharam_TSIIC IALA, Hyderabad - TSPCB",HYD_1129,17.43,78.56,8.045531914893617,94,97.91666666666666
2025-03-06,site_5600,"Nacharam_TSIIC IALA, Hyderabad - TSPCB",HYD_1129,17.43,78.56,8.615520833333333,96,100.0
2025-03-07,site_5600,"Nacharam_TSIIC IALA, Hyderabad - TSPCB",HYD_1129,17.43,78.56,9.23821052631579,95,98.95833333333334
2025-03-08,site_5600,"Nacharam_TSIIC IALA, Hyderabad - TSPCB",HYD_1129,17.43,78.56,8.932967032967033,91,94.79166666666666
2025-03-09,site_5600,"Nacharam_TSIIC IALA, Hyderabad - TSPCB",HYD_1129,17.43,78.56,8.742083333333333,96,100.0
2025-03-10,site_5600,"Nacharam_TSIIC IALA, Hyderabad - TSPCB",HYD_1129,17.43,78.56,8.750416666666666,96,100.0
2025-03-11,site_5600,"Nacharam_TSIIC IALA, Hyderabad - TSPCB",HYD_1129,17.43,78.56,8.659479166666666,96,100.0
2025-03-12,site_5600,"Nacharam_TSIIC IALA, Hyderabad - TSPCB",HYD_1129,17.43,78.56,8.945934065934066,91,94.79166666666666
2025-03-13,site_5600,"Nacharam_TSIIC IALA, Hyderabad - TSPCB",HYD_1129,17.43,78.56,9.955483870967742,93,96.875
2025-03-14,site_5600,"Nacharam_TSIIC IALA, Hyderabad - TSPCB",HYD_1129,17.43,78.56,10.382526315789471,95,98.95833333333334
2025-03-15,site_5600,"Nacharam_TSIIC IALA, Hyderabad - TSPCB",HYD_1129,17.43,78.56,9.28744680851064,94,97.91666666666666
2025-03-16,site_5600,"Nacharam_TSIIC IALA, Hyderabad - TSPCB",HYD_1129,17.43,78.56,8.44125,96,100.0
2025-03-17,site_5600,"Nacharam_TSIIC IALA, Hyderabad - TSPCB",HYD_1129,17.43,78.56,6.567127659574469,94,97.91666666666666
2025-03-18,site_5600,"Nacharam_TSIIC IALA, Hyderabad - TSPCB",HYD_1129,17.43,78.56,11.365483870967742,93,96.875
2025-03-19,site_5600,"Nacharam_TSIIC IALA, Hyderabad - TSPCB",HYD_1129,17.43,78.56,13.249479166666667,96,100.0
2025-03-20,site_5600,"Nacharam_TSIIC IALA, Hyderabad - TSPCB",HYD_1129,17.43,78.56,9.478947368421052,95,98.95833333333334
2025-03-21,site_5600,"Nacharam_TSIIC IALA, Hyderabad - TSPCB",HYD_1129,17.43,78.56,9.999255319148936,94,97.91666666666666
2025-03-22,site_5600,"Nacharam_TSIIC IALA, Hyderabad - TSPCB",HYD_1129,17.43,78.56,11.50067415730337,89,92.70833333333334
2025-03-23,site_5600,"Nacharam_TSIIC IALA, Hyderabad - TSPCB",HYD_1129,17.43,78.56,12.760631578947368,95,98.95833333333334
2025-03-24,site_5600,"Nacharam_TSIIC IALA, Hyderabad - TSPCB",HYD_1129,17.43,78.56,10.450111111111111,90,93.75
2025-03-25,site_5600,"Nacharam_TSIIC IALA, Hyderabad - TSPCB",HYD_1129,17.43,78.56,10.524842105263158,95,98.95833333333334
2025-03-26,site_5600,"Nacharam_TSIIC IALA, Hyderabad - TSPCB",HYD_1129,17.43,78.56,13.160526315789474,95,98.95833333333334
2025-03-27,site_5600,"Nacharam_TSIIC IALA, Hyderabad - TSPCB",HYD_1129,17.43,78.56,13.147157894736845,95,98.95833333333334
2025-03-28,site_5600,"Nacharam_TSIIC IALA, Hyderabad - TSPCB",HYD_1129,17.43,78.56,12.820769230769232,91,94.79166666666666
2025-03-29,site_5600,"Nacharam_TSIIC IALA, Hyderabad - TSPCB",HYD_1129,17.43,78.56,10.382947368421052,95,98.95833333333334
2025-03-30,site_5600,"Nacharam_TSIIC IALA, Hyderabad - TSPCB",HYD_1129,17.43,78.56,11.165052631578948,95,98.95833333333334
2025-03-31,site_5600,"Nacharam_TSIIC IALA, Hyderabad - TSPCB",HYD_1129,17.43,78.56,15.409468085106385,94,97.91666666666666
2025-04-01,site_5600,"Nacharam_TSIIC IALA, Hyderabad - TSPCB",HYD_1129,17.43,78.56,12.114736842105264,95,98.95833333333334
2025-04-02,site_5600,"Nacharam_TSIIC IALA, Hyderabad - TSPCB",HYD_1129,17.43,78.56,8.296086956521739,92,95.83333333333334
2025-04-03,site_5600,"Nacharam_TSIIC IALA, Hyderabad - TSPCB",HYD_1129,17.43,78.56,10.50757894736842,95,98.95833333333334
2025-04-04,site_5600,"Nacharam_TSIIC IALA, Hyderabad - TSPCB",HYD_1129,17.43,78.56,12.138709677419357,93,96.875
2025-04-05,site_5600,"Nacharam_TSIIC IALA, Hyderabad - TSPCB",HYD_1129,17.43,78.56,,55,57.29166666666666
2025-04-06,site_5600,"Nacharam_TSIIC IALA, Hyderabad - TSPCB",HYD_1129,17.43,78.56,,0,0.0
2025-04-07,site_5600,"Nacharam_TSIIC IALA, Hyderabad - TSPCB",HYD_1129,17.43,78.56,,0,0.0
2025-04-08,site_5600,"Nacharam_TSIIC IALA, Hyderabad - TSPCB",HYD_1129,17.43,78.56,,0,0.0
2025-04-09,site_5600,"Nacharam_TSIIC IALA, Hyderabad - TSPCB",HYD_1129,17.43,78.56,,0,0.0
2025-04-10,site_5600,"Nacharam_TSIIC IALA, Hyderabad - TSPCB",HYD_1129,17.43,78.56,,0,0.0
2025-04-11,site_5600,"Nacharam_TSIIC IALA, Hyderabad - TSPCB",HYD_1129,17.43,78.56,,0,0.0
2025-04-12,site_5600,"Nacharam_TSIIC IALA, Hyderabad - TSPCB",HYD_1129,17.43,78.56,,0,0.0
2025-04-13,site_5600,"Nacharam_TSIIC IALA, Hyderabad - TSPCB",HYD_1129,17.43,78.56,,0,0.0
2025-04-14,site_5600,"Nacharam_TSIIC IALA, Hyderabad - TSPCB",HYD_1129,17.43,78.56,,0,0.0
2025-04-15,site_5600,"Nacharam_TSIIC IALA, Hyderabad - TSPCB",HYD_1129,17.43,78.56,,0,0.0
2025-04-16,site_5600,"Nacharam_TSIIC IALA, Hyderabad - TSPCB",HYD_1129,17.43,78.56,,0,0.0
2025-04-17,site_5600,"Nacharam_TSIIC IALA, Hyderabad - TSPCB",HYD_1129,17.43,78.56,,27,28.125
2025-04-18,site_5600,"Nacharam_TSIIC IALA, Hyderabad - TSPCB",HYD_1129,17.43,78.56,11.924736842105265,95,98.95833333333334
2025-04-19,site_5600,"Nacharam_TSIIC IALA, Hyderabad - TSPCB",HYD_1129,17.43,78.56,10.224301075268816,93,96.875
2025-04-20,site_5600,"Nacharam_TSIIC IALA, Hyderabad - TSPCB",HYD_1129,17.43,78.56,11.295744680851064,94,97.91666666666666
2025-04-21,site_5600,"Nacharam_TSIIC IALA, Hyderabad - TSPCB",HYD_1129,17.43,78.56,12.022608695652172,92,95.83333333333334
2025-04-22,site_5600,"Nacharam_TSIIC IALA, Hyderabad - TSPCB",HYD_1129,17.43,78.56,16.774516129032257,93,96.875
2025-04-23,site_5600,"Nacharam_TSIIC IALA, Hyderabad - TSPCB",HYD_1129,17.43,78.56,15.107872340425534,94,97.91666666666666
2025-04-24,site_5600,"Nacharam_TSIIC IALA, Hyderabad - TSPCB",HYD_1129,17.43,78.56,15.2334375,96,100.0
2025-04-25,site_5600,"Nacharam_TSIIC IALA, Hyderabad - TSPCB",HYD_1129,17.43,78.56,13.001595744680852,94,97.91666666666666
2025-04-26,site_5600,"Nacharam_TSIIC IALA, Hyderabad - TSPCB",HYD_1129,17.43,78.56,10.135104166666666,96,100.0
2025-04-27,site_5600,"Nacharam_TSIIC IALA, Hyderabad - TSPCB",HYD_1129,17.43,78.56,13.921195652173912,92,95.83333333333334
2025-04-28,site_5600,"Nacharam_TSIIC IALA, Hyderabad - TSPCB",HYD_1129,17.43,78.56,15.628333333333332,96,100.0
2025-04-29,site_5600,"Nacharam_TSIIC IALA, Hyderabad - TSPCB",HYD_1129,17.43,78.56,15.62314606741573,89,92.70833333333334
2025-04-30,site_5600,"Nacharam_TSIIC IALA, Hyderabad - TSPCB",HYD_1129,17.43,78.56,13.962708333333332,96,100.0
2025-05-01,site_5600,"Nacharam_TSIIC IALA, Hyderabad - TSPCB",HYD_1129,17.43,78.56,12.285052631578946,95,98.95833333333334
2025-05-02,site_5600,"Nacharam_TSIIC IALA, Hyderabad - TSPCB",HYD_1129,17.43,78.56,13.147954545454546,88,91.66666666666666
2025-05-03,site_5600,"Nacharam_TSIIC IALA, Hyderabad - TSPCB",HYD_1129,17.43,78.56,13.5503125,96,100.0
2025-05-04,site_5600,"Nacharam_TSIIC IALA, Hyderabad - TSPCB",HYD_1129,17.43,78.56,10.876813186813186,91,94.79166666666666
2025-05-05,site_5600,"Nacharam_TSIIC IALA, Hyderabad - TSPCB",HYD_1129,17.43,78.56,10.5740625,96,100.0
2025-05-06,site_5600,"Nacharam_TSIIC IALA, Hyderabad - TSPCB",HYD_1129,17.43,78.56,10.375851063829789,94,97.91666666666666
2025-05-07,site_5600,"Nacharam_TSIIC IALA, Hyderabad - TSPCB",HYD_1129,17.43,78.56,9.184375,96,100.0
2025-05-08,site_5600,"Nacharam_TSIIC IALA, Hyderabad - TSPCB",HYD_1129,17.43,78.56,11.014791666666667,96,100.0
2025-05-09,site_5600,"Nacharam_TSIIC IALA, Hyderabad - TSPCB",HYD_1129,17.43,78.56,12.31125,96,100.0
2025-05-10,site_5600,"Nacharam_TSIIC IALA, Hyderabad - TSPCB",HYD_1129,17.43,78.56,12.919166666666667,96,100.0
2025-05-11,site_5600,"Nacharam_TSIIC IALA, Hyderabad - TSPCB",HYD_1129,17.43,78.56,12.070333333333332,90,93.75
2025-05-12,site_5600,"Nacharam_TSIIC IALA, Hyderabad - TSPCB",HYD_1129,17.43,78.56,11.299684210526316,95,98.95833333333334
2025-05-13,site_5600,"Nacharam_TSIIC IALA, Hyderabad - TSPCB",HYD_1129,17.43,78.56,11.355416666666663,96,100.0
2025-05-14,site_5600,"Nacharam_TSIIC IALA, Hyderabad - TSPCB",HYD_1129,17.43,78.56,11.870957446808507,94,97.91666666666666
2025-05-15,site_5600,"Nacharam_TSIIC IALA, Hyderabad - TSPCB",HYD_1129,17.43,78.56,,64,66.66666666666666
2025-05-16,site_5600,"Nacharam_TSIIC IALA, Hyderabad - TSPCB",HYD_1129,17.43,78.56,13.04686046511628,86,89.58333333333334
2025-05-17,site_5600,"Nacharam_TSIIC IALA, Hyderabad - TSPCB",HYD_1129,17.43,78.56,10.791666666666666,96,100.0
2025-05-18,site_5600,"Nacharam_TSIIC IALA, Hyderabad - TSPCB",HYD_1129,17.43,78.56,10.382604166666669,96,100.0
2025-05-19,site_5600,"Nacharam_TSIIC IALA, Hyderabad - TSPCB",HYD_1129,17.43,78.56,10.647604166666666,96,100.0
2025-05-20,site_5600,"Nacharam_TSIIC IALA, Hyderabad - TSPCB",HYD_1129,17.43,78.56,13.712947368421052,95,98.95833333333334
2025-05-21,site_5600,"Nacharam_TSIIC IALA, Hyderabad - TSPCB",HYD_1129,17.43,78.56,12.932857142857143,91,94.79166666666666
2025-05-22,site_5600,"Nacharam_TSIIC IALA, Hyderabad - TSPCB",HYD_1129,17.43,78.56,12.08095744680851,94,97.91666666666666
2025-05-23,site_5600,"Nacharam_TSIIC IALA, Hyderabad - TSPCB",HYD_1129,17.43,78.56,12.947608695652177,92,95.83333333333334
2025-05-24,site_5600,"Nacharam_TSIIC IALA, Hyderabad - TSPCB",HYD_1129,17.43,78.56,10.49442105263158,95,98.95833333333334
2025-05-25,site_5600,"Nacharam_TSIIC IALA, Hyderabad - TSPCB",HYD_1129,17.43,78.56,9.28741573033708,89,92.70833333333334
2025-05-26,site_5600,"Nacharam_TSIIC IALA, Hyderabad - TSPCB",HYD_1129,17.43,78.56,9.448958333333334,96,100.0
2025-05-27,site_5600,"Nacharam_TSIIC IALA, Hyderabad - TSPCB",HYD_1129,17.43,78.56,11.303010752688174,93,96.875
2025-05-28,site_5600,"Nacharam_TSIIC IALA, Hyderabad - TSPCB",HYD_1129,17.43,78.56,10.361368421052632,95,98.95833333333334
2025-05-29,site_5600,"Nacharam_TSIIC IALA, Hyderabad - TSPCB",HYD_1129,17.43,78.56,12.316631578947367,95,98.95833333333334
2025-05-30,site_5600,"Nacharam_TSIIC IALA, Hyderabad - TSPCB",HYD_1129,17.43,78.56,14.6646875,96,100.0
2025-05-31,site_5600,"Nacharam_TSIIC IALA, Hyderabad - TSPCB",HYD_1129,17.43,78.56,11.3459375,96,100.0
2025-06-01,site_5600,"Nacharam_TSIIC IALA, Hyderabad - TSPCB",HYD_1129,17.43,78.56,9.531702127659576,94,97.91666666666666
2025-06-02,site_5600,"Nacharam_TSIIC IALA, Hyderabad - TSPCB",HYD_1129,17.43,78.56,9.721770833333332,96,100.0
2025-06-03,site_5600,"Nacharam_TSIIC IALA, Hyderabad - TSPCB",HYD_1129,17.43,78.56,10.78375,96,100.0
2025-06-04,site_5600,"Nacharam_TSIIC IALA, Hyderabad - TSPCB",HYD_1129,17.43,78.56,10.762291666666668,96,100.0
2025-06-05,site_5600,"Nacharam_TSIIC IALA, Hyderabad - TSPCB",HYD_1129,17.43,78.56,11.079684210526317,95,98.95833333333334
2025-06-06,site_5600,"Nacharam_TSIIC IALA, Hyderabad - TSPCB",HYD_1129,17.43,78.56,9.763829787234044,94,97.91666666666666
2025-06-07,site_5600,"Nacharam_TSIIC IALA, Hyderabad - TSPCB",HYD_1129,17.43,78.56,8.781770833333333,96,100.0
2025-06-08,site_5600,"Nacharam_TSIIC IALA, Hyderabad - TSPCB",HYD_1129,17.43,78.56,10.4303125,96,100.0
2025-06-09,site_5600,"Nacharam_TSIIC IALA, Hyderabad - TSPCB",HYD_1129,17.43,78.56,14.529791666666666,96,100.0
2025-06-10,site_5600,"Nacharam_TSIIC IALA, Hyderabad - TSPCB",HYD_1129,17.43,78.56,12.764270833333333,96,100.0
2025-06-11,site_5600,"Nacharam_TSIIC IALA, Hyderabad - TSPCB",HYD_1129,17.43,78.56,10.873854166666668,96,100.0
2025-06-12,site_5600,"Nacharam_TSIIC IALA, Hyderabad - TSPCB",HYD_1129,17.43,78.56,10.89108695652174,92,95.83333333333334
2025-06-13,site_5600,"Nacharam_TSIIC IALA, Hyderabad - TSPCB",HYD_1129,17.43,78.56,10.486770833333331,96,100.0
2025-06-14,site_5600,"Nacharam_TSIIC IALA, Hyderabad - TSPCB",HYD_1129,17.43,78.56,11.246770833333334,96,100.0
2025-06-15,site_5600,"Nacharam_TSIIC IALA, Hyderabad - TSPCB",HYD_1129,17.43,78.56,11.171808510638298,94,97.91666666666666
2025-06-16,site_5600,"Nacharam_TSIIC IALA, Hyderabad - TSPCB",HYD_1129,17.43,78.56,10.241157894736842,95,98.95833333333334
2025-06-17,site_5600,"Nacharam_TSIIC IALA, Hyderabad - TSPCB",HYD_1129,17.43,78.56,9.76625,96,100.0
2025-06-18,site_5600,"Nacharam_TSIIC IALA, Hyderabad - TSPCB",HYD_1129,17.43,78.56,10.176666666666668,96,100.0
2025-06-19,site_5600,"Nacharam_TSIIC IALA, Hyderabad - TSPCB",HYD_1129,17.43,78.56,9.905777777777775,90,93.75
2025-06-20,site_5600,"Nacharam_TSIIC IALA, Hyderabad - TSPCB",HYD_1129,17.43,78.56,10.027291666666668,96,100.0
2025-06-21,site_5600,"Nacharam_TSIIC IALA, Hyderabad - TSPCB",HYD_1129,17.43,78.56,9.411263157894735,95,98.95833333333334
2025-06-22,site_5600,"Nacharam_TSIIC IALA, Hyderabad - TSPCB",HYD_1129,17.43,78.56,9.268541666666666,96,100.0
2025-06-23,site_5600,"Nacharam_TSIIC IALA, Hyderabad - TSPCB",HYD_1129,17.43,78.56,10.359368421052633,95,98.95833333333334
2025-06-24,site_5600,"Nacharam_TSIIC IALA, Hyderabad - TSPCB",HYD_1129,17.43,78.56,12.221041666666666,96,100.0
2025-06-25,site_5600,"Nacharam_TSIIC IALA, Hyderabad - TSPCB",HYD_1129,17.43,78.56,8.718854166666667,96,100.0
2025-06-26,site_5600,"Nacharam_TSIIC IALA, Hyderabad - TSPCB",HYD_1129,17.43,78.56,9.2925,96,100.0
2025-06-27,site_5600,"Nacharam_TSIIC IALA, Hyderabad - TSPCB",HYD_1129,17.43,78.56,13.079375,96,100.0
2025-06-28,site_5600,"Nacharam_TSIIC IALA, Hyderabad - TSPCB",HYD_1129,17.43,78.56,9.759368421052631,95,98.95833333333334
2025-06-29,site_5600,"Nacharam_TSIIC IALA, Hyderabad - TSPCB",HYD_1129,17.43,78.56,10.192065217391304,92,95.83333333333334
2025-06-30,site_5600,"Nacharam_TSIIC IALA, Hyderabad - TSPCB",HYD_1129,17.43,78.56,9.9665625,96,100.0
2025-07-01,site_5600,"Nacharam_TSIIC IALA, Hyderabad - TSPCB",HYD_1129,17.43,78.56,9.024375,96,100.0
2025-07-02,site_5600,"Nacharam_TSIIC IALA, Hyderabad - TSPCB",HYD_1129,17.43,78.56,7.738645833333333,96,100.0
2025-07-03,site_5600,"Nacharam_TSIIC IALA, Hyderabad - TSPCB",HYD_1129,17.43,78.56,11.108645833333334,96,100.0
2025-07-04,site_5600,"Nacharam_TSIIC IALA, Hyderabad - TSPCB",HYD_1129,17.43,78.56,10.01336842105263,95,98.95833333333334
2025-07-05,site_5600,"Nacharam_TSIIC IALA, Hyderabad - TSPCB",HYD_1129,17.43,78.56,11.439166666666669,96,100.0
2025-07-06,site_5600,"Nacharam_TSIIC IALA, Hyderabad - TSPCB",HYD_1129,17.43,78.56,9.540208333333334,96,100.0
2025-07-07,site_5600,"Nacharam_TSIIC IALA, Hyderabad - TSPCB",HYD_1129,17.43,78.56,8.227395833333334,96,100.0
2025-07-08,site_5600,"Nacharam_TSIIC IALA, Hyderabad - TSPCB",HYD_1129,17.43,78.56,8.230869565217391,92,95.83333333333334
2025-07-09,site_5600,"Nacharam_TSIIC IALA, Hyderabad - TSPCB",HYD_1129,17.43,78.56,9.183404255319148,94,97.91666666666666
2025-07-10,site_5600,"Nacharam_TSIIC IALA, Hyderabad - TSPCB",HYD_1129,17.43,78.56,11.965416666666668,96,100.0
2025-07-11,site_5600,"Nacharam_TSIIC IALA, Hyderabad - TSPCB",HYD_1129,17.43,78.56,12.866444444444443,90,93.75
2025-07-12,site_5600,"Nacharam_TSIIC IALA, Hyderabad - TSPCB",HYD_1129,17.43,78.56,13.48872340425532,94,97.91666666666666
2025-07-13,site_5600,"Nacharam_TSIIC IALA, Hyderabad - TSPCB",HYD_1129,17.43,78.56,14.53621052631579,95,98.95833333333334
2025-07-14,site_5600,"Nacharam_TSIIC IALA, Hyderabad - TSPCB",HYD_1129,17.43,78.56,11.86726315789474,95,98.95833333333334
2025-07-15,site_5600,"Nacharam_TSIIC IALA, Hyderabad - TSPCB",HYD_1129,17.43,78.56,8.607604166666667,96,100.0
2025-07-16,site_5600,"Nacharam_TSIIC IALA, Hyderabad - TSPCB",HYD_1129,17.43,78.56,9.330625,96,100.0
2025-07-17,site_5600,"Nacharam_TSIIC IALA, Hyderabad - TSPCB",HYD_1129,17.43,78.56,9.900104166666669,96,100.0
2025-07-18,site_5600,"Nacharam_TSIIC IALA, Hyderabad - TSPCB",HYD_1129,17.43,78.56,9.635729166666666,96,100.0
2025-07-19,site_5600,"Nacharam_TSIIC IALA, Hyderabad - TSPCB",HYD_1129,17.43,78.56,9.1246875,96,100.0
2025-07-20,site_5600,"Nacharam_TSIIC IALA, Hyderabad - TSPCB",HYD_1129,17.43,78.56,7.201914893617022,94,97.91666666666666
2025-07-21,site_5600,"Nacharam_TSIIC IALA, Hyderabad - TSPCB",HYD_1129,17.43,78.56,8.766562500000001,96,100.0
2025-07-22,site_5600,"Nacharam_TSIIC IALA, Hyderabad - TSPCB",HYD_1129,17.43,78.56,9.1909375,96,100.0
2025-07-23,site_5600,"Nacharam_TSIIC IALA, Hyderabad - TSPCB",HYD_1129,17.43,78.56,9.85390243902439,82,85.41666666666666
2025-07-24,site_5600,"Nacharam_TSIIC IALA, Hyderabad - TSPCB",HYD_1129,17.43,78.56,9.283764705882351,85,88.54166666666666
2025-07-25,site_5600,"Nacharam_TSIIC IALA, Hyderabad - TSPCB",HYD_1129,17.43,78.56,9.709166666666668,96,100.0
2025-07-26,site_5600,"Nacharam_TSIIC IALA, Hyderabad - TSPCB",HYD_1129,17.43,78.56,9.995125,80,83.33333333333334
2025-07-27,site_5600,"Nacharam_TSIIC IALA, Hyderabad - TSPCB",HYD_1129,17.43,78.56,8.35695652173913,92,95.83333333333334
2025-07-28,site_5600,"Nacharam_TSIIC IALA, Hyderabad - TSPCB",HYD_1129,17.43,78.56,9.918645833333334,96,100.0
2025-07-29,site_5600,"Nacharam_TSIIC IALA, Hyderabad - TSPCB",HYD_1129,17.43,78.56,10.034270833333332,96,100.0
2025-07-30,site_5600,"Nacharam_TSIIC IALA, Hyderabad - TSPCB",HYD_1129,17.43,78.56,10.703333333333331,96,100.0
2025-07-31,site_5600,"Nacharam_TSIIC IALA, Hyderabad - TSPCB",HYD_1129,17.43,78.56,12.58103448275862,87,90.625
2025-08-01,site_5600,"Nacharam_TSIIC IALA, Hyderabad - TSPCB",HYD_1129,17.43,78.56,9.8296875,96,100.0
2025-08-02,site_5600,"Nacharam_TSIIC IALA, Hyderabad - TSPCB",HYD_1129,17.43,78.56,9.452916666666669,96,100.0
2025-08-03,site_5600,"Nacharam_TSIIC IALA, Hyderabad - TSPCB",HYD_1129,17.43,78.56,,50,52.083333333333336
2025-08-04,site_5600,"Nacharam_TSIIC IALA, Hyderabad - TSPCB",HYD_1129,17.43,78.56,,68,70.83333333333334
2025-08-05,site_5600,"Nacharam_TSIIC IALA, Hyderabad - TSPCB",HYD_1129,17.43,78.56,,56,58.333333333333336
2025-08-06,site_5600,"Nacharam_TSIIC IALA, Hyderabad - TSPCB",HYD_1129,17.43,78.56,11.199479166666668,96,100.0
2025-08-07,site_5600,"Nacharam_TSIIC IALA, Hyderabad - TSPCB",HYD_1129,17.43,78.56,11.872978723404255,94,97.91666666666666
2025-08-08,site_5600,"Nacharam_TSIIC IALA, Hyderabad - TSPCB",HYD_1129,17.43,78.56,12.76304347826087,92,95.83333333333334
2025-08-09,site_5600,"Nacharam_TSIIC IALA, Hyderabad - TSPCB",HYD_1129,17.43,78.56,13.127765957446808,94,97.91666666666666
2025-08-10,site_5600,"Nacharam_TSIIC IALA, Hyderabad - TSPCB",HYD_1129,17.43,78.56,10.9446875,96,100.0
2025-08-11,site_5600,"Nacharam_TSIIC IALA, Hyderabad - TSPCB",HYD_1129,17.43,78.56,10.459479166666666,96,100.0
2025-08-12,site_5600,"Nacharam_TSIIC IALA, Hyderabad - TSPCB",HYD_1129,17.43,78.56,11.077916666666669,96,100.0
2025-08-13,site_5600,"Nacharam_TSIIC IALA, Hyderabad - TSPCB",HYD_1129,17.43,78.56,10.3234375,96,100.0
2025-08-14,site_5600,"Nacharam_TSIIC IALA, Hyderabad - TSPCB",HYD_1129,17.43,78.56,10.817916666666669,96,100.0
2025-08-15,site_5600,"Nacharam_TSIIC IALA, Hyderabad - TSPCB",HYD_1129,17.43,78.56,10.957187500000002,96,100.0
2025-08-16,site_5600,"Nacharam_TSIIC IALA, Hyderabad - TSPCB",HYD_1129,17.43,78.56,13.212315789473683,95,98.95833333333334
2025-08-17,site_5600,"Nacharam_TSIIC IALA, Hyderabad - TSPCB",HYD_1129,17.43,78.56,10.451979166666666,96,100.0
2025-08-18,site_5600,"Nacharam_TSIIC IALA, Hyderabad - TSPCB",HYD_1129,17.43,78.56,12.443020833333334,96,100.0
2025-08-19,site_5600,"Nacharam_TSIIC IALA, Hyderabad - TSPCB",HYD_1129,17.43,78.56,16.275625,96,100.0
2025-08-20,site_5600,"Nacharam_TSIIC IALA, Hyderabad - TSPCB",HYD_1129,17.43,78.56,12.399479166666666,96,100.0
2025-08-21,site_5600,"Nacharam_TSIIC IALA, Hyderabad - TSPCB",HYD_1129,17.43,78.56,11.650625,96,100.0
2025-08-22,site_5600,"Nacharam_TSIIC IALA, Hyderabad - TSPCB",HYD_1129,17.43,78.56,10.130833333333332,96,100.0
2025-08-23,site_5600,"Nacharam_TSIIC IALA, Hyderabad - TSPCB",HYD_1129,17.43,78.56,10.292708333333334,96,100.0
2025-08-24,site_5600,"Nacharam_TSIIC IALA, Hyderabad - TSPCB",HYD_1129,17.43,78.56,10.771354166666669,96,100.0
2025-08-25,site_5600,"Nacharam_TSIIC IALA, Hyderabad - TSPCB",HYD_1129,17.43,78.56,12.037916666666668,96,100.0
2025-08-26,site_5600,"Nacharam_TSIIC IALA, Hyderabad - TSPCB",HYD_1129,17.43,78.56,12.97212765957447,94,97.91666666666666
2025-08-27,site_5600,"Nacharam_TSIIC IALA, Hyderabad - TSPCB",HYD_1129,17.43,78.56,11.716458333333334,96,100.0
2025-08-28,site_5600,"Nacharam_TSIIC IALA, Hyderabad - TSPCB",HYD_1129,17.43,78.56,12.055730337078652,89,92.70833333333334
2025-08-29,site_5600,"Nacharam_TSIIC IALA, Hyderabad - TSPCB",HYD_1129,17.43,78.56,11.221204819277109,83,86.45833333333334
2025-08-30,site_5600,"Nacharam_TSIIC IALA, Hyderabad - TSPCB",HYD_1129,17.43,78.56,14.218387096774192,93,96.875
2025-08-31,site_5600,"Nacharam_TSIIC IALA, Hyderabad - TSPCB",HYD_1129,17.43,78.56,13.810752688172045,93,96.875
2025-01-01,site_5595,"New Malakpet, Hyderabad - TSPCB",HYD_0966,17.37,78.52,13.502736842105262,95,98.95833333333334
2025-01-02,site_5595,"New Malakpet, Hyderabad - TSPCB",HYD_0966,17.37,78.52,14.449166666666663,96,100.0
2025-01-03,site_5595,"New Malakpet, Hyderabad - TSPCB",HYD_0966,17.37,78.52,13.957191011235956,89,92.70833333333334
2025-01-04,site_5595,"New Malakpet, Hyderabad - TSPCB",HYD_0966,17.37,78.52,11.245,96,100.0
2025-01-05,site_5595,"New Malakpet, Hyderabad - TSPCB",HYD_0966,17.37,78.52,11.216979166666668,96,100.0
2025-01-06,site_5595,"New Malakpet, Hyderabad - TSPCB",HYD_0966,17.37,78.52,11.209032258064516,93,96.875
2025-01-07,site_5595,"New Malakpet, Hyderabad - TSPCB",HYD_0966,17.37,78.52,13.504375,96,100.0
2025-01-08,site_5595,"New Malakpet, Hyderabad - TSPCB",HYD_0966,17.37,78.52,14.03,80,83.33333333333334
2025-01-09,site_5595,"New Malakpet, Hyderabad - TSPCB",HYD_0966,17.37,78.52,,57,59.375
2025-01-10,site_5595,"New Malakpet, Hyderabad - TSPCB",HYD_0966,17.37,78.52,12.784651162790698,86,89.58333333333334
2025-01-11,site_5595,"New Malakpet, Hyderabad - TSPCB",HYD_0966,17.37,78.52,13.340416666666668,96,100.0
2025-01-12,site_5595,"New Malakpet, Hyderabad - TSPCB",HYD_0966,17.37,78.52,13.3325,96,100.0
2025-01-13,site_5595,"New Malakpet, Hyderabad - TSPCB",HYD_0966,17.37,78.52,9.88625,96,100.0
2025-01-14,site_5595,"New Malakpet, Hyderabad - TSPCB",HYD_0966,17.37,78.52,8.228333333333333,96,100.0
2025-01-15,site_5595,"New Malakpet, Hyderabad - TSPCB",HYD_0966,17.37,78.52,13.977,90,93.75
2025-01-16,site_5595,"New Malakpet, Hyderabad - TSPCB",HYD_0966,17.37,78.52,16.189583333333335,96,100.0
2025-01-17,site_5595,"New Malakpet, Hyderabad - TSPCB",HYD_0966,17.37,78.52,9.806145833333334,96,100.0
2025-01-18,site_5595,"New Malakpet, Hyderabad - TSPCB",HYD_0966,17.37,78.52,11.098631578947368,95,98.95833333333334
2025-01-19,site_5595,"New Malakpet, Hyderabad - TSPCB",HYD_0966,17.37,78.52,11.917812499999998,96,100.0
2025-01-20,site_5595,"New Malakpet, Hyderabad - TSPCB",HYD_0966,17.37,78.52,,14,14.583333333333334
2025-01-21,site_5595,"New Malakpet, Hyderabad - TSPCB",HYD_0966,17.37,78.52,,58,60.41666666666666
2025-01-22,site_5595,"New Malakpet, Hyderabad - TSPCB",HYD_0966,17.37,78.52,14.558020833333332,96,100.0
2025-01-23,site_5595,"New Malakpet, Hyderabad - TSPCB",HYD_0966,17.37,78.52,8.618854166666667,96,100.0
2025-01-24,site_5595,"New Malakpet, Hyderabad - TSPCB",HYD_0966,17.37,78.52,11.458020833333334,96,100.0
2025-01-25,site_5595,"New Malakpet, Hyderabad - TSPCB",HYD_0966,17.37,78.52,14.1475,96,100.0
2025-01-26,site_5595,"New Malakpet, Hyderabad - TSPCB",HYD_0966,17.37,78.52,14.178229166666666,96,100.0
2025-01-27,site_5595,"New Malakpet, Hyderabad - TSPCB",HYD_0966,17.37,78.52,11.379166666666668,96,100.0
2025-01-28,site_5595,"New Malakpet, Hyderabad - TSPCB",HYD_0966,17.37,78.52,11.631263157894738,95,98.95833333333334
2025-01-29,site_5595,"New Malakpet, Hyderabad - TSPCB",HYD_0966,17.37,78.52,13.7821875,96,100.0
2025-01-30,site_5595,"New Malakpet, Hyderabad - TSPCB",HYD_0966,17.37,78.52,8.975764705882353,85,88.54166666666666
2025-01-31,site_5595,"New Malakpet, Hyderabad - TSPCB",HYD_0966,17.37,78.52,10.429270833333334,96,100.0
2025-02-01,site_5595,"New Malakpet, Hyderabad - TSPCB",HYD_0966,17.37,78.52,13.366195652173914,92,95.83333333333334
2025-02-02,site_5595,"New Malakpet, Hyderabad - TSPCB",HYD_0966,17.37,78.52,,63,65.625
2025-02-03,site_5595,"New Malakpet, Hyderabad - TSPCB",HYD_0966,17.37,78.52,,52,54.16666666666666
2025-02-04,site_5595,"New Malakpet, Hyderabad - TSPCB",HYD_0966,17.37,78.52,14.072291666666668,96,100.0
2025-02-05,site_5595,"New Malakpet, Hyderabad - TSPCB",HYD_0966,17.37,78.52,15.657395833333334,96,100.0
2025-02-06,site_5595,"New Malakpet, Hyderabad - TSPCB",HYD_0966,17.37,78.52,15.71936842105263,95,98.95833333333334
2025-02-07,site_5595,"New Malakpet, Hyderabad - TSPCB",HYD_0966,17.37,78.52,13.245208333333332,96,100.0
2025-02-08,site_5595,"New Malakpet, Hyderabad - TSPCB",HYD_0966,17.37,78.52,9.586354166666666,96,100.0
2025-02-09,site_5595,"New Malakpet, Hyderabad - TSPCB",HYD_0966,17.37,78.52,,37,38.54166666666667
2025-02-10,site_5595,"New Malakpet, Hyderabad - TSPCB",HYD_0966,17.37,78.52,,56,58.333333333333336
2025-02-11,site_5595,"New Malakpet, Hyderabad - TSPCB",HYD_0966,17.37,78.52,14.699230769230768,78,81.25
2025-02-12,site_5595,"New Malakpet, Hyderabad - TSPCB",HYD_0966,17.37,78.52,12.071702127659574,94,97.91666666666666
2025-02-13,site_5595,"New Malakpet, Hyderabad - TSPCB",HYD_0966,17.37,78.52,10.310588235294118,85,88.54166666666666
2025-02-14,site_5595,"New Malakpet, Hyderabad - TSPCB",HYD_0966,17.37,78.52,10.317073170731708,82,85.41666666666666
2025-02-15,site_5595,"New Malakpet, Hyderabad - TSPCB",HYD_0966,17.37,78.52,10.328333333333331,96,100.0
2025-02-16,site_5595,"New Malakpet, Hyderabad - TSPCB",HYD_0966,17.37,78.52,10.327291666666666,96,100.0
2025-02-17,site_5595,"New Malakpet, Hyderabad - TSPCB",HYD_0966,17.37,78.52,13.330909090909092,77,80.20833333333334
2025-02-18,site_5595,"New Malakpet, Hyderabad - TSPCB",HYD_0966,17.37,78.52,14.677395833333334,96,100.0
2025-02-19,site_5595,"New Malakpet, Hyderabad - TSPCB",HYD_0966,17.37,78.52,14.658333333333331,96,100.0
2025-02-20,site_5595,"New Malakpet, Hyderabad - TSPCB",HYD_0966,17.37,78.52,,66,68.75
2025-02-21,site_5595,"New Malakpet, Hyderabad - TSPCB",HYD_0966,17.37,78.52,8.199895833333333,96,100.0
2025-02-22,site_5595,"New Malakpet, Hyderabad - TSPCB",HYD_0966,17.37,78.52,12.098315789473684,95,98.95833333333334
2025-02-23,site_5595,"New Malakpet, Hyderabad - TSPCB",HYD_0966,17.37,78.52,14.4921875,96,100.0
2025-02-24,site_5595,"New Malakpet, Hyderabad - TSPCB",HYD_0966,17.37,78.52,11.835208333333334,96,100.0
2025-02-25,site_5595,"New Malakpet, Hyderabad - TSPCB",HYD_0966,17.37,78.52,8.089247311827956,93,96.875
2025-02-26,site_5595,"New Malakpet, Hyderabad - TSPCB",HYD_0966,17.37,78.52,7.204895833333333,96,100.0
2025-02-27,site_5595,"New Malakpet, Hyderabad - TSPCB",HYD_0966,17.37,78.52,7.188124999999999,96,100.0
2025-02-28,site_5595,"New Malakpet, Hyderabad - TSPCB",HYD_0966,17.37,78.52,9.47536842105263,95,98.95833333333334
2025-03-01,site_5595,"New Malakpet, Hyderabad - TSPCB",HYD_0966,17.37,78.52,10.1375,96,100.0
2025-03-02,site_5595,"New Malakpet, Hyderabad - TSPCB",HYD_0966,17.37,78.52,8.8996875,96,100.0
2025-03-03,site_5595,"New Malakpet, Hyderabad - TSPCB",HYD_0966,17.37,78.52,9.978125,96,100.0
2025-03-04,site_5595,"New Malakpet, Hyderabad - TSPCB",HYD_0966,17.37,78.52,11.103541666666668,96,100.0
2025-03-05,site_5595,"New Malakpet, Hyderabad - TSPCB",HYD_0966,17.37,78.52,11.559270833333334,96,100.0
2025-03-06,site_5595,"New Malakpet, Hyderabad - TSPCB",HYD_0966,17.37,78.52,11.49936170212766,94,97.91666666666666
2025-03-07,site_5595,"New Malakpet, Hyderabad - TSPCB",HYD_0966,17.37,78.52,10.557395833333333,96,100.0
2025-03-08,site_5595,"New Malakpet, Hyderabad - TSPCB",HYD_0966,17.37,78.52,10.579368421052632,95,98.95833333333334
2025-03-09,site_5595,"New Malakpet, Hyderabad - TSPCB",HYD_0966,17.37,78.52,10.576923076923077,91,94.79166666666666
2025-03-10,site_5595,"New Malakpet, Hyderabad - TSPCB",HYD_0966,17.37,78.52,11.5340625,96,100.0
2025-03-11,site_5595,"New Malakpet, Hyderabad - TSPCB",HYD_0966,17.37,78.52,12.3003125,96,100.0
2025-03-12,site_5595,"New Malakpet, Hyderabad - TSPCB",HYD_0966,17.37,78.52,12.358958333333334,96,100.0
2025-03-13,site_5595,"New Malakpet, Hyderabad - TSPCB",HYD_0966,17.37,78.52,13.58288888888889,90,93.75
2025-03-14,site_5595,"New Malakpet, Hyderabad - TSPCB",HYD_0966,17.37,78.52,13.62505263157895,95,98.95833333333334
2025-03-15,site_5595,"New Malakpet, Hyderabad - TSPCB",HYD_0966,17.37,78.52,13.979895833333332,96,100.0
2025-03-16,site_5595,"New Malakpet, Hyderabad - TSPCB",HYD_0966,17.37,78.52,15.296354166666667,96,100.0
2025-03-17,site_5595,"New Malakpet, Hyderabad - TSPCB",HYD_0966,17.37,78.52,12.958020833333334,96,100.0
2025-03-18,site_5595,"New Malakpet, Hyderabad - TSPCB",HYD_0966,17.37,78.52,11.721041666666666,96,100.0
2025-03-19,site_5595,"New Malakpet, Hyderabad - TSPCB",HYD_0966,17.37,78.52,11.74978947368421,95,98.95833333333334
2025-03-20,site_5595,"New Malakpet, Hyderabad - TSPCB",HYD_0966,17.37,78.52,11.709462365591396,93,96.875
2025-03-21,site_5595,"New Malakpet, Hyderabad - TSPCB",HYD_0966,17.37,78.52,11.832842105263158,95,98.95833333333334
2025-03-22,site_5595,"New Malakpet, Hyderabad - TSPCB",HYD_0966,17.37,78.52,12.566813186813183,91,94.79166666666666
2025-03-23,site_5595,"New Malakpet, Hyderabad - TSPCB",HYD_0966,17.37,78.52,12.215625,96,100.0
2025-03-24,site_5595,"New Malakpet, Hyderabad - TSPCB",HYD_0966,17.37,78.52,12.1959375,96,100.0
2025-03-25,site_5595,"New Malakpet, Hyderabad - TSPCB",HYD_0966,17.37,78.52,12.821875,96,100.0
2025-03-26,site_5595,"New Malakpet, Hyderabad - TSPCB",HYD_0966,17.37,78.52,14.480833333333337,96,100.0
2025-03-27,site_5595,"New Malakpet, Hyderabad - TSPCB",HYD_0966,17.37,78.52,15.153225806451612,93,96.875
2025-03-28,site_5595,"New Malakpet, Hyderabad - TSPCB",HYD_0966,17.37,78.52,14.8040625,96,100.0
2025-03-29,site_5595,"New Malakpet, Hyderabad - TSPCB",HYD_0966,17.37,78.52,,64,66.66666666666666
2025-03-30,site_5595,"New Malakpet, Hyderabad - TSPCB",HYD_0966,17.37,78.52,14.375208333333331,96,100.0
2025-03-31,site_5595,"New Malakpet, Hyderabad - TSPCB",HYD_0966,17.37,78.52,14.3753125,96,100.0
2025-04-01,site_5595,"New Malakpet, Hyderabad - TSPCB",HYD_0966,17.37,78.52,14.4221875,96,100.0
2025-04-02,site_5595,"New Malakpet, Hyderabad - TSPCB",HYD_0966,17.37,78.52,14.4053125,96,100.0
2025-04-03,site_5595,"New Malakpet, Hyderabad - TSPCB",HYD_0966,17.37,78.52,,63,65.625
2025-04-04,site_5595,"New Malakpet, Hyderabad - TSPCB",HYD_0966,17.37,78.52,,56,58.333333333333336
2025-04-05,site_5595,"New Malakpet, Hyderabad - TSPCB",HYD_0966,17.37,78.52,13.431770833333331,96,100.0
2025-04-06,site_5595,"New Malakpet, Hyderabad - TSPCB",HYD_0966,17.37,78.52,14.3071875,96,100.0
2025-04-07,site_5595,"New Malakpet, Hyderabad - TSPCB",HYD_0966,17.37,78.52,14.28842105263158,76,79.16666666666666
2025-04-08,site_5595,"New Malakpet, Hyderabad - TSPCB",HYD_0966,17.37,78.52,,66,68.75
2025-04-09,site_5595,"New Malakpet, Hyderabad - TSPCB",HYD_0966,17.37,78.52,,43,44.79166666666667
2025-04-10,site_5595,"New Malakpet, Hyderabad - TSPCB",HYD_0966,17.37,78.52,11.4190625,96,100.0
2025-04-11,site_5595,"New Malakpet, Hyderabad - TSPCB",HYD_0966,17.37,78.52,14.452291666666667,96,100.0
2025-04-12,site_5595,"New Malakpet, Hyderabad - TSPCB",HYD_0966,17.37,78.52,14.352916666666667,96,100.0
2025-04-13,site_5595,"New Malakpet, Hyderabad - TSPCB",HYD_0966,17.37,78.52,14.046041666666667,96,100.0
2025-04-14,site_5595,"New Malakpet, Hyderabad - TSPCB",HYD_0966,17.37,78.52,10.330111111111112,90,93.75
2025-04-15,site_5595,"New Malakpet, Hyderabad - TSPCB",HYD_0966,17.37,78.52,,53,55.208333333333336
2025-04-16,site_5595,"New Malakpet, Hyderabad - TSPCB",HYD_0966,17.37,78.52,13.367272727272727,88,91.66666666666666
2025-04-17,site_5595,"New Malakpet, Hyderabad - TSPCB",HYD_0966,17.37,78.52,,45,46.875
2025-04-18,site_5595,"New Malakpet, Hyderabad - TSPCB",HYD_0966,17.37,78.52,,25,26.041666666666668
2025-04-19,site_5595,"New Malakpet, Hyderabad - TSPCB",HYD_0966,17.37,78.52,,48,50.0
2025-04-20,site_5595,"New Malakpet, Hyderabad - TSPCB",HYD_0966,17.37,78.52,13.378333333333332,96,100.0
2025-04-21,site_5595,"New Malakpet, Hyderabad - TSPCB",HYD_0966,17.37,78.52,13.461095890410958,73,76.04166666666666
2025-04-22,site_5595,"New Malakpet, Hyderabad - TSPCB",HYD_0966,17.37,78.52,,57,59.375
2025-04-23,site_5595,"New Malakpet, Hyderabad - TSPCB",HYD_0966,17.37,78.52,10.413125,96,100.0
2025-04-24,site_5595,"New Malakpet, Hyderabad - TSPCB",HYD_0966,17.37,78.52,9.9209375,96,100.0
2025-04-25,site_5595,"New Malakpet, Hyderabad - TSPCB",HYD_0966,17.37,78.52,9.435052631578948,95,98.95833333333334
2025-04-26,site_5595,"New Malakpet, Hyderabad - TSPCB",HYD_0966,17.37,78.52,9.40625,96,100.0
2025-04-27,site_5595,"New Malakpet, Hyderabad - TSPCB",HYD_0966,17.37,78.52,9.376458333333334,96,100.0
2025-04-28,site_5595,"New Malakpet, Hyderabad - TSPCB",HYD_0966,17.37,78.52,10.319574468085106,94,97.91666666666666
2025-04-29,site_5595,"New Malakpet, Hyderabad - TSPCB",HYD_0966,17.37,78.52,10.540963855421689,83,86.45833333333334
2025-04-30,site_5595,"New Malakpet, Hyderabad - TSPCB",HYD_0966,17.37,78.52,9.358082191780822,73,76.04166666666666
2025-05-01,site_5595,"New Malakpet, Hyderabad - TSPCB",HYD_0966,17.37,78.52,10.510520833333333,96,100.0
2025-05-02,site_5595,"New Malakpet, Hyderabad - TSPCB",HYD_0966,17.37,78.52,,71,73.95833333333334
2025-05-03,site_5595,"New Malakpet, Hyderabad - TSPCB",HYD_0966,17.37,78.52,,71,73.95833333333334
2025-05-04,site_5595,"New Malakpet, Hyderabad - TSPCB",HYD_0966,17.37,78.52,,0,0.0
2025-05-05,site_5595,"New Malakpet, Hyderabad - TSPCB",HYD_0966,17.37,78.52,,50,52.083333333333336
2025-05-06,site_5595,"New Malakpet, Hyderabad - TSPCB",HYD_0966,17.37,78.52,9.317282608695653,92,95.83333333333334
2025-05-07,site_5595,"New Malakpet, Hyderabad - TSPCB",HYD_0966,17.37,78.52,9.34764705882353,85,88.54166666666666
2025-05-08,site_5595,"New Malakpet, Hyderabad - TSPCB",HYD_0966,17.37,78.52,9.334895833333333,96,100.0
2025-05-09,site_5595,"New Malakpet, Hyderabad - TSPCB",HYD_0966,17.37,78.52,9.24382978723404,94,97.91666666666666
2025-05-10,site_5595,"New Malakpet, Hyderabad - TSPCB",HYD_0966,17.37,78.52,9.429791666666668,96,100.0
2025-05-11,site_5595,"New Malakpet, Hyderabad - TSPCB",HYD_0966,17.37,78.52,10.4384375,96,100.0
2025-05-12,site_5595,"New Malakpet, Hyderabad - TSPCB",HYD_0966,17.37,78.52,10.412105263157894,95,98.95833333333334
2025-05-13,site_5595,"New Malakpet, Hyderabad - TSPCB",HYD_0966,17.37,78.52,10.439583333333331,96,100.0
2025-05-14,site_5595,"New Malakpet, Hyderabad - TSPCB",HYD_0966,17.37,78.52,10.512604166666668,96,100.0
2025-05-15,site_5595,"New Malakpet, Hyderabad - TSPCB",HYD_0966,17.37,78.52,10.4871875,96,100.0
2025-05-16,site_5595,"New Malakpet, Hyderabad - TSPCB",HYD_0966,17.37,78.52,11.057473684210526,95,98.95833333333334
2025-05-17,site_5595,"New Malakpet, Hyderabad - TSPCB",HYD_0966,17.37,78.52,11.393020833333331,96,100.0
2025-05-18,site_5595,"New Malakpet, Hyderabad - TSPCB",HYD_0966,17.37,78.52,11.4696875,96,100.0
2025-05-19,site_5595,"New Malakpet, Hyderabad - TSPCB",HYD_0966,17.37,78.52,12.352395833333333,96,100.0
2025-05-20,site_5595,"New Malakpet, Hyderabad - TSPCB",HYD_0966,17.37,78.52,,65,67.70833333333334
2025-05-21,site_5595,"New Malakpet, Hyderabad - TSPCB",HYD_0966,17.37,78.52,12.996,95,98.95833333333334
2025-05-22,site_5595,"New Malakpet, Hyderabad - TSPCB",HYD_0966,17.37,78.52,,37,38.54166666666667
2025-05-23,site_5595,"New Malakpet, Hyderabad - TSPCB",HYD_0966,17.37,78.52,,0,0.0
2025-05-24,site_5595,"New Malakpet, Hyderabad - TSPCB",HYD_0966,17.37,78.52,,20,20.833333333333336
2025-05-25,site_5595,"New Malakpet, Hyderabad - TSPCB",HYD_0966,17.37,78.52,11.968020833333334,96,100.0
2025-05-26,site_5595,"New Malakpet, Hyderabad - TSPCB",HYD_0966,17.37,78.52,,67,69.79166666666666
2025-05-27,site_5595,"New Malakpet, Hyderabad - TSPCB",HYD_0966,17.37,78.52,,66,68.75
2025-05-28,site_5595,"New Malakpet, Hyderabad - TSPCB",HYD_0966,17.37,78.52,12.609893617021276,94,97.91666666666666
2025-05-29,site_5595,"New Malakpet, Hyderabad - TSPCB",HYD_0966,17.37,78.52,11.9421875,96,100.0
2025-05-30,site_5595,"New Malakpet, Hyderabad - TSPCB",HYD_0966,17.37,78.52,11.536979166666669,96,100.0
2025-05-31,site_5595,"New Malakpet, Hyderabad - TSPCB",HYD_0966,17.37,78.52,12.054864864864864,74,77.08333333333334
2025-06-01,site_5595,"New Malakpet, Hyderabad - TSPCB",HYD_0966,17.37,78.52,13.738314606741572,89,92.70833333333334
2025-06-02,site_5595,"New Malakpet, Hyderabad - TSPCB",HYD_0966,17.37,78.52,13.355833333333337,96,100.0
2025-06-03,site_5595,"New Malakpet, Hyderabad - TSPCB",HYD_0966,17.37,78.52,14.94242105263158,95,98.95833333333334
2025-06-04,site_5595,"New Malakpet, Hyderabad - TSPCB",HYD_0966,17.37,78.52,12.851578947368422,95,98.95833333333334
2025-06-05,site_5595,"New Malakpet, Hyderabad - TSPCB",HYD_0966,17.37,78.52,13.253368421052633,95,98.95833333333334
2025-06-06,site_5595,"New Malakpet, Hyderabad - TSPCB",HYD_0966,17.37,78.52,12.934526315789473,95,98.95833333333334
2025-06-07,site_5595,"New Malakpet, Hyderabad - TSPCB",HYD_0966,17.37,78.52,12.393541666666666,96,100.0
2025-06-08,site_5595,"New Malakpet, Hyderabad - TSPCB",HYD_0966,17.37,78.52,9.314421052631578,95,98.95833333333334
2025-06-09,site_5595,"New Malakpet, Hyderabad - TSPCB",HYD_0966,17.37,78.52,11.459375,96,100.0
2025-06-10,site_5595,"New Malakpet, Hyderabad - TSPCB",HYD_0966,17.37,78.52,11.644687500000002,96,100.0
2025-06-11,site_5595,"New Malakpet, Hyderabad - TSPCB",HYD_0966,17.37,78.52,11.87242105263158,95,98.95833333333334
2025-06-12,site_5595,"New Malakpet, Hyderabad - TSPCB",HYD_0966,17.37,78.52,12.503333333333332,96,100.0
2025-06-13,site_5595,"New Malakpet, Hyderabad - TSPCB",HYD_0966,17.37,78.52,12.258172043010752,93,96.875
2025-06-14,site_5595,"New Malakpet, Hyderabad - TSPCB",HYD_0966,17.37,78.52,11.054895833333331,96,100.0
2025-06-15,site_5595,"New Malakpet, Hyderabad - TSPCB",HYD_0966,17.37,78.52,9.877291666666666,96,100.0
2025-06-16,site_5595,"New Malakpet, Hyderabad - TSPCB",HYD_0966,17.37,78.52,10.245625,96,100.0
2025-06-17,site_5595,"New Malakpet, Hyderabad - TSPCB",HYD_0966,17.37,78.52,12.029375,96,100.0
2025-06-18,site_5595,"New Malakpet, Hyderabad - TSPCB",HYD_0966,17.37,78.52,,21,21.875
2025-06-19,site_5595,"New Malakpet, Hyderabad - TSPCB",HYD_0966,17.37,78.52,,50,52.083333333333336
2025-06-20,site_5595,"New Malakpet, Hyderabad - TSPCB",HYD_0966,17.37,78.52,11.358,90,93.75
2025-06-21,site_5595,"New Malakpet, Hyderabad - TSPCB",HYD_0966,17.37,78.52,11.133684210526315,95,98.95833333333334
2025-06-22,site_5595,"New Malakpet, Hyderabad - TSPCB",HYD_0966,17.37,78.52,11.2653125,96,100.0
2025-06-23,site_5595,"New Malakpet, Hyderabad - TSPCB",HYD_0966,17.37,78.52,12.2440625,96,100.0
2025-06-24,site_5595,"New Malakpet, Hyderabad - TSPCB",HYD_0966,17.37,78.52,13.032604166666667,96,100.0
2025-06-25,site_5595,"New Malakpet, Hyderabad - TSPCB",HYD_0966,17.37,78.52,11.524270833333333,96,100.0
2025-06-26,site_5595,"New Malakpet, Hyderabad - TSPCB",HYD_0966,17.37,78.52,9.4509375,96,100.0
2025-06-27,site_5595,"New Malakpet, Hyderabad - TSPCB",HYD_0966,17.37,78.52,10.707368421052632,95,98.95833333333334
2025-06-28,site_5595,"New Malakpet, Hyderabad - TSPCB",HYD_0966,17.37,78.52,13.284375,96,100.0
2025-06-29,site_5595,"New Malakpet, Hyderabad - TSPCB",HYD_0966,17.37,78.52,13.1596875,96,100.0
2025-06-30,site_5595,"New Malakpet, Hyderabad - TSPCB",HYD_0966,17.37,78.52,11.137083333333337,96,100.0
2025-07-01,site_5595,"New Malakpet, Hyderabad - TSPCB",HYD_0966,17.37,78.52,12.473541666666668,96,100.0
2025-07-02,site_5595,"New Malakpet, Hyderabad - TSPCB",HYD_0966,17.37,78.52,11.446354166666666,96,100.0
2025-07-03,site_5595,"New Malakpet, Hyderabad - TSPCB",HYD_0966,17.37,78.52,10.629895833333334,96,100.0
2025-07-04,site_5595,"New Malakpet, Hyderabad - TSPCB",HYD_0966,17.37,78.52,11.392127659574466,94,97.91666666666666
2025-07-05,site_5595,"New Malakpet, Hyderabad - TSPCB",HYD_0966,17.37,78.52,11.395340909090908,88,91.66666666666666
2025-07-06,site_5595,"New Malakpet, Hyderabad - TSPCB",HYD_0966,17.37,78.52,11.346458333333333,96,100.0
2025-07-07,site_5595,"New Malakpet, Hyderabad - TSPCB",HYD_0966,17.37,78.52,12.415625,96,100.0
2025-07-08,site_5595,"New Malakpet, Hyderabad - TSPCB",HYD_0966,17.37,78.52,,35,36.45833333333333
2025-07-09,site_5595,"New Malakpet, Hyderabad - TSPCB",HYD_0966,17.37,78.52,11.336385542168674,83,86.45833333333334
2025-07-10,site_5595,"New Malakpet, Hyderabad - TSPCB",HYD_0966,17.37,78.52,12.512083333333337,96,100.0
2025-07-11,site_5595,"New Malakpet, Hyderabad - TSPCB",HYD_0966,17.37,78.52,12.267083333333334,96,100.0
2025-07-12,site_5595,"New Malakpet, Hyderabad - TSPCB",HYD_0966,17.37,78.52,10.969302325581396,86,89.58333333333334
2025-07-13,site_5595,"New Malakpet, Hyderabad - TSPCB",HYD_0966,17.37,78.52,,64,66.66666666666666
2025-07-14,site_5595,"New Malakpet, Hyderabad - TSPCB",HYD_0966,17.37,78.52,10.333473684210526,95,98.95833333333334
2025-07-15,site_5595,"New Malakpet, Hyderabad - TSPCB",HYD_0966,17.37,78.52,,63,65.625
2025-07-16,site_5595,"New Malakpet, Hyderabad - TSPCB",HYD_0966,17.37,78.52,,60,62.5
2025-07-17,site_5595,"New Malakpet, Hyderabad - TSPCB",HYD_0966,17.37,78.52,9.04236559139785,93,96.875
2025-07-18,site_5595,"New Malakpet, Hyderabad - TSPCB",HYD_0966,17.37,78.52,8.927692307692308,91,94.79166666666666
2025-07-19,site_5595,"New Malakpet, Hyderabad - TSPCB",HYD_0966,17.37,78.52,9.616458333333332,96,100.0
2025-07-20,site_5595,"New Malakpet, Hyderabad - TSPCB",HYD_0966,17.37,78.52,11.96125,96,100.0
2025-07-21,site_5595,"New Malakpet, Hyderabad - TSPCB",HYD_0966,17.37,78.52,12.1121875,96,100.0
2025-07-22,site_5595,"New Malakpet, Hyderabad - TSPCB",HYD_0966,17.37,78.52,11.987263157894736,95,98.95833333333334
2025-07-23,site_5595,"New Malakpet, Hyderabad - TSPCB",HYD_0966,17.37,78.52,11.265729166666668,96,100.0
2025-07-24,site_5595,"New Malakpet, Hyderabad - TSPCB",HYD_0966,17.37,78.52,12.661354166666667,96,100.0
2025-07-25,site_5595,"New Malakpet, Hyderabad - TSPCB",HYD_0966,17.37,78.52,12.8021875,96,100.0
2025-07-26,site_5595,"New Malakpet, Hyderabad - TSPCB",HYD_0966,17.37,78.52,10.692386363636365,88,91.66666666666666
2025-07-27,site_5595,"New Malakpet, Hyderabad - TSPCB",HYD_0966,17.37,78.52,11.380416666666669,96,100.0
2025-07-28,site_5595,"New Malakpet, Hyderabad - TSPCB",HYD_0966,17.37,78.52,12.18,93,96.875
2025-07-29,site_5595,"New Malakpet, Hyderabad - TSPCB",HYD_0966,17.37,78.52,11.069583333333334,96,100.0
2025-07-30,site_5595,"New Malakpet, Hyderabad - TSPCB",HYD_0966,17.37,78.52,11.277604166666668,96,100.0
2025-07-31,site_5595,"New Malakpet, Hyderabad - TSPCB",HYD_0966,17.37,78.52,12.625729166666666,96,100.0
2025-08-01,site_5595,"New Malakpet, Hyderabad - TSPCB",HYD_0966,17.37,78.52,12.961145833333331,96,100.0
2025-08-02,site_5595,"New Malakpet, Hyderabad - TSPCB",HYD_0966,17.37,78.52,12.011770833333332,96,100.0
2025-08-03,site_5595,"New Malakpet, Hyderabad - TSPCB",HYD_0966,17.37,78.52,12.285625,96,100.0
2025-08-04,site_5595,"New Malakpet, Hyderabad - TSPCB",HYD_0966,17.37,78.52,12.362291666666666,96,100.0
2025-08-05,site_5595,"New Malakpet, Hyderabad - TSPCB",HYD_0966,17.37,78.52,10.206354166666666,96,100.0
2025-08-06,site_5595,"New Malakpet, Hyderabad - TSPCB",HYD_0966,17.37,78.52,15.970105263157896,95,98.95833333333334
2025-08-07,site_5595,"New Malakpet, Hyderabad - TSPCB",HYD_0966,17.37,78.52,10.858229166666668,96,100.0
2025-08-08,site_5595,"New Malakpet, Hyderabad - TSPCB",HYD_0966,17.37,78.52,11.931145833333334,96,100.0
2025-08-09,site_5595,"New Malakpet, Hyderabad - TSPCB",HYD_0966,17.37,78.52,12.5834375,96,100.0
2025-08-10,site_5595,"New Malakpet, Hyderabad - TSPCB",HYD_0966,17.37,78.52,11.076315789473684,95,98.95833333333334
2025-08-11,site_5595,"New Malakpet, Hyderabad - TSPCB",HYD_0966,17.37,78.52,11.055104166666666,96,100.0
2025-08-12,site_5595,"New Malakpet, Hyderabad - TSPCB",HYD_0966,17.37,78.52,10.65242105263158,95,98.95833333333334
2025-08-13,site_5595,"New Malakpet, Hyderabad - TSPCB",HYD_0966,17.37,78.52,10.810526315789474,95,98.95833333333334
2025-08-14,site_5595,"New Malakpet, Hyderabad - TSPCB",HYD_0966,17.37,78.52,12.160315789473684,95,98.95833333333334
2025-08-15,site_5595,"New Malakpet, Hyderabad - TSPCB",HYD_0966,17.37,78.52,13.513229166666669,96,100.0
2025-08-16,site_5595,"New Malakpet, Hyderabad - TSPCB",HYD_0966,17.37,78.52,12.238020833333332,96,100.0
2025-08-17,site_5595,"New Malakpet, Hyderabad - TSPCB",HYD_0966,17.37,78.52,11.285520833333337,96,100.0
2025-08-18,site_5595,"New Malakpet, Hyderabad - TSPCB",HYD_0966,17.37,78.52,11.447608695652177,92,95.83333333333334
2025-08-19,site_5595,"New Malakpet, Hyderabad - TSPCB",HYD_0966,17.37,78.52,11.996666666666668,96,100.0
2025-08-20,site_5595,"New Malakpet, Hyderabad - TSPCB",HYD_0966,17.37,78.52,13.253176470588237,85,88.54166666666666
2025-08-21,site_5595,"New Malakpet, Hyderabad - TSPCB",HYD_0966,17.37,78.52,13.611979166666666,96,100.0
2025-08-22,site_5595,"New Malakpet, Hyderabad - TSPCB",HYD_0966,17.37,78.52,11.850476190476192,84,87.5
2025-08-23,site_5595,"New Malakpet, Hyderabad - TSPCB",HYD_0966,17.37,78.52,11.546979166666668,96,100.0
2025-08-24,site_5595,"New Malakpet, Hyderabad - TSPCB",HYD_0966,17.37,78.52,13.456041666666666,96,100.0
2025-08-25,site_5595,"New Malakpet, Hyderabad - TSPCB",HYD_0966,17.37,78.52,13.428863636363635,88,91.66666666666666
2025-08-26,site_5595,"New Malakpet, Hyderabad - TSPCB",HYD_0966,17.37,78.52,12.546736842105265,95,98.95833333333334
2025-08-27,site_5595,"New Malakpet, Hyderabad - TSPCB",HYD_0966,17.37,78.52,12.0784375,96,100.0
2025-08-28,site_5595,"New Malakpet, Hyderabad - TSPCB",HYD_0966,17.37,78.52,8.580416666666666,96,100.0
2025-08-29,site_5595,"New Malakpet, Hyderabad - TSPCB",HYD_0966,17.37,78.52,5.157191011235955,89,92.70833333333334
2025-08-30,site_5595,"New Malakpet, Hyderabad - TSPCB",HYD_0966,17.37,78.52,5.181041666666666,96,100.0
2025-08-31,site_5595,"New Malakpet, Hyderabad - TSPCB",HYD_0966,17.37,78.52,4.119375,96,100.0
2025-01-01,site_5602,"Ramachandrapuram, Hyderabad - TSPCB",HYD_0086,17.51,78.3,,20,20.833333333333336
2025-01-02,site_5602,"Ramachandrapuram, Hyderabad - TSPCB",HYD_0086,17.51,78.3,,58,60.41666666666666
2025-01-03,site_5602,"Ramachandrapuram, Hyderabad - TSPCB",HYD_0086,17.51,78.3,,51,53.125
2025-01-04,site_5602,"Ramachandrapuram, Hyderabad - TSPCB",HYD_0086,17.51,78.3,10.917619047619048,84,87.5
2025-01-05,site_5602,"Ramachandrapuram, Hyderabad - TSPCB",HYD_0086,17.51,78.3,8.863263157894737,95,98.95833333333334
2025-01-06,site_5602,"Ramachandrapuram, Hyderabad - TSPCB",HYD_0086,17.51,78.3,9.676702127659574,94,97.91666666666666
2025-01-07,site_5602,"Ramachandrapuram, Hyderabad - TSPCB",HYD_0086,17.51,78.3,,40,41.66666666666667
2025-01-08,site_5602,"Ramachandrapuram, Hyderabad - TSPCB",HYD_0086,17.51,78.3,,50,52.083333333333336
2025-01-09,site_5602,"Ramachandrapuram, Hyderabad - TSPCB",HYD_0086,17.51,78.3,,67,69.79166666666666
2025-01-10,site_5602,"Ramachandrapuram, Hyderabad - TSPCB",HYD_0086,17.51,78.3,8.231333333333334,90,93.75
2025-01-11,site_5602,"Ramachandrapuram, Hyderabad - TSPCB",HYD_0086,17.51,78.3,,20,20.833333333333336
2025-01-12,site_5602,"Ramachandrapuram, Hyderabad - TSPCB",HYD_0086,17.51,78.3,,66,68.75
2025-01-13,site_5602,"Ramachandrapuram, Hyderabad - TSPCB",HYD_0086,17.51,78.3,,45,46.875
2025-01-14,site_5602,"Ramachandrapuram, Hyderabad - TSPCB",HYD_0086,17.51,78.3,,0,0.0
2025-01-15,site_5602,"Ramachandrapuram, Hyderabad - TSPCB",HYD_0086,17.51,78.3,,0,0.0
2025-01-16,site_5602,"Ramachandrapuram, Hyderabad - TSPCB",HYD_0086,17.51,78.3,,40,41.66666666666667
2025-01-17,site_5602,"Ramachandrapuram, Hyderabad - TSPCB",HYD_0086,17.51,78.3,10.458172043010752,93,96.875
2025-01-18,site_5602,"Ramachandrapuram, Hyderabad - TSPCB",HYD_0086,17.51,78.3,,58,60.41666666666666
2025-01-19,site_5602,"Ramachandrapuram, Hyderabad - TSPCB",HYD_0086,17.51,78.3,,28,29.166666666666668
2025-01-20,site_5602,"Ramachandrapuram, Hyderabad - TSPCB",HYD_0086,17.51,78.3,,52,54.16666666666666
2025-01-21,site_5602,"Ramachandrapuram, Hyderabad - TSPCB",HYD_0086,17.51,78.3,,45,46.875
2025-01-22,site_5602,"Ramachandrapuram, Hyderabad - TSPCB",HYD_0086,17.51,78.3,,24,25.0
2025-01-23,site_5602,"Ramachandrapuram, Hyderabad - TSPCB",HYD_0086,17.51,78.3,5.840315789473685,95,98.95833333333334
2025-01-24,site_5602,"Ramachandrapuram, Hyderabad - TSPCB",HYD_0086,17.51,78.3,,68,70.83333333333334
2025-01-25,site_5602,"Ramachandrapuram, Hyderabad - TSPCB",HYD_0086,17.51,78.3,,43,44.79166666666667
2025-01-26,site_5602,"Ramachandrapuram, Hyderabad - TSPCB",HYD_0086,17.51,78.3,8.129255319148935,94,97.91666666666666
2025-01-27,site_5602,"Ramachandrapuram, Hyderabad - TSPCB",HYD_0086,17.51,78.3,,66,68.75
2025-01-28,site_5602,"Ramachandrapuram, Hyderabad - TSPCB",HYD_0086,17.51,78.3,,18,18.75
2025-01-29,site_5602,"Ramachandrapuram, Hyderabad - TSPCB",HYD_0086,17.51,78.3,,23,23.958333333333336
2025-01-30,site_5602,"Ramachandrapuram, Hyderabad - TSPCB",HYD_0086,17.51,78.3,,57,59.375
2025-01-31,site_5602,"Ramachandrapuram, Hyderabad - TSPCB",HYD_0086,17.51,78.3,11.707638888888887,72,75.0
2025-02-01,site_5602,"Ramachandrapuram, Hyderabad - TSPCB",HYD_0086,17.51,78.3,11.724842105263155,95,98.95833333333334
2025-02-02,site_5602,"Ramachandrapuram, Hyderabad - TSPCB",HYD_0086,17.51,78.3,,53,55.208333333333336
2025-02-03,site_5602,"Ramachandrapuram, Hyderabad - TSPCB",HYD_0086,17.51,78.3,,57,59.375
2025-02-04,site_5602,"Ramachandrapuram, Hyderabad - TSPCB",HYD_0086,17.51,78.3,,54,56.25
2025-02-05,site_5602,"Ramachandrapuram, Hyderabad - TSPCB",HYD_0086,17.51,78.3,15.182736842105262,95,98.95833333333334
2025-02-06,site_5602,"Ramachandrapuram, Hyderabad - TSPCB",HYD_0086,17.51,78.3,12.554625,80,83.33333333333334
2025-02-07,site_5602,"Ramachandrapuram, Hyderabad - TSPCB",HYD_0086,17.51,78.3,12.657684210526316,95,98.95833333333334
2025-02-08,site_5602,"Ramachandrapuram, Hyderabad - TSPCB",HYD_0086,17.51,78.3,,56,58.333333333333336
2025-02-09,site_5602,"Ramachandrapuram, Hyderabad - TSPCB",HYD_0086,17.51,78.3,,23,23.958333333333336
2025-02-10,site_5602,"Ramachandrapuram, Hyderabad - TSPCB",HYD_0086,17.51,78.3,11.403263157894736,95,98.95833333333334
2025-02-11,site_5602,"Ramachandrapuram, Hyderabad - TSPCB",HYD_0086,17.51,78.3,12.455894736842104,95,98.95833333333334
2025-02-12,site_5602,"Ramachandrapuram, Hyderabad - TSPCB",HYD_0086,17.51,78.3,,42,43.75
2025-02-13,site_5602,"Ramachandrapuram, Hyderabad - TSPCB",HYD_0086,17.51,78.3,,60,62.5
2025-02-14,site_5602,"Ramachandrapuram, Hyderabad - TSPCB",HYD_0086,17.51,78.3,11.06043010752688,93,96.875
2025-02-15,site_5602,"Ramachandrapuram, Hyderabad - TSPCB",HYD_0086,17.51,78.3,10.956666666666669,93,96.875
2025-02-16,site_5602,"Ramachandrapuram, Hyderabad - TSPCB",HYD_0086,17.51,78.3,11.379891304347826,92,95.83333333333334
2025-02-17,site_5602,"Ramachandrapuram, Hyderabad - TSPCB",HYD_0086,17.51,78.3,11.093723404255318,94,97.91666666666666
2025-02-18,site_5602,"Ramachandrapuram, Hyderabad - TSPCB",HYD_0086,17.51,78.3,,70,72.91666666666666
2025-02-19,site_5602,"Ramachandrapuram, Hyderabad - TSPCB",HYD_0086,17.51,78.3,,48,50.0
2025-02-20,site_5602,"Ramachandrapuram, Hyderabad - TSPCB",HYD_0086,17.51,78.3,9.784468085106385,94,97.91666666666666
2025-02-21,site_5602,"Ramachandrapuram, Hyderabad - TSPCB",HYD_0086,17.51,78.3,8.493978494623656,93,96.875
2025-02-22,site_5602,"Ramachandrapuram, Hyderabad - TSPCB",HYD_0086,17.51,78.3,10.819895833333334,96,100.0
2025-02-23,site_5602,"Ramachandrapuram, Hyderabad - TSPCB",HYD_0086,17.51,78.3,12.322083333333332,96,100.0
2025-02-24,site_5602,"Ramachandrapuram, Hyderabad - TSPCB",HYD_0086,17.51,78.3,8.929213483146068,89,92.70833333333334
2025-02-25,site_5602,"Ramachandrapuram, Hyderabad - TSPCB",HYD_0086,17.51,78.3,9.687553191489362,94,97.91666666666666
2025-02-26,site_5602,"Ramachandrapuram, Hyderabad - TSPCB",HYD_0086,17.51,78.3,,53,55.208333333333336
2025-02-27,site_5602,"Ramachandrapuram, Hyderabad - TSPCB",HYD_0086,17.51,78.3,,0,0.0
2025-02-28,site_5602,"Ramachandrapuram, Hyderabad - TSPCB",HYD_0086,17.51,78.3,10.953829787234044,94,97.91666666666666
2025-03-01,site_5602,"Ramachandrapuram, Hyderabad - TSPCB",HYD_0086,17.51,78.3,10.113118279569893,93,96.875
2025-03-02,site_5602,"Ramachandrapuram, Hyderabad - TSPCB",HYD_0086,17.51,78.3,10.750947368421054,95,98.95833333333334
2025-03-03,site_5602,"Ramachandrapuram, Hyderabad - TSPCB",HYD_0086,17.51,78.3,13.189444444444444,90,93.75
2025-03-04,site_5602,"Ramachandrapuram, Hyderabad - TSPCB",HYD_0086,17.51,78.3,11.134315789473684,95,98.95833333333334
2025-03-05,site_5602,"Ramachandrapuram, Hyderabad - TSPCB",HYD_0086,17.51,78.3,,48,50.0
2025-03-06,site_5602,"Ramachandrapuram, Hyderabad - TSPCB",HYD_0086,17.51,78.3,,59,61.458333333333336
2025-03-07,site_5602,"Ramachandrapuram, Hyderabad - TSPCB",HYD_0086,17.51,78.3,,60,62.5
2025-03-08,site_5602,"Ramachandrapuram, Hyderabad - TSPCB",HYD_0086,17.51,78.3,,54,56.25
2025-03-09,site_5602,"Ramachandrapuram, Hyderabad - TSPCB",HYD_0086,17.51,78.3,,12,12.5
2025-03-10,site_5602,"Ramachandrapuram, Hyderabad - TSPCB",HYD_0086,17.51,78.3,7.899148936170213,94,97.91666666666666
2025-03-11,site_5602,"Ramachandrapuram, Hyderabad - TSPCB",HYD_0086,17.51,78.3,8.893894736842105,95,98.95833333333334
2025-03-12,site_5602,"Ramachandrapuram, Hyderabad - TSPCB",HYD_0086,17.51,78.3,11.388387096774192,93,96.875
2025-03-13,site_5602,"Ramachandrapuram, Hyderabad - TSPCB",HYD_0086,17.51,78.3,,68,70.83333333333334
2025-03-14,site_5602,"Ramachandrapuram, Hyderabad - TSPCB",HYD_0086,17.51,78.3,,12,12.5
2025-03-15,site_5602,"Ramachandrapuram, Hyderabad - TSPCB",HYD_0086,17.51,78.3,,0,0.0
2025-03-16,site_5602,"Ramachandrapuram, Hyderabad - TSPCB",HYD_0086,17.51,78.3,,0,0.0
2025-03-17,site_5602,"Ramachandrapuram, Hyderabad - TSPCB",HYD_0086,17.51,78.3,,0,0.0
2025-03-18,site_5602,"Ramachandrapuram, Hyderabad - TSPCB",HYD_0086,17.51,78.3,,0,0.0
2025-03-19,site_5602,"Ramachandrapuram, Hyderabad - TSPCB",HYD_0086,17.51,78.3,,0,0.0
2025-03-20,site_5602,"Ramachandrapuram, Hyderabad - TSPCB",HYD_0086,17.51,78.3,,0,0.0
2025-03-21,site_5602,"Ramachandrapuram, Hyderabad - TSPCB",HYD_0086,17.51,78.3,,0,0.0
2025-03-22,site_5602,"Ramachandrapuram, Hyderabad - TSPCB",HYD_0086,17.51,78.3,,0,0.0
2025-03-23,site_5602,"Ramachandrapuram, Hyderabad - TSPCB",HYD_0086,17.51,78.3,,0,0.0
2025-03-24,site_5602,"Ramachandrapuram, Hyderabad - TSPCB",HYD_0086,17.51,78.3,,0,0.0
2025-03-25,site_5602,"Ramachandrapuram, Hyderabad - TSPCB",HYD_0086,17.51,78.3,,0,0.0
2025-03-26,site_5602,"Ramachandrapuram, Hyderabad - TSPCB",HYD_0086,17.51,78.3,,0,0.0
2025-03-27,site_5602,"Ramachandrapuram, Hyderabad - TSPCB",HYD_0086,17.51,78.3,,55,57.29166666666666
2025-03-28,site_5602,"Ramachandrapuram, Hyderabad - TSPCB",HYD_0086,17.51,78.3,10.727708333333332,96,100.0
2025-03-29,site_5602,"Ramachandrapuram, Hyderabad - TSPCB",HYD_0086,17.51,78.3,10.272555555555556,90,93.75
2025-03-30,site_5602,"Ramachandrapuram, Hyderabad - TSPCB",HYD_0086,17.51,78.3,,0,0.0
2025-03-31,site_5602,"Ramachandrapuram, Hyderabad - TSPCB",HYD_0086,17.51,78.3,,25,26.041666666666668
2025-04-01,site_5602,"Ramachandrapuram, Hyderabad - TSPCB",HYD_0086,17.51,78.3,9.31978947368421,95,98.95833333333334
2025-04-02,site_5602,"Ramachandrapuram, Hyderabad - TSPCB",HYD_0086,17.51,78.3,9.776842105263157,95,98.95833333333334
2025-04-03,site_5602,"Ramachandrapuram, Hyderabad - TSPCB",HYD_0086,17.51,78.3,10.916770833333333,96,100.0
2025-04-04,site_5602,"Ramachandrapuram, Hyderabad - TSPCB",HYD_0086,17.51,78.3,,62,64.58333333333334
2025-04-05,site_5602,"Ramachandrapuram, Hyderabad - TSPCB",HYD_0086,17.51,78.3,,41,42.70833333333333
2025-04-06,site_5602,"Ramachandrapuram, Hyderabad - TSPCB",HYD_0086,17.51,78.3,11.914675324675324,77,80.20833333333334
2025-04-07,site_5602,"Ramachandrapuram, Hyderabad - TSPCB",HYD_0086,17.51,78.3,,57,59.375
2025-04-08,site_5602,"Ramachandrapuram, Hyderabad - TSPCB",HYD_0086,17.51,78.3,11.942,95,98.95833333333334
2025-04-09,site_5602,"Ramachandrapuram, Hyderabad - TSPCB",HYD_0086,17.51,78.3,,61,63.54166666666666
2025-04-10,site_5602,"Ramachandrapuram, Hyderabad - TSPCB",HYD_0086,17.51,78.3,10.866777777777775,90,93.75
2025-04-11,site_5602,"Ramachandrapuram, Hyderabad - TSPCB",HYD_0086,17.51,78.3,12.081874999999998,96,100.0
2025-04-12,site_5602,"Ramachandrapuram, Hyderabad - TSPCB",HYD_0086,17.51,78.3,12.530208333333334,96,100.0
2025-04-13,site_5602,"Ramachandrapuram, Hyderabad - TSPCB",HYD_0086,17.51,78.3,12.053958333333334,96,100.0
2025-04-14,site_5602,"Ramachandrapuram, Hyderabad - TSPCB",HYD_0086,17.51,78.3,,57,59.375
2025-04-15,site_5602,"Ramachandrapuram, Hyderabad - TSPCB",HYD_0086,17.51,78.3,,59,61.458333333333336
2025-04-16,site_5602,"Ramachandrapuram, Hyderabad - TSPCB",HYD_0086,17.51,78.3,11.175520833333332,96,100.0
2025-04-17,site_5602,"Ramachandrapuram, Hyderabad - TSPCB",HYD_0086,17.51,78.3,10.082631578947368,76,79.16666666666666
2025-04-18,site_5602,"Ramachandrapuram, Hyderabad - TSPCB",HYD_0086,17.51,78.3,,62,64.58333333333334
2025-04-19,site_5602,"Ramachandrapuram, Hyderabad - TSPCB",HYD_0086,17.51,78.3,10.652708333333331,96,100.0
2025-04-20,site_5602,"Ramachandrapuram, Hyderabad - TSPCB",HYD_0086,17.51,78.3,11.292916666666663,96,100.0
2025-04-21,site_5602,"Ramachandrapuram, Hyderabad - TSPCB",HYD_0086,17.51,78.3,12.084583333333333,96,100.0
2025-04-22,site_5602,"Ramachandrapuram, Hyderabad - TSPCB",HYD_0086,17.51,78.3,12.534794520547944,73,76.04166666666666
2025-04-23,site_5602,"Ramachandrapuram, Hyderabad - TSPCB",HYD_0086,17.51,78.3,,64,66.66666666666666
2025-04-24,site_5602,"Ramachandrapuram, Hyderabad - TSPCB",HYD_0086,17.51,78.3,11.141666666666666,96,100.0
2025-04-25,site_5602,"Ramachandrapuram, Hyderabad - TSPCB",HYD_0086,17.51,78.3,12.688125,96,100.0
2025-04-26,site_5602,"Ramachandrapuram, Hyderabad - TSPCB",HYD_0086,17.51,78.3,,69,71.875
2025-04-27,site_5602,"Ramachandrapuram, Hyderabad - TSPCB",HYD_0086,17.51,78.3,,4,4.166666666666666
2025-04-28,site_5602,"Ramachandrapuram, Hyderabad - TSPCB",HYD_0086,17.51,78.3,,61,63.54166666666666
2025-04-29,site_5602,"Ramachandrapuram, Hyderabad - TSPCB",HYD_0086,17.51,78.3,12.489166666666668,96,100.0
2025-04-30,site_5602,"Ramachandrapuram, Hyderabad - TSPCB",HYD_0086,17.51,78.3,11.7175,96,100.0
2025-05-01,site_5602,"Ramachandrapuram, Hyderabad - TSPCB",HYD_0086,17.51,78.3,,15,15.625
2025-05-02,site_5602,"Ramachandrapuram, Hyderabad - TSPCB",HYD_0086,17.51,78.3,,60,62.5
2025-05-03,site_5602,"Ramachandrapuram, Hyderabad - TSPCB",HYD_0086,17.51,78.3,13.550434782608695,92,95.83333333333334
2025-05-04,site_5602,"Ramachandrapuram, Hyderabad - TSPCB",HYD_0086,17.51,78.3,,0,0.0
2025-05-05,site_5602,"Ramachandrapuram, Hyderabad - TSPCB",HYD_0086,17.51,78.3,,59,61.458333333333336
2025-05-06,site_5602,"Ramachandrapuram, Hyderabad - TSPCB",HYD_0086,17.51,78.3,,66,68.75
2025-05-07,site_5602,"Ramachandrapuram, Hyderabad - TSPCB",HYD_0086,17.51,78.3,,60,62.5
2025-05-08,site_5602,"Ramachandrapuram, Hyderabad - TSPCB",HYD_0086,17.51,78.3,12.86686746987952,83,86.45833333333334
2025-05-09,site_5602,"Ramachandrapuram, Hyderabad - TSPCB",HYD_0086,17.51,78.3,12.973229166666668,96,100.0
2025-05-10,site_5602,"Ramachandrapuram, Hyderabad - TSPCB",HYD_0086,17.51,78.3,13.710631578947368,95,98.95833333333334
2025-05-11,site_5602,"Ramachandrapuram, Hyderabad - TSPCB",HYD_0086,17.51,78.3,,46,47.91666666666667
2025-05-12,site_5602,"Ramachandrapuram, Hyderabad - TSPCB",HYD_0086,17.51,78.3,12.6125,96,100.0
2025-05-13,site_5602,"Ramachandrapuram, Hyderabad - TSPCB",HYD_0086,17.51,78.3,11.9540625,96,100.0
2025-05-14,site_5602,"Ramachandrapuram, Hyderabad - TSPCB",HYD_0086,17.51,78.3,,71,73.95833333333334
2025-05-15,site_5602,"Ramachandrapuram, Hyderabad - TSPCB",HYD_0086,17.51,78.3,,60,62.5
2025-05-16,site_5602,"Ramachandrapuram, Hyderabad - TSPCB",HYD_0086,17.51,78.3,11.730208333333332,96,100.0
2025-05-17,site_5602,"Ramachandrapuram, Hyderabad - TSPCB",HYD_0086,17.51,78.3,12.907441860465116,86,89.58333333333334
2025-05-18,site_5602,"Ramachandrapuram, Hyderabad - TSPCB",HYD_0086,17.51,78.3,12.3575,96,100.0
2025-05-19,site_5602,"Ramachandrapuram, Hyderabad - TSPCB",HYD_0086,17.51,78.3,11.565625,96,100.0
2025-05-20,site_5602,"Ramachandrapuram, Hyderabad - TSPCB",HYD_0086,17.51,78.3,11.787916666666668,96,100.0
2025-05-21,site_5602,"Ramachandrapuram, Hyderabad - TSPCB",HYD_0086,17.51,78.3,13.138541666666669,96,100.0
2025-05-22,site_5602,"Ramachandrapuram, Hyderabad - TSPCB",HYD_0086,17.51,78.3,14.078541666666666,96,100.0
2025-05-23,site_5602,"Ramachandrapuram, Hyderabad - TSPCB",HYD_0086,17.51,78.3,11.8309375,96,100.0
2025-05-24,site_5602,"Ramachandrapuram, Hyderabad - TSPCB",HYD_0086,17.51,78.3,11.496666666666668,96,100.0
2025-05-25,site_5602,"Ramachandrapuram, Hyderabad - TSPCB",HYD_0086,17.51,78.3,,35,36.45833333333333
2025-05-26,site_5602,"Ramachandrapuram, Hyderabad - TSPCB",HYD_0086,17.51,78.3,,51,53.125
2025-05-27,site_5602,"Ramachandrapuram, Hyderabad - TSPCB",HYD_0086,17.51,78.3,12.321518987341772,79,82.29166666666666
2025-05-28,site_5602,"Ramachandrapuram, Hyderabad - TSPCB",HYD_0086,17.51,78.3,,57,59.375
2025-05-29,site_5602,"Ramachandrapuram, Hyderabad - TSPCB",HYD_0086,17.51,78.3,15.491666666666667,96,100.0
2025-05-30,site_5602,"Ramachandrapuram, Hyderabad - TSPCB",HYD_0086,17.51,78.3,,64,66.66666666666666
2025-05-31,site_5602,"Ramachandrapuram, Hyderabad - TSPCB",HYD_0086,17.51,78.3,14.34375,96,100.0
2025-06-01,site_5602,"Ramachandrapuram, Hyderabad - TSPCB",HYD_0086,17.51,78.3,,35,36.45833333333333
2025-06-02,site_5602,"Ramachandrapuram, Hyderabad - TSPCB",HYD_0086,17.51,78.3,,57,59.375
2025-06-03,site_5602,"Ramachandrapuram, Hyderabad - TSPCB",HYD_0086,17.51,78.3,14.455729166666666,96,100.0
2025-06-04,site_5602,"Ramachandrapuram, Hyderabad - TSPCB",HYD_0086,17.51,78.3,12.872948717948718,78,81.25
2025-06-05,site_5602,"Ramachandrapuram, Hyderabad - TSPCB",HYD_0086,17.51,78.3,,38,39.58333333333333
2025-06-06,site_5602,"Ramachandrapuram, Hyderabad - TSPCB",HYD_0086,17.51,78.3,,61,63.54166666666666
2025-06-07,site_5602,"Ramachandrapuram, Hyderabad - TSPCB",HYD_0086,17.51,78.3,12.817916666666669,96,100.0
2025-06-08,site_5602,"Ramachandrapuram, Hyderabad - TSPCB",HYD_0086,17.51,78.3,12.372291666666667,96,100.0
2025-06-09,site_5602,"Ramachandrapuram, Hyderabad - TSPCB",HYD_0086,17.51,78.3,11.042083333333332,96,100.0
2025-06-10,site_5602,"Ramachandrapuram, Hyderabad - TSPCB",HYD_0086,17.51,78.3,11.4131914893617,94,97.91666666666666
2025-06-11,site_5602,"Ramachandrapuram, Hyderabad - TSPCB",HYD_0086,17.51,78.3,,64,66.66666666666666
2025-06-12,site_5602,"Ramachandrapuram, Hyderabad - TSPCB",HYD_0086,17.51,78.3,,62,64.58333333333334
2025-06-13,site_5602,"Ramachandrapuram, Hyderabad - TSPCB",HYD_0086,17.51,78.3,16.40483870967742,93,96.875
2025-06-14,site_5602,"Ramachandrapuram, Hyderabad - TSPCB",HYD_0086,17.51,78.3,,61,63.54166666666666
2025-06-15,site_5602,"Ramachandrapuram, Hyderabad - TSPCB",HYD_0086,17.51,78.3,12.69375,96,100.0
2025-06-16,site_5602,"Ramachandrapuram, Hyderabad - TSPCB",HYD_0086,17.51,78.3,,71,73.95833333333334
2025-06-17,site_5602,"Ramachandrapuram, Hyderabad - TSPCB",HYD_0086,17.51,78.3,,56,58.333333333333336
2025-06-18,site_5602,"Ramachandrapuram, Hyderabad - TSPCB",HYD_0086,17.51,78.3,13.66625,96,100.0
2025-06-19,site_5602,"Ramachandrapuram, Hyderabad - TSPCB",HYD_0086,17.51,78.3,14.072083333333332,96,100.0
2025-06-20,site_5602,"Ramachandrapuram, Hyderabad - TSPCB",HYD_0086,17.51,78.3,,67,69.79166666666666
2025-06-21,site_5602,"Ramachandrapuram, Hyderabad - TSPCB",HYD_0086,17.51,78.3,,8,8.333333333333332
2025-06-22,site_5602,"Ramachandrapuram, Hyderabad - TSPCB",HYD_0086,17.51,78.3,,53,55.208333333333336
2025-06-23,site_5602,"Ramachandrapuram, Hyderabad - TSPCB",HYD_0086,17.51,78.3,11.959101123595504,89,92.70833333333334
2025-06-24,site_5602,"Ramachandrapuram, Hyderabad - TSPCB",HYD_0086,17.51,78.3,9.630729166666669,96,100.0
2025-06-25,site_5602,"Ramachandrapuram, Hyderabad - TSPCB",HYD_0086,17.51,78.3,11.334842105263156,95,98.95833333333334
2025-06-26,site_5602,"Ramachandrapuram, Hyderabad - TSPCB",HYD_0086,17.51,78.3,14.641157894736844,95,98.95833333333334
2025-06-27,site_5602,"Ramachandrapuram, Hyderabad - TSPCB",HYD_0086,17.51,78.3,,68,70.83333333333334
2025-06-28,site_5602,"Ramachandrapuram, Hyderabad - TSPCB",HYD_0086,17.51,78.3,,52,54.16666666666666
2025-06-29,site_5602,"Ramachandrapuram, Hyderabad - TSPCB",HYD_0086,17.51,78.3,,58,60.41666666666666
2025-06-30,site_5602,"Ramachandrapuram, Hyderabad - TSPCB",HYD_0086,17.51,78.3,,40,41.66666666666667
2025-07-01,site_5602,"Ramachandrapuram, Hyderabad - TSPCB",HYD_0086,17.51,78.3,,58,60.41666666666666
2025-07-02,site_5602,"Ramachandrapuram, Hyderabad - TSPCB",HYD_0086,17.51,78.3,12.02867469879518,83,86.45833333333334
2025-07-03,site_5602,"Ramachandrapuram, Hyderabad - TSPCB",HYD_0086,17.51,78.3,,59,61.458333333333336
2025-07-04,site_5602,"Ramachandrapuram, Hyderabad - TSPCB",HYD_0086,17.51,78.3,16.397872340425533,94,97.91666666666666
2025-07-05,site_5602,"Ramachandrapuram, Hyderabad - TSPCB",HYD_0086,17.51,78.3,16.451071428571428,84,87.5
2025-07-06,site_5602,"Ramachandrapuram, Hyderabad - TSPCB",HYD_0086,17.51,78.3,,33,34.375
2025-07-07,site_5602,"Ramachandrapuram, Hyderabad - TSPCB",HYD_0086,17.51,78.3,,57,59.375
2025-07-08,site_5602,"Ramachandrapuram, Hyderabad - TSPCB",HYD_0086,17.51,78.3,13.806979166666666,96,100.0
2025-07-09,site_5602,"Ramachandrapuram, Hyderabad - TSPCB",HYD_0086,17.51,78.3,12.95625,96,100.0
2025-07-10,site_5602,"Ramachandrapuram, Hyderabad - TSPCB",HYD_0086,17.51,78.3,12.814583333333331,96,100.0
2025-07-11,site_5602,"Ramachandrapuram, Hyderabad - TSPCB",HYD_0086,17.51,78.3,13.106875,96,100.0
2025-07-12,site_5602,"Ramachandrapuram, Hyderabad - TSPCB",HYD_0086,17.51,78.3,11.7475,96,100.0
2025-07-13,site_5602,"Ramachandrapuram, Hyderabad - TSPCB",HYD_0086,17.51,78.3,10.686458333333334,96,100.0
2025-07-14,site_5602,"Ramachandrapuram, Hyderabad - TSPCB",HYD_0086,17.51,78.3,,68,70.83333333333334
2025-07-15,site_5602,"Ramachandrapuram, Hyderabad - TSPCB",HYD_0086,17.51,78.3,,59,61.458333333333336
2025-07-16,site_5602,"Ramachandrapuram, Hyderabad - TSPCB",HYD_0086,17.51,78.3,10.7453125,96,100.0
2025-07-17,site_5602,"Ramachandrapuram, Hyderabad - TSPCB",HYD_0086,17.51,78.3,8.078541666666666,96,100.0
2025-07-18,site_5602,"Ramachandrapuram, Hyderabad - TSPCB",HYD_0086,17.51,78.3,10.676947368421052,95,98.95833333333334
2025-07-19,site_5602,"Ramachandrapuram, Hyderabad - TSPCB",HYD_0086,17.51,78.3,15.055,96,100.0
2025-07-20,site_5602,"Ramachandrapuram, Hyderabad - TSPCB",HYD_0086,17.51,78.3,16.293020833333333,96,100.0
2025-07-21,site_5602,"Ramachandrapuram, Hyderabad - TSPCB",HYD_0086,17.51,78.3,,41,42.70833333333333
2025-07-22,site_5602,"Ramachandrapuram, Hyderabad - TSPCB",HYD_0086,17.51,78.3,13.1540625,96,100.0
2025-07-23,site_5602,"Ramachandrapuram, Hyderabad - TSPCB",HYD_0086,17.51,78.3,13.454574468085106,94,97.91666666666666
2025-07-24,site_5602,"Ramachandrapuram, Hyderabad - TSPCB",HYD_0086,17.51,78.3,,62,64.58333333333334
2025-07-25,site_5602,"Ramachandrapuram, Hyderabad - TSPCB",HYD_0086,17.51,78.3,12.082916666666668,96,100.0
2025-07-26,site_5602,"Ramachandrapuram, Hyderabad - TSPCB",HYD_0086,17.51,78.3,13.053645833333334,96,100.0
2025-07-27,site_5602,"Ramachandrapuram, Hyderabad - TSPCB",HYD_0086,17.51,78.3,,49,51.04166666666666
2025-07-28,site_5602,"Ramachandrapuram, Hyderabad - TSPCB",HYD_0086,17.51,78.3,,37,38.54166666666667
2025-07-29,site_5602,"Ramachandrapuram, Hyderabad - TSPCB",HYD_0086,17.51,78.3,,65,67.70833333333334
2025-07-30,site_5602,"Ramachandrapuram, Hyderabad - TSPCB",HYD_0086,17.51,78.3,11.656875,96,100.0
2025-07-31,site_5602,"Ramachandrapuram, Hyderabad - TSPCB",HYD_0086,17.51,78.3,13.2321875,96,100.0
2025-08-01,site_5602,"Ramachandrapuram, Hyderabad - TSPCB",HYD_0086,17.51,78.3,,71,73.95833333333334
2025-08-02,site_5602,"Ramachandrapuram, Hyderabad - TSPCB",HYD_0086,17.51,78.3,,59,61.458333333333336
2025-08-03,site_5602,"Ramachandrapuram, Hyderabad - TSPCB",HYD_0086,17.51,78.3,10.0934375,96,100.0
2025-08-04,site_5602,"Ramachandrapuram, Hyderabad - TSPCB",HYD_0086,17.51,78.3,,60,62.5
2025-08-05,site_5602,"Ramachandrapuram, Hyderabad - TSPCB",HYD_0086,17.51,78.3,13.61367816091954,87,90.625
2025-08-06,site_5602,"Ramachandrapuram, Hyderabad - TSPCB",HYD_0086,17.51,78.3,,56,58.333333333333336
2025-08-07,site_5602,"Ramachandrapuram, Hyderabad - TSPCB",HYD_0086,17.51,78.3,13.919880952380952,84,87.5
2025-08-08,site_5602,"Ramachandrapuram, Hyderabad - TSPCB",HYD_0086,17.51,78.3,11.417812499999998,96,100.0
2025-08-09,site_5602,"Ramachandrapuram, Hyderabad - TSPCB",HYD_0086,17.51,78.3,11.356145833333334,96,100.0
2025-08-10,site_5602,"Ramachandrapuram, Hyderabad - TSPCB",HYD_0086,17.51,78.3,,30,31.25
2025-08-11,site_5602,"Ramachandrapuram, Hyderabad - TSPCB",HYD_0086,17.51,78.3,,42,43.75
2025-08-12,site_5602,"Ramachandrapuram, Hyderabad - TSPCB",HYD_0086,17.51,78.3,13.134361702127658,94,97.91666666666666
2025-08-13,site_5602,"Ramachandrapuram, Hyderabad - TSPCB",HYD_0086,17.51,78.3,14.425368421052632,95,98.95833333333334
2025-08-14,site_5602,"Ramachandrapuram, Hyderabad - TSPCB",HYD_0086,17.51,78.3,15.68778947368421,95,98.95833333333334
2025-08-15,site_5602,"Ramachandrapuram, Hyderabad - TSPCB",HYD_0086,17.51,78.3,14.643950617283952,81,84.375
2025-08-16,site_5602,"Ramachandrapuram, Hyderabad - TSPCB",HYD_0086,17.51,78.3,,63,65.625
2025-08-17,site_5602,"Ramachandrapuram, Hyderabad - TSPCB",HYD_0086,17.51,78.3,,24,25.0
2025-08-18,site_5602,"Ramachandrapuram, Hyderabad - TSPCB",HYD_0086,17.51,78.3,,61,63.54166666666666
2025-08-19,site_5602,"Ramachandrapuram, Hyderabad - TSPCB",HYD_0086,17.51,78.3,14.711145833333331,96,100.0
2025-08-20,site_5602,"Ramachandrapuram, Hyderabad - TSPCB",HYD_0086,17.51,78.3,,66,68.75
2025-08-21,site_5602,"Ramachandrapuram, Hyderabad - TSPCB",HYD_0086,17.51,78.3,12.8353125,96,100.0
2025-08-22,site_5602,"Ramachandrapuram, Hyderabad - TSPCB",HYD_0086,17.51,78.3,,68,70.83333333333334
2025-08-23,site_5602,"Ramachandrapuram, Hyderabad - TSPCB",HYD_0086,17.51,78.3,,56,58.333333333333336
2025-08-24,site_5602,"Ramachandrapuram, Hyderabad - TSPCB",HYD_0086,17.51,78.3,13.806875,96,100.0
2025-08-25,site_5602,"Ramachandrapuram, Hyderabad - TSPCB",HYD_0086,17.51,78.3,11.672315789473682,95,98.95833333333334
2025-08-26,site_5602,"Ramachandrapuram, Hyderabad - TSPCB",HYD_0086,17.51,78.3,11.174666666666669,90,93.75
2025-08-27,site_5602,"Ramachandrapuram, Hyderabad - TSPCB",HYD_0086,17.51,78.3,12.123645833333333,96,100.0
2025-08-28,site_5602,"Ramachandrapuram, Hyderabad - TSPCB",HYD_0086,17.51,78.3,12.909479166666666,96,100.0
2025-08-29,site_5602,"Ramachandrapuram, Hyderabad - TSPCB",HYD_0086,17.51,78.3,11.876666666666669,96,100.0
2025-08-30,site_5602,"Ramachandrapuram, Hyderabad - TSPCB",HYD_0086,17.51,78.3,10.15277777777778,72,75.0
2025-08-31,site_5602,"Ramachandrapuram, Hyderabad - TSPCB",HYD_0086,17.51,78.3,,0,0.0
2025-01-01,site_294,"Sanathnagar, Hyderabad - TSPCB",HYD_0554,17.46,78.44,21.41467391304348,92,95.83333333333334
2025-01-02,site_294,"Sanathnagar, Hyderabad - TSPCB",HYD_0554,17.46,78.44,21.342391304347824,92,95.83333333333334
2025-01-03,site_294,"Sanathnagar, Hyderabad - TSPCB",HYD_0554,17.46,78.44,21.379891304347822,92,95.83333333333334
2025-01-04,site_294,"Sanathnagar, Hyderabad - TSPCB",HYD_0554,17.46,78.44,21.144021739130437,92,95.83333333333334
2025-01-05,site_294,"Sanathnagar, Hyderabad - TSPCB",HYD_0554,17.46,78.44,21.5505376344086,93,96.875
2025-01-06,site_294,"Sanathnagar, Hyderabad - TSPCB",HYD_0554,17.46,78.44,21.68260869565217,92,95.83333333333334
2025-01-07,site_294,"Sanathnagar, Hyderabad - TSPCB",HYD_0554,17.46,78.44,21.302150537634407,93,96.875
2025-01-08,site_294,"Sanathnagar, Hyderabad - TSPCB",HYD_0554,17.46,78.44,21.33858695652174,92,95.83333333333334
2025-01-09,site_294,"Sanathnagar, Hyderabad - TSPCB",HYD_0554,17.46,78.44,21.360326086956523,92,95.83333333333334
2025-01-10,site_294,"Sanathnagar, Hyderabad - TSPCB",HYD_0554,17.46,78.44,20.78967391304348,92,95.83333333333334
2025-01-11,site_294,"Sanathnagar, Hyderabad - TSPCB",HYD_0554,17.46,78.44,20.333695652173912,92,95.83333333333334
2025-01-12,site_294,"Sanathnagar, Hyderabad - TSPCB",HYD_0554,17.46,78.44,20.52065217391305,92,95.83333333333334
2025-01-13,site_294,"Sanathnagar, Hyderabad - TSPCB",HYD_0554,17.46,78.44,19.843010752688173,93,96.875
2025-01-14,site_294,"Sanathnagar, Hyderabad - TSPCB",HYD_0554,17.46,78.44,19.41467391304348,92,95.83333333333334
2025-01-15,site_294,"Sanathnagar, Hyderabad - TSPCB",HYD_0554,17.46,78.44,20.23695652173913,92,95.83333333333334
2025-01-16,site_294,"Sanathnagar, Hyderabad - TSPCB",HYD_0554,17.46,78.44,19.61847826086957,92,95.83333333333334
2025-01-17,site_294,"Sanathnagar, Hyderabad - TSPCB",HYD_0554,17.46,78.44,19.91304347826087,92,95.83333333333334
2025-01-18,site_294,"Sanathnagar, Hyderabad - TSPCB",HYD_0554,17.46,78.44,19.472826086956523,92,95.83333333333334
2025-01-19,site_294,"Sanathnagar, Hyderabad - TSPCB",HYD_0554,17.46,78.44,20.234239130434784,92,95.83333333333334
2025-01-20,site_294,"Sanathnagar, Hyderabad - TSPCB",HYD_0554,17.46,78.44,21.221739130434784,92,95.83333333333334
2025-01-21,site_294,"Sanathnagar, Hyderabad - TSPCB",HYD_0554,17.46,78.44,20.72336956521739,92,95.83333333333334
2025-01-22,site_294,"Sanathnagar, Hyderabad - TSPCB",HYD_0554,17.46,78.44,20.486021505376343,93,96.875
2025-01-23,site_294,"Sanathnagar, Hyderabad - TSPCB",HYD_0554,17.46,78.44,20.416304347826088,92,95.83333333333334
2025-01-24,site_294,"Sanathnagar, Hyderabad - TSPCB",HYD_0554,17.46,78.44,20.538586956521737,92,95.83333333333334
2025-01-25,site_294,"Sanathnagar, Hyderabad - TSPCB",HYD_0554,17.46,78.44,20.14945652173913,92,95.83333333333334
2025-01-26,site_294,"Sanathnagar, Hyderabad - TSPCB",HYD_0554,17.46,78.44,20.597282608695654,92,95.83333333333334
2025-01-27,site_294,"Sanathnagar, Hyderabad - TSPCB",HYD_0554,17.46,78.44,20.64021739130435,92,95.83333333333334
2025-01-28,site_294,"Sanathnagar, Hyderabad - TSPCB",HYD_0554,17.46,78.44,20.497311827956988,93,96.875
2025-01-29,site_294,"Sanathnagar, Hyderabad - TSPCB",HYD_0554,17.46,78.44,21.21358695652174,92,95.83333333333334
2025-01-30,site_294,"Sanathnagar, Hyderabad - TSPCB",HYD_0554,17.46,78.44,20.51086956521739,92,95.83333333333334
2025-01-31,site_294,"Sanathnagar, Hyderabad - TSPCB",HYD_0554,17.46,78.44,20.83870967741936,93,96.875
2025-02-01,site_294,"Sanathnagar, Hyderabad - TSPCB",HYD_0554,17.46,78.44,20.54784946236559,93,96.875
2025-02-02,site_294,"Sanathnagar, Hyderabad - TSPCB",HYD_0554,17.46,78.44,20.99347826086957,92,95.83333333333334
2025-02-03,site_294,"Sanathnagar, Hyderabad - TSPCB",HYD_0554,17.46,78.44,21.27717391304348,92,95.83333333333334
2025-02-04,site_294,"Sanathnagar, Hyderabad - TSPCB",HYD_0554,17.46,78.44,21.79945652173913,92,95.83333333333334
2025-02-05,site_294,"Sanathnagar, Hyderabad - TSPCB",HYD_0554,17.46,78.44,21.68225806451613,93,96.875
2025-02-06,site_294,"Sanathnagar, Hyderabad - TSPCB",HYD_0554,17.46,78.44,21.371195652173917,92,95.83333333333334
2025-02-07,site_294,"Sanathnagar, Hyderabad - TSPCB",HYD_0554,17.46,78.44,20.49891304347826,92,95.83333333333334
2025-02-08,site_294,"Sanathnagar, Hyderabad - TSPCB",HYD_0554,17.46,78.44,21.090760869565216,92,95.83333333333334
2025-02-09,site_294,"Sanathnagar, Hyderabad - TSPCB",HYD_0554,17.46,78.44,21.11521739130435,92,95.83333333333334
2025-02-10,site_294,"Sanathnagar, Hyderabad - TSPCB",HYD_0554,17.46,78.44,20.990860215053765,93,96.875
2025-02-11,site_294,"Sanathnagar, Hyderabad - TSPCB",HYD_0554,17.46,78.44,21.088043478260868,92,95.83333333333334
2025-02-12,site_294,"Sanathnagar, Hyderabad - TSPCB",HYD_0554,17.46,78.44,21.04728260869565,92,95.83333333333334
2025-02-13,site_294,"Sanathnagar, Hyderabad - TSPCB",HYD_0554,17.46,78.44,21.43611111111111,90,93.75
2025-02-14,site_294,"Sanathnagar, Hyderabad - TSPCB",HYD_0554,17.46,78.44,20.76685393258427,89,92.70833333333334
2025-02-15,site_294,"Sanathnagar, Hyderabad - TSPCB",HYD_0554,17.46,78.44,21.51467391304348,92,95.83333333333334
2025-02-16,site_294,"Sanathnagar, Hyderabad - TSPCB",HYD_0554,17.46,78.44,21.38681318681319,91,94.79166666666666
2025-02-17,site_294,"Sanathnagar, Hyderabad - TSPCB",HYD_0554,17.46,78.44,21.26684782608696,92,95.83333333333334
2025-02-18,site_294,"Sanathnagar, Hyderabad - TSPCB",HYD_0554,17.46,78.44,,71,73.95833333333334
2025-02-19,site_294,"Sanathnagar, Hyderabad - TSPCB",HYD_0554,17.46,78.44,,46,47.91666666666667
2025-02-20,site_294,"Sanathnagar, Hyderabad - TSPCB",HYD_0554,17.46,78.44,21.78369565217391,92,95.83333333333334
2025-02-21,site_294,"Sanathnagar, Hyderabad - TSPCB",HYD_0554,17.46,78.44,21.01385542168675,83,86.45833333333334
2025-02-22,site_294,"Sanathnagar, Hyderabad - TSPCB",HYD_0554,17.46,78.44,21.240760869565214,92,95.83333333333334
2025-02-23,site_294,"Sanathnagar, Hyderabad - TSPCB",HYD_0554,17.46,78.44,21.97912087912088,91,94.79166666666666
2025-02-24,site_294,"Sanathnagar, Hyderabad - TSPCB",HYD_0554,17.46,78.44,20.92391304347826,92,95.83333333333334
2025-02-25,site_294,"Sanathnagar, Hyderabad - TSPCB",HYD_0554,17.46,78.44,21.10054347826087,92,95.83333333333334
2025-02-26,site_294,"Sanathnagar, Hyderabad - TSPCB",HYD_0554,17.46,78.44,21.81195652173913,92,95.83333333333334
2025-02-27,site_294,"Sanathnagar, Hyderabad - TSPCB",HYD_0554,17.46,78.44,21.351086956521737,92,95.83333333333334
2025-02-28,site_294,"Sanathnagar, Hyderabad - TSPCB",HYD_0554,17.46,78.44,21.644086021505377,93,96.875
2025-03-01,site_294,"Sanathnagar, Hyderabad - TSPCB",HYD_0554,17.46,78.44,20.94945054945055,91,94.79166666666666
2025-03-02,site_294,"Sanathnagar, Hyderabad - TSPCB",HYD_0554,17.46,78.44,21.1375,92,95.83333333333334
2025-03-03,site_294,"Sanathnagar, Hyderabad - TSPCB",HYD_0554,17.46,78.44,21.878804347826087,92,95.83333333333334
2025-03-04,site_294,"Sanathnagar, Hyderabad - TSPCB",HYD_0554,17.46,78.44,21.45,92,95.83333333333334
2025-03-05,site_294,"Sanathnagar, Hyderabad - TSPCB",HYD_0554,17.46,78.44,21.616129032258065,93,96.875
2025-03-06,site_294,"Sanathnagar, Hyderabad - TSPCB",HYD_0554,17.46,78.44,21.1489010989011,91,94.79166666666666
2025-03-07,site_294,"Sanathnagar, Hyderabad - TSPCB",HYD_0554,17.46,78.44,21.68532608695652,92,95.83333333333334
2025-03-08,site_294,"Sanathnagar, Hyderabad - TSPCB",HYD_0554,17.46,78.44,20.944021739130434,92,95.83333333333334
2025-03-09,site_294,"Sanathnagar, Hyderabad - TSPCB",HYD_0554,17.46,78.44,21.340217391304343,92,95.83333333333334
2025-03-10,site_294,"Sanathnagar, Hyderabad - TSPCB",HYD_0554,17.46,78.44,21.370652173913044,92,95.83333333333334
2025-03-11,site_294,"Sanathnagar, Hyderabad - TSPCB",HYD_0554,17.46,78.44,21.31195652173913,92,95.83333333333334
2025-03-12,site_294,"Sanathnagar, Hyderabad - TSPCB",HYD_0554,17.46,78.44,20.744021739130435,92,95.83333333333334
2025-03-13,site_294,"Sanathnagar, Hyderabad - TSPCB",HYD_0554,17.46,78.44,21.184239130434783,92,95.83333333333334
2025-03-14,site_294,"Sanathnagar, Hyderabad - TSPCB",HYD_0554,17.46,78.44,20.54408602150537,93,96.875
2025-03-15,site_294,"Sanathnagar, Hyderabad - TSPCB",HYD_0554,17.46,78.44,21.081720430107527,93,96.875
2025-03-16,site_294,"Sanathnagar, Hyderabad - TSPCB",HYD_0554,17.46,78.44,20.82228260869565,92,95.83333333333334
2025-03-17,site_294,"Sanathnagar, Hyderabad - TSPCB",HYD_0554,17.46,78.44,21.154395604395603,91,94.79166666666666
2025-03-18,site_294,"Sanathnagar, Hyderabad - TSPCB",HYD_0554,17.46,78.44,21.605434782608697,92,95.83333333333334
2025-03-19,site_294,"Sanathnagar, Hyderabad - TSPCB",HYD_0554,17.46,78.44,20.53586956521739,92,95.83333333333334
2025-03-20,site_294,"Sanathnagar, Hyderabad - TSPCB",HYD_0554,17.46,78.44,20.340760869565216,92,95.83333333333334
2025-03-21,site_294,"Sanathnagar, Hyderabad - TSPCB",HYD_0554,17.46,78.44,20.7489247311828,93,96.875
2025-03-22,site_294,"Sanathnagar, Hyderabad - TSPCB",HYD_0554,17.46,78.44,21.095108695652176,92,95.83333333333334
2025-03-23,site_294,"Sanathnagar, Hyderabad - TSPCB",HYD_0554,17.46,78.44,20.994086021505375,93,96.875
2025-03-24,site_294,"Sanathnagar, Hyderabad - TSPCB",HYD_0554,17.46,78.44,20.98406593406593,91,94.79166666666666
2025-03-25,site_294,"Sanathnagar, Hyderabad - TSPCB",HYD_0554,17.46,78.44,20.579891304347825,92,95.83333333333334
2025-03-26,site_294,"Sanathnagar, Hyderabad - TSPCB",HYD_0554,17.46,78.44,20.24728260869565,92,95.83333333333334
2025-03-27,site_294,"Sanathnagar, Hyderabad - TSPCB",HYD_0554,17.46,78.44,21.67445652173913,92,95.83333333333334
2025-03-28,site_294,"Sanathnagar, Hyderabad - TSPCB",HYD_0554,17.46,78.44,20.396195652173912,92,95.83333333333334
2025-03-29,site_294,"Sanathnagar, Hyderabad - TSPCB",HYD_0554,17.46,78.44,21.094565217391303,92,95.83333333333334
2025-03-30,site_294,"Sanathnagar, Hyderabad - TSPCB",HYD_0554,17.46,78.44,21.31827956989247,93,96.875
2025-03-31,site_294,"Sanathnagar, Hyderabad - TSPCB",HYD_0554,17.46,78.44,20.236559139784948,93,96.875
2025-04-01,site_294,"Sanathnagar, Hyderabad - TSPCB",HYD_0554,17.46,78.44,21.383516483516484,91,94.79166666666666
2025-04-02,site_294,"Sanathnagar, Hyderabad - TSPCB",HYD_0554,17.46,78.44,20.70806451612903,93,96.875
2025-04-03,site_294,"Sanathnagar, Hyderabad - TSPCB",HYD_0554,17.46,78.44,21.193478260869565,92,95.83333333333334
2025-04-04,site_294,"Sanathnagar, Hyderabad - TSPCB",HYD_0554,17.46,78.44,20.38804347826087,92,95.83333333333334
2025-04-05,site_294,"Sanathnagar, Hyderabad - TSPCB",HYD_0554,17.46,78.44,20.565591397849463,93,96.875
2025-04-06,site_294,"Sanathnagar, Hyderabad - TSPCB",HYD_0554,17.46,78.44,21.220108695652176,92,95.83333333333334
2025-04-07,site_294,"Sanathnagar, Hyderabad - TSPCB",HYD_0554,17.46,78.44,20.92010869565217,92,95.83333333333334
2025-04-08,site_294,"Sanathnagar, Hyderabad - TSPCB",HYD_0554,17.46,78.44,21.893478260869564,92,95.83333333333334
2025-04-09,site_294,"Sanathnagar, Hyderabad - TSPCB",HYD_0554,17.46,78.44,20.99838709677419,93,96.875
2025-04-10,site_294,"Sanathnagar, Hyderabad - TSPCB",HYD_0554,17.46,78.44,20.87010869565217,92,95.83333333333334
2025-04-11,site_294,"Sanathnagar, Hyderabad - TSPCB",HYD_0554,17.46,78.44,21.005913978494625,93,96.875
2025-04-12,site_294,"Sanathnagar, Hyderabad - TSPCB",HYD_0554,17.46,78.44,20.75163043478261,92,95.83333333333334
2025-04-13,site_294,"Sanathnagar, Hyderabad - TSPCB",HYD_0554,17.46,78.44,21.136559139784943,93,96.875
2025-04-14,site_294,"Sanathnagar, Hyderabad - TSPCB",HYD_0554,17.46,78.44,21.306521739130435,92,95.83333333333334
2025-04-15,site_294,"Sanathnagar, Hyderabad - TSPCB",HYD_0554,17.46,78.44,20.945652173913043,92,95.83333333333334
2025-04-16,site_294,"Sanathnagar, Hyderabad - TSPCB",HYD_0554,17.46,78.44,20.932065217391305,92,95.83333333333334
2025-04-17,site_294,"Sanathnagar, Hyderabad - TSPCB",HYD_0554,17.46,78.44,21.547826086956523,92,95.83333333333334
2025-04-18,site_294,"Sanathnagar, Hyderabad - TSPCB",HYD_0554,17.46,78.44,21.830434782608695,92,95.83333333333334
2025-04-19,site_294,"Sanathnagar, Hyderabad - TSPCB",HYD_0554,17.46,78.44,20.9989247311828,93,96.875
2025-04-20,site_294,"Sanathnagar, Hyderabad - TSPCB",HYD_0554,17.46,78.44,21.088043478260868,92,95.83333333333334
2025-04-21,site_294,"Sanathnagar, Hyderabad - TSPCB",HYD_0554,17.46,78.44,21.39565217391305,92,95.83333333333334
2025-04-22,site_294,"Sanathnagar, Hyderabad - TSPCB",HYD_0554,17.46,78.44,20.907608695652176,92,95.83333333333334
2025-04-23,site_294,"Sanathnagar, Hyderabad - TSPCB",HYD_0554,17.46,78.44,21.108152173913044,92,95.83333333333334
2025-04-24,site_294,"Sanathnagar, Hyderabad - TSPCB",HYD_0554,17.46,78.44,20.907608695652176,92,95.83333333333334
2025-04-25,site_294,"Sanathnagar, Hyderabad - TSPCB",HYD_0554,17.46,78.44,21.20108695652174,92,95.83333333333334
2025-04-26,site_294,"Sanathnagar, Hyderabad - TSPCB",HYD_0554,17.46,78.44,21.315217391304348,92,95.83333333333334
2025-04-27,site_294,"Sanathnagar, Hyderabad - TSPCB",HYD_0554,17.46,78.44,20.475,92,95.83333333333334
2025-04-28,site_294,"Sanathnagar, Hyderabad - TSPCB",HYD_0554,17.46,78.44,21.467391304347824,92,95.83333333333334
2025-04-29,site_294,"Sanathnagar, Hyderabad - TSPCB",HYD_0554,17.46,78.44,21.078260869565216,92,95.83333333333334
2025-04-30,site_294,"Sanathnagar, Hyderabad - TSPCB",HYD_0554,17.46,78.44,20.91935483870968,93,96.875
2025-05-01,site_294,"Sanathnagar, Hyderabad - TSPCB",HYD_0554,17.46,78.44,21.75978260869565,92,95.83333333333334
2025-05-02,site_294,"Sanathnagar, Hyderabad - TSPCB",HYD_0554,17.46,78.44,21.508695652173916,92,95.83333333333334
2025-05-03,site_294,"Sanathnagar, Hyderabad - TSPCB",HYD_0554,17.46,78.44,21.63586956521739,92,95.83333333333334
2025-05-04,site_294,"Sanathnagar, Hyderabad - TSPCB",HYD_0554,17.46,78.44,21.154891304347824,92,95.83333333333334
2025-05-05,site_294,"Sanathnagar, Hyderabad - TSPCB",HYD_0554,17.46,78.44,20.92391304347826,92,95.83333333333334
2025-05-06,site_294,"Sanathnagar, Hyderabad - TSPCB",HYD_0554,17.46,78.44,21.251075268817203,93,96.875
2025-05-07,site_294,"Sanathnagar, Hyderabad - TSPCB",HYD_0554,17.46,78.44,20.857065217391305,92,95.83333333333334
2025-05-08,site_294,"Sanathnagar, Hyderabad - TSPCB",HYD_0554,17.46,78.44,20.946195652173916,92,95.83333333333334
2025-05-09,site_294,"Sanathnagar, Hyderabad - TSPCB",HYD_0554,17.46,78.44,21.055434782608696,92,95.83333333333334
2025-05-10,site_294,"Sanathnagar, Hyderabad - TSPCB",HYD_0554,17.46,78.44,21.369565217391305,92,95.83333333333334
2025-05-11,site_294,"Sanathnagar, Hyderabad - TSPCB",HYD_0554,17.46,78.44,21.331521739130437,92,95.83333333333334
2025-05-12,site_294,"Sanathnagar, Hyderabad - TSPCB",HYD_0554,17.46,78.44,21.62010869565217,92,95.83333333333334
2025-05-13,site_294,"Sanathnagar, Hyderabad - TSPCB",HYD_0554,17.46,78.44,21.05108695652174,92,95.83333333333334
2025-05-14,site_294,"Sanathnagar, Hyderabad - TSPCB",HYD_0554,17.46,78.44,21.409239130434784,92,95.83333333333334
2025-05-15,site_294,"Sanathnagar, Hyderabad - TSPCB",HYD_0554,17.46,78.44,21.006521739130434,92,95.83333333333334
2025-05-16,site_294,"Sanathnagar, Hyderabad - TSPCB",HYD_0554,17.46,78.44,20.80760869565217,92,95.83333333333334
2025-05-17,site_294,"Sanathnagar, Hyderabad - TSPCB",HYD_0554,17.46,78.44,21.34836956521739,92,95.83333333333334
2025-05-18,site_294,"Sanathnagar, Hyderabad - TSPCB",HYD_0554,17.46,78.44,21.244565217391305,92,95.83333333333334
2025-05-19,site_294,"Sanathnagar, Hyderabad - TSPCB",HYD_0554,17.46,78.44,21.12228260869565,92,95.83333333333334
2025-05-20,site_294,"Sanathnagar, Hyderabad - TSPCB",HYD_0554,17.46,78.44,21.444565217391304,92,95.83333333333334
2025-05-21,site_294,"Sanathnagar, Hyderabad - TSPCB",HYD_0554,17.46,78.44,20.803260869565214,92,95.83333333333334
2025-05-22,site_294,"Sanathnagar, Hyderabad - TSPCB",HYD_0554,17.46,78.44,21.05913978494624,93,96.875
2025-05-23,site_294,"Sanathnagar, Hyderabad - TSPCB",HYD_0554,17.46,78.44,20.860326086956523,92,95.83333333333334
2025-05-24,site_294,"Sanathnagar, Hyderabad - TSPCB",HYD_0554,17.46,78.44,21.25,92,95.83333333333334
2025-05-25,site_294,"Sanathnagar, Hyderabad - TSPCB",HYD_0554,17.46,78.44,21.15217391304348,92,95.83333333333334
2025-05-26,site_294,"Sanathnagar, Hyderabad - TSPCB",HYD_0554,17.46,78.44,21.12934782608696,92,95.83333333333334
2025-05-27,site_294,"Sanathnagar, Hyderabad - TSPCB",HYD_0554,17.46,78.44,21.238709677419354,93,96.875
2025-05-28,site_294,"Sanathnagar, Hyderabad - TSPCB",HYD_0554,17.46,78.44,21.082608695652173,92,95.83333333333334
2025-05-29,site_294,"Sanathnagar, Hyderabad - TSPCB",HYD_0554,17.46,78.44,21.14021739130435,92,95.83333333333334
2025-05-30,site_294,"Sanathnagar, Hyderabad - TSPCB",HYD_0554,17.46,78.44,21.475824175824176,91,94.79166666666666
2025-05-31,site_294,"Sanathnagar, Hyderabad - TSPCB",HYD_0554,17.46,78.44,21.153763440860214,93,96.875
2025-06-01,site_294,"Sanathnagar, Hyderabad - TSPCB",HYD_0554,17.46,78.44,20.99021739130435,92,95.83333333333334
2025-06-02,site_294,"Sanathnagar, Hyderabad - TSPCB",HYD_0554,17.46,78.44,21.22826086956522,92,95.83333333333334
2025-06-03,site_294,"Sanathnagar, Hyderabad - TSPCB",HYD_0554,17.46,78.44,21.146195652173912,92,95.83333333333334
2025-06-04,site_294,"Sanathnagar, Hyderabad - TSPCB",HYD_0554,17.46,78.44,,65,67.70833333333334
2025-06-05,site_294,"Sanathnagar, Hyderabad - TSPCB",HYD_0554,17.46,78.44,,43,44.79166666666667
2025-06-06,site_294,"Sanathnagar, Hyderabad - TSPCB",HYD_0554,17.46,78.44,21.066304347826087,92,95.83333333333334
2025-06-07,site_294,"Sanathnagar, Hyderabad - TSPCB",HYD_0554,17.46,78.44,20.933152173913044,92,95.83333333333334
2025-06-08,site_294,"Sanathnagar, Hyderabad - TSPCB",HYD_0554,17.46,78.44,,35,36.45833333333333
2025-06-09,site_294,"Sanathnagar, Hyderabad - TSPCB",HYD_0554,17.46,78.44,,59,61.458333333333336
2025-06-10,site_294,"Sanathnagar, Hyderabad - TSPCB",HYD_0554,17.46,78.44,21.4125,92,95.83333333333334
2025-06-11,site_294,"Sanathnagar, Hyderabad - TSPCB",HYD_0554,17.46,78.44,21.316666666666663,78,81.25
2025-06-12,site_294,"Sanathnagar, Hyderabad - TSPCB",HYD_0554,17.46,78.44,21.11467391304348,92,95.83333333333334
2025-06-13,site_294,"Sanathnagar, Hyderabad - TSPCB",HYD_0554,17.46,78.44,21.51086956521739,92,95.83333333333334
2025-06-14,site_294,"Sanathnagar, Hyderabad - TSPCB",HYD_0554,17.46,78.44,21.491397849462366,93,96.875
2025-06-15,site_294,"Sanathnagar, Hyderabad - TSPCB",HYD_0554,17.46,78.44,21.225268817204302,93,96.875
2025-06-16,site_294,"Sanathnagar, Hyderabad - TSPCB",HYD_0554,17.46,78.44,21.03695652173913,92,95.83333333333334
2025-06-17,site_294,"Sanathnagar, Hyderabad - TSPCB",HYD_0554,17.46,78.44,,65,67.70833333333334
2025-06-18,site_294,"Sanathnagar, Hyderabad - TSPCB",HYD_0554,17.46,78.44,21.27365591397849,93,96.875
2025-06-19,site_294,"Sanathnagar, Hyderabad - TSPCB",HYD_0554,17.46,78.44,21.053296703296706,91,94.79166666666666
2025-06-20,site_294,"Sanathnagar, Hyderabad - TSPCB",HYD_0554,17.46,78.44,21.17228260869565,92,95.83333333333334
2025-06-21,site_294,"Sanathnagar, Hyderabad - TSPCB",HYD_0554,17.46,78.44,20.97096774193548,93,96.875
2025-06-22,site_294,"Sanathnagar, Hyderabad - TSPCB",HYD_0554,17.46,78.44,21.084408602150532,93,96.875
2025-06-23,site_294,"Sanathnagar, Hyderabad - TSPCB",HYD_0554,17.46,78.44,21.07880434782609,92,95.83333333333334
2025-06-24,site_294,"Sanathnagar, Hyderabad - TSPCB",HYD_0554,17.46,78.44,21.288172043010757,93,96.875
2025-06-25,site_294,"Sanathnagar, Hyderabad - TSPCB",HYD_0554,17.46,78.44,21.289130434782606,92,95.83333333333334
2025-06-26,site_294,"Sanathnagar, Hyderabad - TSPCB",HYD_0554,17.46,78.44,21.3125,92,95.83333333333334
2025-06-27,site_294,"Sanathnagar, Hyderabad - TSPCB",HYD_0554,17.46,78.44,21.476086956521737,92,95.83333333333334
2025-06-28,site_294,"Sanathnagar, Hyderabad - TSPCB",HYD_0554,17.46,78.44,21.336559139784946,93,96.875
2025-06-29,site_294,"Sanathnagar, Hyderabad - TSPCB",HYD_0554,17.46,78.44,21.414130434782606,92,95.83333333333334
2025-06-30,site_294,"Sanathnagar, Hyderabad - TSPCB",HYD_0554,17.46,78.44,21.351612903225806,93,96.875
2025-07-01,site_294,"Sanathnagar, Hyderabad - TSPCB",HYD_0554,17.46,78.44,20.965760869565216,92,95.83333333333334
2025-07-02,site_294,"Sanathnagar, Hyderabad - TSPCB",HYD_0554,17.46,78.44,,48,50.0
2025-07-03,site_294,"Sanathnagar, Hyderabad - TSPCB",HYD_0554,17.46,78.44,21.28641304347826,92,95.83333333333334
2025-07-04,site_294,"Sanathnagar, Hyderabad - TSPCB",HYD_0554,17.46,78.44,21.32043010752688,93,96.875
2025-07-05,site_294,"Sanathnagar, Hyderabad - TSPCB",HYD_0554,17.46,78.44,21.383333333333333,93,96.875
2025-07-06,site_294,"Sanathnagar, Hyderabad - TSPCB",HYD_0554,17.46,78.44,21.48333333333333,93,96.875
2025-07-07,site_294,"Sanathnagar, Hyderabad - TSPCB",HYD_0554,17.46,78.44,21.30054347826087,92,95.83333333333334
2025-07-08,site_294,"Sanathnagar, Hyderabad - TSPCB",HYD_0554,17.46,78.44,21.163978494623656,93,96.875
2025-07-09,site_294,"Sanathnagar, Hyderabad - TSPCB",HYD_0554,17.46,78.44,21.15268817204301,93,96.875
2025-07-10,site_294,"Sanathnagar, Hyderabad - TSPCB",HYD_0554,17.46,78.44,21.587096774193547,93,96.875
2025-07-11,site_294,"Sanathnagar, Hyderabad - TSPCB",HYD_0554,17.46,78.44,21.255978260869565,92,95.83333333333334
2025-07-12,site_294,"Sanathnagar, Hyderabad - TSPCB",HYD_0554,17.46,78.44,21.069565217391304,92,95.83333333333334
2025-07-13,site_294,"Sanathnagar, Hyderabad - TSPCB",HYD_0554,17.46,78.44,21.24021739130435,92,95.83333333333334
2025-07-14,site_294,"Sanathnagar, Hyderabad - TSPCB",HYD_0554,17.46,78.44,21.16521739130435,92,95.83333333333334
2025-07-15,site_294,"Sanathnagar, Hyderabad - TSPCB",HYD_0554,17.46,78.44,21.42554347826087,92,95.83333333333334
2025-07-16,site_294,"Sanathnagar, Hyderabad - TSPCB",HYD_0554,17.46,78.44,21.23152173913044,92,95.83333333333334
2025-07-17,site_294,"Sanathnagar, Hyderabad - TSPCB",HYD_0554,17.46,78.44,21.02717391304348,92,95.83333333333334
2025-07-18,site_294,"Sanathnagar, Hyderabad - TSPCB",HYD_0554,17.46,78.44,20.67228260869565,92,95.83333333333334
2025-07-19,site_294,"Sanathnagar, Hyderabad - TSPCB",HYD_0554,17.46,78.44,21.3,93,96.875
2025-07-20,site_294,"Sanathnagar, Hyderabad - TSPCB",HYD_0554,17.46,78.44,21.148387096774197,93,96.875
2025-07-21,site_294,"Sanathnagar, Hyderabad - TSPCB",HYD_0554,17.46,78.44,21.37663043478261,92,95.83333333333334
2025-07-22,site_294,"Sanathnagar, Hyderabad - TSPCB",HYD_0554,17.46,78.44,21.791847826086958,92,95.83333333333334
2025-07-23,site_294,"Sanathnagar, Hyderabad - TSPCB",HYD_0554,17.46,78.44,21.22119565217391,92,95.83333333333334
2025-07-24,site_294,"Sanathnagar, Hyderabad - TSPCB",HYD_0554,17.46,78.44,21.446666666666665,75,78.125
2025-07-25,site_294,"Sanathnagar, Hyderabad - TSPCB",HYD_0554,17.46,78.44,,54,56.25
2025-07-26,site_294,"Sanathnagar, Hyderabad - TSPCB",HYD_0554,17.46,78.44,21.203225806451613,93,96.875
2025-07-27,site_294,"Sanathnagar, Hyderabad - TSPCB",HYD_0554,17.46,78.44,21.58478260869565,92,95.83333333333334
2025-07-28,site_294,"Sanathnagar, Hyderabad - TSPCB",HYD_0554,17.46,78.44,,59,61.458333333333336
2025-07-29,site_294,"Sanathnagar, Hyderabad - TSPCB",HYD_0554,17.46,78.44,20.7623595505618,89,92.70833333333334
2025-07-30,site_294,"Sanathnagar, Hyderabad - TSPCB",HYD_0554,17.46,78.44,21.310752688172045,93,96.875
2025-07-31,site_294,"Sanathnagar, Hyderabad - TSPCB",HYD_0554,17.46,78.44,21.546236559139786,93,96.875
2025-08-01,site_294,"Sanathnagar, Hyderabad - TSPCB",HYD_0554,17.46,78.44,22.023913043478263,92,95.83333333333334
2025-08-02,site_294,"Sanathnagar, Hyderabad - TSPCB",HYD_0554,17.46,78.44,21.66935483870968,93,96.875
2025-08-03,site_294,"Sanathnagar, Hyderabad - TSPCB",HYD_0554,17.46,78.44,22.103804347826088,92,95.83333333333334
2025-08-04,site_294,"Sanathnagar, Hyderabad - TSPCB",HYD_0554,17.46,78.44,21.87717391304348,92,95.83333333333334
2025-08-05,site_294,"Sanathnagar, Hyderabad - TSPCB",HYD_0554,17.46,78.44,21.76195652173913,92,95.83333333333334
2025-08-06,site_294,"Sanathnagar, Hyderabad - TSPCB",HYD_0554,17.46,78.44,21.82717391304348,92,95.83333333333334
2025-08-07,site_294,"Sanathnagar, Hyderabad - TSPCB",HYD_0554,17.46,78.44,21.969101123595507,89,92.70833333333334
2025-08-08,site_294,"Sanathnagar, Hyderabad - TSPCB",HYD_0554,17.46,78.44,21.68387096774193,93,96.875
2025-08-09,site_294,"Sanathnagar, Hyderabad - TSPCB",HYD_0554,17.46,78.44,21.79301075268817,93,96.875
2025-08-10,site_294,"Sanathnagar, Hyderabad - TSPCB",HYD_0554,17.46,78.44,21.896236559139783,93,96.875
2025-08-11,site_294,"Sanathnagar, Hyderabad - TSPCB",HYD_0554,17.46,78.44,21.93131868131868,91,94.79166666666666
2025-08-12,site_294,"Sanathnagar, Hyderabad - TSPCB",HYD_0554,17.46,78.44,21.517204301075267,93,96.875
2025-08-13,site_294,"Sanathnagar, Hyderabad - TSPCB",HYD_0554,17.46,78.44,22.03586956521739,92,95.83333333333334
2025-08-14,site_294,"Sanathnagar, Hyderabad - TSPCB",HYD_0554,17.46,78.44,21.916304347826088,92,95.83333333333334
2025-08-15,site_294,"Sanathnagar, Hyderabad - TSPCB",HYD_0554,17.46,78.44,21.961413043478263,92,95.83333333333334
2025-08-16,site_294,"Sanathnagar, Hyderabad - TSPCB",HYD_0554,17.46,78.44,22.1527397260274,73,76.04166666666666
2025-08-17,site_294,"Sanathnagar, Hyderabad - TSPCB",HYD_0554,17.46,78.44,22.00161290322581,93,96.875
2025-08-18,site_294,"Sanathnagar, Hyderabad - TSPCB",HYD_0554,17.46,78.44,21.889130434782608,92,95.83333333333334
2025-08-19,site_294,"Sanathnagar, Hyderabad - TSPCB",HYD_0554,17.46,78.44,22.275274725274723,91,94.79166666666666
2025-08-20,site_294,"Sanathnagar, Hyderabad - TSPCB",HYD_0554,17.46,78.44,22.08478260869565,92,95.83333333333334
2025-08-21,site_294,"Sanathnagar, Hyderabad - TSPCB",HYD_0554,17.46,78.44,21.681460674157304,89,92.70833333333334
2025-08-22,site_294,"Sanathnagar, Hyderabad - TSPCB",HYD_0554,17.46,78.44,22.10054347826087,92,95.83333333333334
2025-08-23,site_294,"Sanathnagar, Hyderabad - TSPCB",HYD_0554,17.46,78.44,22.20978260869565,92,95.83333333333334
2025-08-24,site_294,"Sanathnagar, Hyderabad - TSPCB",HYD_0554,17.46,78.44,21.97388888888889,90,93.75
2025-08-25,site_294,"Sanathnagar, Hyderabad - TSPCB",HYD_0554,17.46,78.44,22.044565217391305,92,95.83333333333334
2025-08-26,site_294,"Sanathnagar, Hyderabad - TSPCB",HYD_0554,17.46,78.44,21.92527472527473,91,94.79166666666666
2025-08-27,site_294,"Sanathnagar, Hyderabad - TSPCB",HYD_0554,17.46,78.44,21.796195652173918,92,95.83333333333334
2025-08-28,site_294,"Sanathnagar, Hyderabad - TSPCB",HYD_0554,17.46,78.44,22.51630434782609,92,95.83333333333334
2025-08-29,site_294,"Sanathnagar, Hyderabad - TSPCB",HYD_0554,17.46,78.44,21.9989010989011,91,94.79166666666666
2025-08-30,site_294,"Sanathnagar, Hyderabad - TSPCB",HYD_0554,17.46,78.44,21.983152173913044,92,95.83333333333334
2025-08-31,site_294,"Sanathnagar, Hyderabad - TSPCB",HYD_0554,17.46,78.44,22.13978494623656,93,96.875
2025-01-01,site_5598,"Somajiguda, Hyderabad - TSPCB",HYD_0603,17.42,78.45,5.943723404255319,94,97.91666666666666
2025-01-02,site_5598,"Somajiguda, Hyderabad - TSPCB",HYD_0603,17.42,78.45,5.9572631578947375,95,98.95833333333334
2025-01-03,site_5598,"Somajiguda, Hyderabad - TSPCB",HYD_0603,17.42,78.45,5.947684210526315,95,98.95833333333334
2025-01-04,site_5598,"Somajiguda, Hyderabad - TSPCB",HYD_0603,17.42,78.45,13.300744680851064,94,97.91666666666666
2025-01-05,site_5598,"Somajiguda, Hyderabad - TSPCB",HYD_0603,17.42,78.45,,69,71.875
2025-01-06,site_5598,"Somajiguda, Hyderabad - TSPCB",HYD_0603,17.42,78.45,,52,54.16666666666666
2025-01-07,site_5598,"Somajiguda, Hyderabad - TSPCB",HYD_0603,17.42,78.45,25.732,95,98.95833333333334
2025-01-08,site_5598,"Somajiguda, Hyderabad - TSPCB",HYD_0603,17.42,78.45,26.114421052631577,95,98.95833333333334
2025-01-09,site_5598,"Somajiguda, Hyderabad - TSPCB",HYD_0603,17.42,78.45,,44,45.83333333333333
2025-01-10,site_5598,"Somajiguda, Hyderabad - TSPCB",HYD_0603,17.42,78.45,,67,69.79166666666666
2025-01-11,site_5598,"Somajiguda, Hyderabad - TSPCB",HYD_0603,17.42,78.45,14.441354166666668,96,100.0
2025-01-12,site_5598,"Somajiguda, Hyderabad - TSPCB",HYD_0603,17.42,78.45,13.415684210526315,95,98.95833333333334
2025-01-13,site_5598,"Somajiguda, Hyderabad - TSPCB",HYD_0603,17.42,78.45,16.10291666666667,96,100.0
2025-01-14,site_5598,"Somajiguda, Hyderabad - TSPCB",HYD_0603,17.42,78.45,14.514791666666667,96,100.0
2025-01-15,site_5598,"Somajiguda, Hyderabad - TSPCB",HYD_0603,17.42,78.45,13.127362637362635,91,94.79166666666666
2025-01-16,site_5598,"Somajiguda, Hyderabad - TSPCB",HYD_0603,17.42,78.45,14.061875,96,100.0
2025-01-17,site_5598,"Somajiguda, Hyderabad - TSPCB",HYD_0603,17.42,78.45,18.108631578947367,95,98.95833333333334
2025-01-18,site_5598,"Somajiguda, Hyderabad - TSPCB",HYD_0603,17.42,78.45,17.161935483870966,93,96.875
2025-01-19,site_5598,"Somajiguda, Hyderabad - TSPCB",HYD_0603,17.42,78.45,21.49947368421053,95,98.95833333333334
2025-01-20,site_5598,"Somajiguda, Hyderabad - TSPCB",HYD_0603,17.42,78.45,24.047027027027028,74,77.08333333333334
2025-01-21,site_5598,"Somajiguda, Hyderabad - TSPCB",HYD_0603,17.42,78.45,31.58927083333333,96,100.0
2025-01-22,site_5598,"Somajiguda, Hyderabad - TSPCB",HYD_0603,17.42,78.45,22.362631578947365,95,98.95833333333334
2025-01-23,site_5598,"Somajiguda, Hyderabad - TSPCB",HYD_0603,17.42,78.45,15.32136842105263,95,98.95833333333334
2025-01-24,site_5598,"Somajiguda, Hyderabad - TSPCB",HYD_0603,17.42,78.45,15.929684210526316,95,98.95833333333334
2025-01-25,site_5598,"Somajiguda, Hyderabad - TSPCB",HYD_0603,17.42,78.45,20.284526315789478,95,98.95833333333334
2025-01-26,site_5598,"Somajiguda, Hyderabad - TSPCB",HYD_0603,17.42,78.45,25.549166666666665,96,100.0
2025-01-27,site_5598,"Somajiguda, Hyderabad - TSPCB",HYD_0603,17.42,78.45,30.58340425531915,94,97.91666666666666
2025-01-28,site_5598,"Somajiguda, Hyderabad - TSPCB",HYD_0603,17.42,78.45,23.780105263157896,95,98.95833333333334
2025-01-29,site_5598,"Somajiguda, Hyderabad - TSPCB",HYD_0603,17.42,78.45,17.489270833333332,96,100.0
2025-01-30,site_5598,"Somajiguda, Hyderabad - TSPCB",HYD_0603,17.42,78.45,18.50378947368421,95,98.95833333333334
2025-01-31,site_5598,"Somajiguda, Hyderabad - TSPCB",HYD_0603,17.42,78.45,21.284,95,98.95833333333334
2025-02-01,site_5598,"Somajiguda, Hyderabad - TSPCB",HYD_0603,17.42,78.45,20.841578947368426,95,98.95833333333334
2025-02-02,site_5598,"Somajiguda, Hyderabad - TSPCB",HYD_0603,17.42,78.45,18.67084210526316,95,98.95833333333334
2025-02-03,site_5598,"Somajiguda, Hyderabad - TSPCB",HYD_0603,17.42,78.45,22.18631578947368,95,98.95833333333334
2025-02-04,site_5598,"Somajiguda, Hyderabad - TSPCB",HYD_0603,17.42,78.45,24.353052631578947,95,98.95833333333334
2025-02-05,site_5598,"Somajiguda, Hyderabad - TSPCB",HYD_0603,17.42,78.45,24.127052631578948,95,98.95833333333334
2025-02-06,site_5598,"Somajiguda, Hyderabad - TSPCB",HYD_0603,17.42,78.45,18.68063157894737,95,98.95833333333334
2025-02-07,site_5598,"Somajiguda, Hyderabad - TSPCB",HYD_0603,17.42,78.45,23.51294736842105,95,98.95833333333334
2025-02-08,site_5598,"Somajiguda, Hyderabad - TSPCB",HYD_0603,17.42,78.45,23.97484210526316,95,98.95833333333334
2025-02-09,site_5598,"Somajiguda, Hyderabad - TSPCB",HYD_0603,17.42,78.45,18.36270833333333,96,100.0
2025-02-10,site_5598,"Somajiguda, Hyderabad - TSPCB",HYD_0603,17.42,78.45,16.922291666666666,96,100.0
2025-02-11,site_5598,"Somajiguda, Hyderabad - TSPCB",HYD_0603,17.42,78.45,19.26414893617021,94,97.91666666666666
2025-02-12,site_5598,"Somajiguda, Hyderabad - TSPCB",HYD_0603,17.42,78.45,27.10145833333333,96,100.0
2025-02-13,site_5598,"Somajiguda, Hyderabad - TSPCB",HYD_0603,17.42,78.45,36.83583333333333,96,100.0
2025-02-14,site_5598,"Somajiguda, Hyderabad - TSPCB",HYD_0603,17.42,78.45,29.01833333333333,96,100.0
2025-02-15,site_5598,"Somajiguda, Hyderabad - TSPCB",HYD_0603,17.42,78.45,38.03705263157895,95,98.95833333333334
2025-02-16,site_5598,"Somajiguda, Hyderabad - TSPCB",HYD_0603,17.42,78.45,34.963229166666665,96,100.0
2025-02-17,site_5598,"Somajiguda, Hyderabad - TSPCB",HYD_0603,17.42,78.45,23.08489361702128,94,97.91666666666666
2025-02-18,site_5598,"Somajiguda, Hyderabad - TSPCB",HYD_0603,17.42,78.45,24.10063829787234,94,97.91666666666666
2025-02-19,site_5598,"Somajiguda, Hyderabad - TSPCB",HYD_0603,17.42,78.45,,49,51.04166666666666
2025-02-20,site_5598,"Somajiguda, Hyderabad - TSPCB",HYD_0603,17.42,78.45,,58,60.41666666666666
2025-02-21,site_5598,"Somajiguda, Hyderabad - TSPCB",HYD_0603,17.42,78.45,5.963541666666667,96,100.0
2025-02-22,site_5598,"Somajiguda, Hyderabad - TSPCB",HYD_0603,17.42,78.45,5.968947368421052,95,98.95833333333334
2025-02-23,site_5598,"Somajiguda, Hyderabad - TSPCB",HYD_0603,17.42,78.45,5.960105263157895,95,98.95833333333334
2025-02-24,site_5598,"Somajiguda, Hyderabad - TSPCB",HYD_0603,17.42,78.45,11.532765957446808,94,97.91666666666666
2025-02-25,site_5598,"Somajiguda, Hyderabad - TSPCB",HYD_0603,17.42,78.45,16.92457446808511,94,97.91666666666666
2025-02-26,site_5598,"Somajiguda, Hyderabad - TSPCB",HYD_0603,17.42,78.45,17.024315789473683,95,98.95833333333334
2025-02-27,site_5598,"Somajiguda, Hyderabad - TSPCB",HYD_0603,17.42,78.45,16.788404255319147,94,97.91666666666666
2025-02-28,site_5598,"Somajiguda, Hyderabad - TSPCB",HYD_0603,17.42,78.45,15.778315789473686,95,98.95833333333334
2025-03-01,site_5598,"Somajiguda, Hyderabad - TSPCB",HYD_0603,17.42,78.45,15.764,95,98.95833333333334
2025-03-02,site_5598,"Somajiguda, Hyderabad - TSPCB",HYD_0603,17.42,78.45,18.688526315789478,95,98.95833333333334
2025-03-03,site_5598,"Somajiguda, Hyderabad - TSPCB",HYD_0603,17.42,78.45,33.6715625,96,100.0
2025-03-04,site_5598,"Somajiguda, Hyderabad - TSPCB",HYD_0603,17.42,78.45,36.682,95,98.95833333333334
2025-03-05,site_5598,"Somajiguda, Hyderabad - TSPCB",HYD_0603,17.42,78.45,37.56536842105263,95,98.95833333333334
2025-03-06,site_5598,"Somajiguda, Hyderabad - TSPCB",HYD_0603,17.42,78.45,35.98833333333334,96,100.0
2025-03-07,site_5598,"Somajiguda, Hyderabad - TSPCB",HYD_0603,17.42,78.45,38.103578947368426,95,98.95833333333334
2025-03-08,site_5598,"Somajiguda, Hyderabad - TSPCB",HYD_0603,17.42,78.45,37.38704545454545,88,91.66666666666666
2025-03-09,site_5598,"Somajiguda, Hyderabad - TSPCB",HYD_0603,17.42,78.45,18.487473684210524,95,98.95833333333334
2025-03-10,site_5598,"Somajiguda, Hyderabad - TSPCB",HYD_0603,17.42,78.45,13.3953125,96,100.0
2025-03-11,site_5598,"Somajiguda, Hyderabad - TSPCB",HYD_0603,17.42,78.45,,63,65.625
2025-03-12,site_5598,"Somajiguda, Hyderabad - TSPCB",HYD_0603,17.42,78.45,27.011875,96,100.0
2025-03-13,site_5598,"Somajiguda, Hyderabad - TSPCB",HYD_0603,17.42,78.45,25.118736842105264,95,98.95833333333334
2025-03-14,site_5598,"Somajiguda, Hyderabad - TSPCB",HYD_0603,17.42,78.45,22.39395833333333,96,100.0
2025-03-15,site_5598,"Somajiguda, Hyderabad - TSPCB",HYD_0603,17.42,78.45,17.5868085106383,94,97.91666666666666
2025-03-16,site_5598,"Somajiguda, Hyderabad - TSPCB",HYD_0603,17.42,78.45,,49,51.04166666666666
2025-03-17,site_5598,"Somajiguda, Hyderabad - TSPCB",HYD_0603,17.42,78.45,,47,48.95833333333333
2025-03-18,site_5598,"Somajiguda, Hyderabad - TSPCB",HYD_0603,17.42,78.45,19.34536842105263,95,98.95833333333334
2025-03-19,site_5598,"Somajiguda, Hyderabad - TSPCB",HYD_0603,17.42,78.45,16.948421052631577,95,98.95833333333334
2025-03-20,site_5598,"Somajiguda, Hyderabad - TSPCB",HYD_0603,17.42,78.45,,71,73.95833333333334
2025-03-21,site_5598,"Somajiguda, Hyderabad - TSPCB",HYD_0603,17.42,78.45,5.974166666666666,96,100.0
2025-03-22,site_5598,"Somajiguda, Hyderabad - TSPCB",HYD_0603,17.42,78.45,,2,2.083333333333333
2025-03-23,site_5598,"Somajiguda, Hyderabad - TSPCB",HYD_0603,17.42,78.45,,0,0.0
2025-03-24,site_5598,"Somajiguda, Hyderabad - TSPCB",HYD_0603,17.42,78.45,,54,56.25
2025-03-25,site_5598,"Somajiguda, Hyderabad - TSPCB",HYD_0603,17.42,78.45,5.935894736842105,95,98.95833333333334
2025-03-26,site_5598,"Somajiguda, Hyderabad - TSPCB",HYD_0603,17.42,78.45,5.943157894736842,95,98.95833333333334
2025-03-27,site_5598,"Somajiguda, Hyderabad - TSPCB",HYD_0603,17.42,78.45,5.961157894736841,95,98.95833333333334
2025-03-28,site_5598,"Somajiguda, Hyderabad - TSPCB",HYD_0603,17.42,78.45,,60,62.5
2025-03-29,site_5598,"Somajiguda, Hyderabad - TSPCB",HYD_0603,17.42,78.45,24.661666666666665,96,100.0
2025-03-30,site_5598,"Somajiguda, Hyderabad - TSPCB",HYD_0603,17.42,78.45,19.167894736842104,95,98.95833333333334
2025-03-31,site_5598,"Somajiguda, Hyderabad - TSPCB",HYD_0603,17.42,78.45,20.161894736842108,95,98.95833333333334
2025-04-01,site_5598,"Somajiguda, Hyderabad - TSPCB",HYD_0603,17.42,78.45,,53,55.208333333333336
2025-04-02,site_5598,"Somajiguda, Hyderabad - TSPCB",HYD_0603,17.42,78.45,,54,56.25
2025-04-03,site_5598,"Somajiguda, Hyderabad - TSPCB",HYD_0603,17.42,78.45,,58,60.41666666666666
2025-04-04,site_5598,"Somajiguda, Hyderabad - TSPCB",HYD_0603,17.42,78.45,,0,0.0
2025-04-05,site_5598,"Somajiguda, Hyderabad - TSPCB",HYD_0603,17.42,78.45,,57,59.375
2025-04-06,site_5598,"Somajiguda, Hyderabad - TSPCB",HYD_0603,17.42,78.45,5.977157894736843,95,98.95833333333334
2025-04-07,site_5598,"Somajiguda, Hyderabad - TSPCB",HYD_0603,17.42,78.45,,53,55.208333333333336
2025-04-08,site_5598,"Somajiguda, Hyderabad - TSPCB",HYD_0603,17.42,78.45,,54,56.25
2025-04-09,site_5598,"Somajiguda, Hyderabad - TSPCB",HYD_0603,17.42,78.45,5.9640625,96,100.0
2025-04-10,site_5598,"Somajiguda, Hyderabad - TSPCB",HYD_0603,17.42,78.45,5.955473684210526,95,98.95833333333334
2025-04-11,site_5598,"Somajiguda, Hyderabad - TSPCB",HYD_0603,17.42,78.45,17.181770833333335,96,100.0
2025-04-12,site_5598,"Somajiguda, Hyderabad - TSPCB",HYD_0603,17.42,78.45,,53,55.208333333333336
2025-04-13,site_5598,"Somajiguda, Hyderabad - TSPCB",HYD_0603,17.42,78.45,28.001263157894737,95,98.95833333333334
2025-04-14,site_5598,"Somajiguda, Hyderabad - TSPCB",HYD_0603,17.42,78.45,24.131052631578942,95,98.95833333333334
2025-04-15,site_5598,"Somajiguda, Hyderabad - TSPCB",HYD_0603,17.42,78.45,,58,60.41666666666666
2025-04-16,site_5598,"Somajiguda, Hyderabad - TSPCB",HYD_0603,17.42,78.45,,46,47.91666666666667
2025-04-17,site_5598,"Somajiguda, Hyderabad - TSPCB",HYD_0603,17.42,78.45,23.496736842105264,95,98.95833333333334
2025-04-18,site_5598,"Somajiguda, Hyderabad - TSPCB",HYD_0603,17.42,78.45,,71,73.95833333333334
2025-04-19,site_5598,"Somajiguda, Hyderabad - TSPCB",HYD_0603,17.42,78.45,,51,53.125
2025-04-20,site_5598,"Somajiguda, Hyderabad - TSPCB",HYD_0603,17.42,78.45,9.338736842105265,95,98.95833333333334
2025-04-21,site_5598,"Somajiguda, Hyderabad - TSPCB",HYD_0603,17.42,78.45,11.053999999999998,95,98.95833333333334
2025-04-22,site_5598,"Somajiguda, Hyderabad - TSPCB",HYD_0603,17.42,78.45,,70,72.91666666666666
2025-04-23,site_5598,"Somajiguda, Hyderabad - TSPCB",HYD_0603,17.42,78.45,,53,55.208333333333336
2025-04-24,site_5598,"Somajiguda, Hyderabad - TSPCB",HYD_0603,17.42,78.45,11.953684210526315,95,98.95833333333334
2025-04-25,site_5598,"Somajiguda, Hyderabad - TSPCB",HYD_0603,17.42,78.45,11.8671875,96,100.0
2025-04-26,site_5598,"Somajiguda, Hyderabad - TSPCB",HYD_0603,17.42,78.45,11.036979166666669,96,100.0
2025-04-27,site_5598,"Somajiguda, Hyderabad - TSPCB",HYD_0603,17.42,78.45,11.539368421052632,95,98.95833333333334
2025-04-28,site_5598,"Somajiguda, Hyderabad - TSPCB",HYD_0603,17.42,78.45,12.339368421052631,95,98.95833333333334
2025-04-29,site_5598,"Somajiguda, Hyderabad - TSPCB",HYD_0603,17.42,78.45,12.739157894736842,95,98.95833333333334
2025-04-30,site_5598,"Somajiguda, Hyderabad - TSPCB",HYD_0603,17.42,78.45,12.058947368421052,95,98.95833333333334
2025-05-01,site_5598,"Somajiguda, Hyderabad - TSPCB",HYD_0603,17.42,78.45,12.136145833333332,96,100.0
2025-05-02,site_5598,"Somajiguda, Hyderabad - TSPCB",HYD_0603,17.42,78.45,12.782191780821918,73,76.04166666666666
2025-05-03,site_5598,"Somajiguda, Hyderabad - TSPCB",HYD_0603,17.42,78.45,,60,62.5
2025-05-04,site_5598,"Somajiguda, Hyderabad - TSPCB",HYD_0603,17.42,78.45,13.57123287671233,73,76.04166666666666
2025-05-05,site_5598,"Somajiguda, Hyderabad - TSPCB",HYD_0603,17.42,78.45,11.713894736842104,95,98.95833333333334
2025-05-06,site_5598,"Somajiguda, Hyderabad - TSPCB",HYD_0603,17.42,78.45,11.969789473684212,95,98.95833333333334
2025-05-07,site_5598,"Somajiguda, Hyderabad - TSPCB",HYD_0603,17.42,78.45,11.764767441860466,86,89.58333333333334
2025-05-08,site_5598,"Somajiguda, Hyderabad - TSPCB",HYD_0603,17.42,78.45,,70,72.91666666666666
2025-05-09,site_5598,"Somajiguda, Hyderabad - TSPCB",HYD_0603,17.42,78.45,11.173645833333332,96,100.0
2025-05-10,site_5598,"Somajiguda, Hyderabad - TSPCB",HYD_0603,17.42,78.45,12.500526315789472,95,98.95833333333334
2025-05-11,site_5598,"Somajiguda, Hyderabad - TSPCB",HYD_0603,17.42,78.45,,11,11.458333333333332
2025-05-12,site_5598,"Somajiguda, Hyderabad - TSPCB",HYD_0603,17.42,78.45,,31,32.29166666666667
2025-05-13,site_5598,"Somajiguda, Hyderabad - TSPCB",HYD_0603,17.42,78.45,12.296444444444443,90,93.75
2025-05-14,site_5598,"Somajiguda, Hyderabad - TSPCB",HYD_0603,17.42,78.45,12.430729166666666,96,100.0
2025-05-15,site_5598,"Somajiguda, Hyderabad - TSPCB",HYD_0603,17.42,78.45,10.587291666666667,96,100.0
2025-05-16,site_5598,"Somajiguda, Hyderabad - TSPCB",HYD_0603,17.42,78.45,10.7709375,96,100.0
2025-05-17,site_5598,"Somajiguda, Hyderabad - TSPCB",HYD_0603,17.42,78.45,11.467765957446808,94,97.91666666666666
2025-05-18,site_5598,"Somajiguda, Hyderabad - TSPCB",HYD_0603,17.42,78.45,11.23875,96,100.0
2025-05-19,site_5598,"Somajiguda, Hyderabad - TSPCB",HYD_0603,17.42,78.45,11.261170212765958,94,97.91666666666666
2025-05-20,site_5598,"Somajiguda, Hyderabad - TSPCB",HYD_0603,17.42,78.45,11.529270833333332,96,100.0
2025-05-21,site_5598,"Somajiguda, Hyderabad - TSPCB",HYD_0603,17.42,78.45,11.550588235294118,85,88.54166666666666
2025-05-22,site_5598,"Somajiguda, Hyderabad - TSPCB",HYD_0603,17.42,78.45,,55,57.29166666666666
2025-05-23,site_5598,"Somajiguda, Hyderabad - TSPCB",HYD_0603,17.42,78.45,10.904895833333333,96,100.0
2025-05-24,site_5598,"Somajiguda, Hyderabad - TSPCB",HYD_0603,17.42,78.45,11.226447368421054,76,79.16666666666666
2025-05-25,site_5598,"Somajiguda, Hyderabad - TSPCB",HYD_0603,17.42,78.45,,47,48.95833333333333
2025-05-26,site_5598,"Somajiguda, Hyderabad - TSPCB",HYD_0603,17.42,78.45,,63,65.625
2025-05-27,site_5598,"Somajiguda, Hyderabad - TSPCB",HYD_0603,17.42,78.45,10.924347826086956,92,95.83333333333334
2025-05-28,site_5598,"Somajiguda, Hyderabad - TSPCB",HYD_0603,17.42,78.45,11.644065934065932,91,94.79166666666666
2025-05-29,site_5598,"Somajiguda, Hyderabad - TSPCB",HYD_0603,17.42,78.45,12.875473684210528,95,98.95833333333334
2025-05-30,site_5598,"Somajiguda, Hyderabad - TSPCB",HYD_0603,17.42,78.45,10.609255319148936,94,97.91666666666666
2025-05-31,site_5598,"Somajiguda, Hyderabad - TSPCB",HYD_0603,17.42,78.45,11.365104166666669,96,100.0
2025-06-01,site_5598,"Somajiguda, Hyderabad - TSPCB",HYD_0603,17.42,78.45,11.738736842105263,95,98.95833333333334
2025-06-02,site_5598,"Somajiguda, Hyderabad - TSPCB",HYD_0603,17.42,78.45,11.1315625,96,100.0
2025-06-03,site_5598,"Somajiguda, Hyderabad - TSPCB",HYD_0603,17.42,78.45,,68,70.83333333333334
2025-06-04,site_5598,"Somajiguda, Hyderabad - TSPCB",HYD_0603,17.42,78.45,12.52357894736842,95,98.95833333333334
2025-06-05,site_5598,"Somajiguda, Hyderabad - TSPCB",HYD_0603,17.42,78.45,12.337052631578947,95,98.95833333333334
2025-06-06,site_5598,"Somajiguda, Hyderabad - TSPCB",HYD_0603,17.42,78.45,11.655052631578949,95,98.95833333333334
2025-06-07,site_5598,"Somajiguda, Hyderabad - TSPCB",HYD_0603,17.42,78.45,12.910531914893616,94,97.91666666666666
2025-06-08,site_5598,"Somajiguda, Hyderabad - TSPCB",HYD_0603,17.42,78.45,12.266458333333333,96,100.0
2025-06-09,site_5598,"Somajiguda, Hyderabad - TSPCB",HYD_0603,17.42,78.45,12.840104166666668,96,100.0
2025-06-10,site_5598,"Somajiguda, Hyderabad - TSPCB",HYD_0603,17.42,78.45,12.0171875,96,100.0
2025-06-11,site_5598,"Somajiguda, Hyderabad - TSPCB",HYD_0603,17.42,78.45,11.980744680851064,94,97.91666666666666
2025-06-12,site_5598,"Somajiguda, Hyderabad - TSPCB",HYD_0603,17.42,78.45,11.75031914893617,94,97.91666666666666
2025-06-13,site_5598,"Somajiguda, Hyderabad - TSPCB",HYD_0603,17.42,78.45,12.242340425531914,94,97.91666666666666
2025-06-14,site_5598,"Somajiguda, Hyderabad - TSPCB",HYD_0603,17.42,78.45,12.522045454545456,88,91.66666666666666
2025-06-15,site_5598,"Somajiguda, Hyderabad - TSPCB",HYD_0603,17.42,78.45,12.316458333333337,96,100.0
2025-06-16,site_5598,"Somajiguda, Hyderabad - TSPCB",HYD_0603,17.42,78.45,11.78531914893617,94,97.91666666666666
2025-06-17,site_5598,"Somajiguda, Hyderabad - TSPCB",HYD_0603,17.42,78.45,12.181145833333334,96,100.0
2025-06-18,site_5598,"Somajiguda, Hyderabad - TSPCB",HYD_0603,17.42,78.45,11.815625,96,100.0
2025-06-19,site_5598,"Somajiguda, Hyderabad - TSPCB",HYD_0603,17.42,78.45,11.9084375,96,100.0
2025-06-20,site_5598,"Somajiguda, Hyderabad - TSPCB",HYD_0603,17.42,78.45,10.668085106382978,94,97.91666666666666
2025-06-21,site_5598,"Somajiguda, Hyderabad - TSPCB",HYD_0603,17.42,78.45,12.104210526315793,95,98.95833333333334
2025-06-22,site_5598,"Somajiguda, Hyderabad - TSPCB",HYD_0603,17.42,78.45,12.243854166666669,96,100.0
2025-06-23,site_5598,"Somajiguda, Hyderabad - TSPCB",HYD_0603,17.42,78.45,11.758936170212763,94,97.91666666666666
2025-06-24,site_5598,"Somajiguda, Hyderabad - TSPCB",HYD_0603,17.42,78.45,11.659166666666668,84,87.5
2025-06-25,site_5598,"Somajiguda, Hyderabad - TSPCB",HYD_0603,17.42,78.45,,26,27.08333333333333
2025-06-26,site_5598,"Somajiguda, Hyderabad - TSPCB",HYD_0603,17.42,78.45,11.267263157894735,95,98.95833333333334
2025-06-27,site_5598,"Somajiguda, Hyderabad - TSPCB",HYD_0603,17.42,78.45,12.923789473684211,95,98.95833333333334
2025-06-28,site_5598,"Somajiguda, Hyderabad - TSPCB",HYD_0603,17.42,78.45,12.982043010752689,93,96.875
2025-06-29,site_5598,"Somajiguda, Hyderabad - TSPCB",HYD_0603,17.42,78.45,,60,62.5
2025-06-30,site_5598,"Somajiguda, Hyderabad - TSPCB",HYD_0603,17.42,78.45,,56,58.333333333333336
2025-07-01,site_5598,"Somajiguda, Hyderabad - TSPCB",HYD_0603,17.42,78.45,13.275789473684211,95,98.95833333333334
2025-07-02,site_5598,"Somajiguda, Hyderabad - TSPCB",HYD_0603,17.42,78.45,12.501473684210527,95,98.95833333333334
2025-07-03,site_5598,"Somajiguda, Hyderabad - TSPCB",HYD_0603,17.42,78.45,10.862604166666666,96,100.0
2025-07-04,site_5598,"Somajiguda, Hyderabad - TSPCB",HYD_0603,17.42,78.45,,60,62.5
2025-07-05,site_5598,"Somajiguda, Hyderabad - TSPCB",HYD_0603,17.42,78.45,12.972947368421051,95,98.95833333333334
2025-07-06,site_5598,"Somajiguda, Hyderabad - TSPCB",HYD_0603,17.42,78.45,13.165744680851065,94,97.91666666666666
2025-07-07,site_5598,"Somajiguda, Hyderabad - TSPCB",HYD_0603,17.42,78.45,,50,52.083333333333336
2025-07-08,site_5598,"Somajiguda, Hyderabad - TSPCB",HYD_0603,17.42,78.45,,54,56.25
2025-07-09,site_5598,"Somajiguda, Hyderabad - TSPCB",HYD_0603,17.42,78.45,12.493052631578946,95,98.95833333333334
2025-07-10,site_5598,"Somajiguda, Hyderabad - TSPCB",HYD_0603,17.42,78.45,13.433789473684213,95,98.95833333333334
2025-07-11,site_5598,"Somajiguda, Hyderabad - TSPCB",HYD_0603,17.42,78.45,15.048125,96,100.0
2025-07-12,site_5598,"Somajiguda, Hyderabad - TSPCB",HYD_0603,17.42,78.45,12.73221052631579,95,98.95833333333334
2025-07-13,site_5598,"Somajiguda, Hyderabad - TSPCB",HYD_0603,17.42,78.45,9.407176470588237,85,88.54166666666666
2025-07-14,site_5598,"Somajiguda, Hyderabad - TSPCB",HYD_0603,17.42,78.45,12.340421052631578,95,98.95833333333334
2025-07-15,site_5598,"Somajiguda, Hyderabad - TSPCB",HYD_0603,17.42,78.45,11.61842105263158,95,98.95833333333334
2025-07-16,site_5598,"Somajiguda, Hyderabad - TSPCB",HYD_0603,17.42,78.45,12.63063157894737,95,98.95833333333334
2025-07-17,site_5598,"Somajiguda, Hyderabad - TSPCB",HYD_0603,17.42,78.45,14.634698795180723,83,86.45833333333334
2025-07-18,site_5598,"Somajiguda, Hyderabad - TSPCB",HYD_0603,17.42,78.45,,54,56.25
2025-07-19,site_5598,"Somajiguda, Hyderabad - TSPCB",HYD_0603,17.42,78.45,10.419010989010989,91,94.79166666666666
2025-07-20,site_5598,"Somajiguda, Hyderabad - TSPCB",HYD_0603,17.42,78.45,10.297391304347826,92,95.83333333333334
2025-07-21,site_5598,"Somajiguda, Hyderabad - TSPCB",HYD_0603,17.42,78.45,16.719473684210524,95,98.95833333333334
2025-07-22,site_5598,"Somajiguda, Hyderabad - TSPCB",HYD_0603,17.42,78.45,17.486382978723405,94,97.91666666666666
2025-07-23,site_5598,"Somajiguda, Hyderabad - TSPCB",HYD_0603,17.42,78.45,14.5525,96,100.0
2025-07-24,site_5598,"Somajiguda, Hyderabad - TSPCB",HYD_0603,17.42,78.45,15.62031914893617,94,97.91666666666666
2025-07-25,site_5598,"Somajiguda, Hyderabad - TSPCB",HYD_0603,17.42,78.45,15.192307692307692,91,94.79166666666666
2025-07-26,site_5598,"Somajiguda, Hyderabad - TSPCB",HYD_0603,17.42,78.45,13.065,96,100.0
2025-07-27,site_5598,"Somajiguda, Hyderabad - TSPCB",HYD_0603,17.42,78.45,10.85265060240964,83,86.45833333333334
2025-07-28,site_5598,"Somajiguda, Hyderabad - TSPCB",HYD_0603,17.42,78.45,14.815894736842106,95,98.95833333333334
2025-07-29,site_5598,"Somajiguda, Hyderabad - TSPCB",HYD_0603,17.42,78.45,14.103645833333331,96,100.0
2025-07-30,site_5598,"Somajiguda, Hyderabad - TSPCB",HYD_0603,17.42,78.45,,68,70.83333333333334
2025-07-31,site_5598,"Somajiguda, Hyderabad - TSPCB",HYD_0603,17.42,78.45,16.964479166666667,96,100.0
2025-08-01,site_5598,"Somajiguda, Hyderabad - TSPCB",HYD_0603,17.42,78.45,19.535494505494505,91,94.79166666666666
2025-08-02,site_5598,"Somajiguda, Hyderabad - TSPCB",HYD_0603,17.42,78.45,21.82557894736842,95,98.95833333333334
2025-08-03,site_5598,"Somajiguda, Hyderabad - TSPCB",HYD_0603,17.42,78.45,21.921354166666664,96,100.0
2025-08-04,site_5598,"Somajiguda, Hyderabad - TSPCB",HYD_0603,17.42,78.45,21.62894736842105,95,98.95833333333334
2025-08-05,site_5598,"Somajiguda, Hyderabad - TSPCB",HYD_0603,17.42,78.45,20.19157894736842,95,98.95833333333334
2025-08-06,site_5598,"Somajiguda, Hyderabad - TSPCB",HYD_0603,17.42,78.45,15.748541666666666,96,100.0
2025-08-07,site_5598,"Somajiguda, Hyderabad - TSPCB",HYD_0603,17.42,78.45,20.38489361702128,94,97.91666666666666
2025-08-08,site_5598,"Somajiguda, Hyderabad - TSPCB",HYD_0603,17.42,78.45,20.37746987951807,83,86.45833333333334
2025-08-09,site_5598,"Somajiguda, Hyderabad - TSPCB",HYD_0603,17.42,78.45,,0,0.0
2025-08-10,site_5598,"Somajiguda, Hyderabad - TSPCB",HYD_0603,17.42,78.45,,0,0.0
2025-08-11,site_5598,"Somajiguda, Hyderabad - TSPCB",HYD_0603,17.42,78.45,18.40027397260274,73,76.04166666666666
2025-08-12,site_5598,"Somajiguda, Hyderabad - TSPCB",HYD_0603,17.42,78.45,,32,33.33333333333333
2025-08-13,site_5598,"Somajiguda, Hyderabad - TSPCB",HYD_0603,17.42,78.45,,53,55.208333333333336
2025-08-14,site_5598,"Somajiguda, Hyderabad - TSPCB",HYD_0603,17.42,78.45,,27,28.125
2025-08-15,site_5598,"Somajiguda, Hyderabad - TSPCB",HYD_0603,17.42,78.45,,41,42.70833333333333
2025-08-16,site_5598,"Somajiguda, Hyderabad - TSPCB",HYD_0603,17.42,78.45,14.14375,96,100.0
2025-08-17,site_5598,"Somajiguda, Hyderabad - TSPCB",HYD_0603,17.42,78.45,12.737708333333332,96,100.0
2025-08-18,site_5598,"Somajiguda, Hyderabad - TSPCB",HYD_0603,17.42,78.45,12.718854166666668,96,100.0
2025-08-19,site_5598,"Somajiguda, Hyderabad - TSPCB",HYD_0603,17.42,78.45,11.947916666666666,96,100.0
2025-08-20,site_5598,"Somajiguda, Hyderabad - TSPCB",HYD_0603,17.42,78.45,12.689148936170213,94,97.91666666666666
2025-08-21,site_5598,"Somajiguda, Hyderabad - TSPCB",HYD_0603,17.42,78.45,15.0003125,96,100.0
2025-08-22,site_5598,"Somajiguda, Hyderabad - TSPCB",HYD_0603,17.42,78.45,15.5684375,96,100.0
2025-08-23,site_5598,"Somajiguda, Hyderabad - TSPCB",HYD_0603,17.42,78.45,14.75821052631579,95,98.95833333333334
2025-08-24,site_5598,"Somajiguda, Hyderabad - TSPCB",HYD_0603,17.42,78.45,,49,51.04166666666666
2025-08-25,site_5598,"Somajiguda, Hyderabad - TSPCB",HYD_0603,17.42,78.45,,16,16.666666666666664
2025-08-26,site_5598,"Somajiguda, Hyderabad - TSPCB",HYD_0603,17.42,78.45,15.293809523809523,84,87.5
2025-08-27,site_5598,"Somajiguda, Hyderabad - TSPCB",HYD_0603,17.42,78.45,11.239895833333334,96,100.0
2025-08-28,site_5598,"Somajiguda, Hyderabad - TSPCB",HYD_0603,17.42,78.45,16.181250000000002,96,100.0
2025-08-29,site_5598,"Somajiguda, Hyderabad - TSPCB",HYD_0603,17.42,78.45,,33,34.375
2025-08-30,site_5598,"Somajiguda, Hyderabad - TSPCB",HYD_0603,17.42,78.45,,56,58.333333333333336
2025-08-31,site_5598,"Somajiguda, Hyderabad - TSPCB",HYD_0603,17.42,78.45,15.982708333333331,96,100.0
2025-01-01,site_298,"Zoo Park, Hyderabad - TSPCB",HYD_0611,17.349694,78.451437,93.5784946236559,93,96.875
2025-01-02,site_298,"Zoo Park, Hyderabad - TSPCB",HYD_0611,17.349694,78.451437,88.40967741935484,93,96.875
2025-01-03,site_298,"Zoo Park, Hyderabad - TSPCB",HYD_0611,17.349694,78.451437,94.86896551724138,87,90.625
2025-01-04,site_298,"Zoo Park, Hyderabad - TSPCB",HYD_0611,17.349694,78.451437,89.20645161290324,93,96.875
2025-01-05,site_298,"Zoo Park, Hyderabad - TSPCB",HYD_0611,17.349694,78.451437,77.37956989247311,93,96.875
2025-01-06,site_298,"Zoo Park, Hyderabad - TSPCB",HYD_0611,17.349694,78.451437,82.0225806451613,93,96.875
2025-01-07,site_298,"Zoo Park, Hyderabad - TSPCB",HYD_0611,17.349694,78.451437,84.58279569892473,93,96.875
2025-01-08,site_298,"Zoo Park, Hyderabad - TSPCB",HYD_0611,17.349694,78.451437,89.32580645161289,93,96.875
2025-01-09,site_298,"Zoo Park, Hyderabad - TSPCB",HYD_0611,17.349694,78.451437,90.35698924731184,93,96.875
2025-01-10,site_298,"Zoo Park, Hyderabad - TSPCB",HYD_0611,17.349694,78.451437,98.2516129032258,93,96.875
2025-01-11,site_298,"Zoo Park, Hyderabad - TSPCB",HYD_0611,17.349694,78.451437,100.83118279569892,93,96.875
2025-01-12,site_298,"Zoo Park, Hyderabad - TSPCB",HYD_0611,17.349694,78.451437,102.51612903225806,93,96.875
2025-01-13,site_298,"Zoo Park, Hyderabad - TSPCB",HYD_0611,17.349694,78.451437,98.27956989247312,93,96.875
2025-01-14,site_298,"Zoo Park, Hyderabad - TSPCB",HYD_0611,17.349694,78.451437,99.65698924731184,93,96.875
2025-01-15,site_298,"Zoo Park, Hyderabad - TSPCB",HYD_0611,17.349694,78.451437,97.76236559139784,93,96.875
2025-01-16,site_298,"Zoo Park, Hyderabad - TSPCB",HYD_0611,17.349694,78.451437,100.63440860215054,93,96.875
2025-01-17,site_298,"Zoo Park, Hyderabad - TSPCB",HYD_0611,17.349694,78.451437,95.96021505376343,93,96.875
2025-01-18,site_298,"Zoo Park, Hyderabad - TSPCB",HYD_0611,17.349694,78.451437,96.76881720430109,93,96.875
2025-01-19,site_298,"Zoo Park, Hyderabad - TSPCB",HYD_0611,17.349694,78.451437,93.1483870967742,93,96.875
2025-01-20,site_298,"Zoo Park, Hyderabad - TSPCB",HYD_0611,17.349694,78.451437,98.38172043010752,93,96.875
2025-01-21,site_298,"Zoo Park, Hyderabad - TSPCB",HYD_0611,17.349694,78.451437,105.26451612903226,93,96.875
2025-01-22,site_298,"Zoo Park, Hyderabad - TSPCB",HYD_0611,17.349694,78.451437,101.23440860215052,93,96.875
2025-01-23,site_298,"Zoo Park, Hyderabad - TSPCB",HYD_0611,17.349694,78.451437,88.22065217391305,92,95.83333333333334
2025-01-24,site_298,"Zoo Park, Hyderabad - TSPCB",HYD_0611,17.349694,78.451437,93.11397849462368,93,96.875
2025-01-25,site_298,"Zoo Park, Hyderabad - TSPCB",HYD_0611,17.349694,78.451437,89.30786516853932,89,92.70833333333334
2025-01-26,site_298,"Zoo Park, Hyderabad - TSPCB",HYD_0611,17.349694,78.451437,92.46559139784944,93,96.875
2025-01-27,site_298,"Zoo Park, Hyderabad - TSPCB",HYD_0611,17.349694,78.451437,89.12795698924731,93,96.875
2025-01-28,site_298,"Zoo Park, Hyderabad - TSPCB",HYD_0611,17.349694,78.451437,87.43118279569893,93,96.875
2025-01-29,site_298,"Zoo Park, Hyderabad - TSPCB",HYD_0611,17.349694,78.451437,89.02473118279569,93,96.875
2025-01-30,site_298,"Zoo Park, Hyderabad - TSPCB",HYD_0611,17.349694,78.451437,83.96881720430108,93,96.875
2025-01-31,site_298,"Zoo Park, Hyderabad - TSPCB",HYD_0611,17.349694,78.451437,90.54891304347828,92,95.83333333333334
2025-02-01,site_298,"Zoo Park, Hyderabad - TSPCB",HYD_0611,17.349694,78.451437,85.55913978494624,93,96.875
2025-02-02,site_298,"Zoo Park, Hyderabad - TSPCB",HYD_0611,17.349694,78.451437,89.21290322580644,93,96.875
2025-02-03,site_298,"Zoo Park, Hyderabad - TSPCB",HYD_0611,17.349694,78.451437,87.63440860215054,93,96.875
2025-02-04,site_298,"Zoo Park, Hyderabad - TSPCB",HYD_0611,17.349694,78.451437,91.0258064516129,93,96.875
2025-02-05,site_298,"Zoo Park, Hyderabad - TSPCB",HYD_0611,17.349694,78.451437,88.57096774193549,93,96.875
2025-02-06,site_298,"Zoo Park, Hyderabad - TSPCB",HYD_0611,17.349694,78.451437,88.14301075268817,93,96.875
2025-02-07,site_298,"Zoo Park, Hyderabad - TSPCB",HYD_0611,17.349694,78.451437,89.36666666666667,93,96.875
2025-02-08,site_298,"Zoo Park, Hyderabad - TSPCB",HYD_0611,17.349694,78.451437,92.93440860215054,93,96.875
2025-02-09,site_298,"Zoo Park, Hyderabad - TSPCB",HYD_0611,17.349694,78.451437,100.70860215053764,93,96.875
2025-02-10,site_298,"Zoo Park, Hyderabad - TSPCB",HYD_0611,17.349694,78.451437,97.25806451612904,93,96.875
2025-02-11,site_298,"Zoo Park, Hyderabad - TSPCB",HYD_0611,17.349694,78.451437,88.0978494623656,93,96.875
2025-02-12,site_298,"Zoo Park, Hyderabad - TSPCB",HYD_0611,17.349694,78.451437,79.83440860215055,93,96.875
2025-02-13,site_298,"Zoo Park, Hyderabad - TSPCB",HYD_0611,17.349694,78.451437,80.47204301075269,93,96.875
2025-02-14,site_298,"Zoo Park, Hyderabad - TSPCB",HYD_0611,17.349694,78.451437,82.4494623655914,93,96.875
2025-02-15,site_298,"Zoo Park, Hyderabad - TSPCB",HYD_0611,17.349694,78.451437,99.68172043010752,93,96.875
2025-02-16,site_298,"Zoo Park, Hyderabad - TSPCB",HYD_0611,17.349694,78.451437,104.74193548387096,93,96.875
2025-02-17,site_298,"Zoo Park, Hyderabad - TSPCB",HYD_0611,17.349694,78.451437,95.39139784946236,93,96.875
2025-02-18,site_298,"Zoo Park, Hyderabad - TSPCB",HYD_0611,17.349694,78.451437,87.27849462365592,93,96.875
2025-02-19,site_298,"Zoo Park, Hyderabad - TSPCB",HYD_0611,17.349694,78.451437,81.45119047619048,84,87.5
2025-02-20,site_298,"Zoo Park, Hyderabad - TSPCB",HYD_0611,17.349694,78.451437,84.45806451612904,93,96.875
2025-02-21,site_298,"Zoo Park, Hyderabad - TSPCB",HYD_0611,17.349694,78.451437,91.97096774193548,93,96.875
2025-02-22,site_298,"Zoo Park, Hyderabad - TSPCB",HYD_0611,17.349694,78.451437,78.98279569892473,93,96.875
2025-02-23,site_298,"Zoo Park, Hyderabad - TSPCB",HYD_0611,17.349694,78.451437,94.01075268817203,93,96.875
2025-02-24,site_298,"Zoo Park, Hyderabad - TSPCB",HYD_0611,17.349694,78.451437,97.347311827957,93,96.875
2025-02-25,site_298,"Zoo Park, Hyderabad - TSPCB",HYD_0611,17.349694,78.451437,91.652688172043,93,96.875
2025-02-26,site_298,"Zoo Park, Hyderabad - TSPCB",HYD_0611,17.349694,78.451437,94.57311827956988,93,96.875
2025-02-27,site_298,"Zoo Park, Hyderabad - TSPCB",HYD_0611,17.349694,78.451437,94.52688172043013,93,96.875
2025-02-28,site_298,"Zoo Park, Hyderabad - TSPCB",HYD_0611,17.349694,78.451437,101.8032608695652,92,95.83333333333334
2025-03-01,site_298,"Zoo Park, Hyderabad - TSPCB",HYD_0611,17.349694,78.451437,95.5537634408602,93,96.875
2025-03-02,site_298,"Zoo Park, Hyderabad - TSPCB",HYD_0611,17.349694,78.451437,87.94086021505376,93,96.875
2025-03-03,site_298,"Zoo Park, Hyderabad - TSPCB",HYD_0611,17.349694,78.451437,75.2494623655914,93,96.875
2025-03-04,site_298,"Zoo Park, Hyderabad - TSPCB",HYD_0611,17.349694,78.451437,101.33010752688172,93,96.875
2025-03-05,site_298,"Zoo Park, Hyderabad - TSPCB",HYD_0611,17.349694,78.451437,81.4021505376344,93,96.875
2025-03-06,site_298,"Zoo Park, Hyderabad - TSPCB",HYD_0611,17.349694,78.451437,91.17204301075267,93,96.875
2025-03-07,site_298,"Zoo Park, Hyderabad - TSPCB",HYD_0611,17.349694,78.451437,104.8752688172043,93,96.875
2025-03-08,site_298,"Zoo Park, Hyderabad - TSPCB",HYD_0611,17.349694,78.451437,109.41827956989246,93,96.875
2025-03-09,site_298,"Zoo Park, Hyderabad - TSPCB",HYD_0611,17.349694,78.451437,92.89784946236558,93,96.875
2025-03-10,site_298,"Zoo Park, Hyderabad - TSPCB",HYD_0611,17.349694,78.451437,84.83870967741936,93,96.875
2025-03-11,site_298,"Zoo Park, Hyderabad - TSPCB",HYD_0611,17.349694,78.451437,87.94086021505376,93,96.875
2025-03-12,site_298,"Zoo Park, Hyderabad - TSPCB",HYD_0611,17.349694,78.451437,95.847311827957,93,96.875
2025-03-13,site_298,"Zoo Park, Hyderabad - TSPCB",HYD_0611,17.349694,78.451437,77.63118279569892,93,96.875
2025-03-14,site_298,"Zoo Park, Hyderabad - TSPCB",HYD_0611,17.349694,78.451437,83.00752688172042,93,96.875
2025-03-15,site_298,"Zoo Park, Hyderabad - TSPCB",HYD_0611,17.349694,78.451437,86.23763440860215,93,96.875
2025-03-16,site_298,"Zoo Park, Hyderabad - TSPCB",HYD_0611,17.349694,78.451437,88.82795698924731,93,96.875
2025-03-17,site_298,"Zoo Park, Hyderabad - TSPCB",HYD_0611,17.349694,78.451437,80.43118279569893,93,96.875
2025-03-18,site_298,"Zoo Park, Hyderabad - TSPCB",HYD_0611,17.349694,78.451437,83.21182795698924,93,96.875
2025-03-19,site_298,"Zoo Park, Hyderabad - TSPCB",HYD_0611,17.349694,78.451437,78.447311827957,93,96.875
2025-03-20,site_298,"Zoo Park, Hyderabad - TSPCB",HYD_0611,17.349694,78.451437,68.15591397849462,93,96.875
2025-03-21,site_298,"Zoo Park, Hyderabad - TSPCB",HYD_0611,17.349694,78.451437,67.23978494623655,93,96.875
2025-03-22,site_298,"Zoo Park, Hyderabad - TSPCB",HYD_0611,17.349694,78.451437,75.65376344086022,93,96.875
2025-03-23,site_298,"Zoo Park, Hyderabad - TSPCB",HYD_0611,17.349694,78.451437,80.5247311827957,93,96.875
2025-03-24,site_298,"Zoo Park, Hyderabad - TSPCB",HYD_0611,17.349694,78.451437,81.36666666666667,93,96.875
2025-03-25,site_298,"Zoo Park, Hyderabad - TSPCB",HYD_0611,17.349694,78.451437,84.84946236559139,93,96.875
2025-03-26,site_298,"Zoo Park, Hyderabad - TSPCB",HYD_0611,17.349694,78.451437,84.34516129032258,93,96.875
2025-03-27,site_298,"Zoo Park, Hyderabad - TSPCB",HYD_0611,17.349694,78.451437,88.09462365591398,93,96.875
2025-03-28,site_298,"Zoo Park, Hyderabad - TSPCB",HYD_0611,17.349694,78.451437,99.69247311827957,93,96.875
2025-03-29,site_298,"Zoo Park, Hyderabad - TSPCB",HYD_0611,17.349694,78.451437,91.32150537634408,93,96.875
2025-03-30,site_298,"Zoo Park, Hyderabad - TSPCB",HYD_0611,17.349694,78.451437,91.78817204301076,93,96.875
2025-03-31,site_298,"Zoo Park, Hyderabad - TSPCB",HYD_0611,17.349694,78.451437,86.32065217391305,92,95.83333333333334
2025-04-01,site_298,"Zoo Park, Hyderabad - TSPCB",HYD_0611,17.349694,78.451437,83.77956989247312,93,96.875
2025-04-02,site_298,"Zoo Park, Hyderabad - TSPCB",HYD_0611,17.349694,78.451437,73.11612903225807,93,96.875
2025-04-03,site_298,"Zoo Park, Hyderabad - TSPCB",HYD_0611,17.349694,78.451437,64.31075268817204,93,96.875
2025-04-04,site_298,"Zoo Park, Hyderabad - TSPCB",HYD_0611,17.349694,78.451437,62.05,90,93.75
2025-04-05,site_298,"Zoo Park, Hyderabad - TSPCB",HYD_0611,17.349694,78.451437,84.63118279569892,93,96.875
2025-04-06,site_298,"Zoo Park, Hyderabad - TSPCB",HYD_0611,17.349694,78.451437,71.30537634408601,93,96.875
2025-04-07,site_298,"Zoo Park, Hyderabad - TSPCB",HYD_0611,17.349694,78.451437,74.67956989247311,93,96.875
2025-04-08,site_298,"Zoo Park, Hyderabad - TSPCB",HYD_0611,17.349694,78.451437,83.68111111111111,90,93.75
2025-04-09,site_298,"Zoo Park, Hyderabad - TSPCB",HYD_0611,17.349694,78.451437,,0,0.0
2025-04-10,site_298,"Zoo Park, Hyderabad - TSPCB",HYD_0611,17.349694,78.451437,,0,0.0
2025-04-11,site_298,"Zoo Park, Hyderabad - TSPCB",HYD_0611,17.349694,78.451437,,0,0.0
2025-04-12,site_298,"Zoo Park, Hyderabad - TSPCB",HYD_0611,17.349694,78.451437,,0,0.0
2025-04-13,site_298,"Zoo Park, Hyderabad - TSPCB",HYD_0611,17.349694,78.451437,,0,0.0
2025-04-14,site_298,"Zoo Park, Hyderabad - TSPCB",HYD_0611,17.349694,78.451437,,0,0.0
2025-04-15,site_298,"Zoo Park, Hyderabad - TSPCB",HYD_0611,17.349694,78.451437,,20,20.833333333333336
2025-04-16,site_298,"Zoo Park, Hyderabad - TSPCB",HYD_0611,17.349694,78.451437,30.495698924731183,93,96.875
2025-04-17,site_298,"Zoo Park, Hyderabad - TSPCB",HYD_0611,17.349694,78.451437,29.970652173913045,92,95.83333333333334
2025-04-18,site_298,"Zoo Park, Hyderabad - TSPCB",HYD_0611,17.349694,78.451437,29.93066666666667,75,78.125
2025-04-19,site_298,"Zoo Park, Hyderabad - TSPCB",HYD_0611,17.349694,78.451437,,50,52.083333333333336
2025-04-20,site_298,"Zoo Park, Hyderabad - TSPCB",HYD_0611,17.349694,78.451437,29.547826086956523,92,95.83333333333334
2025-04-21,site_298,"Zoo Park, Hyderabad - TSPCB",HYD_0611,17.349694,78.451437,29.81827956989247,93,96.875
2025-04-22,site_298,"Zoo Park, Hyderabad - TSPCB",HYD_0611,17.349694,78.451437,29.619354838709675,93,96.875
2025-04-23,site_298,"Zoo Park, Hyderabad - TSPCB",HYD_0611,17.349694,78.451437,49.790361445783134,83,86.45833333333334
2025-04-24,site_298,"Zoo Park, Hyderabad - TSPCB",HYD_0611,17.349694,78.451437,54.00430107526881,93,96.875
2025-04-25,site_298,"Zoo Park, Hyderabad - TSPCB",HYD_0611,17.349694,78.451437,58.854945054945055,91,94.79166666666666
2025-04-26,site_298,"Zoo Park, Hyderabad - TSPCB",HYD_0611,17.349694,78.451437,65.98279569892473,93,96.875
2025-04-27,site_298,"Zoo Park, Hyderabad - TSPCB",HYD_0611,17.349694,78.451437,66.7858695652174,92,95.83333333333334
2025-04-28,site_298,"Zoo Park, Hyderabad - TSPCB",HYD_0611,17.349694,78.451437,59.26989247311828,93,96.875
2025-04-29,site_298,"Zoo Park, Hyderabad - TSPCB",HYD_0611,17.349694,78.451437,55.80645161290322,93,96.875
2025-04-30,site_298,"Zoo Park, Hyderabad - TSPCB",HYD_0611,17.349694,78.451437,59.50869565217391,92,95.83333333333334
2025-05-01,site_298,"Zoo Park, Hyderabad - TSPCB",HYD_0611,17.349694,78.451437,57.53870967741936,93,96.875
2025-05-02,site_298,"Zoo Park, Hyderabad - TSPCB",HYD_0611,17.349694,78.451437,58.98172043010753,93,96.875
2025-05-03,site_298,"Zoo Park, Hyderabad - TSPCB",HYD_0611,17.349694,78.451437,59.21182795698925,93,96.875
2025-05-04,site_298,"Zoo Park, Hyderabad - TSPCB",HYD_0611,17.349694,78.451437,66.52043010752688,93,96.875
2025-05-05,site_298,"Zoo Park, Hyderabad - TSPCB",HYD_0611,17.349694,78.451437,58.60752688172043,93,96.875
2025-05-06,site_298,"Zoo Park, Hyderabad - TSPCB",HYD_0611,17.349694,78.451437,75.78279569892473,93,96.875
2025-05-07,site_298,"Zoo Park, Hyderabad - TSPCB",HYD_0611,17.349694,78.451437,68.43225806451613,93,96.875
2025-05-08,site_298,"Zoo Park, Hyderabad - TSPCB",HYD_0611,17.349694,78.451437,67.30322580645161,93,96.875
2025-05-09,site_298,"Zoo Park, Hyderabad - TSPCB",HYD_0611,17.349694,78.451437,65.06881720430107,93,96.875
2025-05-10,site_298,"Zoo Park, Hyderabad - TSPCB",HYD_0611,17.349694,78.451437,56.31935483870968,93,96.875
2025-05-11,site_298,"Zoo Park, Hyderabad - TSPCB",HYD_0611,17.349694,78.451437,64.52795698924731,93,96.875
2025-05-12,site_298,"Zoo Park, Hyderabad - TSPCB",HYD_0611,17.349694,78.451437,55.39032258064516,93,96.875
2025-05-13,site_298,"Zoo Park, Hyderabad - TSPCB",HYD_0611,17.349694,78.451437,61.07741935483871,93,96.875
2025-05-14,site_298,"Zoo Park, Hyderabad - TSPCB",HYD_0611,17.349694,78.451437,62.94301075268817,93,96.875
2025-05-15,site_298,"Zoo Park, Hyderabad - TSPCB",HYD_0611,17.349694,78.451437,52.622580645161285,93,96.875
2025-05-16,site_298,"Zoo Park, Hyderabad - TSPCB",HYD_0611,17.349694,78.451437,53.844086021505376,93,96.875
2025-05-17,site_298,"Zoo Park, Hyderabad - TSPCB",HYD_0611,17.349694,78.451437,81.63695652173914,92,95.83333333333334
2025-05-18,site_298,"Zoo Park, Hyderabad - TSPCB",HYD_0611,17.349694,78.451437,,0,0.0
2025-05-19,site_298,"Zoo Park, Hyderabad - TSPCB",HYD_0611,17.349694,78.451437,,30,31.25
2025-05-20,site_298,"Zoo Park, Hyderabad - TSPCB",HYD_0611,17.349694,78.451437,17.523655913978494,93,96.875
2025-05-21,site_298,"Zoo Park, Hyderabad - TSPCB",HYD_0611,17.349694,78.451437,14.467391304347826,92,95.83333333333334
2025-05-22,site_298,"Zoo Park, Hyderabad - TSPCB",HYD_0611,17.349694,78.451437,6.243010752688172,93,96.875
2025-05-23,site_298,"Zoo Park, Hyderabad - TSPCB",HYD_0611,17.349694,78.451437,6.921505376344086,93,96.875
2025-05-24,site_298,"Zoo Park, Hyderabad - TSPCB",HYD_0611,17.349694,78.451437,10.725806451612904,93,96.875
2025-05-25,site_298,"Zoo Park, Hyderabad - TSPCB",HYD_0611,17.349694,78.451437,11.550537634408602,93,96.875
2025-05-26,site_298,"Zoo Park, Hyderabad - TSPCB",HYD_0611,17.349694,78.451437,9.978494623655914,93,96.875
2025-05-27,site_298,"Zoo Park, Hyderabad - TSPCB",HYD_0611,17.349694,78.451437,7.387096774193548,93,96.875
2025-05-28,site_298,"Zoo Park, Hyderabad - TSPCB",HYD_0611,17.349694,78.451437,8.241935483870968,93,96.875
2025-05-29,site_298,"Zoo Park, Hyderabad - TSPCB",HYD_0611,17.349694,78.451437,7.07741935483871,93,96.875
2025-05-30,site_298,"Zoo Park, Hyderabad - TSPCB",HYD_0611,17.349694,78.451437,6.891397849462366,93,96.875
2025-05-31,site_298,"Zoo Park, Hyderabad - TSPCB",HYD_0611,17.349694,78.451437,7.643478260869566,92,95.83333333333334
2025-06-01,site_298,"Zoo Park, Hyderabad - TSPCB",HYD_0611,17.349694,78.451437,8.138709677419355,93,96.875
2025-06-02,site_298,"Zoo Park, Hyderabad - TSPCB",HYD_0611,17.349694,78.451437,7.831182795698925,93,96.875
2025-06-03,site_298,"Zoo Park, Hyderabad - TSPCB",HYD_0611,17.349694,78.451437,7.336559139784946,93,96.875
2025-06-04,site_298,"Zoo Park, Hyderabad - TSPCB",HYD_0611,17.349694,78.451437,8.33763440860215,93,96.875
2025-06-05,site_298,"Zoo Park, Hyderabad - TSPCB",HYD_0611,17.349694,78.451437,8.981720430107526,93,96.875
2025-06-06,site_298,"Zoo Park, Hyderabad - TSPCB",HYD_0611,17.349694,78.451437,8.981720430107526,93,96.875
2025-06-07,site_298,"Zoo Park, Hyderabad - TSPCB",HYD_0611,17.349694,78.451437,10.188172043010752,93,96.875
2025-06-08,site_298,"Zoo Park, Hyderabad - TSPCB",HYD_0611,17.349694,78.451437,10.001075268817203,93,96.875
2025-06-09,site_298,"Zoo Park, Hyderabad - TSPCB",HYD_0611,17.349694,78.451437,9.712903225806452,93,96.875
2025-06-10,site_298,"Zoo Park, Hyderabad - TSPCB",HYD_0611,17.349694,78.451437,9.244086021505376,93,96.875
2025-06-11,site_298,"Zoo Park, Hyderabad - TSPCB",HYD_0611,17.349694,78.451437,8.856818181818182,88,91.66666666666666
2025-06-12,site_298,"Zoo Park, Hyderabad - TSPCB",HYD_0611,17.349694,78.451437,10.780645161290323,93,96.875
2025-06-13,site_298,"Zoo Park, Hyderabad - TSPCB",HYD_0611,17.349694,78.451437,10.893548387096777,93,96.875
2025-06-14,site_298,"Zoo Park, Hyderabad - TSPCB",HYD_0611,17.349694,78.451437,9.282795698924732,93,96.875
2025-06-15,site_298,"Zoo Park, Hyderabad - TSPCB",HYD_0611,17.349694,78.451437,8.970967741935484,93,96.875
2025-06-16,site_298,"Zoo Park, Hyderabad - TSPCB",HYD_0611,17.349694,78.451437,7.536559139784946,93,96.875
2025-06-17,site_298,"Zoo Park, Hyderabad - TSPCB",HYD_0611,17.349694,78.451437,7.396774193548387,93,96.875
2025-06-18,site_298,"Zoo Park, Hyderabad - TSPCB",HYD_0611,17.349694,78.451437,6.96989247311828,93,96.875
2025-06-19,site_298,"Zoo Park, Hyderabad - TSPCB",HYD_0611,17.349694,78.451437,7.332258064516129,93,96.875
2025-06-20,site_298,"Zoo Park, Hyderabad - TSPCB",HYD_0611,17.349694,78.451437,7.369892473118279,93,96.875
2025-06-21,site_298,"Zoo Park, Hyderabad - TSPCB",HYD_0611,17.349694,78.451437,7.112790697674419,86,89.58333333333334
2025-06-22,site_298,"Zoo Park, Hyderabad - TSPCB",HYD_0611,17.349694,78.451437,7.217204301075269,93,96.875
2025-06-23,site_298,"Zoo Park, Hyderabad - TSPCB",HYD_0611,17.349694,78.451437,6.739784946236559,93,96.875
2025-06-24,site_298,"Zoo Park, Hyderabad - TSPCB",HYD_0611,17.349694,78.451437,6.211827956989247,93,96.875
2025-06-25,site_298,"Zoo Park, Hyderabad - TSPCB",HYD_0611,17.349694,78.451437,7.104301075268817,93,96.875
2025-06-26,site_298,"Zoo Park, Hyderabad - TSPCB",HYD_0611,17.349694,78.451437,,19,19.791666666666664
2025-06-27,site_298,"Zoo Park, Hyderabad - TSPCB",HYD_0611,17.349694,78.451437,,0,0.0
2025-06-28,site_298,"Zoo Park, Hyderabad - TSPCB",HYD_0611,17.349694,78.451437,,46,47.91666666666667
2025-06-29,site_298,"Zoo Park, Hyderabad - TSPCB",HYD_0611,17.349694,78.451437,6.844086021505376,93,96.875
2025-06-30,site_298,"Zoo Park, Hyderabad - TSPCB",HYD_0611,17.349694,78.451437,6.467391304347826,92,95.83333333333334
2025-07-01,site_298,"Zoo Park, Hyderabad - TSPCB",HYD_0611,17.349694,78.451437,6.236559139784946,93,96.875
2025-07-02,site_298,"Zoo Park, Hyderabad - TSPCB",HYD_0611,17.349694,78.451437,6.453763440860215,93,96.875
2025-07-03,site_298,"Zoo Park, Hyderabad - TSPCB",HYD_0611,17.349694,78.451437,7.219354838709677,93,96.875
2025-07-04,site_298,"Zoo Park, Hyderabad - TSPCB",HYD_0611,17.349694,78.451437,,33,34.375
2025-07-05,site_298,"Zoo Park, Hyderabad - TSPCB",HYD_0611,17.349694,78.451437,,0,0.0
2025-07-06,site_298,"Zoo Park, Hyderabad - TSPCB",HYD_0611,17.349694,78.451437,,0,0.0
2025-07-07,site_298,"Zoo Park, Hyderabad - TSPCB",HYD_0611,17.349694,78.451437,,47,48.95833333333333
2025-07-08,site_298,"Zoo Park, Hyderabad - TSPCB",HYD_0611,17.349694,78.451437,7.039784946236559,93,96.875
2025-07-09,site_298,"Zoo Park, Hyderabad - TSPCB",HYD_0611,17.349694,78.451437,6.870329670329671,91,94.79166666666666
2025-07-10,site_298,"Zoo Park, Hyderabad - TSPCB",HYD_0611,17.349694,78.451437,7.136559139784946,93,96.875
2025-07-11,site_298,"Zoo Park, Hyderabad - TSPCB",HYD_0611,17.349694,78.451437,7.90752688172043,93,96.875
2025-07-12,site_298,"Zoo Park, Hyderabad - TSPCB",HYD_0611,17.349694,78.451437,8.92258064516129,93,96.875
2025-07-13,site_298,"Zoo Park, Hyderabad - TSPCB",HYD_0611,17.349694,78.451437,11.758064516129032,93,96.875
2025-07-14,site_298,"Zoo Park, Hyderabad - TSPCB",HYD_0611,17.349694,78.451437,9.186021505376344,93,96.875
2025-07-15,site_298,"Zoo Park, Hyderabad - TSPCB",HYD_0611,17.349694,78.451437,7.19247311827957,93,96.875
2025-07-16,site_298,"Zoo Park, Hyderabad - TSPCB",HYD_0611,17.349694,78.451437,7.151612903225807,93,96.875
2025-07-17,site_298,"Zoo Park, Hyderabad - TSPCB",HYD_0611,17.349694,78.451437,7.901086956521738,92,95.83333333333334
2025-07-18,site_298,"Zoo Park, Hyderabad - TSPCB",HYD_0611,17.349694,78.451437,7.70752688172043,93,96.875
2025-07-19,site_298,"Zoo Park, Hyderabad - TSPCB",HYD_0611,17.349694,78.451437,6.912903225806452,93,96.875
2025-07-20,site_298,"Zoo Park, Hyderabad - TSPCB",HYD_0611,17.349694,78.451437,7.7,93,96.875
2025-07-21,site_298,"Zoo Park, Hyderabad - TSPCB",HYD_0611,17.349694,78.451437,8.05483870967742,93,96.875
2025-07-22,site_298,"Zoo Park, Hyderabad - TSPCB",HYD_0611,17.349694,78.451437,6.579569892473118,93,96.875
2025-07-23,site_298,"Zoo Park, Hyderabad - TSPCB",HYD_0611,17.349694,78.451437,5.916483516483516,91,94.79166666666666
2025-07-24,site_298,"Zoo Park, Hyderabad - TSPCB",HYD_0611,17.349694,78.451437,5.054838709677419,93,96.875
2025-07-25,site_298,"Zoo Park, Hyderabad - TSPCB",HYD_0611,17.349694,78.451437,6.044086021505376,93,96.875
2025-07-26,site_298,"Zoo Park, Hyderabad - TSPCB",HYD_0611,17.349694,78.451437,5.416129032258064,93,96.875
2025-07-27,site_298,"Zoo Park, Hyderabad - TSPCB",HYD_0611,17.349694,78.451437,6.595698924731183,93,96.875
2025-07-28,site_298,"Zoo Park, Hyderabad - TSPCB",HYD_0611,17.349694,78.451437,,36,37.5
2025-07-29,site_298,"Zoo Park, Hyderabad - TSPCB",HYD_0611,17.349694,78.451437,,14,14.583333333333334
2025-07-30,site_298,"Zoo Park, Hyderabad - TSPCB",HYD_0611,17.349694,78.451437,6.965555555555556,90,93.75
2025-07-31,site_298,"Zoo Park, Hyderabad - TSPCB",HYD_0611,17.349694,78.451437,8.214130434782609,92,95.83333333333334
2025-08-01,site_298,"Zoo Park, Hyderabad - TSPCB",HYD_0611,17.349694,78.451437,8.443478260869565,92,95.83333333333334
2025-08-02,site_298,"Zoo Park, Hyderabad - TSPCB",HYD_0611,17.349694,78.451437,9.105376344086022,93,96.875
2025-08-03,site_298,"Zoo Park, Hyderabad - TSPCB",HYD_0611,17.349694,78.451437,10.134408602150538,93,96.875
2025-08-04,site_298,"Zoo Park, Hyderabad - TSPCB",HYD_0611,17.349694,78.451437,11.329032258064515,93,96.875
2025-08-05,site_298,"Zoo Park, Hyderabad - TSPCB",HYD_0611,17.349694,78.451437,12.946236559139784,93,96.875
2025-08-06,site_298,"Zoo Park, Hyderabad - TSPCB",HYD_0611,17.349694,78.451437,12.431182795698923,93,96.875
2025-08-07,site_298,"Zoo Park, Hyderabad - TSPCB",HYD_0611,17.349694,78.451437,10.40752688172043,93,96.875
2025-08-08,site_298,"Zoo Park, Hyderabad - TSPCB",HYD_0611,17.349694,78.451437,8.246236559139785,93,96.875
2025-08-09,site_298,"Zoo Park, Hyderabad - TSPCB",HYD_0611,17.349694,78.451437,9.158064516129032,93,96.875
2025-08-10,site_298,"Zoo Park, Hyderabad - TSPCB",HYD_0611,17.349694,78.451437,8.819354838709678,93,96.875
2025-08-11,site_298,"Zoo Park, Hyderabad - TSPCB",HYD_0611,17.349694,78.451437,8.751612903225807,93,96.875
2025-08-12,site_298,"Zoo Park, Hyderabad - TSPCB",HYD_0611,17.349694,78.451437,6.821505376344086,93,96.875
2025-08-13,site_298,"Zoo Park, Hyderabad - TSPCB",HYD_0611,17.349694,78.451437,6.959139784946237,93,96.875
2025-08-14,site_298,"Zoo Park, Hyderabad - TSPCB",HYD_0611,17.349694,78.451437,6.438709677419355,93,96.875
2025-08-15,site_298,"Zoo Park, Hyderabad - TSPCB",HYD_0611,17.349694,78.451437,7.773118279569892,93,96.875
2025-08-16,site_298,"Zoo Park, Hyderabad - TSPCB",HYD_0611,17.349694,78.451437,7.919354838709677,93,96.875
2025-08-17,site_298,"Zoo Park, Hyderabad - TSPCB",HYD_0611,17.349694,78.451437,8.1,93,96.875
2025-08-18,site_298,"Zoo Park, Hyderabad - TSPCB",HYD_0611,17.349694,78.451437,6.464835164835164,91,94.79166666666666
2025-08-19,site_298,"Zoo Park, Hyderabad - TSPCB",HYD_0611,17.349694,78.451437,7.231182795698925,93,96.875
2025-08-20,site_298,"Zoo Park, Hyderabad - TSPCB",HYD_0611,17.349694,78.451437,7.656989247311828,93,96.875
2025-08-21,site_298,"Zoo Park, Hyderabad - TSPCB",HYD_0611,17.349694,78.451437,8.450537634408603,93,96.875
2025-08-22,site_298,"Zoo Park, Hyderabad - TSPCB",HYD_0611,17.349694,78.451437,8.013483146067417,89,92.70833333333334
2025-08-23,site_298,"Zoo Park, Hyderabad - TSPCB",HYD_0611,17.349694,78.451437,8.024731182795698,93,96.875
2025-08-24,site_298,"Zoo Park, Hyderabad - TSPCB",HYD_0611,17.349694,78.451437,9.013978494623656,93,96.875
2025-08-25,site_298,"Zoo Park, Hyderabad - TSPCB",HYD_0611,17.349694,78.451437,8.840860215053764,93,96.875
2025-08-26,site_298,"Zoo Park, Hyderabad - TSPCB",HYD_0611,17.349694,78.451437,8.243010752688173,93,96.875
2025-08-27,site_298,"Zoo Park, Hyderabad - TSPCB",HYD_0611,17.349694,78.451437,8.265591397849462,93,96.875
2025-08-28,site_298,"Zoo Park, Hyderabad - TSPCB",HYD_0611,17.349694,78.451437,8.568817204301075,93,96.875
2025-08-29,site_298,"Zoo Park, Hyderabad - TSPCB",HYD_0611,17.349694,78.451437,8.0,92,95.83333333333334
2025-08-30,site_298,"Zoo Park, Hyderabad - TSPCB",HYD_0611,17.349694,78.451437,8.33010752688172,93,96.875
2025-08-31,site_298,"Zoo Park, Hyderabad - TSPCB",HYD_0611,17.349694,78.451437,9.238043478260868,92,95.83333333333334
